replica,production_ps,leader,min_score,max_score,mean_hbond_neighbors
0,0.1,172,2.964232632516741,6.6514300701777245,3.4074074074074074
0,0.2,63,3.0585565432875352,6.797393709053469,3.462962962962963
0,0.30000000000000004,41,2.720917715876946,7.978427989357088,3.425925925925926
0,0.4,105,2.533626822268788,7.209245490781475,3.3981481481481484
0,0.5,210,2.6463565862738463,7.604605328065937,3.3425925925925926
0,0.6000000000000001,105,2.918365516255877,7.197564584889008,3.287037037037037
0,0.7000000000000001,49,2.49090777963239,7.079722486097057,3.5185185185185186
0,0.8,131,2.791257421166485,7.049752019889462,3.435185185185185
0,0.9,159,3.0789848165807077,7.252933170083378,3.388888888888889
0,1.0,78,3.02326412353325,6.752176758130362,3.3796296296296298
0,1.1,78,3.279389333806693,6.999636368468502,3.2962962962962963
0,1.2000000000000002,88,3.0136998838568787,7.322752397327313,3.4166666666666665
0,1.3,88,3.223765178724717,7.134278191567641,3.3796296296296298
0,1.4000000000000001,152,3.172780279513219,7.521901576436816,3.435185185185185
0,1.5,2,3.064382898586377,7.556598859973584,3.435185185185185
0,1.6,123,2.7767363775271843,7.038316120860096,3.4074074074074074
0,1.7000000000000002,19,3.334281198966756,7.387184089508394,3.3333333333333335
0,1.8,137,2.8702766637849724,7.4598201538032285,3.425925925925926
0,1.9000000000000001,26,2.6243113218217715,6.81418249775893,3.435185185185185
0,2.0,57,3.168965394295474,7.754345918481752,3.3425925925925926
0,2.1,176,3.1503873740545196,7.346733480898418,3.4074074074074074
0,2.2,45,3.0990262976900462,7.528103991652272,3.388888888888889
0,2.3000000000000003,45,2.6918967077454337,7.263507694024522,3.3518518518518516
0,2.4000000000000004,150,3.2261552374184554,6.9721322281682845,3.324074074074074
0,2.5,79,3.128428664614991,7.28161707779234,3.4722222222222223
0,2.6,70,3.277054531604052,7.284897379781061,3.3981481481481484
0,2.7,61,2.9447195863408124,7.775936982123739,3.324074074074074
0,2.8000000000000003,206,2.634209676746573,7.367984827712799,3.3425925925925926
0,2.9000000000000004,87,2.160355700401922,7.443137916494118,3.425925925925926
0,3.0,43,2.7975832401336636,7.108682146100252,3.3796296296296298
0,3.1,17,2.690074028078171,7.3536873314104945,3.3333333333333335
0,3.2,206,2.800663667203991,8.274781385698521,3.2777777777777777
0,3.3000000000000003,210,3.02226119354404,7.7818234640877355,3.361111111111111
0,3.4000000000000004,0,2.9102590080041555,7.415265520622889,3.3055555555555554
0,3.5,156,2.5641486996032157,7.516929277011556,3.2962962962962963
0,3.6,36,2.9216624950192944,7.51200389634487,3.3333333333333335
0,3.7,36,2.6114496748294793,7.503360405086921,3.324074074074074
0,3.8000000000000003,156,2.7950218001379055,6.779630269566867,3.4074074074074074
0,3.9000000000000004,69,2.984777109396999,7.5587630926874265,3.388888888888889
0,4.0,69,2.597783227688614,7.4460650125529675,3.435185185185185
0,4.1000000000000005,36,3.0092114533424317,7.058577172064865,3.3796296296296298
0,4.2,199,3.030514622091538,7.24606269664428,3.324074074074074
0,4.3,118,2.427115232861238,7.0258948310809215,3.3796296296296298
0,4.4,52,3.2002585327390545,7.253683382976278,3.2314814814814814
0,4.5,52,2.966227854812293,7.183216613663198,3.388888888888889
0,4.6000000000000005,91,2.559996792849119,7.133766834348911,3.3796296296296298
0,4.7,39,3.0516203961610713,7.460068078770772,3.2962962962962963
0,4.800000000000001,179,2.949326776736509,6.8732135837922685,3.3333333333333335
0,4.9,61,2.9283985431237953,7.094323640327058,3.2962962962962963
0,5.0,150,2.881943785555725,6.907910249065244,3.324074074074074
0,5.1000000000000005,39,2.8287765330741474,7.762158236850254,3.3333333333333335
0,5.2,16,2.702491835961445,7.5564002181570515,3.2685185185185186
0,5.300000000000001,121,2.8347079500003742,6.765517774596533,3.3796296296296298
0,5.4,107,2.7235974848770432,6.639362557842585,3.3518518518518516
0,5.5,46,2.7385877965798904,6.735663573266267,3.2777777777777777
0,5.6000000000000005,66,3.0389728343546203,6.80993937419791,3.3518518518518516
0,5.7,132,3.1914025736355107,7.35951074028939,3.2685185185185186
0,5.800000000000001,18,2.706716976305149,6.890399446438126,3.2685185185185186
0,5.9,186,2.5633082691810607,6.946440228759096,3.287037037037037
0,6.0,179,2.5677950103305776,7.238135270543292,3.25
0,6.1000000000000005,189,2.6387094798109327,7.200364990458343,3.287037037037037
0,6.2,73,2.8304728261314254,7.59311116181099,3.314814814814815
0,6.300000000000001,73,3.239413379366067,7.089749416144045,3.2777777777777777
0,6.4,49,2.879301717182792,7.258854370354154,3.2962962962962963
0,6.5,49,2.683776972888324,6.934208266595079,3.3425925925925926
0,6.6000000000000005,179,2.733678689047354,7.662865382801639,3.2314814814814814
0,6.7,97,3.1481710445831244,7.047157804052381,3.462962962962963
0,6.800000000000001,90,2.7346674978072194,7.5998139918891505,3.314814814814815
0,6.9,90,2.683539325041836,7.552138401830936,3.435185185185185
0,7.0,91,3.081000755915573,7.0162999147232465,3.287037037037037
0,7.1000000000000005,43,2.817382092322526,7.463530674686159,3.2962962962962963
0,7.2,43,2.989353652910057,7.528685972782865,3.3796296296296298
0,7.300000000000001,13,3.1294839522034215,7.526279989406929,3.3981481481481484
0,7.4,200,2.9565081280844607,7.565794842860273,3.2314814814814814
0,7.5,35,2.864099644295484,7.2937134023460874,3.3333333333333335
0,7.6000000000000005,190,2.9047718322126657,7.1668654650670724,3.324074074074074
0,7.7,179,3.118904383831152,7.421512916763964,3.3055555555555554
0,7.800000000000001,35,3.1933891961408465,6.952278293285145,3.4074074074074074
0,7.9,128,3.088570011354319,6.73616417491089,3.425925925925926
0,8.0,137,3.2489057833495196,7.723549413020657,3.435185185185185
0,8.1,61,3.023252256833384,7.123557699532101,3.2777777777777777
0,8.200000000000001,208,2.464404605633628,6.905725416835101,3.425925925925926
0,8.3,128,2.7962974654966946,6.631025783510765,3.3518518518518516
0,8.4,128,2.799528451466269,7.357673406333694,3.361111111111111
0,8.5,128,2.371771150314266,7.229193292571436,3.3796296296296298
0,8.6,146,2.1329591727988735,7.125983424399292,3.2777777777777777
0,8.700000000000001,4,2.474027206335163,7.915278610111674,3.3703703703703702
0,8.8,4,2.473168644381489,7.961566990436301,3.435185185185185
0,8.9,4,3.2996772622018273,7.424488969704703,3.4814814814814814
0,9.0,134,3.050332876174426,6.982705654198871,3.361111111111111
0,9.1,3,2.494129943916682,7.238240406631585,3.3518518518518516
0,9.200000000000001,92,2.546879684631962,7.646588816242785,3.3796296296296298
0,9.3,92,2.8444851102779336,7.874460619410261,3.314814814814815
0,9.4,177,2.171991626058778,7.696208555963324,3.2222222222222223
0,9.5,28,2.819084522385684,6.9694134863296835,3.3333333333333335
0,9.600000000000001,71,2.341055954067587,7.598735830783834,3.3703703703703702
0,9.700000000000001,68,2.1290078599932785,7.8034889638166085,3.3518518518518516
0,9.8,25,3.203024489165787,7.8323222405206625,3.4074074074074074
0,9.9,97,3.2866470570134285,6.878420779468936,3.3518518518518516
0,10.0,169,3.190054012277131,6.8184355917006645,3.435185185185185
0,10.100000000000001,181,2.2302804964293697,7.05638578311682,3.4537037037037037
0,10.200000000000001,181,2.36067507881369,7.605741963504545,3.361111111111111
0,10.3,148,2.428853483106378,7.323091342083835,3.324074074074074
0,10.4,186,3.353462017806419,7.923322527162798,3.4166666666666665
0,10.5,30,3.059438685558369,7.508723519557001,3.2777777777777777
0,10.600000000000001,77,2.2477964184142003,7.197160442239254,3.259259259259259
0,10.700000000000001,156,2.236293082418913,7.331921505267459,3.3518518518518516
0,10.8,0,2.8833387505322223,7.06769127235758,3.3518518518518516
0,10.9,0,2.934254820935049,7.237433306881794,3.361111111111111
0,11.0,215,2.461915476790751,7.46315647980441,3.3518518518518516
0,11.100000000000001,215,2.3950824641335955,8.070020250863857,3.2777777777777777
0,11.200000000000001,143,2.8803233894873568,7.605125470977441,3.4166666666666665
0,11.3,46,2.881127061071011,7.474879144186854,3.25
0,11.4,46,3.1323824118944072,7.298521177162334,3.259259259259259
0,11.5,54,3.2378513501715487,6.5955907453517,3.3425925925925926
0,11.600000000000001,53,2.5091406262392093,6.767008397214205,3.3796296296296298
0,11.700000000000001,52,3.0917386470105432,7.168311149688799,3.4814814814814814
0,11.8,55,2.99920101675408,7.710629387686544,3.3981481481481484
0,11.9,24,2.443517844159914,7.8683250422116195,3.3425925925925926
0,12.0,37,2.8837880920238956,6.787710958233654,3.3518518518518516
0,12.100000000000001,104,2.2998401161672124,7.489265985130622,3.3981481481481484
0,12.200000000000001,107,2.477267439657006,6.98362964406598,3.3703703703703702
0,12.3,4,2.1607689499050324,7.138953609152459,3.4814814814814814
0,12.4,93,3.076900767873674,7.550055641253775,3.4074074074074074
0,12.5,107,2.9246130432679758,7.698867325959886,3.4166666666666665
0,12.600000000000001,180,3.1871610907565437,7.0853020648983,3.314814814814815
0,12.700000000000001,103,2.750271934667555,7.434806260811115,3.435185185185185
0,12.8,156,2.494397630832422,7.31107897427532,3.3796296296296298
0,12.9,191,2.9557972325067485,7.553347507936511,3.3518518518518516
0,13.0,72,3.052623950297777,7.169532812336116,3.3703703703703702
0,13.100000000000001,77,2.8627291444883016,7.339311744954614,3.4444444444444446
0,13.200000000000001,159,2.7876533744106013,7.029713975462436,3.3425925925925926
0,13.3,41,2.4007476658378124,7.133693583486316,3.2685185185185186
0,13.4,50,2.4537212092473615,7.979200695212416,3.3796296296296298
0,13.5,108,3.2521036897063498,6.893872219306139,3.314814814814815
0,13.600000000000001,197,2.599101297997088,7.265652356036062,3.3703703703703702
0,13.700000000000001,36,2.47864735326012,7.209373818473134,3.4537037037037037
0,13.8,164,3.155448964004435,7.740055367903572,3.361111111111111
0,13.9,64,2.781075399276661,7.055734209282912,3.3981481481481484
0,14.0,32,3.0171849987821173,7.078691901650469,3.425925925925926
0,14.100000000000001,103,3.374175638992609,7.180527331768438,3.324074074074074
0,14.200000000000001,172,3.1722324804139888,6.957087665196148,3.4166666666666665
0,14.3,91,3.0080810737262182,7.8238530990945545,3.462962962962963
0,14.4,91,2.8581899410853295,7.186151060742849,3.4444444444444446
0,14.5,171,2.7303070619820318,7.231137740345137,3.2777777777777777
0,14.600000000000001,171,3.146627202832779,7.52267133719878,3.4074074074074074
0,14.700000000000001,27,3.1867843573724413,6.899564317784973,3.3425925925925926
0,14.8,193,3.4018783634182856,7.246771738146354,3.324074074074074
0,14.9,49,2.657657737338413,7.362811301002657,3.324074074074074
0,15.0,8,2.2317952744412173,7.464413738053936,3.259259259259259
0,15.100000000000001,40,2.7299930356768654,7.382506446501749,3.2777777777777777
0,15.200000000000001,55,3.1538129848555676,7.128337429037385,3.361111111111111
0,15.3,88,3.2271071173042536,6.899572693283648,3.3703703703703702
0,15.4,100,2.8132921682040792,6.812314630137784,3.5462962962962963
0,15.5,100,2.8626312353398804,7.488300525749597,3.2314814814814814
0,15.600000000000001,178,2.730657500522157,6.839172925779289,3.4074074074074074
0,15.700000000000001,36,3.0402265727945816,7.961726388293175,3.3425925925925926
0,15.8,205,3.226412043947938,7.106326618086262,3.425925925925926
0,15.9,32,3.0191362870747884,7.123188150245902,3.324074074074074
0,16.0,32,2.500898817942705,7.322187025603315,3.4814814814814814
0,16.1,36,2.7228001642087696,7.030611468199418,3.490740740740741
0,16.2,210,2.5836877887536662,7.212614644067642,3.388888888888889
0,16.3,78,3.068617342036111,7.5705701994898735,3.388888888888889
0,16.400000000000002,208,2.80503062301456,7.932276036799852,3.324074074074074
0,16.5,192,2.2155419094792013,7.138724307333524,3.4537037037037037
0,16.6,78,2.845771430038248,7.2967021436243,3.388888888888889
0,16.7,88,2.9727408767352577,6.918922154450281,3.287037037037037
0,16.8,214,2.4475289851359165,7.269773973433443,3.3703703703703702
0,16.900000000000002,9,2.525486746526574,7.732608535928445,3.462962962962963
0,17.0,88,2.564012443537779,7.347548373385058,3.425925925925926
0,17.1,151,2.9933775738870203,6.887595954647439,3.361111111111111
0,17.2,198,2.9441558401486283,6.726345416025272,3.287037037037037
0,17.3,97,3.1647704554668437,7.1212520470348455,3.3333333333333335
0,17.400000000000002,0,3.2478007435727623,7.236448446944146,3.4074074074074074
0,17.5,209,2.89284500237036,7.519950788400067,3.3425925925925926
0,17.6,209,2.7974843661972746,8.350613629745814,3.4166666666666665
0,17.7,37,3.517089194786325,7.11389709163068,3.3333333333333335
0,17.8,149,3.091608081972314,7.56927535580189,3.324074074074074
0,17.900000000000002,82,3.3449811095267323,7.771993687194714,3.287037037037037
0,18.0,31,3.406642085311418,7.443823861865983,3.3055555555555554
0,18.1,205,2.9699370472922997,6.840801370714174,3.2037037037037037
0,18.2,115,3.2107393682226997,7.087498891503049,3.314814814814815
0,18.3,82,3.240325200615674,6.870228637827493,3.3425925925925926
0,18.400000000000002,82,3.1493266732205436,7.796786711846617,3.3518518518518516
0,18.5,54,2.9448540182920695,6.828033616699407,3.2777777777777777
0,18.6,80,3.0978183800583468,6.843253863439415,3.259259259259259
0,18.7,175,2.6995125397611344,7.234721357683114,3.324074074074074
0,18.8,175,2.601404344098861,6.905372962148934,3.2037037037037037
0,18.900000000000002,175,2.4966172491313134,7.680509588434225,3.314814814814815
0,19.0,213,2.71294892732738,7.1879121246521365,3.2685185185185186
0,19.1,138,2.8970517234627584,7.372826488249229,3.212962962962963
0,19.200000000000003,174,3.040344681028649,7.221774504554894,3.2962962962962963
0,19.3,174,2.8999596934396705,7.157615866034137,3.2962962962962963
0,19.400000000000002,94,3.071875747402017,7.2135660832894075,3.2685185185185186
0,19.5,214,3.2766948402803,7.16775439554023,3.3425925925925926
0,19.6,175,3.126586734525109,6.843799493060763,3.2222222222222223
0,19.700000000000003,20,2.9666764423400647,6.860641727024577,3.240740740740741
0,19.8,182,3.109478013484792,6.717906262412427,3.361111111111111
0,19.900000000000002,214,3.1476240347406907,7.022209909794054,3.4074074074074074
0,20.0,170,3.5334043950989704,6.927513697210235,3.3703703703703702
0,20.1,175,2.478012926029988,7.0677251274591555,3.3425925925925926
0,20.200000000000003,214,2.1124711241135543,7.144629075486634,3.2685185185185186
0,20.3,214,2.1495110258713725,6.9992470682441095,3.462962962962963
0,20.400000000000002,177,2.39803439230512,7.245329139598147,3.3703703703703702
0,20.5,31,2.3722678054022697,7.461323801574135,3.3055555555555554
0,20.6,137,2.0616197124078464,7.14648529505249,3.388888888888889
0,20.700000000000003,159,2.772428901424054,7.270868863627793,3.324074074074074
0,20.8,186,3.1252191322063565,7.077671490952754,3.388888888888889
0,20.900000000000002,200,2.957262000808585,7.2232550264374025,3.4814814814814814
0,21.0,65,3.218369679777087,7.02784034989526,3.4166666666666665
0,21.1,197,3.053835922884197,7.144082223107695,3.324074074074074
0,21.200000000000003,138,3.2107836169689565,7.409862008029569,3.388888888888889
0,21.3,138,3.232369260957305,7.132601078708135,3.3518518518518516
0,21.400000000000002,138,3.2127326871487623,6.810799383674547,3.3425925925925926
0,21.5,47,2.960606267714319,7.118301107873178,3.3425925925925926
0,21.6,97,2.8889935928011945,7.025335977979609,3.435185185185185
0,21.700000000000003,39,2.9401259883998176,7.578585043768248,3.361111111111111
0,21.8,62,2.3952894776136704,6.699066000602549,3.388888888888889
0,21.900000000000002,111,3.0520568252556486,7.351506688890865,3.3796296296296298
0,22.0,180,3.1921234598519352,7.601694349395443,3.361111111111111
0,22.1,192,2.983016017334614,7.177330747328708,3.3796296296296298
0,22.200000000000003,147,2.8359874203043227,6.98382243849475,3.259259259259259
0,22.3,209,2.669290804695579,7.032817125396869,3.4074074074074074
0,22.400000000000002,196,2.7991211848279542,6.782951719217295,3.361111111111111
0,22.5,54,2.501806577155408,7.6763018332288215,3.259259259259259
0,22.6,71,2.9992116708438883,7.111978943336446,3.2777777777777777
0,22.700000000000003,71,2.990077896776336,7.937356284384736,3.3425925925925926
0,22.8,69,2.5245329980600055,7.887391578565956,3.3981481481481484
0,22.900000000000002,208,3.0352321980898735,7.096339998421482,3.4722222222222223
0,23.0,76,3.174722902618145,7.265242483048901,3.361111111111111
0,23.1,6,2.9353469967303676,8.742364157891902,3.3796296296296298
0,23.200000000000003,123,3.2192498887463157,7.535018149592583,3.2314814814814814
0,23.3,122,2.981880135227131,7.34885574551911,3.388888888888889
0,23.400000000000002,171,2.650461480713756,7.228022772884243,3.3333333333333335
0,23.5,105,2.6114137223248686,7.474032714644973,3.3518518518518516
0,23.6,170,2.5787363176041795,8.076936240973264,3.2685185185185186
0,23.700000000000003,162,2.6907794808664636,8.155312817556307,3.3796296296296298
0,23.8,179,3.0217872755467665,6.889537144879343,3.2962962962962963
0,23.900000000000002,213,3.070594617194545,7.094421577788385,3.2962962962962963
0,24.0,122,2.2589870498411235,7.678834748221325,3.3333333333333335
0,24.1,193,2.79604384705544,6.91359710943051,3.3055555555555554
0,24.200000000000003,19,3.128636163386976,6.6926035663336325,3.287037037037037
0,24.3,41,2.96195659561288,7.246828581936764,3.3333333333333335
0,24.400000000000002,97,2.825216807168085,7.572550705330278,3.314814814814815
0,24.5,55,3.3778337337419875,7.568482773848702,3.3703703703703702
0,24.6,168,2.955197506106558,7.523056440910933,3.2777777777777777
0,24.700000000000003,47,2.656648945756081,7.186953238494624,3.212962962962963
0,24.8,168,2.8367864209468596,7.892827967308114,3.361111111111111
0,24.900000000000002,74,2.329607466285836,7.537439072702766,3.388888888888889
0,25.0,54,3.099763301606715,6.971828131817876,3.3981481481481484
0,25.1,47,3.224920026854436,7.546591544075648,3.2777777777777777
0,25.200000000000003,89,2.6996669070876256,7.203577473081159,3.4166666666666665
0,25.3,54,3.0524739825752807,8.2160480893948,3.4074074074074074
0,25.400000000000002,54,3.105034391061353,7.7379274826321645,3.3796296296296298
0,25.5,134,3.1537048415316202,7.0530537809779466,3.4074074074074074
0,25.6,122,2.932964846397298,7.7648599609950635,3.5462962962962963
0,25.700000000000003,213,2.3774182353437583,7.07153481867185,3.3518518518518516
0,25.8,73,2.9749973553204563,7.405206013085078,3.314814814814815
0,25.900000000000002,73,3.1743087180729614,6.979017285454818,3.3518518518518516
0,26.0,32,2.8839081010286245,7.2541040258577745,3.3333333333333335
0,26.1,67,2.725868155724588,6.8048622149444835,3.287037037037037
0,26.200000000000003,67,2.7025369362126375,7.069169928725466,3.3981481481481484
0,26.3,210,3.2396020757528365,6.94563541060943,3.361111111111111
0,26.400000000000002,180,2.9655295616937405,7.246818576226657,3.4537037037037037
0,26.5,204,2.604715571816012,6.9680618710210585,3.388888888888889
0,26.6,131,2.658572408099481,7.017278944842113,3.4444444444444446
0,26.700000000000003,53,2.763794593109073,6.918037206770757,3.3333333333333335
0,26.8,117,3.0744398137712956,7.376359989915659,3.2962962962962963
0,26.900000000000002,192,2.6592375450260404,6.911284267586895,3.4074074074074074
0,27.0,130,2.922727648981496,6.842078204428606,3.425925925925926
0,27.1,97,3.4114137310726784,6.804511938991768,3.3518518518518516
0,27.200000000000003,208,3.4147355362826883,7.3295150623199925,3.361111111111111
0,27.3,88,2.940755847480279,7.7472585307749,3.3055555555555554
0,27.400000000000002,88,3.0460570939816796,7.727601434658786,3.3703703703703702
0,27.5,125,2.5452313645699776,7.300229770441952,3.3796296296296298
0,27.6,162,3.170479786039059,6.871782575433749,3.2962962962962963
0,27.700000000000003,75,2.6565974582694727,7.240284088092757,3.462962962962963
0,27.8,88,2.665399963460213,7.33569450078368,3.537037037037037
0,27.900000000000002,122,2.197586696658909,7.363717752207387,3.3981481481481484
0,28.0,210,2.885899884898267,8.010843537506219,3.3703703703703702
0,28.1,96,3.0308446965227014,6.760664412225004,3.4074074074074074
0,28.200000000000003,122,2.756051726847033,7.1392825084275255,3.462962962962963
0,28.3,57,2.8229293410134684,7.419368386157831,3.4166666666666665
0,28.400000000000002,57,2.814021086709964,7.930214032072519,3.435185185185185
0,28.5,132,2.6618163564726585,6.938215295441018,3.324074074074074
0,28.6,138,2.6186514597481656,7.0013955589024395,3.287037037037037
0,28.700000000000003,96,3.114236131488653,7.154493297252457,3.3796296296296298
0,28.8,41,3.228680602888667,7.055937799523127,3.425925925925926
0,28.900000000000002,123,3.4263975484699323,6.540373751802788,3.425925925925926
0,29.0,96,3.2716394443613703,6.680583273659288,3.4814814814814814
0,29.1,50,2.5785385860738437,7.149654374291917,3.4537037037037037
0,29.200000000000003,67,2.4680988517434166,7.094134598882343,3.4537037037037037
0,29.3,15,2.4842657927608105,6.932091374544745,3.435185185185185
0,29.400000000000002,69,3.2353819702528344,6.858505867408171,3.3981481481481484
0,29.5,105,3.236505194519356,6.725466970778916,3.3981481481481484
0,29.6,178,2.7303089035874004,8.199844405427024,3.3703703703703702
0,29.700000000000003,178,2.6401872552518486,7.180289012458786,3.25
0,29.8,168,2.7976389057481263,6.951297572648942,3.3333333333333335
0,29.900000000000002,49,2.763043329594927,7.562794605716293,3.3981481481481484
0,30.0,140,2.877515294160842,7.513592813019737,3.324074074074074
0,30.1,164,3.2381811957363857,7.326777573844206,3.4166666666666665
0,30.200000000000003,16,2.437483338991317,7.258066099756501,3.3796296296296298
0,30.3,123,3.0225095998312437,6.885854578052035,3.4074074074074074
0,30.400000000000002,186,3.1398152640170642,7.414710908241213,3.3055555555555554
0,30.5,186,3.144368735848979,7.444897237664154,3.324074074074074
0,30.6,177,2.7884329072574974,8.549059080510983,3.3518518518518516
0,30.700000000000003,38,3.1289069795967284,8.074770548617712,3.2685185185185186
0,30.8,49,2.8580250559359985,7.9068305808385615,3.4814814814814814
0,30.900000000000002,44,2.793940769847862,7.762261021213069,3.3796296296296298
0,31.0,71,2.864076977481182,7.200489856738251,3.4814814814814814
0,31.1,189,3.257380494332182,7.141998914119665,3.3425925925925926
0,31.200000000000003,123,2.9196704310983717,6.980379585424716,3.425925925925926
0,31.3,50,2.7012827581690533,7.330656359870853,3.314814814814815
0,31.400000000000002,33,2.5195305303304236,7.192690065410269,3.2222222222222223
0,31.5,164,2.4700261664598404,6.903880034820064,3.259259259259259
0,31.6,23,2.5169312070271337,7.268672489412046,3.3055555555555554
0,31.700000000000003,145,3.17398991826881,7.335324971402544,3.3425925925925926
0,31.8,134,2.7317469781870027,6.8548487138961205,3.324074074074074
0,31.900000000000002,132,2.5860540669370047,7.186929281709694,3.240740740740741
0,32.0,39,3.0450761618707554,7.1823937863811835,3.3518518518518516
0,32.1,130,3.07704276158927,7.555109510803841,3.314814814814815
0,32.2,34,3.098269205778093,7.759975301734537,3.2685185185185186
0,32.300000000000004,152,2.9941606322842675,7.293992080825959,3.2962962962962963
0,32.4,101,2.945817156963083,7.394663828417804,3.3333333333333335
0,32.5,28,3.1355840060540623,7.194333558649281,3.2777777777777777
0,32.6,62,2.9457315809275135,7.812317640141117,3.4074074074074074
0,32.7,116,3.0260797830225137,6.937325085073602,3.3055555555555554
0,32.800000000000004,36,2.5506504152342413,7.020884202867133,3.324074074074074
0,32.9,104,2.8701703530659737,7.049111600874682,3.2962962962962963
0,33.0,115,2.7499393357140804,6.888880701989159,3.361111111111111
0,33.1,57,2.99581698707129,7.285295044342211,3.314814814814815
0,33.2,6,2.8342803624461506,7.556259488915508,3.388888888888889
0,33.300000000000004,48,2.779069192048949,7.627996000893283,3.4166666666666665
0,33.4,145,3.2923457220210133,8.01996952621796,3.361111111111111
0,33.5,36,3.174030945969503,8.32084508680502,3.3703703703703702
0,33.6,204,2.568535668892133,7.088421885616323,3.361111111111111
0,33.7,145,2.5030628406872353,7.0467641686246,3.435185185185185
0,33.800000000000004,158,3.208833436701312,6.7477013629600116,3.361111111111111
0,33.9,59,1.7001615258308709,7.234820857809332,3.361111111111111
0,34.0,166,2.9157672782621686,7.7633248277449045,3.4444444444444446
0,34.1,27,3.192184960672554,7.298666572415984,3.4537037037037037
0,34.2,199,2.882091939474992,7.37794067704259,3.388888888888889
0,34.300000000000004,78,3.4624826709881225,7.331066693545981,3.3981481481481484
0,34.4,84,2.884404632257188,7.416998806821586,3.324074074074074
0,34.5,137,3.2380337813893436,7.28299962728771,3.4444444444444446
0,34.6,137,2.960185276436666,7.66699610961475,3.4814814814814814
0,34.7,16,2.8361841696042447,7.37041012198279,3.5
0,34.800000000000004,108,3.003689554098073,7.354825168983964,3.435185185185185
0,34.9,166,2.62882758268332,6.98515147053511,3.4074074074074074
0,35.0,58,2.60363280073864,7.271251882807078,3.3981481481481484
0,35.1,39,3.2733291117047028,7.228587815205884,3.4722222222222223
0,35.2,39,3.3772334163664044,7.0065518894723855,3.388888888888889
0,35.300000000000004,122,3.0812363948594603,7.608390343913537,3.3333333333333335
0,35.4,69,2.7786072157455814,6.834291729985631,3.361111111111111
0,35.5,121,2.6430835190287674,7.180419392687039,3.2777777777777777
0,35.6,162,2.9189069808788926,6.939333419121224,3.2777777777777777
0,35.7,179,2.7270980709057095,6.979440848728169,3.25
0,35.800000000000004,104,2.529653977247605,7.616617645223776,3.3518518518518516
0,35.9,104,3.4360750143118093,7.896595720571183,3.212962962962963
0,36.0,25,3.040017670292004,7.332354514204926,3.324074074074074
0,36.1,172,3.062253909111951,7.9193172210341904,3.3425925925925926
0,36.2,148,2.3364048836867317,7.6314905625353004,3.175925925925926
0,36.300000000000004,122,3.110372310152055,6.915446432172502,3.3055555555555554
0,36.4,100,2.7201021451678757,7.210047359476523,3.3703703703703702
0,36.5,69,2.939350094993474,7.024350520198128,3.3796296296296298
0,36.6,69,2.9969018239527125,7.137594244916016,3.3333333333333335
0,36.7,69,2.7604456857374644,7.693669113156632,3.4814814814814814
0,36.800000000000004,69,2.5125314502561493,7.5988005631811095,3.259259259259259
0,36.9,69,2.6972202271988626,7.336296961360649,3.388888888888889
0,37.0,46,2.69181885613028,6.842640333880672,3.3518518518518516
0,37.1,44,2.5976134062615506,7.415277911849726,3.490740740740741
0,37.2,180,2.862153011979424,7.686433825775507,3.4166666666666665
0,37.300000000000004,207,2.827742346085832,7.0956246797441445,3.4444444444444446
0,37.4,199,2.6619949427226093,6.501669660900722,3.4166666666666665
0,37.5,21,2.6520995044260185,7.605688105744635,3.324074074074074
0,37.6,124,2.4655062141671595,8.423939312250049,3.2777777777777777
0,37.7,138,2.528860293734076,8.247918555509766,3.4166666666666665
0,37.800000000000004,75,2.5540608555451416,7.516255825469705,3.3425925925925926
0,37.9,122,2.436952878704693,7.780980910735748,3.25
0,38.0,122,2.810893604242707,7.731103291123838,3.240740740740741
0,38.1,122,2.7347014103621525,7.594748783682783,3.324074074074074
0,38.2,203,2.8192026075845895,7.366628336995491,3.425925925925926
0,38.300000000000004,126,2.8359138744378427,7.804897766960418,3.435185185185185
0,38.400000000000006,134,2.511196170690441,7.273463536571459,3.388888888888889
0,38.5,93,2.463743828491557,6.845308664251489,3.3796296296296298
0,38.6,93,2.847748584278273,7.834246478218692,3.4537037037037037
0,38.7,213,2.026059766647567,6.866715778073389,3.435185185185185
0,38.800000000000004,164,2.8924258173834376,7.58720708724525,3.3518518518518516
0,38.900000000000006,164,2.932479912508966,7.234547636364715,3.435185185185185
0,39.0,92,2.3855399406431324,7.368162067523675,3.3703703703703702
0,39.1,174,2.586942217197274,6.941102427844235,3.361111111111111
0,39.2,67,2.738871847075671,6.836889081348588,3.388888888888889
0,39.300000000000004,67,2.950079984978018,7.069910724280211,3.3055555555555554
0,39.400000000000006,127,3.0939996711897675,7.24480632065579,3.3518518518518516
0,39.5,4,2.9759889429868718,6.657853076800177,3.388888888888889
0,39.6,48,3.1936509869937137,7.055176207654814,3.4537037037037037
0,39.7,184,2.6021911276620386,7.662859629100602,3.4814814814814814
0,39.800000000000004,184,3.0746018324204565,7.45244694569981,3.3703703703703702
0,39.900000000000006,184,3.3406575588434517,7.334909060668689,3.3981481481481484
0,40.0,37,3.4141609461451736,7.505496015898726,3.4814814814814814
0,40.1,45,3.0899982235259285,6.665825893925408,3.4814814814814814
0,40.2,184,3.039935222277282,7.049501594807161,3.4814814814814814
0,40.300000000000004,184,2.9087947533826495,7.40095954926583,3.435185185185185
0,40.400000000000006,49,2.403629685746519,7.198021080638255,3.3333333333333335
0,40.5,106,2.732882019298993,6.81756338754081,3.5
0,40.6,113,2.914375774509168,7.028222010277242,3.361111111111111
0,40.7,202,2.522412614722526,7.269485280714619,3.4444444444444446
0,40.800000000000004,25,2.2008882862893215,8.073238203934874,3.4166666666666665
0,40.900000000000006,180,2.7964457829685707,7.701523964152575,3.361111111111111
0,41.0,180,2.62297322652965,7.378191484478466,3.2777777777777777
0,41.1,167,2.9202785062450056,7.474324446449251,3.4074074074074074
0,41.2,199,2.6502224590232784,7.336095877578084,3.435185185185185
0,41.300000000000004,199,2.3633456705958014,7.928073837647403,3.2685185185185186
0,41.400000000000006,124,3.31574090301776,7.864057329482502,3.3796296296296298
0,41.5,124,2.343033963560403,7.642172919789351,3.314814814814815
0,41.6,117,2.939109575674867,6.94336818296705,3.259259259259259
0,41.7,125,2.9068093832589863,7.162349326773801,3.4166666666666665
0,41.800000000000004,211,3.02095552072329,6.996889279701958,3.25
0,41.900000000000006,204,3.0822820032566347,7.579104767629647,3.240740740740741
0,42.0,110,2.5924961521989673,7.298073804430315,3.509259259259259
0,42.1,89,2.790647705546696,7.443189419412983,3.388888888888889
0,42.2,25,3.0716894883694015,7.034416809412191,3.5277777777777777
0,42.300000000000004,59,3.049873431718936,6.650570881453401,3.324074074074074
0,42.400000000000006,15,2.9028665422555355,6.814808201272956,3.2685185185185186
0,42.5,80,2.7026524552815414,7.062002464452694,3.2962962962962963
0,42.6,137,2.8501896957110504,7.536125243693371,3.3981481481481484
0,42.7,24,2.80899719509236,7.034651230054316,3.4166666666666665
0,42.800000000000004,101,2.5235439767497887,7.38211842037882,3.3333333333333335
0,42.900000000000006,105,3.148245153245557,7.54992470584616,3.4074074074074074
0,43.0,163,2.7552942297693384,7.223635994072025,3.3333333333333335
0,43.1,6,2.374265804452202,7.06228182777174,3.3981481481481484
0,43.2,194,3.1925543328666155,7.122002223739767,3.4814814814814814
0,43.300000000000004,212,2.8884314084578184,7.084778073243297,3.4074074074074074
0,43.400000000000006,212,3.315102520689469,7.3593865377410665,3.3981481481481484
0,43.5,72,2.708977463615473,7.155631524705585,3.4537037037037037
0,43.6,20,2.7390142688173817,6.757460365673417,3.3518518518518516
0,43.7,20,2.687411925242103,7.665291260395989,3.4166666666666665
0,43.800000000000004,118,2.673488482589896,6.973798663258199,3.388888888888889
0,43.900000000000006,83,2.3715812780856713,7.295734211143703,3.2962962962962963
0,44.0,128,2.6497898473495862,7.3434105023456295,3.314814814814815
0,44.1,14,2.8325828479493333,7.023500918461529,3.287037037037037
0,44.2,17,2.8485718295978053,7.000943895465678,3.3333333333333335
0,44.300000000000004,88,2.7934142357148333,7.213614215775352,3.314814814814815
0,44.400000000000006,88,2.8996017802797596,7.228543860118405,3.4074074074074074
0,44.5,31,3.1564503722263515,6.895158833665766,3.3425925925925926
0,44.6,177,3.081818416122363,7.5452043346660105,3.3981481481481484
0,44.7,19,3.37636533446629,7.190956719321191,3.4537037037037037
0,44.800000000000004,19,3.2035740873698377,7.412754408540543,3.388888888888889
0,44.900000000000006,86,3.331143845140282,7.0622869610731165,3.3981481481481484
0,45.0,73,2.7232907221599314,7.128010703382637,3.2314814814814814
0,45.1,177,2.38099100235581,6.973208864669578,3.4074074074074074
0,45.2,31,2.7616544231363185,7.2168279022163295,3.3518518518518516
0,45.300000000000004,88,3.213063942778482,7.226148120477056,3.4074074074074074
0,45.400000000000006,60,3.20407897618273,7.40118536332149,3.4444444444444446
0,45.5,162,3.0767616314447648,7.506769433258526,3.2314814814814814
0,45.6,193,3.122256998839202,7.213256459551849,3.361111111111111
0,45.7,58,3.2503661005690736,7.203228166214075,3.3981481481481484
0,45.800000000000004,146,2.822265084318831,7.39808043908272,3.435185185185185
0,45.900000000000006,127,3.3667667616640085,7.376689909245341,3.5277777777777777
0,46.0,215,2.3819164967189796,7.145084996690258,3.361111111111111
0,46.1,127,3.148957950746605,7.5098935904757695,3.4722222222222223
0,46.2,202,2.719851500910468,6.751558246883864,3.259259259259259
0,46.300000000000004,113,2.7141422172887637,7.170669198193528,3.2962962962962963
0,46.400000000000006,86,2.8673689873777564,7.454197160541966,3.3703703703703702
0,46.5,63,2.660655772472935,7.227555208142537,3.462962962962963
0,46.6,208,2.77295273520114,7.55039027660278,3.324074074074074
0,46.7,7,2.912837745421801,7.9557000014857895,3.3518518518518516
0,46.800000000000004,202,3.1057752613042076,7.02622775620612,3.4444444444444446
0,46.900000000000006,197,2.552910670012364,7.557483082648163,3.3796296296296298
0,47.0,70,2.2283675227000113,7.038542484631366,3.3796296296296298
0,47.1,103,2.9507339440119913,7.271334365108546,3.259259259259259
0,47.2,53,3.0875519287661977,7.001711660151117,3.324074074074074
0,47.300000000000004,182,3.0170771267812047,7.167440547028656,3.4074074074074074
0,47.400000000000006,139,2.830650101538102,7.0288990217882015,3.4722222222222223
0,47.5,120,2.4784015329843703,7.217026335147221,3.462962962962963
0,47.6,117,1.8748233783735708,7.0328509519929785,3.462962962962963
0,47.7,77,3.0816059866242638,6.91875017306694,3.4166666666666665
0,47.800000000000004,117,3.047470348405201,7.649707899296633,3.4814814814814814
0,47.900000000000006,17,2.8981769429111606,7.0457914899724114,3.3703703703703702
0,48.0,3,2.9781730678228797,7.168841090722492,3.5185185185185186
0,48.1,18,2.784032008372805,7.762635016617657,3.4166666666666665
0,48.2,82,2.8297856158568644,6.821611671797694,3.314814814814815
0,48.300000000000004,82,2.4795526626572766,7.089006446158849,3.435185185185185
0,48.400000000000006,49,2.3893959238843343,7.391278445148399,3.4814814814814814
0,48.5,113,2.964259857953732,7.079327668166728,3.3796296296296298
0,48.6,127,2.998139790086728,7.141815175498811,3.3518518518518516
0,48.7,56,3.0231432836358647,6.78040366137951,3.435185185185185
0,48.800000000000004,133,2.6539170680510553,7.103099233987743,3.425925925925926
0,48.900000000000006,84,2.9373733036631338,6.75824427731226,3.425925925925926
0,49.0,31,2.7595915362614862,7.254246287485782,3.4444444444444446
0,49.1,95,2.9890015472138605,7.024219751912529,3.4444444444444446
0,49.2,191,2.979858146574068,7.412654778611286,3.3796296296296298
0,49.300000000000004,31,2.7919363275636626,7.3036814293679395,3.4074074074074074
0,49.400000000000006,105,3.1433430040294206,7.434359722316564,3.4444444444444446
0,49.5,143,2.9645626698022918,7.4106809341039686,3.490740740740741
0,49.6,45,3.15852980080065,6.754460958098038,3.537037037037037
0,49.7,183,2.6366533199924924,6.860111401846173,3.462962962962963
0,49.800000000000004,90,3.1813739883743937,7.706372217137243,3.4444444444444446
0,49.900000000000006,111,3.205000911511773,6.711832450449997,3.425925925925926
0,50.0,191,3.3585662739407045,7.295909411491886,3.4166666666666665
1,0.1,65,2.765954918865957,7.435387583615308,3.435185185185185
1,0.2,97,2.953992403530324,8.023995271464697,3.3796296296296298
1,0.30000000000000004,88,2.669601747159171,7.356075891242605,3.361111111111111
1,0.4,177,2.887988082483176,7.512979924668581,3.2314814814814814
1,0.5,102,2.925257138897523,7.5603840530001865,3.4074074074074074
1,0.6000000000000001,102,2.9465382082981257,7.668344810158618,3.3055555555555554
1,0.7000000000000001,71,3.0485543464514304,7.061375318353334,3.185185185185185
1,0.8,79,3.1878768642751214,6.98301808677696,3.1481481481481484
1,0.9,19,3.352740068822623,6.8603565832430755,3.388888888888889
1,1.0,119,2.8874319757312623,6.902936773770209,3.3333333333333335
1,1.1,33,2.8755365362324845,7.427197746473405,3.425925925925926
1,1.2000000000000002,121,2.4284687922778088,7.113848550742324,3.361111111111111
1,1.3,32,2.2393750592932693,7.038220783261162,3.4074074074074074
1,1.4000000000000001,33,3.233927791865299,7.420999785544814,3.3333333333333335
1,1.5,71,2.557831073814755,7.138653812775475,3.287037037037037
1,1.6,194,2.0951720298115384,7.285778321116368,3.2037037037037037
1,1.7000000000000002,62,2.575433799488842,7.134991810579081,3.3055555555555554
1,1.8,191,3.1158366722750293,7.903513743115685,3.2314814814814814
1,1.9000000000000001,150,3.295909136304231,7.277500224264298,3.287037037037037
1,2.0,93,3.2877046987054213,7.249419421550551,3.287037037037037
1,2.1,186,3.1630122647675654,6.966006975340757,3.4074074074074074
1,2.2,186,3.300379453002594,7.865410826800904,3.3333333333333335
1,2.3000000000000003,25,2.4949497268571537,7.074646513217554,3.3518518518518516
1,2.4000000000000004,165,3.4479563213643014,7.038494223005451,3.2777777777777777
1,2.5,13,2.8005852557274613,7.663288259223269,3.3333333333333335
1,2.6,193,2.9457016313742566,7.035686512465527,3.2962962962962963
1,2.7,90,2.5654816481744795,6.796550849242623,3.324074074074074
1,2.8000000000000003,180,2.9041621454835007,7.2658119074712175,3.2962962962962963
1,2.9000000000000004,121,2.9385141310290646,7.439269768438215,3.3333333333333335
1,3.0,72,2.7590172686353713,7.080047230030013,3.314814814814815
1,3.1,99,2.5352414988099623,6.844232410239853,3.25
1,3.2,90,2.7255448600361327,7.293221130496122,3.25
1,3.3000000000000003,90,2.9145735347456445,7.3748913829634635,3.25
1,3.4000000000000004,51,2.5982825911230476,7.390916499213872,3.259259259259259
1,3.5,134,3.0409586224031537,6.83625168313587,3.1944444444444446
1,3.6,51,2.8829017304936095,7.496165108801006,3.2777777777777777
1,3.7,44,2.7360540626844405,7.057419723418885,3.324074074074074
1,3.8000000000000003,206,1.8673030067093142,7.1938637167680355,3.3518518518518516
1,3.9000000000000004,186,3.0738344248813143,7.816140113841745,3.2777777777777777
1,4.0,87,2.6926061341129643,6.879445911705403,3.314814814814815
1,4.1000000000000005,196,2.0448554787864084,7.323205623188283,3.4074074074074074
1,4.2,53,3.114957899262991,7.579463823104478,3.3981481481481484
1,4.3,128,2.487423296356167,7.079239081165718,3.2962962962962963
1,4.4,116,2.0929181548487787,7.457912927855226,3.324074074074074
1,4.5,103,2.8794797770292964,7.057341303626884,3.3703703703703702
1,4.6000000000000005,23,2.8794082603991886,6.85204576402402,3.2777777777777777
1,4.7,23,2.9167225266334516,7.033790575982056,3.2962962962962963
1,4.800000000000001,78,3.1614303984226213,7.1521534523130965,3.3796296296296298
1,4.9,176,2.8426301159679586,8.266804742429036,3.3333333333333335
1,5.0,176,2.661741053724433,7.386893430676857,3.2314814814814814
1,5.1000000000000005,28,2.4904222707143666,7.843671458469917,3.3703703703703702
1,5.2,28,2.6846172435977396,7.830650522576635,3.240740740740741
1,5.300000000000001,29,2.7622296912725903,7.554804223041686,3.2962962962962963
1,5.4,176,2.653972155889997,6.83097881818906,3.3518518518518516
1,5.5,31,2.455923262613026,7.583495080311816,3.5
1,5.6000000000000005,196,1.866510212916977,7.556668974563009,3.4074074074074074
1,5.7,164,2.9610311038743333,7.063859271534374,3.3518518518518516
1,5.800000000000001,169,3.368473702679897,7.100622607371985,3.3518518518518516
1,5.9,2,2.3412728732256336,7.048211476621999,3.4166666666666665
1,6.0,93,3.4117454979371504,6.829513378015388,3.3703703703703702
1,6.1000000000000005,22,2.5575224778685355,7.027660214172668,3.4166666666666665
1,6.2,62,2.741132776521674,7.171163800667147,3.3796296296296298
1,6.300000000000001,164,2.9900589454201687,6.872196239456054,3.3333333333333335
1,6.4,164,2.8536825853069505,7.309980277625001,3.3333333333333335
1,6.5,196,2.3304177748731227,6.656587799977351,3.4444444444444446
1,6.6000000000000005,41,2.6597829954410837,7.230328112729998,3.3796296296296298
1,6.7,60,2.9536037375396376,7.263841801818379,3.3518518518518516
1,6.800000000000001,34,2.4182755903058233,7.481734360009957,3.3333333333333335
1,6.9,24,2.8645577110251095,7.443932970968789,3.3333333333333335
1,7.0,24,3.110535377203099,7.718249750524777,3.361111111111111
1,7.1000000000000005,34,2.611442563257484,7.2079767942405315,3.4166666666666665
1,7.2,110,2.3577121711167646,7.0692193655276085,3.4444444444444446
1,7.300000000000001,142,2.251856917869793,6.8527988319245186,3.388888888888889
1,7.4,110,2.525824747742135,6.96278006496475,3.361111111111111
1,7.5,41,2.9053425699329245,7.129020846866377,3.287037037037037
1,7.6000000000000005,48,3.0957083742671734,7.514673172737536,3.509259259259259
1,7.7,38,3.0976794168571256,7.908865483841124,3.4166666666666665
1,7.800000000000001,211,2.976819950190467,7.693606439284732,3.324074074074074
1,7.9,90,2.7936839315615503,6.899097860884925,3.388888888888889
1,8.0,97,2.388676851997819,7.306345222893032,3.314814814814815
1,8.1,97,2.741704301481078,7.8222179350476715,3.314814814814815
1,8.200000000000001,8,3.003390024728377,7.411295410463952,3.314814814814815
1,8.3,37,3.169109375609272,6.957232573528081,3.3796296296296298
1,8.4,189,3.087028525222053,6.969965045743608,3.287037037037037
1,8.5,129,2.9218748516015687,7.520198253101558,3.4166666666666665
1,8.6,115,2.7539512217096775,7.5554721749047085,3.2777777777777777
1,8.700000000000001,193,2.716845083238277,8.027645414496074,3.3055555555555554
1,8.8,193,3.1479319212248456,8.395288371051898,3.3796296296296298
1,8.9,42,2.0375973993663004,7.31134431182471,3.4166666666666665
1,9.0,123,2.3547930320495145,7.061481515983317,3.3703703703703702
1,9.1,29,3.015767693331847,7.652322238775577,3.4166666666666665
1,9.200000000000001,29,2.6638869299985375,7.37971924611727,3.435185185185185
1,9.3,24,2.3575168057906413,7.301280697538733,3.3703703703703702
1,9.4,11,2.2800335131865754,6.92515713214228,3.4166666666666665
1,9.5,5,2.648241074724787,7.168871043136332,3.3055555555555554
1,9.600000000000001,196,2.5850290704206067,7.293918449809334,3.462962962962963
1,9.700000000000001,91,2.7664584154361753,7.26127717482443,3.3796296296296298
1,9.8,119,3.287277889279832,7.175968978287937,3.3425925925925926
1,9.9,143,3.2750055329923846,7.00229817187188,3.4074074074074074
1,10.0,202,3.193797540873782,7.300385652813305,3.4537037037037037
1,10.100000000000001,169,2.579730147161576,6.917347367415165,3.4537037037037037
1,10.200000000000001,123,3.007334564491031,6.979501496857404,3.4537037037037037
1,10.3,123,2.9859433506412474,8.233589120815942,3.324074074074074
1,10.4,86,3.1993779674870404,7.25774118369981,3.388888888888889
1,10.5,106,2.8648765346473217,6.898635654122289,3.435185185185185
1,10.600000000000001,186,3.157842094006199,6.956610340256863,3.4074074074074074
1,10.700000000000001,71,3.2157324270877785,7.273348564401516,3.2962962962962963
1,10.8,1,2.629021446471426,7.101485631329848,3.4074074074074074
1,10.9,211,2.9346287895728644,7.525393680193391,3.25
1,11.0,154,3.4246571318553047,7.223281818749528,3.4074074074074074
1,11.100000000000001,203,3.0271209995252173,7.281023835799585,3.314814814814815
1,11.200000000000001,184,2.980724394999959,7.039939369976983,3.509259259259259
1,11.3,184,3.308501011774081,6.80879309263044,3.3981481481481484
1,11.4,49,3.5218837828557934,7.078587886772441,3.287037037037037
1,11.5,38,3.3917857795736914,6.95344781803,3.4444444444444446
1,11.600000000000001,18,2.8160902089432214,7.114969412666587,3.435185185185185
1,11.700000000000001,183,3.012062464984039,7.331255989238926,3.4444444444444446
1,11.8,206,3.14012048653375,7.021775434460954,3.4166666666666665
1,11.9,206,2.715610213201697,7.146335398546468,3.3425925925925926
1,12.0,184,3.324634249885559,7.282861443978281,3.388888888888889
1,12.100000000000001,101,2.912024756845007,7.392843372110024,3.490740740740741
1,12.200000000000001,207,3.0819371829165387,8.06177703718943,3.3518518518518516
1,12.3,207,3.2869503692881663,7.18832085534429,3.5
1,12.4,207,3.2104367384466945,7.464774394230995,3.4166666666666665
1,12.5,122,2.510634199858846,7.8640273919995645,3.2777777777777777
1,12.600000000000001,60,2.657888284458764,7.300457057243102,3.3518518518518516
1,12.700000000000001,129,2.3096336402927493,7.243603971007044,3.3333333333333335
1,12.8,112,2.5538267032959308,7.410236194062959,3.3518518518518516
1,12.9,112,2.8582375339873427,7.869082469753037,3.324074074074074
1,13.0,169,3.142229477080792,7.492604449942151,3.2685185185185186
1,13.100000000000001,103,2.9443206832642614,7.406672547136159,3.287037037037037
1,13.200000000000001,134,3.3966945216024396,7.652539781720825,3.388888888888889
1,13.3,50,3.0462944278607065,7.170903792427016,3.2777777777777777
1,13.4,59,2.7811555305696287,7.542873324576064,3.2314814814814814
1,13.5,105,2.8822668169531718,7.336753908505983,3.3333333333333335
1,13.600000000000001,176,3.085736198582687,7.725418872613635,3.388888888888889
1,13.700000000000001,123,2.5010868009811738,7.5211865760954035,3.3518518518518516
1,13.8,49,3.252814756808557,7.2343361808942825,3.2685185185185186
1,13.9,196,3.457944662620722,7.77932829963194,3.314814814814815
1,14.0,59,3.09470948704125,7.1434930486530845,3.25
1,14.100000000000001,193,3.283725519924306,6.670454458040237,3.4074074074074074
1,14.200000000000001,93,2.551773250309687,7.181111343238375,3.324074074074074
1,14.3,43,3.0185212000059147,7.213501065531198,3.324074074074074
1,14.4,25,2.8607753310982433,7.177058889107356,3.4444444444444446
1,14.5,177,2.7899720765972775,7.022631349239495,3.2685185185185186
1,14.600000000000001,93,2.5204382674892005,6.609517875221585,3.324074074074074
1,14.700000000000001,202,2.9914904414966657,7.5440546440877245,3.3055555555555554
1,14.8,166,3.3955855473311343,6.811154638645317,3.361111111111111
1,14.9,167,3.255976330378008,7.344605441718706,3.361111111111111
1,15.0,93,3.1105246815123264,6.974338530604813,3.4074074074074074
1,15.100000000000001,6,2.929940449387712,7.3021044401506545,3.3055555555555554
1,15.200000000000001,12,2.659409231541332,7.616080695570677,3.425925925925926
1,15.3,110,2.4819358903355884,7.814302192315273,3.25
1,15.4,149,2.3969649800957913,7.141307571456599,3.3333333333333335
1,15.5,23,1.9541821704610034,7.748577675562574,3.2962962962962963
1,15.600000000000001,81,2.8410860426497484,7.764580807653365,3.259259259259259
1,15.700000000000001,152,2.6661897578473583,7.400457453824262,3.3425925925925926
1,15.8,200,2.6454732352351296,7.870214903255498,3.240740740740741
1,15.9,176,2.7640663824779397,7.076216720232676,3.212962962962963
1,16.0,22,2.1775982927076925,7.825558020861019,3.3518518518518516
1,16.1,132,2.785541981581477,7.592026563653915,3.2037037037037037
1,16.2,181,2.958460052985073,7.5975056186156396,3.3055555555555554
1,16.3,181,2.6638427448576696,7.299633260287989,3.2314814814814814
1,16.400000000000002,210,2.9620259198837506,7.0682771282471375,3.2777777777777777
1,16.5,69,2.9276103377053047,6.826977525898158,3.2314814814814814
1,16.6,159,3.1683702774803417,7.203646169760704,3.3703703703703702
1,16.7,208,3.1538310475660394,7.238493560352612,3.2962962962962963
1,16.8,40,3.215193399071188,7.540140792625294,3.3796296296296298
1,16.900000000000002,151,2.7136418665603053,7.010710808715048,3.2685185185185186
1,17.0,91,2.763705512038073,7.642181145368011,3.3796296296296298
1,17.1,91,3.3089591832910994,7.679194847015848,3.3333333333333335
1,17.2,91,2.90121066736776,8.505009855399397,3.4166666666666665
1,17.3,91,3.446281298063801,7.330255166575453,3.138888888888889
1,17.400000000000002,46,2.4705213559724526,7.054744102875036,3.259259259259259
1,17.5,202,2.9391463674511327,7.294404476098541,3.3981481481481484
1,17.6,10,2.8941266687855913,7.250751332733417,3.2777777777777777
1,17.7,66,2.5594466744290854,7.33623081851513,3.287037037037037
1,17.8,152,2.790918528860036,7.562993476114966,3.25
1,17.900000000000002,16,2.301285578914601,7.628207986923026,3.3703703703703702
1,18.0,16,2.988021422143609,7.857264574866021,3.2962962962962963
1,18.1,110,2.879934067423057,7.559093200182739,3.259259259259259
1,18.2,110,2.582158088416655,7.444131841168132,3.3425925925925926
1,18.3,66,2.6448407440742,7.7759085609333995,3.3055555555555554
1,18.400000000000002,112,2.868743915904775,8.072041756639177,3.314814814814815
1,18.5,115,3.155868817342573,7.14613199103716,3.324074074074074
1,18.6,194,3.222211283275708,6.695500035707624,3.425925925925926
1,18.7,141,2.8901616900283016,6.8567403119390775,3.3518518518518516
1,18.8,126,3.0670834137859657,7.011167301674633,3.240740740740741
1,18.900000000000002,142,3.313221031239794,7.315119510850856,3.287037037037037
1,19.0,144,2.7299280286467393,7.901237972421548,3.3518518518518516
1,19.1,26,2.5501720279300844,6.958029624312671,3.435185185185185
1,19.200000000000003,142,2.971622924987999,7.0033793123925765,3.287037037037037
1,19.3,99,2.745189769276876,7.357075983139792,3.361111111111111
1,19.400000000000002,149,2.577880507868959,6.749842116879666,3.388888888888889
1,19.5,70,2.375793615792772,6.990901119224315,3.4814814814814814
1,19.6,82,2.617634378745878,7.568649331654996,3.4166666666666665
1,19.700000000000003,28,2.6226883869187327,7.786410298353275,3.462962962962963
1,19.8,5,2.2656353260774127,7.591879562190758,3.462962962962963
1,19.900000000000002,5,2.6071385858101137,7.627941567629254,3.3981481481481484
1,20.0,5,3.0996754500377555,7.4127683848420896,3.3981481481481484
1,20.1,28,2.56928177271584,7.270192342665084,3.324074074074074
1,20.200000000000003,35,2.57299282302537,6.815486511381411,3.314814814814815
1,20.3,182,3.013081936215323,6.9385220187555845,3.3055555555555554
1,20.400000000000002,123,2.895656480330114,7.397553021991862,3.3703703703703702
1,20.5,7,2.5435411790628675,7.00461026006344,3.3518518518518516
1,20.6,52,3.2685505950385116,7.440856129232594,3.361111111111111
1,20.700000000000003,39,3.292471542538012,7.0732144056065565,3.4537037037037037
1,20.8,7,2.6637898846331316,7.278339177071585,3.4074074074074074
1,20.900000000000002,212,2.685131188246207,7.314474429885361,3.435185185185185
1,21.0,100,2.7865962915793325,7.127014723506823,3.4722222222222223
1,21.1,53,2.6694655285296114,7.2484228824571035,3.3796296296296298
1,21.200000000000003,62,2.8985212092456694,7.681966946792198,3.4074074074074074
1,21.3,162,2.6278286933773165,6.813237595604294,3.425925925925926
1,21.400000000000002,11,3.0626431024386833,7.485666124847766,3.1944444444444446
1,21.5,50,2.7998232669989576,7.1009406024232185,3.3518518518518516
1,21.6,2,2.5956026387032725,7.484661427498194,3.388888888888889
1,21.700000000000003,210,3.146409529024231,7.448384827051836,3.2777777777777777
1,21.8,160,2.6651871269650984,7.210642645745122,3.435185185185185
1,21.900000000000002,215,2.5488948540467202,7.5585428539312725,3.3703703703703702
1,22.0,92,2.3335767448002023,7.79297555935854,3.388888888888889
1,22.1,215,2.8897799749217725,6.816780107407483,3.3333333333333335
1,22.200000000000003,215,2.673356556735187,7.330916205018269,3.3333333333333335
1,22.3,150,2.8490519423447447,7.010629052916902,3.3055555555555554
1,22.400000000000002,155,2.967414375154819,7.2462673873030985,3.287037037037037
1,22.5,81,3.1622620166725057,6.891512891042571,3.3703703703703702
1,22.6,7,2.474587609604564,7.338152491566989,3.4166666666666665
1,22.700000000000003,3,2.0747135229514493,7.441642422909454,3.4166666666666665
1,22.8,109,2.7685233670022775,7.145474203063329,3.2962962962962963
1,22.900000000000002,137,2.3364755571038582,7.488278098690396,3.240740740740741
1,23.0,137,2.5530637215406715,7.67757558450187,3.2777777777777777
1,23.1,123,3.1377526364649366,6.926907504410538,3.388888888888889
1,23.200000000000003,49,3.182371804349163,7.068645203803451,3.361111111111111
1,23.3,130,3.261997270676429,7.13013936260241,3.3518518518518516
1,23.400000000000002,165,3.408772041653371,7.552047847584232,3.3981481481481484
1,23.5,165,3.0375497679383585,7.255581946727227,3.4074074074074074
1,23.6,194,3.041044217017999,7.337172409523596,3.287037037037037
1,23.700000000000003,151,2.2952857990944153,7.079548567584048,3.3703703703703702
1,23.8,47,2.8219464841281425,7.9897195694361365,3.4444444444444446
1,23.900000000000002,13,3.1749532031387613,7.743818944255176,3.4722222222222223
1,24.0,79,2.842103193193949,7.124598894487685,3.361111111111111
1,24.1,167,3.139122874926752,7.497425640247579,3.3333333333333335
1,24.200000000000003,167,3.040962578174566,7.946194596836019,3.1944444444444446
1,24.3,167,3.4679900170724043,7.679795938756353,3.388888888888889
1,24.400000000000002,49,2.477942425164175,7.912250286083247,3.361111111111111
1,24.5,49,2.795710703126864,7.266181031120109,3.4722222222222223
1,24.6,152,2.226644612526909,7.482791813763808,3.2777777777777777
1,24.700000000000003,97,2.679162707814502,6.9733822519176405,3.3981481481481484
1,24.8,137,2.8012324699299724,7.021540452937778,3.3518518518518516
1,24.900000000000002,130,3.1196818329626654,7.473472578037319,3.3333333333333335
1,25.0,166,2.9094070759360733,6.9900233001391765,3.425925925925926
1,25.1,99,2.620838565837342,7.372343374790995,3.3055555555555554
1,25.200000000000003,113,2.3715392487683653,7.134242112653736,3.2314814814814814
1,25.3,205,3.055809779917843,7.873052972826363,3.3425925925925926
1,25.400000000000002,96,3.196663259620475,8.0795093815975,3.259259259259259
1,25.5,96,3.153789388345408,7.424459669682781,3.4166666666666665
1,25.6,91,2.3205817330252705,7.8572388086335625,3.2777777777777777
1,25.700000000000003,17,3.0799899730856115,7.032257038936151,3.2222222222222223
1,25.8,2,2.953936930143861,7.11570719341623,3.25
1,25.900000000000002,29,3.2707275597385492,6.689376993759147,3.3518518518518516
1,26.0,162,3.1908071135317564,7.704226526664847,3.185185185185185
1,26.1,160,3.071409984651651,7.578564897967532,3.2777777777777777
1,26.200000000000003,160,3.0044323474588657,7.303660781226819,3.314814814814815
1,26.3,128,2.674180899603032,7.07471448893422,3.3425925925925926
1,26.400000000000002,2,3.0364706395633174,7.340734138282793,3.361111111111111
1,26.5,2,2.8551018539079616,7.6767588773979885,3.287037037037037
1,26.6,112,2.5798450668981916,7.040522096347266,3.1481481481481484
1,26.700000000000003,168,2.9333027371043014,6.774957079093652,3.4074074074074074
1,26.8,105,3.004547065389177,7.359405377886848,3.324074074074074
1,26.900000000000002,130,2.858233976458261,7.364420281670756,3.2037037037037037
1,27.0,105,2.268491627408327,7.687104268443523,3.3518518518518516
1,27.1,0,3.0683987800401025,6.769183927731521,3.259259259259259
1,27.200000000000003,105,2.6299959078630497,7.218505388306842,3.259259259259259
1,27.3,91,2.8718819755924896,7.638041013900357,3.287037037037037
1,27.400000000000002,129,2.8042168916055332,6.982175125486572,3.287037037037037
1,27.5,105,2.5165327842739083,7.33046955441922,3.3703703703703702
1,27.6,113,2.5061326631201006,7.26067947826777,3.361111111111111
1,27.700000000000003,195,2.7329968972530003,7.620343617155768,3.2777777777777777
1,27.8,195,2.983423732577954,7.463853282247754,3.2962962962962963
1,27.900000000000002,27,2.633184522991274,7.6295774914510215,3.3055555555555554
1,28.0,215,1.9072690987179894,7.498388558727949,3.240740740740741
1,28.1,76,2.2233528722754397,7.555943744326599,3.1481481481481484
1,28.200000000000003,147,2.370533513674268,7.313407614654652,3.3333333333333335
1,28.3,159,3.0539191443278324,6.831902004681414,3.240740740740741
1,28.400000000000002,189,3.020442659069075,7.113300651875855,3.314814814814815
1,28.5,123,2.7706771386443965,6.953634982227268,3.3518518518518516
1,28.6,189,2.9807351303539154,7.836182855777489,3.212962962962963
1,28.700000000000003,36,2.5181734064107517,7.748619697459444,3.240740740740741
1,28.8,189,2.5047556740733405,7.876820581861267,3.287037037037037
1,28.900000000000002,189,2.949186295503208,7.890311428653843,3.3796296296296298
1,29.0,189,2.3003985609032727,8.175774350845852,3.3333333333333335
1,29.1,163,2.165651977669274,8.019777717447024,3.3981481481481484
1,29.200000000000003,189,3.452047510709856,7.4181757057685385,3.4166666666666665
1,29.3,103,2.7668771114518735,7.293215255503267,3.2777777777777777
1,29.400000000000002,8,2.5880809424230566,7.659974767199062,3.287037037037037
1,29.5,106,2.755281212725735,7.769012706449743,3.259259259259259
1,29.6,191,2.536657158374033,7.497100627669665,3.314814814814815
1,29.700000000000003,110,2.3631200412312383,7.566327705304913,3.3518518518518516
1,29.8,181,2.647262201335568,7.409161762632742,3.3425925925925926
1,29.900000000000002,113,2.96097547131831,7.540969603637282,3.314814814814815
1,30.0,5,3.180429318332055,7.188481211146184,3.3981481481481484
1,30.1,130,3.162893013778711,7.678762853142327,3.3518518518518516
1,30.200000000000003,94,3.456278937460266,7.121724813519287,3.425925925925926
1,30.3,103,2.788913349253069,7.624776717846353,3.490740740740741
1,30.400000000000002,118,2.830265940408454,7.153024582410706,3.3518518518518516
1,30.5,44,2.8977613855069553,7.282024042097744,3.361111111111111
1,30.6,90,3.267916059566155,7.755753513646625,3.1574074074074074
1,30.700000000000003,150,2.9154384152314163,7.609846149269239,3.2962962962962963
1,30.8,140,2.3894698308039684,7.305884084176643,3.5
1,30.900000000000002,147,2.374642684168849,7.432726163842132,3.314814814814815
1,31.0,19,2.648242915396856,7.0953027829357795,3.4814814814814814
1,31.1,37,3.2887358294133815,6.968362184971884,3.3703703703703702
1,31.200000000000003,37,2.9391112998311932,7.645690651463294,3.4166666666666665
1,31.3,78,3.2328297121183374,7.9786669827506085,3.361111111111111
1,31.400000000000002,203,2.927124180713035,7.495813468645669,3.2314814814814814
1,31.5,196,2.6474892760639346,7.499946799902472,3.425925925925926
1,31.6,94,2.901305048688263,7.764646387118996,3.3796296296296298
1,31.700000000000003,94,2.8786933615283505,7.945629050004874,3.3703703703703702
1,31.8,33,2.4074106859858397,7.345762310928882,3.3425925925925926
1,31.900000000000002,0,2.542347758483239,7.988544147277807,3.3796296296296298
1,32.0,214,3.147619161018575,6.657644922296331,3.388888888888889
1,32.1,37,2.762257859709954,7.11142639688466,3.4074074074074074
1,32.2,88,3.11201451354815,7.124786652367655,3.185185185185185
1,32.300000000000004,94,2.528951258689586,7.350506816770677,3.2962962962962963
1,32.4,16,2.3982858857482197,7.185429335051154,3.240740740740741
1,32.5,204,2.4937070509333235,7.442229841189055,3.3333333333333335
1,32.6,88,2.6070778446723994,8.051523557300957,3.2962962962962963
1,32.7,47,3.1143922791999463,7.294023585903799,3.3703703703703702
1,32.800000000000004,18,2.831899751520358,7.2091834267249935,3.388888888888889
1,32.9,69,2.9958163053267164,6.8070331461187985,3.2314814814814814
1,33.0,4,3.334347115032033,6.76734302603884,3.287037037037037
1,33.1,12,3.049826272038355,6.91044918117123,3.1296296296296298
1,33.2,214,2.7140809985877365,7.404609330497978,3.240740740740741
1,33.300000000000004,82,2.677249654962997,6.973541113057862,3.3796296296296298
1,33.4,65,2.8093426569132123,7.710235438064872,3.2777777777777777
1,33.5,65,2.888800957600013,7.446506260563892,3.2685185185185186
1,33.6,16,3.074291864210521,7.498364323914975,3.3703703703703702
1,33.7,187,2.7483513222121174,7.313689704722294,3.2314814814814814
1,33.800000000000004,43,2.7833342200823887,7.198594531307344,3.314814814814815
1,33.9,88,2.8051371040580477,7.722125070526169,3.212962962962963
1,34.0,88,2.948824265551707,7.777542801697876,3.212962962962963
1,34.1,36,2.599345996824244,7.652448568705082,3.324074074074074
1,34.2,214,2.6539850311472506,7.797351009144227,3.240740740740741
1,34.300000000000004,97,2.6671965183716546,7.341268535876136,3.287037037037037
1,34.4,187,2.419110573387588,7.886143411143255,3.2222222222222223
1,34.5,26,2.1421968942522858,7.955613518433199,3.3425925925925926
1,34.6,202,1.9909904141994192,7.033596584590048,3.3796296296296298
1,34.7,114,3.1061795903641074,7.3169836005903965,3.324074074074074
1,34.800000000000004,47,2.39995954353497,7.093149457103701,3.3703703703703702
1,34.9,41,2.8157314182800874,7.111120139528487,3.4814814814814814
1,35.0,97,2.8715850104008256,7.309284542444333,3.435185185185185
1,35.1,16,2.3082638441279575,7.262941767924831,3.388888888888889
1,35.2,174,2.645967123079214,7.854178946008671,3.4814814814814814
1,35.300000000000004,32,3.368712965393877,7.441767342984138,3.2962962962962963
1,35.4,114,3.126473156053802,7.234597340010682,3.2962962962962963
1,35.5,126,2.759103648363416,7.399852157811984,3.3425925925925926
1,35.6,52,2.2146456741492333,7.583064048052078,3.2962962962962963
1,35.7,66,2.3666020662515015,7.652767261952898,3.2777777777777777
1,35.800000000000004,147,2.9593257627806,7.438479321045865,3.3796296296296298
1,35.9,43,3.0752547911306944,8.126076213660834,3.361111111111111
1,36.0,0,2.6444286671553683,7.864708138433684,3.1666666666666665
1,36.1,105,2.738149781258362,7.4690702478871795,3.2685185185185186
1,36.2,179,2.26225381014659,7.417298644102324,3.138888888888889
1,36.300000000000004,149,3.1941786720546013,7.548824524692153,3.3425925925925926
1,36.4,43,3.147581574276018,6.71523720975045,3.4444444444444446
1,36.5,64,3.377702668553968,6.974085546645334,3.314814814814815
1,36.6,180,3.0317673733653385,7.171194272185694,3.5
1,36.7,31,3.203895016097109,7.840110710024516,3.2962962962962963
1,36.800000000000004,78,2.543737957980568,7.559668938111013,3.2962962962962963
1,36.9,174,2.7703341979534595,7.511465942321489,3.314814814814815
1,37.0,100,2.686346104187128,7.267480063303893,3.4074074074074074
1,37.1,100,2.304654120526815,7.078886139211962,3.3518518518518516
1,37.2,100,2.1203127745142085,7.817589548627087,3.3518518518518516
1,37.300000000000004,207,2.379366739353486,7.419365657018664,3.259259259259259
1,37.4,127,2.8479185769561166,7.7573764665124205,3.435185185185185
1,37.5,127,2.7026098979638458,7.624716750823419,3.212962962962963
1,37.6,126,2.7209967044512733,7.257098133787702,3.314814814814815
1,37.7,11,2.475027428042507,6.839378023767854,3.3703703703703702
1,37.800000000000004,36,2.661477902483451,6.801212781288789,3.2314814814814814
1,37.9,196,2.7122902847514823,7.509699463396666,3.314814814814815
1,38.0,174,3.075902600897084,7.81722493082551,3.3055555555555554
1,38.1,100,2.406902420170571,7.017824683590289,3.1944444444444446
1,38.2,127,2.824238989385485,7.055420429131816,3.425925925925926
1,38.300000000000004,110,2.5862278053506134,7.990067219888707,3.3333333333333335
1,38.400000000000006,56,2.8816470749607532,6.6463434460891895,3.3518518518518516
1,38.5,176,2.7198175311391566,6.914852856649263,3.314814814814815
1,38.6,12,2.6059948588918482,7.445381018452075,3.3703703703703702
1,38.7,125,3.257494917914543,7.309816139548736,3.25
1,38.800000000000004,109,2.6724376893287447,6.883213709740007,3.361111111111111
1,38.900000000000006,73,3.043503666574882,7.026459200593469,3.2777777777777777
1,39.0,27,3.0071174017552424,7.238131647606684,3.3425925925925926
1,39.1,27,3.1383602954632304,8.128005049481242,3.361111111111111
1,39.2,104,2.740673751731441,7.069970966813827,3.435185185185185
1,39.300000000000004,85,2.846103682930841,6.77633246812489,3.3518518518518516
1,39.400000000000006,111,2.882430311511108,7.572803252209985,3.3796296296296298
1,39.5,146,2.9395540981710315,7.13249544847472,3.3055555555555554
1,39.6,73,2.1470069246843293,7.088346993041123,3.2777777777777777
1,39.7,27,2.7255118221950685,7.507116454438462,3.4537037037037037
1,39.800000000000004,62,2.6600349543893493,7.203108553290049,3.287037037037037
1,39.900000000000006,94,2.6022935314724975,7.003918632373173,3.2314814814814814
1,40.0,174,2.7020246866723707,6.960649800053564,3.4166666666666665
1,40.1,140,3.08360930753481,6.72719810847993,3.4444444444444446
1,40.2,143,3.115579275558908,7.072592494312624,3.3703703703703702
1,40.300000000000004,143,2.783961077725616,7.766706488245583,3.3518518518518516
1,40.400000000000006,107,3.135422403069418,7.220983252902089,3.388888888888889
1,40.5,138,2.8422214859099513,6.936089412666281,3.4074074074074074
1,40.6,150,2.775634588298651,6.866806693055085,3.4722222222222223
1,40.7,122,3.012308965918336,6.969761161841003,3.324074074074074
1,40.800000000000004,150,2.5493633026533598,8.330833933538432,3.3518518518518516
1,40.900000000000006,168,3.058760507709089,7.162996299740881,3.4537037037037037
1,41.0,168,2.5150521815323312,7.508221714156495,3.3518518518518516
1,41.1,76,3.0012309779630773,7.191499903660041,3.4814814814814814
1,41.2,76,3.1360886590534927,7.374364294010587,3.3796296296296298
1,41.300000000000004,168,2.474194826681919,7.0708204553263085,3.388888888888889
1,41.400000000000006,38,2.471493854768716,6.918155939823965,3.3333333333333335
1,41.5,35,2.1089975726932026,7.3197756569348496,3.3518518518518516
1,41.6,126,2.859628011329061,7.399201683184546,3.425925925925926
1,41.7,184,3.0051718615536385,7.5678228470389435,3.4444444444444446
1,41.800000000000004,92,2.673481869993778,7.348939002795369,3.462962962962963
1,41.900000000000006,92,2.1738576868981445,7.092687247798083,3.3703703703703702
1,42.0,168,2.964039200677615,7.402247148361961,3.2962962962962963
1,42.1,168,2.4153396858224605,7.117875832051346,3.324074074074074
1,42.2,60,2.882932693885883,7.584445762695288,3.287037037037037
1,42.300000000000004,165,2.9908322023263167,6.898700824908996,3.4166666666666665
1,42.400000000000006,165,3.219335280274615,6.872862301823213,3.3333333333333335
1,42.5,42,3.1500011276833,7.192793236457597,3.324074074074074
1,42.6,46,3.1582384198992597,7.060966496770643,3.324074074074074
1,42.7,46,3.0528324157506974,7.349775782794671,3.2222222222222223
1,42.800000000000004,94,3.0452488051240225,7.197969575957011,3.3796296296296298
1,42.900000000000006,2,2.5387466291543332,7.2463565692294285,3.3425925925925926
1,43.0,72,2.918068689321273,6.65448880920084,3.2962962962962963
1,43.1,90,3.0399151659095915,6.959979834118794,3.314814814814815
1,43.2,204,2.7690541322595266,7.564138943776441,3.4537037037037037
1,43.300000000000004,151,3.0037265439182654,7.195998513584406,3.3796296296296298
1,43.400000000000006,132,3.011842047842595,6.899142085008039,3.3425925925925926
1,43.5,49,3.1109740404414703,7.243554737400826,3.324074074074074
1,43.6,15,2.853998699485962,7.674453650978345,3.361111111111111
1,43.7,46,3.175883589360852,7.482059288662187,3.3981481481481484
1,43.800000000000004,135,3.2328461768759555,6.965132229084837,3.2314814814814814
1,43.900000000000006,193,3.0045558433345017,7.031716795148111,3.314814814814815
1,44.0,182,2.8907716343715917,7.1973601404383505,3.435185185185185
1,44.1,130,2.886405784367629,7.388664238848895,3.314814814814815
1,44.2,130,2.7455187517915327,8.131911602435439,3.3333333333333335
1,44.300000000000004,130,2.5643334463110143,7.472617542273261,3.324074074074074
1,44.400000000000006,130,2.6806969433271943,7.214702219166769,3.425925925925926
1,44.5,134,3.185880116171968,7.213079477294778,3.2314814814814814
1,44.6,76,2.294844986873324,7.137399028806841,3.2777777777777777
1,44.7,105,2.3059067583566275,7.159461984914475,3.2777777777777777
1,44.800000000000004,18,2.8979291506183404,7.567587232217939,3.2962962962962963
1,44.900000000000006,11,2.846199668085066,7.70000880338969,3.3333333333333335
1,45.0,0,2.4360836287334484,7.550991479859032,3.2777777777777777
1,45.1,187,2.5513058067857948,7.417082914811774,3.175925925925926
1,45.2,172,2.25710252855281,7.158083181873529,3.3796296296296298
1,45.300000000000004,142,2.525842266187973,7.330889999214634,3.314814814814815
1,45.400000000000006,187,2.695877593080929,7.1504747264653705,3.3796296296296298
1,45.5,59,2.8902766869740484,6.940264287923555,3.3703703703703702
1,45.6,85,2.988102429656249,6.528743869771879,3.2962962962962963
1,45.7,91,2.615656631019716,6.681934214290141,3.3425925925925926
1,45.800000000000004,23,1.8977944482043672,7.004447466990376,3.4814814814814814
1,45.900000000000006,208,2.7605279502389815,7.3503018860789044,3.3333333333333335
1,46.0,208,2.3329425021175565,7.795568147286575,3.324074074074074
1,46.1,208,2.5962893564539486,7.630624562782803,3.3425925925925926
1,46.2,208,3.060637949605496,8.24104403353536,3.2777777777777777
1,46.300000000000004,202,2.5958328771575636,7.26699648715695,3.435185185185185
1,46.400000000000006,8,3.0092740680136334,7.6385900407863625,3.3055555555555554
1,46.5,95,2.565894280246918,7.316916922082623,3.2314814814814814
1,46.6,152,3.063515981778133,7.7555762328527855,3.3981481481481484
1,46.7,136,2.8845638662841413,7.362200214371386,3.314814814814815
1,46.800000000000004,141,2.7119699340263854,7.367173114559986,3.4166666666666665
1,46.900000000000006,151,2.470497682870278,7.1942313023691975,3.361111111111111
1,47.0,8,2.5045884155829716,7.122729935411625,3.462962962962963
1,47.1,24,2.8523018175713473,7.855788218563674,3.5
1,47.2,24,2.312124076530014,7.557830610233264,3.509259259259259
1,47.300000000000004,187,2.460114297292097,7.051779855669158,3.3055555555555554
1,47.400000000000006,179,2.371764063570817,6.9698751567293025,3.4814814814814814
1,47.5,179,3.051703914924129,7.796703263987475,3.490740740740741
1,47.6,135,2.717017232602948,6.868446543970673,3.4537037037037037
1,47.7,196,2.75621028243323,6.884239299376979,3.3796296296296298
1,47.800000000000004,24,2.7948620200758643,7.36913242908688,3.435185185185185
1,47.900000000000006,141,3.02242709978702,7.089955509952103,3.324074074074074
1,48.0,141,2.954179085620033,7.109611486670721,3.3703703703703702
1,48.1,162,3.1489825646528713,6.949372171739844,3.3981481481481484
1,48.2,162,2.3211205975433074,7.412169307193933,3.361111111111111
1,48.300000000000004,171,2.790349542700687,7.283493841411909,3.361111111111111
1,48.400000000000006,80,2.9245688232938223,7.04237557791785,3.388888888888889
1,48.5,208,2.346273399232289,7.581348669166038,3.3425925925925926
1,48.6,92,2.4883023286020034,7.153419453544728,3.388888888888889
1,48.7,115,3.0014045935382425,7.66334606803198,3.3055555555555554
1,48.800000000000004,115,2.4142217430402795,7.817790243621206,3.425925925925926
1,48.900000000000006,77,2.580997764814579,6.905388403726567,3.4814814814814814
1,49.0,209,3.2044851949517836,7.401875666997339,3.361111111111111
1,49.1,126,2.820207583456347,7.165933832489296,3.3703703703703702
1,49.2,140,2.9018972962751226,6.599444299894019,3.3333333333333335
1,49.300000000000004,94,2.71452952883939,6.977206351010855,3.3981481481481484
1,49.400000000000006,200,3.143665169105063,7.187867072311195,3.2222222222222223
1,49.5,156,2.45312579168516,7.295281524716222,3.3703703703703702
1,49.6,133,2.6795216827258903,6.90223535532578,3.2962962962962963
1,49.7,71,2.6755851822105776,7.056903570098714,3.2685185185185186
1,49.800000000000004,188,2.994116206251414,7.2738946375455615,3.212962962962963
1,49.900000000000006,49,2.8518639352478417,6.9678559840895025,3.185185185185185
1,50.0,1,2.229475130099606,7.03310923687768,3.2685185185185186
2,0.1,37,2.6956463510404647,7.367223382813183,3.4722222222222223
2,0.2,24,2.8625257840663068,6.950600091559513,3.490740740740741
2,0.30000000000000004,144,2.629709446344517,7.1213448844647385,3.4444444444444446
2,0.4,144,2.2626198043164587,8.040846430066978,3.4166666666666665
2,0.5,144,2.476492444512857,7.112467971197167,3.4166666666666665
2,0.6000000000000001,144,2.827201543014476,7.878547751845042,3.4814814814814814
2,0.7000000000000001,202,2.5893673645086044,7.218167843620333,3.3981481481481484
2,0.8,182,2.4376553480160483,7.364130311324856,3.3796296296296298
2,0.9,86,2.7894503310341903,7.09280637767467,3.2314814814814814
2,1.0,151,3.1714278220499903,7.303112283073362,3.3796296296296298
2,1.1,46,3.1997292000364026,7.4320665361642035,3.4444444444444446
2,1.2000000000000002,133,2.3765123388658544,7.537676193095923,3.3796296296296298
2,1.3,133,2.3290396409221636,7.7572280552260775,3.4074074074074074
2,1.4000000000000001,133,2.604968561178718,7.606660583398049,3.3518518518518516
2,1.5,10,2.557615719487159,7.099339117595807,3.3518518518518516
2,1.6,133,3.022769325868137,7.166529838378061,3.314814814814815
2,1.7000000000000002,157,2.830754651278065,7.1929986157305335,3.3796296296296298
2,1.8,157,3.007757616175319,8.003707619987617,3.4166666666666665
2,1.9000000000000001,23,2.5838125185623104,7.449549633404625,3.3333333333333335
2,2.0,82,3.1142688151231535,7.2576556564809955,3.3796296296296298
2,2.1,82,3.0901588390052925,7.406646150704859,3.3981481481481484
2,2.2,49,3.203787955766414,6.876801523249597,3.3425925925925926
2,2.3000000000000003,82,2.783717676298273,7.686080492844916,3.425925925925926
2,2.4000000000000004,129,2.8788672325481452,7.965742717639395,3.4814814814814814
2,2.5,201,2.447070492923506,7.605745575920945,3.361111111111111
2,2.6,201,2.981350548625106,7.394444373456337,3.435185185185185
2,2.7,61,2.819320623232977,7.3529619806707665,3.3425925925925926
2,2.8000000000000003,72,2.6139871739777405,7.6104887303899265,3.314814814814815
2,2.9000000000000004,149,2.7644063874463836,7.427697397287794,3.435185185185185
2,3.0,72,3.200885270193302,7.65066506496894,3.4074074074074074
2,3.1,67,2.3134775310825475,7.126807648869164,3.425925925925926
2,3.2,53,2.72609563790773,6.892565816474098,3.5185185185185186
2,3.3000000000000003,144,3.003703100743269,7.038099909616357,3.4166666666666665
2,3.4000000000000004,49,3.0462179789372743,6.746901795747678,3.3981481481481484
2,3.5,140,2.2703922666362755,7.058037780272791,3.3333333333333335
2,3.6,10,2.2433514170646323,6.612557970603729,3.3981481481481484
2,3.7,28,2.5615923759643917,7.04658717548041,3.388888888888889
2,3.8000000000000003,151,2.363556042623426,6.677582186511102,3.3333333333333335
2,3.9000000000000004,21,3.058936339190553,7.250458288291957,3.3333333333333335
2,4.0,126,2.664991296169725,7.560960341850317,3.25
2,4.1000000000000005,79,2.727329820604479,6.828299214570254,3.259259259259259
2,4.2,212,2.9785866173045736,7.260610582597828,3.324074074074074
2,4.3,40,2.629217357037306,7.47346526239064,3.3425925925925926
2,4.4,86,2.7885096273758987,7.494179015614468,3.185185185185185
2,4.5,116,2.8854222378784424,7.778030830639242,3.2037037037037037
2,4.6000000000000005,101,2.662033600480928,8.064667781595157,3.240740740740741
2,4.7,101,2.63239917934862,7.2201322062492075,3.185185185185185
2,4.800000000000001,95,2.9850934930457957,6.949397643289585,3.2037037037037037
2,4.9,101,3.1776249427161307,8.135187388899093,3.361111111111111
2,5.0,109,2.499580255309233,8.140365289823174,3.2777777777777777
2,5.1000000000000005,197,2.758125567281798,7.76515336150303,3.2314814814814814
2,5.2,115,2.9583329195079044,7.27968088405691,3.212962962962963
2,5.300000000000001,133,2.9406949257191632,7.719011744892712,3.287037037037037
2,5.4,133,2.9522601268623854,7.622968719798846,3.425925925925926
2,5.5,205,2.6120909423604974,7.35456943875101,3.1944444444444446
2,5.6000000000000005,205,2.876924424873406,8.155997327697765,3.3703703703703702
2,5.7,205,2.976206862770253,8.290521915129752,3.314814814814815
2,5.800000000000001,66,2.846263489672896,7.4292144156424404,3.3796296296296298
2,5.9,205,3.1204165147339293,7.160188340196248,3.3055555555555554
2,6.0,84,3.0329529610448223,7.450921890094865,3.1574074074074074
2,6.1000000000000005,153,2.782223443876997,6.908699043374769,3.3425925925925926
2,6.2,136,3.0545697918006267,7.275590850310602,3.3703703703703702
2,6.300000000000001,75,2.301866054467421,7.247030447419629,3.25
2,6.4,181,2.321921865400142,7.670404899745618,3.2222222222222223
2,6.5,67,3.0437627737463373,7.404848783444553,3.212962962962963
2,6.6000000000000005,89,3.1122626176840242,7.5835961421853835,3.388888888888889
2,6.7,34,2.5118749955094666,7.891270414831337,3.324074074074074
2,6.800000000000001,184,2.7602157454782965,7.457665905054105,3.1944444444444446
2,6.9,67,2.7310375835491056,7.184977818704381,3.2685185185185186
2,7.0,67,2.843411966390317,7.677777627183129,3.2962962962962963
2,7.1000000000000005,16,3.1826707407834753,7.570991457226119,3.185185185185185
2,7.2,11,2.4136259982034662,7.165282111800296,3.314814814814815
2,7.300000000000001,56,2.9532153467153126,7.572576778943671,3.287037037037037
2,7.4,16,3.0617306973465457,7.29933640178913,3.2685185185185186
2,7.5,152,2.913704816485738,7.133419409983434,3.287037037037037
2,7.6000000000000005,124,2.826484325337814,7.781798547042268,3.2777777777777777
2,7.7,124,2.519044042043987,7.818497394718226,3.287037037037037
2,7.800000000000001,185,2.2383446200441974,8.12755616700754,3.2685185185185186
2,7.9,174,2.228810694855861,7.395978248850322,3.2222222222222223
2,8.0,73,2.6491708457904255,7.272090694240672,3.2777777777777777
2,8.1,11,2.9181187505422246,7.397640458117732,3.1296296296296298
2,8.200000000000001,34,3.0169696141133224,7.398521304968003,3.324074074074074
2,8.3,174,2.9097697056325327,7.290539479428892,3.1574074074074074
2,8.4,120,2.9449154632799086,8.08844773301388,3.3055555555555554
2,8.5,6,3.145749405679542,7.273830841828104,3.3981481481481484
2,8.6,67,2.3674797498714986,7.256225820506093,3.287037037037037
2,8.700000000000001,23,2.7077640106509593,7.502613372253368,3.287037037037037
2,8.8,89,3.222320893539454,7.082096908953394,3.2777777777777777
2,8.9,108,2.689714299213604,7.232466536959674,3.2777777777777777
2,9.0,59,2.705236257903369,7.225234582678085,3.240740740740741
2,9.1,174,2.9729299098243276,7.178174800106294,3.2962962962962963
2,9.200000000000001,117,3.096922025748567,6.606209239573055,3.2777777777777777
2,9.3,205,2.6145446762688707,7.541221386475918,3.3518518518518516
2,9.4,20,2.903509341992101,6.825097486990149,3.462962962962963
2,9.5,102,2.5977471397101164,7.000287374896668,3.3703703703703702
2,9.600000000000001,185,2.4341382528839883,6.923683174750739,3.2962962962962963
2,9.700000000000001,189,3.1873103528234026,7.8229924824257004,3.2962962962962963
2,9.8,38,2.965079514335442,6.832623349529716,3.3333333333333335
2,9.9,3,3.0065829536622477,7.326822540210438,3.3333333333333335
2,10.0,196,3.1279780398613237,7.723769621023286,3.4166666666666665
2,10.100000000000001,80,3.283508010375681,6.976803436085463,3.4537037037037037
2,10.200000000000001,73,2.9812495142603366,7.821499805377823,3.361111111111111
2,10.3,73,2.6870469719771686,8.226628330792474,3.3703703703703702
2,10.4,73,2.521990045716249,7.220934681341367,3.388888888888889
2,10.5,37,3.0494058641856996,7.200319189513289,3.287037037037037
2,10.600000000000001,159,2.7644671583140963,8.122742602353037,3.2777777777777777
2,10.700000000000001,203,3.027839935323117,7.242143605090413,3.314814814814815
2,10.8,179,3.074010958215518,7.051220394943288,3.3703703703703702
2,10.9,44,2.9782841443330987,6.70782298536516,3.2962962962962963
2,11.0,44,2.662541411814359,6.465930519874809,3.2685185185185186
2,11.100000000000001,185,2.1457560990436026,7.004185948339906,3.2314814814814814
2,11.200000000000001,6,3.068002572368116,6.82224846116043,3.1944444444444446
2,11.3,162,2.913082650962557,7.955061777571662,3.3333333333333335
2,11.4,24,2.9977584929790644,7.139068469860742,3.2962962962962963
2,11.5,37,3.019702620489534,7.300526741215506,3.4074074074074074
2,11.600000000000001,37,2.5617791650229758,6.82356171526491,3.2777777777777777
2,11.700000000000001,153,2.50532789755901,6.716932675419042,3.324074074074074
2,11.8,75,2.8500836092202775,7.447253556160639,3.314814814814815
2,11.9,211,2.929299576913471,7.478496135239029,3.2962962962962963
2,12.0,97,2.6662046018396994,8.08672752715748,3.240740740740741
2,12.100000000000001,207,3.145671700297715,7.411666435604355,3.425925925925926
2,12.200000000000001,77,2.206355636646735,7.43604810993339,3.3425925925925926
2,12.3,148,2.7668450912479927,7.328589815967497,3.3981481481481484
2,12.4,172,2.6371307928126257,7.644298142644146,3.3518518518518516
2,12.5,37,2.9087656299688422,7.355015756860151,3.3425925925925926
2,12.600000000000001,82,2.3675599572729675,7.1617861247202566,3.3981481481481484
2,12.700000000000001,177,2.82443249571105,7.33705065164518,3.361111111111111
2,12.8,32,3.3375840498406246,7.68237072675347,3.3703703703703702
2,12.9,164,2.805848153499372,6.991750551441009,3.3518518518518516
2,13.0,194,2.449758433949606,7.539065939934771,3.462962962962963
2,13.100000000000001,194,1.7089743394860788,7.826246189529437,3.2314814814814814
2,13.200000000000001,65,1.6474083915041184,7.071113965152511,3.3518518518518516
2,13.3,65,3.299638438646612,6.760123289766678,3.2314814814814814
2,13.4,57,2.7108337975137493,7.430497999756123,3.2314814814814814
2,13.5,163,2.6504642511092436,7.641389049146296,3.3333333333333335
2,13.600000000000001,107,2.515464351149512,7.780620971895388,3.3333333333333335
2,13.700000000000001,21,2.8401636933701986,7.902270023921225,3.3518518518518516
2,13.8,63,2.553880318814142,7.40681507061969,3.314814814814815
2,13.9,94,3.421707919406906,7.154501323039635,3.388888888888889
2,14.0,94,3.1343364489301,7.530034339022103,3.324074074074074
2,14.100000000000001,126,2.4785073256746406,7.156774496493387,3.259259259259259
2,14.200000000000001,126,2.8655756135366173,7.296257826449933,3.3333333333333335
2,14.3,159,2.9584547868036397,6.890980837924707,3.287037037037037
2,14.4,122,3.082258286731519,7.024273781732765,3.2777777777777777
2,14.5,107,3.1296029526774354,7.194221447264091,3.3981481481481484
2,14.600000000000001,87,3.063668135520823,7.4165309086574664,3.2777777777777777
2,14.700000000000001,152,3.059491689791996,7.016267485056135,3.287037037037037
2,14.8,63,2.8933011004408784,7.529588158387602,3.3425925925925926
2,14.9,87,2.9231346663584907,7.674332176516626,3.388888888888889
2,15.0,160,2.600508966103374,7.6573486816318805,3.509259259259259
2,15.100000000000001,116,3.0078480645684658,6.873938733125078,3.5185185185185186
2,15.200000000000001,116,3.2313571094056908,7.455758417571303,3.4814814814814814
2,15.3,53,3.157762539587095,7.798425737761482,3.287037037037037
2,15.4,57,2.8872951051852636,7.484637826133536,3.4166666666666665
2,15.5,132,2.7923873182947947,7.147004896998941,3.314814814814815
2,15.600000000000001,168,3.052570713681172,7.569279187600339,3.4074074074074074
2,15.700000000000001,73,2.758248401337801,7.353912813966671,3.3796296296296298
2,15.8,200,3.2832602828832127,7.147918994120555,3.3425925925925926
2,15.9,116,2.7344406550235703,6.467248362369011,3.361111111111111
2,16.0,158,2.6455798433443087,7.118749271892255,3.2962962962962963
2,16.1,215,2.979408578178892,6.991378895392297,3.3425925925925926
2,16.2,65,2.8790048336248697,6.991803034847917,3.3425925925925926
2,16.3,191,3.121283190679125,7.046260634325055,3.2685185185185186
2,16.400000000000002,136,3.149851966813233,7.4593889912930305,3.3981481481481484
2,16.5,34,3.256121136844674,7.289089514116684,3.3518518518518516
2,16.6,34,2.897580823015505,7.0009984741905695,3.212962962962963
2,16.7,76,3.484042928538448,7.007681133869959,3.3055555555555554
2,16.8,194,3.158951778701666,7.3982435908846895,3.3703703703703702
2,16.900000000000002,72,2.792041433682326,7.5137254748538105,3.3055555555555554
2,17.0,181,1.5587738705752823,7.287419500510534,3.509259259259259
2,17.1,198,2.7336325775695816,7.837474045761001,3.3425925925925926
2,17.2,198,2.3476284615335707,7.257696996447036,3.4537037037037037
2,17.3,25,2.366749440146197,7.1691301713806945,3.4166666666666665
2,17.400000000000002,159,2.2903387169534533,7.229563903873009,3.4444444444444446
2,17.5,200,2.5676850689490065,7.226707275650354,3.3703703703703702
2,17.6,119,2.7727374592083813,7.411231464509447,3.259259259259259
2,17.7,143,2.864125787683531,7.4390659617503125,3.4074074074074074
2,17.8,127,3.056451580840238,6.822610578770571,3.425925925925926
2,17.900000000000002,127,3.021411784458488,7.8328482740553635,3.435185185185185
2,18.0,1,2.752480977617137,7.625787098513639,3.435185185185185
2,18.1,79,2.2259891280356365,7.311941904220619,3.3518518518518516
2,18.2,172,2.109268836311173,7.160007310733665,3.287037037037037
2,18.3,104,2.8241371629488237,7.217134127078264,3.2777777777777777
2,18.400000000000002,34,2.7280632960777758,7.864564241122145,3.240740740740741
2,18.5,192,2.826558859419608,7.241750154034662,3.3425925925925926
2,18.6,108,2.9603919095799727,7.969680270223037,3.2685185185185186
2,18.7,6,3.212324058516784,7.1282390647750935,3.287037037037037
2,18.8,204,3.040041118857827,7.641648616831411,3.2685185185185186
2,18.900000000000002,210,3.233197362960752,7.8853968374673595,3.2314814814814814
2,19.0,192,2.355025103932813,7.845817851675661,3.2037037037037037
2,19.1,211,2.75516154102743,7.514678469878894,3.212962962962963
2,19.200000000000003,147,2.778677539933728,6.865091651169262,3.2962962962962963
2,19.3,72,2.6824345550154316,6.908714929557592,3.314814814814815
2,19.400000000000002,72,2.7304365491399105,7.067718205235247,3.3703703703703702
2,19.5,80,2.706877934396851,7.200145820931152,3.3981481481481484
2,19.6,55,2.6564811245374327,6.847122988739401,3.2685185185185186
2,19.700000000000003,91,2.8871220466674776,7.4899562161340985,3.361111111111111
2,19.8,156,2.571034475130614,6.807614300448207,3.5
2,19.900000000000002,185,3.185864346799212,7.070092460517559,3.462962962962963
2,20.0,211,3.0775205605580327,6.726498547042558,3.4722222222222223
2,20.1,87,2.891848561721826,7.0190523975781405,3.4537037037037037
2,20.200000000000003,57,3.0478219206183907,6.761547656823313,3.3425925925925926
2,20.3,143,3.355876788960256,7.620528208506536,3.388888888888889
2,20.400000000000002,143,2.996583242819187,7.281433111057631,3.25
2,20.5,111,3.4896599082872806,7.009227184845809,3.287037037037037
2,20.6,189,3.129040074129538,7.746080760526594,3.462962962962963
2,20.700000000000003,43,2.7637455625879896,7.33541264938919,3.3055555555555554
2,20.8,82,2.540033778795031,7.333341387867458,3.3518518518518516
2,20.900000000000002,201,2.4296736935538767,7.332043195618245,3.3333333333333335
2,21.0,162,2.756847592831769,6.959684191632437,3.4166666666666665
2,21.1,89,2.8721941958901125,6.7897269442569375,3.509259259259259
2,21.200000000000003,196,3.099903268093223,7.238047569001097,3.4074074074074074
2,21.3,19,2.7478117386544394,7.736165616969897,3.462962962962963
2,21.400000000000002,46,2.708586718684453,6.979007487475899,3.388888888888889
2,21.5,76,3.0106353356942535,6.937836152166046,3.3055555555555554
2,21.6,145,3.0825299225606,6.943795229428101,3.3703703703703702
2,21.700000000000003,189,2.6058218284937285,6.916922894819462,3.4537037037037037
2,21.8,36,3.126870742234992,7.290196260248292,3.3703703703703702
2,21.900000000000002,185,3.1446397120629106,6.971799757653484,3.3518518518518516
2,22.0,91,3.166154756567235,7.041957227920335,3.509259259259259
2,22.1,125,2.649464155722053,6.722069870799687,3.3518518518518516
2,22.200000000000003,77,2.3360158548642107,7.496578105243072,3.2777777777777777
2,22.3,18,2.8381097798458215,7.342566602319766,3.3333333333333335
2,22.400000000000002,43,3.183869254665736,7.560246553956169,3.3703703703703702
2,22.5,16,3.253672281224971,7.882077428579983,3.3333333333333335
2,22.6,135,3.167781237682403,7.579925855135466,3.4722222222222223
2,22.700000000000003,28,2.1982044027852514,7.3678759914502345,3.509259259259259
2,22.8,141,2.8165543270991127,6.879515431660813,3.2962962962962963
2,22.900000000000002,73,3.127916353613274,7.4988141855856725,3.3518518518518516
2,23.0,53,2.8717774577080357,7.274625577748393,3.3518518518518516
2,23.1,92,2.8415471426328054,7.20192333238235,3.361111111111111
2,23.200000000000003,191,3.15719352829419,7.019230449934555,3.462962962962963
2,23.3,81,3.49463109831283,7.091527521358835,3.435185185185185
2,23.400000000000002,63,3.2499760998549996,6.924369271942205,3.3703703703703702
2,23.5,94,3.2245735352447067,6.9580816567352715,3.4074074074074074
2,23.6,61,3.1482916020473093,7.214029585854475,3.425925925925926
2,23.700000000000003,95,2.6314296058462254,7.301624944747013,3.4166666666666665
2,23.8,203,2.7029298673806723,7.1430204667793085,3.361111111111111
2,23.900000000000002,65,2.623189765099361,7.339576621910815,3.3518518518518516
2,24.0,49,2.9328804802492447,7.270657800127303,3.314814814814815
2,24.1,128,3.099764365685243,7.4433299333311655,3.361111111111111
2,24.200000000000003,31,2.714537410112842,7.1975111487927705,3.4537037037037037
2,24.3,31,3.374593112046034,7.207392570896683,3.425925925925926
2,24.400000000000002,173,3.3703610338411893,7.263386333816639,3.4722222222222223
2,24.5,0,3.3715069995566966,6.763904101796289,3.5
2,24.6,48,2.954110286738908,7.32065652129668,3.435185185185185
2,24.700000000000003,31,2.9947166318374734,7.0700966838543895,3.314814814814815
2,24.8,146,2.869454108959263,7.906656600234663,3.3796296296296298
2,24.900000000000002,146,3.2280443316456493,7.314144452370457,3.435185185185185
2,25.0,124,2.9650728279934073,7.17300116688247,3.3333333333333335
2,25.1,142,3.066723824099588,7.396767655320998,3.3333333333333335
2,25.200000000000003,38,3.3496572353908016,7.7260722838871825,3.4166666666666665
2,25.3,38,3.470232101658716,7.5009457879356045,3.2314814814814814
2,25.400000000000002,120,3.4056096962989857,6.909546342401654,3.3425925925925926
2,25.5,112,3.0172972198785866,7.393157302099188,3.2685185185185186
2,25.6,164,3.15707987641908,7.958886780913368,3.324074074074074
2,25.700000000000003,90,2.911016079011147,7.240135570569397,3.3981481481481484
2,25.8,90,2.744714932050142,7.200364149444759,3.3518518518518516
2,25.900000000000002,61,2.6036184823763198,6.949017729499768,3.388888888888889
2,26.0,91,2.9665410558403824,7.314945370673687,3.5185185185185186
2,26.1,38,3.128644100200567,6.725635874794578,3.2777777777777777
2,26.200000000000003,169,2.274095818903934,7.125389213855156,3.287037037037037
2,26.3,117,3.003756813807419,7.386065420508022,3.25
2,26.400000000000002,25,2.9211678916575368,7.147201030281159,3.3425925925925926
2,26.5,211,2.900048959171588,7.101368643658034,3.314814814814815
2,26.6,124,3.0591128011522057,7.002860037484809,3.3796296296296298
2,26.700000000000003,192,2.041491250543764,7.6179351285441435,3.388888888888889
2,26.8,36,3.2310044607310138,7.576661391934451,3.324074074074074
2,26.900000000000002,22,2.7733420137864604,7.965573252958228,3.3518518518518516
2,27.0,22,2.8049980450269794,7.613350845916591,3.3333333333333335
2,27.1,28,2.7577982972785877,7.210176480734726,3.240740740740741
2,27.200000000000003,197,3.2248397034714804,6.568252565318398,3.3703703703703702
2,27.3,68,3.2096907863378457,7.1611477179406835,3.361111111111111
2,27.400000000000002,69,3.184349416110622,7.043872508422647,3.287037037037037
2,27.5,99,2.5253798438659882,8.006756033361574,3.4444444444444446
2,27.6,30,2.8931515310706897,7.21612692114988,3.388888888888889
2,27.700000000000003,146,2.8688198782492456,7.721662210304002,3.3703703703703702
2,27.8,146,3.113781248719248,7.456171217928389,3.361111111111111
2,27.900000000000002,146,2.4827479274335507,6.974753311321893,3.4074074074074074
2,28.0,44,2.440376324532365,7.699750674283264,3.435185185185185
2,28.1,178,2.6603039914207316,7.029680340238827,3.509259259259259
2,28.200000000000003,120,2.919904896284656,6.739421918351988,3.3055555555555554
2,28.3,48,2.763655991678789,6.8101304050226315,3.314814814814815
2,28.400000000000002,15,2.255334699303312,6.996517321158539,3.435185185185185
2,28.5,120,3.1257122187503317,6.9560080750340925,3.3703703703703702
2,28.6,101,3.0334896096803403,7.604158485895233,3.388888888888889
2,28.700000000000003,202,2.7644560063864376,7.5637529337836895,3.435185185185185
2,28.8,70,3.0974579485196685,7.479065178441413,3.4074074074074074
2,28.900000000000002,5,3.1463254265876373,7.142726647480255,3.287037037037037
2,29.0,5,2.08104751265435,7.475158266455223,3.361111111111111
2,29.1,26,2.6056081867104353,7.884338946914079,3.314814814814815
2,29.200000000000003,202,3.050910726952926,7.671158977518713,3.4074074074074074
2,29.3,36,2.407769884214427,7.641382557292728,3.3055555555555554
2,29.400000000000002,40,2.7744331676694283,7.18531399894115,3.3425925925925926
2,29.5,161,2.9613505069958808,7.478782375462058,3.3796296296296298
2,29.6,194,3.100443982704472,6.946873088268189,3.4444444444444446
2,29.700000000000003,87,2.5598505861514917,7.639424835911257,3.259259259259259
2,29.8,51,2.9728645667837954,6.937678086987971,3.4444444444444446
2,29.900000000000002,155,3.229724284058376,7.084239127881915,3.324074074074074
2,30.0,37,2.8917333204231688,8.052486542025683,3.4537037037037037
2,30.1,200,2.6286883090682043,6.980004149137642,3.3703703703703702
2,30.200000000000003,80,2.545290898970192,7.238220087424657,3.3425925925925926
2,30.3,80,3.239711873485387,7.360338124898053,3.2685185185185186
2,30.400000000000002,196,3.263461253676758,7.355769659438831,3.3425925925925926
2,30.5,50,2.1702198064256115,6.905085548932542,3.2685185185185186
2,30.6,197,2.5465165086612482,7.171827509467595,3.324074074074074
2,30.700000000000003,20,2.0287590089169947,7.273746704018945,3.361111111111111
2,30.8,127,2.7759823856022567,7.253901835246557,3.3981481481481484
2,30.900000000000002,61,3.002846748165024,7.207204735674057,3.435185185185185
2,31.0,186,2.6894722120002883,6.997494996346786,3.388888888888889
2,31.1,120,2.603373497207718,7.105383476005276,3.4444444444444446
2,31.200000000000003,24,3.038632455955646,8.066516316123883,3.3055555555555554
2,31.3,37,2.4144994663330155,7.446449023753967,3.324074074074074
2,31.400000000000002,55,2.825409113799708,6.771806417108863,3.3981481481481484
2,31.5,54,2.850755304846366,7.373711209721902,3.509259259259259
2,31.6,54,3.2431016687342664,7.0700144264266775,3.462962962962963
2,31.700000000000003,160,3.275614374603798,7.841217108647722,3.425925925925926
2,31.8,177,3.369457826489551,7.459359807155085,3.4166666666666665
2,31.900000000000002,18,3.2059012576789367,7.3238188792063506,3.3333333333333335
2,32.0,196,2.7975261567453837,7.16647514955011,3.3796296296296298
2,32.1,137,2.492650014136917,7.118081424625894,3.25
2,32.2,18,2.6395636619412906,6.857023464357704,3.4074074074074074
2,32.300000000000004,20,2.5196101191037332,7.078028943926751,3.3055555555555554
2,32.4,98,3.1443806905882745,6.889571882078791,3.3981481481481484
2,32.5,132,3.111465596644608,7.176580294204536,3.388888888888889
2,32.6,212,3.3141922255210483,7.267173112698153,3.3796296296296298
2,32.7,26,3.507885714106753,7.554934335925099,3.3981481481481484
2,32.800000000000004,26,3.082819241258856,7.55854673888335,3.3703703703703702
2,32.9,18,3.076781271604572,7.235202148421267,3.3703703703703702
2,33.0,23,3.289403047164731,6.918119426126861,3.3981481481481484
2,33.1,143,3.067746503628523,7.304690053477154,3.3333333333333335
2,33.2,117,2.6661102550036273,7.0001768282121635,3.388888888888889
2,33.300000000000004,202,2.506836851822093,7.922926999541433,3.2777777777777777
2,33.4,139,2.95621462911316,7.309107888520845,3.3796296296296298
2,33.5,106,3.378152381287791,7.239398037253514,3.3425925925925926
2,33.6,202,2.8684698204830377,7.126293165643235,3.4444444444444446
2,33.7,202,2.8297671148783468,8.08974783254846,3.287037037037037
2,33.800000000000004,98,2.8218617312611123,7.324054302262618,3.1944444444444446
2,33.9,150,2.7905395112343268,7.411807758000723,3.2685185185185186
2,34.0,123,2.9736786897621994,7.421183787051404,3.324074074074074
2,34.1,36,2.5648940416059904,7.297319080281808,3.2962962962962963
2,34.2,156,3.076358595820956,7.593687501925903,3.2962962962962963
2,34.300000000000004,130,3.156024669612092,7.552695020341668,3.388888888888889
2,34.4,42,3.422133078746941,7.864784030681966,3.324074074074074
2,34.5,203,2.716020059941997,7.471462545115445,3.361111111111111
2,34.6,104,2.406413050275327,7.345853498235169,3.314814814814815
2,34.7,104,2.66632105596252,7.653327049674507,3.2962962962962963
2,34.800000000000004,14,2.8860483350599484,7.2750191637227175,3.2962962962962963
2,34.9,14,2.9888570825533876,7.9838770722139705,3.3333333333333335
2,35.0,90,2.7732553363188286,7.3526702928475896,3.4074074074074074
2,35.1,10,2.2848401787756085,7.789510635110946,3.3518518518518516
2,35.2,204,3.0623388852759317,7.173196235167897,3.25
2,35.300000000000004,143,3.3936820161730488,7.548325748365736,3.314814814814815
2,35.4,42,3.262482857894586,7.895836846585588,3.2685185185185186
2,35.5,28,2.9748940257696797,7.717501951573187,3.2962962962962963
2,35.6,139,3.185511310354364,7.5835652571380665,3.324074074074074
2,35.7,215,3.337557296580807,7.5747776110006075,3.361111111111111
2,35.800000000000004,215,2.8839135759910572,7.29541748839096,3.1481481481481484
2,35.9,78,3.1265220006172934,7.642913598697526,3.2962962962962963
2,36.0,55,2.734951027118928,7.384201287716051,3.388888888888889
2,36.1,43,2.552992030256318,7.5943480478631065,3.2777777777777777
2,36.2,199,2.302506985087383,7.159768276291379,3.3703703703703702
2,36.300000000000004,112,2.981032156584967,7.485947452330567,3.2685185185185186
2,36.4,194,2.7673538955050967,7.144328153356827,3.314814814814815
2,36.5,155,2.472152915717346,6.974971849067554,3.3333333333333335
2,36.6,72,3.138247227325327,7.636562479940864,3.25
2,36.7,35,2.658149985771531,7.3708442742708264,3.25
2,36.800000000000004,207,2.8691995383715634,7.546921657193698,3.3055555555555554
2,36.9,207,2.372495873992983,7.40474882946772,3.287037037037037
2,37.0,207,2.7374470330896536,8.063898056827627,3.3055555555555554
2,37.1,207,2.8204804862253283,7.375954900255104,3.2314814814814814
2,37.2,207,2.840994387804636,8.435498170130668,3.287037037037037
2,37.300000000000004,207,2.792854103673656,6.966337907930989,3.3796296296296298
2,37.4,206,2.7482084861490357,7.627389274070075,3.3055555555555554
2,37.5,30,2.9551414913005853,6.976592629844173,3.324074074074074
2,37.6,36,2.6291457931967166,7.538339402709677,3.1944444444444446
2,37.7,36,2.38241477255181,7.450628430603387,3.3333333333333335
2,37.800000000000004,92,2.8411349154253323,7.616986524907771,3.2777777777777777
2,37.9,11,2.3042423354466894,7.379491841245677,3.3981481481481484
2,38.0,81,3.2258695509514497,7.549474837966661,3.3425925925925926
2,38.1,102,3.146538069762477,7.506517459618116,3.435185185185185
2,38.2,102,2.285695213020433,6.55680991099959,3.324074074074074
2,38.300000000000004,17,2.3378405406511837,7.359040010003216,3.4166666666666665
2,38.400000000000006,11,3.0026122632618804,7.0821767221039025,3.4166666666666665
2,38.5,155,2.7751743278079912,7.013215702563308,3.3796296296296298
2,38.6,65,2.8024337888501503,7.107204157633167,3.4537037037037037
2,38.7,26,3.224560370633949,7.440505988038711,3.3703703703703702
2,38.800000000000004,149,2.6732081786640314,7.300182090983666,3.3518518518518516
2,38.900000000000006,156,2.880365504805151,7.002757068261288,3.2685185185185186
2,39.0,166,2.7806405786958894,7.11744284357443,3.314814814814815
2,39.1,184,2.274585941416534,7.306966969310341,3.3333333333333335
2,39.2,6,3.0486133268543574,6.854152483183021,3.287037037037037
2,39.300000000000004,188,3.096277696564047,6.860498505514819,3.361111111111111
2,39.400000000000006,185,3.054545526263021,7.417375238654531,3.3055555555555554
2,39.5,60,3.1025255397948,7.174646849673562,3.425925925925926
2,39.6,8,2.9200442750616324,7.346521428310102,3.3796296296296298
2,39.7,44,3.006454252902928,6.85722398630338,3.509259259259259
2,39.800000000000004,17,2.8159766241164323,7.136971068528891,3.314814814814815
2,39.900000000000006,62,2.9252824757328657,7.910894471288318,3.361111111111111
2,40.0,88,3.0205894563590507,7.295242609379814,3.462962962962963
2,40.1,184,3.3302120354250495,7.407936329910628,3.287037037037037
2,40.2,184,2.9933345613195916,7.773817638138314,3.2962962962962963
2,40.300000000000004,51,3.0283843154123344,7.663621331175777,3.3055555555555554
2,40.400000000000006,51,2.910588183486419,6.945475597159449,3.3055555555555554
2,40.5,183,2.922758907678005,7.094472435921462,3.3796296296296298
2,40.6,36,1.7390771848026931,7.162855505619149,3.3518518518518516
2,40.7,37,2.4171564528283405,6.777764411571679,3.240740740740741
2,40.800000000000004,89,2.717858922133974,6.6280200592971115,3.3333333333333335
2,40.900000000000006,14,2.969057867025217,6.6060387890664485,3.3796296296296298
2,41.0,89,3.0310366985244115,6.845981348520116,3.3518518518518516
2,41.1,89,2.811158480933586,7.1517061388950625,3.3518518518518516
2,41.2,106,2.869235728683859,7.4327260521045355,3.3703703703703702
2,41.300000000000004,96,2.911666086013825,7.337307937290785,3.3425925925925926
2,41.400000000000006,61,3.0171499737864322,7.149453155361394,3.2037037037037037
2,41.5,53,2.9412556326084958,7.504457828814296,3.3796296296296298
2,41.6,53,2.482354971211881,7.161100794445211,3.435185185185185
2,41.7,15,2.9131315496703083,6.932227812971643,3.5
2,41.800000000000004,134,2.4427601632010187,7.345283806455376,3.462962962962963
2,41.900000000000006,169,3.0381316491704773,7.0580496659278715,3.314814814814815
2,42.0,56,2.731322286202169,7.087839056171767,3.4074074074074074
2,42.1,56,2.9833633430392164,7.514289578632022,3.388888888888889
2,42.2,115,2.4166897186002494,7.002109814785874,3.425925925925926
2,42.300000000000004,196,2.5739290085075126,7.388428399675376,3.3518518518518516
2,42.400000000000006,69,2.969525438137012,7.921777647273109,3.4166666666666665
2,42.5,95,2.902397738514044,7.330696757025135,3.324074074074074
2,42.6,114,2.8272455933689864,7.928850080863439,3.4074074074074074
2,42.7,114,3.4304154587561375,7.737205147458674,3.4722222222222223
2,42.800000000000004,142,2.83650559817039,7.047719848252304,3.4537037037037037
2,42.900000000000006,76,3.130369666521975,7.515604302062764,3.212962962962963
2,43.0,44,3.3883338590853507,7.096596769347418,3.4166666666666665
2,43.1,164,3.2341589189987157,7.180307451260077,3.361111111111111
2,43.2,149,3.0091474049287843,6.922558398000012,3.361111111111111
2,43.300000000000004,61,2.9713024162673407,6.736569666975048,3.3518518518518516
2,43.400000000000006,115,2.9356491314527715,7.298333259012347,3.425925925925926
2,43.5,103,3.161247804597184,7.4409656181406145,3.1666666666666665
2,43.6,112,2.7983151036086973,6.8612570395357055,3.314814814814815
2,43.7,140,2.3735943855518373,7.488970816497623,3.3796296296296298
2,43.800000000000004,210,2.952439956910273,7.664237383090317,3.4074074074074074
2,43.900000000000006,210,2.8114072575606706,7.282612635405611,3.388888888888889
2,44.0,210,2.780462695513147,7.417911579010276,3.4444444444444446
2,44.1,75,2.592566753009574,7.67133053199775,3.2962962962962963
2,44.2,38,2.407092427326204,7.110019857801287,3.3981481481481484
2,44.300000000000004,186,2.435823088417763,7.071043118080558,3.361111111111111
2,44.400000000000006,48,2.444678250118421,7.271548778251864,3.490740740740741
2,44.5,48,2.536160508821232,8.290454673822593,3.3333333333333335
2,44.6,21,2.9448805714870243,7.058192469514413,3.3703703703703702
2,44.7,54,2.7755202052566377,6.919911593520924,3.388888888888889
2,44.800000000000004,180,2.9095175774378097,7.263870768167478,3.388888888888889
2,44.900000000000006,207,3.003052759115029,7.358043945792848,3.2962962962962963
2,45.0,136,2.36632642808455,7.840217039048139,3.361111111111111
2,45.1,130,3.1416477540642465,7.217184111514076,3.4537037037037037
2,45.2,50,3.325520379841743,6.600939026808505,3.4444444444444446
2,45.300000000000004,0,2.908800823192197,7.579535636890901,3.361111111111111
2,45.400000000000006,21,2.406223579760405,7.3137344360060865,3.4074074074074074
2,45.5,42,2.711576906412591,6.691725051158157,3.3518518518518516
2,45.6,73,3.3822102244965313,6.983460931696208,3.3333333333333335
2,45.7,14,3.147931350740395,7.329605964336349,3.259259259259259
2,45.800000000000004,54,3.293240447042148,7.393074373178467,3.3796296296296298
2,45.900000000000006,19,3.179817594998009,7.28724809657759,3.324074074074074
2,46.0,35,3.144833844040541,7.194017962550272,3.3796296296296298
2,46.1,30,2.7704210143910286,7.37085486578746,3.4537037037037037
2,46.2,104,2.9291723228531774,7.136799133173937,3.3333333333333335
2,46.300000000000004,60,3.338270393718701,7.1058932873270955,3.435185185185185
2,46.400000000000006,199,2.922058976586018,7.132415641742863,3.4166666666666665
2,46.5,9,3.0781331391881523,7.314029552681038,3.4166666666666665
2,46.6,126,2.948879363051961,7.227885435617619,3.3333333333333335
2,46.7,23,2.7730297966081636,7.491334376481422,3.435185185185185
2,46.800000000000004,79,2.500056171402411,7.371847815068508,3.3333333333333335
2,46.900000000000006,198,2.8493488284796,6.821825325212147,3.435185185185185
2,47.0,39,2.8684646638517233,7.377952105385481,3.3981481481481484
2,47.1,39,2.99809355608399,7.95255853449145,3.287037037037037
2,47.2,84,2.554634322670245,7.1105040201752745,3.3981481481481484
2,47.300000000000004,8,2.6905572864311202,7.327692097075738,3.3703703703703702
2,47.400000000000006,8,2.865043221042778,7.064777382855647,3.3425925925925926
2,47.5,12,2.840321888735281,7.166795219266438,3.388888888888889
2,47.6,207,2.3239162322914964,7.620804135204037,3.324074074074074
2,47.7,192,2.954292111780645,7.28966641445558,3.425925925925926
2,47.800000000000004,135,2.8391674560053346,6.959176130538039,3.425925925925926
2,47.900000000000006,9,3.281316014458105,7.563092164358148,3.4074074074074074
2,48.0,213,2.8070526631317545,7.04195125268606,3.425925925925926
2,48.1,111,2.9834366703927473,6.906846288273622,3.3981481481481484
2,48.2,8,2.774281157604194,7.0987853392854845,3.3425925925925926
2,48.300000000000004,189,2.6582182656087783,7.2873878623532224,3.2962962962962963
2,48.400000000000006,106,2.976185015278017,6.794299116839021,3.3055555555555554
2,48.5,56,2.87247323676934,7.183417226679168,3.314814814814815
2,48.6,103,3.252417722336195,6.775587590285909,3.3055555555555554
2,48.7,14,2.450467491326993,7.37868263612669,3.314814814814815
2,48.800000000000004,134,2.9723127526286737,7.260195476145146,3.324074074074074
2,48.900000000000006,209,2.0471425975790547,7.502824725851214,3.287037037037037
2,49.0,209,2.5876998900414288,7.81626233318691,3.2037037037037037
2,49.1,159,2.8903026645072547,7.997798673814073,3.3333333333333335
2,49.2,159,2.795413613558484,7.4749605006287485,3.240740740740741
2,49.300000000000004,159,3.0847267847502344,7.068237188047329,3.4074074074074074
2,49.400000000000006,63,2.6497738238017687,7.121934378624993,3.324074074074074
2,49.5,106,3.0694294220471896,6.768489016635746,3.388888888888889
2,49.6,199,2.990317904738271,7.238917354153826,3.2777777777777777
2,49.7,173,2.411238268373642,7.253229204617103,3.388888888888889
2,49.800000000000004,103,2.612942553083198,7.060677778058242,3.314814814814815
2,49.900000000000006,14,3.1534561282250038,7.431917934604076,3.3703703703703702
2,50.0,121,3.312955124469507,7.548454739577791,3.3796296296296298
