stem,site,hb_degree,coordination,nn_exchange,centrality,topshare,remote_hb_degree,response_out
friction_c00_v0_A,0,1.4622688655672165,2.7276361819090456,10.49,0.10787204118859572,0.09866733300016643,1.3345827086456772,
friction_c00_v0_A,1,1.6031984007996003,2.902048975512244,11.34,0.1170370104430263,0.13632647961733416,1.2993503248375813,
friction_c00_v0_A,2,1.5677161419290355,2.788105947026487,11.49,0.11465884548039716,0.11812308131648436,1.3082208895552223,
friction_c00_v0_A,3,1.4932533733133433,2.782608695652174,10.54,0.11063598539887452,0.12190571380976163,1.3268365817091454,
friction_c00_v0_A,4,1.4707646176911544,2.6756621689155424,10.69,0.10820751242262158,0.10974393755503174,1.3324587706146926,
friction_c00_v0_A,5,1.5097451274362819,2.8610694652673665,10.6,0.11061763042337039,0.10274981556840614,1.3227136431784108,
friction_c00_v0_A,6,1.5017491254372815,2.6431784107946026,10.56,0.11041864588075764,0.10304847576211884,1.3247126436781609,
friction_c00_v0_A,7,1.5062468765617192,2.707646176911544,11.1,0.11099459820511835,0.09909628519073783,1.3235882058970514,
friction_c00_v0_A,8,1.486256871564218,2.8245877061469264,11.06,0.10955773055723833,0.11033887817995752,1.3285857071464269,
friction_c00_v0_D00,0,1.5977011494252873,2.8855572213893055,11.23,0.11556921972462757,0.13176447490540405,1.3132183908045978,
friction_c00_v0_D00,1,1.4787606196901548,2.7491254372813594,10.89,0.10859157021352543,0.09150543775731172,1.342953523238381,
friction_c00_v0_D00,2,1.617191404297851,2.87856071964018,11.4,0.11672501962211798,0.14470859808191128,1.3083458270864567,
friction_c00_v0_D00,3,1.4542728635682158,2.647176411794103,10.83,0.1067277624124116,0.08996930106375366,1.3490754622688657,
friction_c00_v0_D00,4,1.528735632183908,2.7216391804097952,10.9,0.1112327593785109,0.10888543823326413,1.3304597701149425,
friction_c00_v0_D00,5,1.5242378810594703,2.7426286856571713,10.34,0.11160312709766929,0.11488541443563914,1.331584207896052,
friction_c00_v0_D00,6,1.504247876061969,2.833583208395802,10.75,0.1102718566831017,0.10895147664263083,1.3365817091454273,
friction_c00_v0_D00,7,1.4777611194402798,2.6966516741629185,10.58,0.10788365291161654,0.0960472144879939,1.3432033983008496,
friction_c00_v0_D00,8,1.5182408795602198,2.7456271864067965,11.2,0.111395031956419,0.11328264439208947,1.3330834582708646,
friction_c00_v0_D08,0,1.606696651674163,2.8510744627686155,11.25,0.11040714078201334,0.11163584874229542,1.4172913543228385,
friction_c00_v0_D08,1,1.501249375312344,2.68415792103948,10.54,0.10384800413740622,0.07071999714428497,1.4436531734132934,
friction_c00_v0_D08,2,1.6246876561719141,2.8015992003998003,11.35,0.11185073011356944,0.11214333309535693,1.4127936031984007,
friction_c00_v0_D08,3,1.6511744127936032,2.785607196401799,11.37,0.11367145302228514,0.12633742652483262,1.4061719140429785,
friction_c00_v0_D08,4,1.623688155922039,2.843578210894553,11.37,0.11146162647334691,0.11202434497037188,1.4130434782608696,
friction_c00_v0_D08,5,1.6071964017991005,2.839080459770115,11.15,0.11017058464602401,0.10974810213940635,1.4171664167916043,
friction_c00_v0_D08,6,1.6206896551724137,2.9065467266366816,11.61,0.11137609599653864,0.11034839722995633,1.4137931034482758,
friction_c00_v0_D08,7,1.6206896551724137,2.7616191904047978,11.78,0.11118837318351227,0.11275969158277994,1.4137931034482758,
friction_c00_v0_D08,8,1.6956521739130435,2.857071464267866,11.19,0.116025991645304,0.1342828585707143,1.3950524737631185,
friction_c00_v1_A,0,1.6836581709145426,2.733133433283358,11.52,0.1117143925788874,0.11164774755479383,1.4583958020989505,
friction_c00_v1_A,1,1.6476761619190405,2.7741129435282357,11.27,0.10995708361483035,0.1136503176982936,1.4673913043478262,
friction_c00_v1_A,2,1.6976511744127936,2.7926036981509244,11.4,0.1127529755044631,0.11455462744818054,1.4548975512243878,
friction_c00_v1_A,3,1.6211894052973512,2.711144427786107,11.12,0.10807602260316784,0.08351895480831002,1.4740129935032484,
friction_c00_v1_A,4,1.683158420789605,2.8545727136431784,11.17,0.11204009283667032,0.11917255657885323,1.458520739630185,
friction_c00_v1_A,5,1.6636681659170416,2.8290854572713644,11.28,0.1105891183355387,0.11547678541681522,1.4633933033483257,
friction_c00_v1_A,6,1.7001499250374812,2.819590204897551,11.58,0.11262446925618755,0.12217224720972832,1.4542728635682158,
friction_c00_v1_A,7,1.6286856571714143,2.6761619190404797,11.15,0.1087517138337612,0.09381261750077319,1.4721389305347325,
friction_c00_v1_A,8,1.7086456771614194,2.84007996001999,11.2,0.1134941314364935,0.12599414578425064,1.4521489255372313,
friction_c00_v1_D00,0,1.6036981509245378,2.72063968015992,11.17,0.11106997350884029,0.11764911195196034,1.4009245377311343,
friction_c00_v1_D00,1,1.6136931534232883,2.863568215892054,11.57,0.11189678103328157,0.12244016880448644,1.3984257871064467,
friction_c00_v1_D00,2,1.6641679160419791,2.929535232383808,12.16,0.11489925282157956,0.13730476031825334,1.3858070964517741,
friction_c00_v1_D00,3,1.7126436781609196,2.9835082458770614,11.7,0.11753766486834842,0.1395292433148502,1.373688155922039,
friction_c00_v1_D00,4,1.6121939030484758,2.728135932033983,11.53,0.11178350771573688,0.09958433481671856,1.39880059970015,
friction_c00_v1_D00,5,1.5377311344327835,2.7161419290354822,11.11,0.10729589730068896,0.09321609036751445,1.417416291854073,
friction_c00_v1_D00,6,1.5687156421789106,2.7771114442778613,11.03,0.10902559162434489,0.0977703608513202,1.4096701649175412,
friction_c00_v1_D00,7,1.552223888055972,2.652173913043478,11.03,0.10816606771780614,0.10141556206023969,1.4137931034482758,
friction_c00_v1_D00,8,1.5497251374312844,2.6516741629185407,11.02,0.10832526340937322,0.09109036751465527,1.4144177911044478,
friction_c00_v1_D08,0,1.6536731634182908,2.8575712143928036,11.61,0.11127050741811746,0.11686160887810053,1.437031484257871,
friction_c00_v1_D08,1,1.5977011494252873,2.8835582208895554,11.03,0.10804209535884718,0.09040519422828264,1.451024487756122,
friction_c00_v1_D08,2,1.606696651674163,2.7981009495252374,11.28,0.10883107136755614,0.09117921198131083,1.448775612193903,
friction_c00_v1_D08,3,1.6906546726636682,2.7916041979010493,11.29,0.11462554591856824,0.12155509546813882,1.4277861069465267,
friction_c00_v1_D08,4,1.622688655672164,2.8715642178910543,11.54,0.11016068547757515,0.10868771963224727,1.4447776111944028,
friction_c00_v1_D08,5,1.6201899050474762,2.7466266866566715,11.21,0.10959546429145342,0.10122537937380498,1.4454022988505748,
friction_c00_v1_D08,6,1.7501249375312344,3.0994502748625687,12.08,0.11739845440092359,0.1503026264645452,1.4129185407296352,
friction_c00_v1_D08,7,1.5887056471764118,2.8405797101449277,11.33,0.10754419756361647,0.09936559498028755,1.4532733633183408,
friction_c00_v1_D08,8,1.6731634182908546,2.9890054972513744,11.31,0.11253197820334226,0.12041756899328104,1.43215892053973,
friction_c01_v0_A,0,1.630184907546227,2.754622688655672,11.46,0.11075051988301053,0.11582046278448065,1.421289355322339,
friction_c01_v0_A,1,1.6096951524237881,2.7476261869065466,11.23,0.11084321989881839,0.09905920055845087,1.4264117941029486,
friction_c01_v0_A,2,1.566216891554223,2.8565717141429285,11.08,0.10695198084804114,0.09504394628082774,1.4372813593203397,
friction_c01_v0_A,3,1.6996501749125437,2.872063968015992,11.57,0.1161150333153975,0.12762229996113034,1.4039230384807597,
friction_c01_v0_A,4,1.6211894052973512,2.7476261869065466,11.56,0.1109922126545294,0.11636245369378792,1.4235382308845577,
friction_c01_v0_A,5,1.633183408295852,2.813593203398301,11.24,0.11127251812154255,0.10967175142587425,1.4205397301349325,
friction_c01_v0_A,6,1.7086456771614194,2.918040979510245,11.86,0.11654357390127845,0.13963236635650397,1.4016741629185407,
friction_c01_v0_A,7,1.6836581709145426,2.8045977011494254,11.76,0.11501940401264275,0.12852304006726786,1.40792103948026,
friction_c01_v0_A,8,1.4782608695652173,2.6456771614192904,10.4,0.10151153736473917,0.06826447887167525,1.4592703648175913,
friction_c01_v0_D00,0,1.7276361819090456,2.9845077461269365,11.65,0.1134110018488563,0.11926873864654958,1.4665167416291853,
friction_c01_v0_D00,1,1.6141929035482259,2.688655672163918,11.36,0.10698702341910919,0.08964902469400206,1.4948775612193903,
friction_c01_v0_D00,2,1.6101949025487257,2.8060969515242378,11.35,0.10605952766746336,0.11561401838763133,1.4958770614692654,
friction_c01_v0_D00,3,1.7401299350324837,2.783608195902049,11.54,0.11464938660347247,0.1207721536057367,1.4633933033483257,
friction_c01_v0_D00,4,1.7451274362818592,2.874062968515742,11.69,0.11452933429890506,0.13079273855135914,1.462143928035982,
friction_c01_v0_D00,5,1.7431284357821089,2.8035982008995504,11.78,0.11460779867513805,0.11709839524682089,1.4626436781609196,
friction_c01_v0_D00,6,1.7076461769115443,2.9105447276361818,11.79,0.11229977903157552,0.10900601286658239,1.4715142428785608,
friction_c01_v0_D00,7,1.6191904047976011,2.6691654172913544,11.31,0.10683661599445328,0.09172001300936822,1.4936281859070464,
friction_c01_v0_D00,8,1.68015992003998,2.7801099450274864,11.42,0.11061953246102674,0.1060789049919484,1.4783858070964517,
friction_c01_v0_D08,0,1.5707146426786607,2.83808095952024,11.38,0.1103904979302738,0.11402552691907986,1.3816841579210395,
friction_c01_v0_D08,1,1.5642178910544728,2.7406296851574212,11.19,0.1102090080811479,0.09634151178379041,1.3833083458270865,
friction_c01_v0_D08,2,1.5397301349325336,2.8285857071464267,11.49,0.10839263401692524,0.11066173262575044,1.3894302848575713,
friction_c01_v0_D08,3,1.6436781609195403,2.8205897051474262,11.32,0.11543262094905068,0.14918473303031016,1.3634432783608197,
friction_c01_v0_D08,4,1.5772113943028485,2.681159420289855,11.08,0.11169048606978803,0.10928979954467184,1.3800599700149925,
friction_c01_v0_D08,5,1.606696651674163,2.7801099450274864,11.2,0.11290798005032247,0.10037104463641178,1.372688655672164,
friction_c01_v0_D08,6,1.538230884557721,2.808095952023988,10.86,0.10910161816198381,0.10588316952634773,1.3898050974512743,
friction_c01_v0_D08,7,1.5272363818090955,2.629185407296352,10.67,0.10776388536612606,0.09806326995232532,1.3925537231384308,
friction_c01_v0_D08,8,1.6271864067966018,2.7351324337831087,11.55,0.11411126937438196,0.11617921198131068,1.3675662168915543,
friction_c01_v1_A,0,1.4297851074462768,2.6741629185407296,10.85,0.10915508522380488,0.1009760992519612,1.2864817591204398,
friction_c01_v1_A,1,1.4442778610694653,2.5902048975512244,10.7,0.11028127147592925,0.09339893545290844,1.2828585707146427,
friction_c01_v1_A,2,1.498750624687656,2.8085957021489256,10.73,0.11355699209154774,0.12133615731816616,1.2692403798100949,
friction_c01_v1_A,3,1.4502748625687156,2.8405797101449277,11.15,0.11021581400620724,0.1167812918937356,1.2813593203398301,
friction_c01_v1_A,4,1.4907546226886557,2.719640179910045,11.04,0.11304128106700624,0.11519755995018349,1.2712393803098452,
friction_c01_v1_A,5,1.5007496251874064,2.6966516741629185,11.05,0.11360057612747232,0.12473326828649146,1.2687406296851573,
friction_c01_v1_A,6,1.4362818590704647,2.679160419790105,11.08,0.10944802379086536,0.09624037187755315,1.2848575712143928,
friction_c01_v1_A,7,1.445777111444278,2.67816091954023,10.81,0.11018962019425668,0.11658674630938487,1.2824837581209396,
friction_c01_v1_A,8,1.4547726136931534,2.762618690654673,10.68,0.11051133602291027,0.11474956965961448,1.2802348825587206,
friction_c01_v1_D00,0,1.5027486256871565,2.546726636681659,10.76,0.10704095518526734,0.08573788502574098,1.392928535732134,
friction_c01_v1_D00,1,1.72063968015992,2.9300349825087455,11.75,0.12225313872060116,0.1591017983071952,1.338455772113943,
friction_c01_v1_D00,2,1.4847576211894054,2.634182908545727,10.68,0.10501616788454526,0.08438261028216046,1.3974262868565717,
friction_c01_v1_D00,3,1.577711144427786,2.766616691654173,11.33,0.11106677951965761,0.11227937618492326,1.3741879060469766,
friction_c01_v1_D00,4,1.7136431784107946,2.967016491754123,11.75,0.12139670631558361,0.15639957798878318,1.3402048975512244,
friction_c01_v1_D00,5,1.5882058970514743,2.819590204897551,11.2,0.11097721892232197,0.11721559854993112,1.3715642178910545,
friction_c01_v1_D00,6,1.5442278860569716,2.8010994502748625,11.26,0.10871284547137104,0.11154283969126523,1.38255872063968,
friction_c01_v1_D00,7,1.5272363818090955,2.7371314342828588,10.8,0.10730976204965469,0.08456704187588746,1.3868065967016492,
friction_c01_v1_D00,8,1.4897551224387806,2.5752123938030986,10.63,0.10622642593099735,0.0887732720941116,1.396176911544228,
friction_c01_v1_D08,0,1.5912043978010995,2.763618190904548,10.97,0.10750571406033903,0.10290886302880288,1.458895552223888,
friction_c01_v1_D08,1,1.6806596701649175,2.8760619690154923,11.88,0.11383000887394142,0.11413241791802481,1.4365317341329336,
friction_c01_v1_D08,2,1.750624687656172,3.0104947526236883,11.66,0.11728392080957194,0.14423998318301115,1.41904047976012,
friction_c01_v1_D08,3,1.6306846576711644,2.7756121939030485,11.28,0.10924365286763266,0.10202240149766371,1.449025487256372,
friction_c01_v1_D08,4,1.6101949025487257,2.753623188405797,10.96,0.10894758003474869,0.09871512656370204,1.4541479260369816,
friction_c01_v1_D08,5,1.6231884057971016,2.7261369315342328,11.33,0.10959640234140569,0.0991369394667743,1.4508995502248876,
friction_c01_v1_D08,6,1.623688155922039,2.6686656671664166,11.16,0.10886668066076573,0.09921130704489009,1.4507746126936532,
friction_c01_v1_D08,7,1.64167916041979,2.706646676661669,11.48,0.11042718625121761,0.10527613177538202,1.4462768615692154,
friction_c01_v1_D08,8,1.7016491754122938,2.9075462268865566,11.68,0.11429885410037714,0.13435682952174668,1.4312843578210894,
friction_c02_v0_A,0,1.6326836581709145,2.6946526736631684,11.09,0.10872505186670312,0.09388698507888905,1.476511744127936,
friction_c02_v0_A,1,1.7286356821589206,2.813593203398301,11.56,0.11444155566000247,0.12949477642131313,1.4525237381309346,
friction_c02_v0_A,2,1.7416291854072963,3.0359820089955023,11.7,0.11472257200367449,0.12886413935889185,1.4492753623188406,
friction_c02_v0_A,3,1.5747126436781609,2.760119940029985,10.88,0.10484282419669894,0.0976196425596724,1.4910044977511245,
friction_c02_v0_A,4,1.7086456771614194,2.877561219390305,11.78,0.11401771440865396,0.10953511339568305,1.4575212393803099,
friction_c02_v0_A,5,1.7381309345327336,3.021489255372314,12.0,0.1145170472631209,0.1366096713547987,1.4501499250374812,
friction_c02_v0_A,6,1.672663668165917,3.00199900049975,11.33,0.11113784922076923,0.1092084909925988,1.4665167416291853,
friction_c02_v0_A,7,1.6141929035482259,2.731134432783608,11.68,0.1068169211625511,0.08396694509887916,1.4811344327836082,
friction_c02_v0_A,8,1.6661669165417292,2.9015492253873063,11.53,0.11077846421782575,0.11081423573927317,1.4681409295352323,
friction_c02_v0_D00,0,1.7381309345327336,2.8150924537731132,11.61,0.11585920691527853,0.14756847766592898,1.425912043978011,
friction_c02_v0_D00,1,1.633183408295852,2.865567216391804,11.57,0.10976046323146973,0.10436329454320438,1.4521489255372313,
friction_c02_v0_D00,2,1.5702148925537232,2.7496251874062967,11.2,0.10601624371576872,0.08489624235501285,1.4678910544727637,
friction_c02_v0_D00,3,1.618190904547726,2.707646176911544,11.3,0.10927062686215792,0.10662287903667206,1.4558970514742628,
friction_c02_v0_D00,4,1.6986506746626686,2.941529235382309,12.18,0.11302945808937326,0.1326134551771734,1.4357821089455272,
friction_c02_v0_D00,5,1.6841579210394804,2.8300849575212395,11.7,0.11278171862709493,0.105390757002451,1.4394052973513243,
friction_c02_v0_D00,6,1.7126436781609196,2.8905547226386807,11.59,0.11516771882215371,0.12434675519383154,1.4322838580709645,
friction_c02_v0_D00,7,1.6241879060469766,2.685157421289355,11.52,0.10974622659104019,0.09917957687822748,1.4543978010994503,
friction_c02_v0_D00,8,1.6041979010494753,2.8320839580209896,11.27,0.10836833714566313,0.09501856214749757,1.4593953023488255,
friction_c02_v0_D08,0,1.497751124437781,2.7201399300349824,10.62,0.11032916798074302,0.09646644931502488,1.3358320839580209,
friction_c02_v0_D08,1,1.5472263868065967,2.703648175912044,11.39,0.11306911112503713,0.10746690146989978,1.3234632683658172,
friction_c02_v0_D08,2,1.497751124437781,2.727136431784108,11.0,0.10984973397983769,0.10636804613566221,1.3358320839580209,
friction_c02_v0_D08,3,1.5567216391804097,2.84007996001999,11.42,0.11278038076596487,0.13226283683555023,1.3210894552723638,
friction_c02_v0_D08,4,1.5987006496751623,2.7416291854072963,11.77,0.11548840780064613,0.13929681984404602,1.3105947026486757,
friction_c02_v0_D08,5,1.5197401299350324,2.738130934532734,11.58,0.11138033821660324,0.10441009653903195,1.330334832583708,
friction_c02_v0_D08,6,1.4292853573213393,2.559720139930035,10.68,0.10523995488206904,0.09645455050252634,1.3529485257371314,
friction_c02_v0_D08,7,1.592703648175912,2.807096451774113,11.5,0.11597380846898529,0.11917354814656153,1.3120939530234883,
friction_c02_v0_D08,8,1.4422788605697152,2.664167916041979,10.56,0.10588909678011361,0.09810075121169566,1.3497001499250374,
friction_c02_v1_A,0,1.6446776611694154,2.843078460769615,11.19,0.10920524044292115,0.10273890832361593,1.487881059470265,
friction_c02_v1_A,1,1.6871564217891055,2.9405297351324338,11.11,0.11106054817969412,0.11697702735933614,1.4772613693153422,
friction_c02_v1_A,2,1.6316841579210395,2.8075962018990506,11.38,0.10803551006113372,0.09592326852446781,1.4911294352823588,
friction_c02_v1_A,3,1.8015992003998,3.133433283358321,11.39,0.11723004576734376,0.1521915629486844,1.4486506746626686,
friction_c02_v1_A,4,1.762118940529735,2.901049475262369,11.36,0.11572761521067682,0.12546207055202557,1.458520739630185,
friction_c02_v1_A,5,1.7551224387806097,2.9420289855072466,11.84,0.11528046498432631,0.134563472232138,1.4602698650674664,
friction_c02_v1_A,6,1.6466766616691655,2.888055972013993,11.66,0.10806524546022812,0.0951498457120646,1.4873813093453274,
friction_c02_v1_A,7,1.6761619190404797,2.808095952023988,11.75,0.11041518035044098,0.09119230067505919,1.4800099950024987,
friction_c02_v1_A,8,1.5872063968015993,2.7831084457771116,10.72,0.10498014954323492,0.08580154367260809,1.502248875562219,
friction_c02_v1_D00,0,1.5097451274362819,2.796601699150425,10.56,0.1097631209804554,0.11249851264843752,1.3454522738630685,
friction_c02_v1_D00,1,1.511744127936032,2.8095952023988007,10.73,0.10970995130234285,0.10140881939982378,1.344952523738131,
friction_c02_v1_D00,2,1.5492253873063468,2.7786106946526736,11.35,0.11174404000541906,0.11188215416101464,1.3355822088955522,
friction_c02_v1_D00,3,1.568215892053973,2.984007996001999,11.47,0.11322799803031885,0.11272340020465943,1.3308345827086456,
friction_c02_v1_D00,4,1.43928035982009,2.6361819090454772,10.69,0.10525760121397516,0.0796601699150424,1.3630684657671164,
friction_c02_v1_D00,5,1.632183908045977,2.8530734632683656,11.69,0.11769412481357344,0.1297101449275361,1.3148425787106446,
friction_c02_v1_D00,6,1.4507746126936532,2.7286356821589206,10.42,0.10538312670427535,0.1046803978962898,1.3601949025487257,
friction_c02_v1_D00,7,1.605697151424288,2.892553723138431,11.57,0.11640953011990299,0.13664358297041945,1.321464267866067,
friction_c02_v1_D00,8,1.5162418790604697,2.8050974512743627,10.92,0.11081050682973691,0.1107928178767758,1.3438280859570215,
friction_c02_v1_D08,0,1.6991504247876061,2.6776611694152925,12.31,0.11017972948650377,0.10973600501336606,1.510744627686157,
friction_c02_v1_D08,1,1.7246376811594204,2.9645177411294354,11.23,0.11165067293319308,0.12420972053655698,1.5043728135932033,
friction_c02_v1_D08,2,1.7311344327836082,2.862568715642179,11.95,0.11183108754304656,0.11669502550312125,1.5027486256871565,
friction_c02_v1_D08,3,1.8460769615192403,2.891054472763618,11.9,0.11805467247163366,0.1422465354624274,1.4740129935032484,
friction_c02_v1_D08,4,1.6721639180409795,2.8280859570214893,11.37,0.1082425802931111,0.08906181829720049,1.5174912543728136,
friction_c02_v1_D08,5,1.7086456771614194,2.6916541729135433,11.59,0.10978531070368865,0.10003906776770333,1.5083708145927037,
friction_c02_v1_D08,6,1.6486756621689156,2.7351324337831087,11.62,0.10680922254889536,0.10031987974266827,1.5233633183408295,
friction_c02_v1_D08,7,1.6721639180409795,2.6691654172913544,11.57,0.10931369664344003,0.09239824532178335,1.5174912543728136,
friction_c02_v1_D08,8,1.7816091954022988,2.787606196901549,11.68,0.11413302737648791,0.1252937023551715,1.4901299350324837,
friction_c03_v0_A,0,1.5847076461769116,2.9575212393803096,11.31,0.11310183528528116,0.11359875617746665,1.3499500249875063,
friction_c03_v0_A,1,1.5172413793103448,2.7521239380309845,10.97,0.10849532491907378,0.09661379627646473,1.366816591704148,
friction_c03_v0_A,2,1.5187406296851573,2.7286356821589206,11.26,0.10856927532000406,0.10648862076898036,1.3664417791104448,
friction_c03_v0_A,3,1.5947026486756621,2.753623188405797,11.48,0.1143559224542775,0.12474199408232364,1.3474512743628186,
friction_c03_v0_A,4,1.569215392303848,2.864567716141929,11.88,0.11201031126325658,0.12869299477245488,1.353823088455772,
friction_c03_v0_A,5,1.5797101449275361,2.7991004497751124,11.19,0.11353465164104176,0.12151384625147717,1.35119940029985,
friction_c03_v0_A,6,1.511744127936032,2.7491254372813594,11.12,0.10830218004471025,0.10112285127277611,1.368190904547726,
friction_c03_v0_A,7,1.5592203898050974,2.677161419290355,11.09,0.11195358153639821,0.10478411587856842,1.3563218390804597,
friction_c03_v0_A,8,1.5337331334332833,2.7006496751624187,11.0,0.10967691753595672,0.10244302451948613,1.3626936531734133,
friction_c03_v0_D00,0,1.5557221389305347,2.903048475762119,11.19,0.1081979047110066,0.09592148370259293,1.4134182908545727,
friction_c03_v0_D00,1,1.6126936531734133,2.936031984007996,11.39,0.11176091111539793,0.10381158627035666,1.3991754122938531,
friction_c03_v0_D00,2,1.5882058970514743,2.7936031984007994,11.59,0.11044945698959413,0.10951587698214366,1.4052973513243379,
friction_c03_v0_D00,3,1.5242378810594703,2.787606196901549,10.69,0.10580301046611938,0.10843070528227935,1.421289355322339,
friction_c03_v0_D00,4,1.6201899050474762,2.857071464267866,11.23,0.11248861127017984,0.12261527966175617,1.3973013493253372,
friction_c03_v0_D00,5,1.6411794102948525,2.7721139430284856,11.41,0.1132706273793112,0.10992817083521714,1.3920539730134933,
friction_c03_v0_D00,6,1.5472263868065967,2.6881559220389803,10.59,0.10818011262446377,0.08963355623775403,1.4155422288855573,
friction_c03_v0_D00,7,1.605697151424288,3.002998500749625,11.08,0.11149511922812397,0.1150256221095799,1.4009245377311343,
friction_c03_v0_D00,8,1.7236381809095451,2.998500749625187,12.05,0.11835424621580322,0.1451177189183184,1.37143928035982,
friction_c03_v0_D08,0,1.4992503748125936,2.736631684157921,10.96,0.10873802594556228,0.11073927322053241,1.3484507746126937,
friction_c03_v0_D08,1,1.457271364317841,2.658170914542729,10.46,0.10601163659997904,0.08096011518050479,1.3589455272363817,
friction_c03_v0_D08,2,1.622688655672164,2.8540729635182407,11.52,0.11746720861097887,0.13515742128935507,1.317591204397801,
friction_c03_v0_D08,3,1.5442278860569716,2.979510244877561,11.17,0.1116156968629296,0.11908748006948884,1.3372063968015993,
friction_c03_v0_D08,4,1.4822588705647177,2.75912043978011,10.63,0.10806590964146974,0.10891578020513533,1.3526986506746628,
friction_c03_v0_D08,5,1.537231384307846,2.791104447776112,10.44,0.11127899934709787,0.1117310392422835,1.3389555222388805,
friction_c03_v0_D08,6,1.5627186406796603,2.865567216391804,11.14,0.1134438857149432,0.1186644772851668,1.332583708145927,
friction_c03_v0_D08,7,1.551224387806097,2.875062468765617,11.16,0.11158927655409515,0.11248661383593886,1.3354572713643178,
friction_c03_v0_D08,8,1.5292353823088456,2.739130434782609,10.41,0.11178936072294432,0.10225779967159251,1.3409545227386306,
friction_c03_v1_A,0,1.7126436781609196,2.6921539230384806,11.92,0.1094124665324772,0.10060703775096567,1.5263618190904549,
friction_c03_v1_A,1,1.6206896551724137,2.6731634182908546,11.19,0.10430392645209206,0.07782021687568912,1.5493503248375813,
friction_c03_v1_A,2,1.6491754122938531,2.741129435282359,11.55,0.10635435452965179,0.07809745920690445,1.5422288855572215,
friction_c03_v1_A,3,1.7091454272863569,2.823088455772114,11.74,0.11012516446070655,0.10521961241601417,1.5272363818090955,
friction_c03_v1_A,4,1.8340829585207397,3.0364817591204396,12.26,0.11554868337910881,0.13324667031563583,1.4960019990004998,
friction_c03_v1_A,5,1.684657671164418,2.7181409295352323,11.56,0.10745035934231227,0.09014024733664906,1.5333583208395802,
friction_c03_v1_A,6,1.7706146926536732,2.9880059970014994,11.76,0.11249274086680366,0.11860399165496595,1.5118690654672664,
friction_c03_v1_A,7,1.7071464267866068,2.813593203398301,11.76,0.11137056642238057,0.11510395595852839,1.527736131934033,
friction_c03_v1_A,8,1.9480259870064967,3.1464267866066966,12.52,0.12294173801446695,0.18116080848464636,1.4675162418790604,
friction_c03_v1_D00,0,1.6486756621689156,2.7801099450274864,11.46,0.10957213759267867,0.09680516884414923,1.4773863068465767,
friction_c03_v1_D00,1,1.6946526736631684,2.8555722138930535,11.4,0.1116492106623202,0.12363639608767028,1.4658920539730136,
friction_c03_v1_D00,2,1.687656171914043,2.7956021989005495,11.7,0.1111357505638363,0.10975464648628054,1.4676411794102948,
friction_c03_v1_D00,3,1.7456271864067967,2.873063468265867,12.22,0.11453800517784848,0.1320839580209892,1.4531484257871063,
friction_c03_v1_D00,4,1.607696151924038,2.7476261869065466,10.78,0.10703891689384774,0.08480521643939934,1.487631184407796,
friction_c03_v1_D00,5,1.6796601699150424,2.8515742128935533,11.32,0.11154553904662276,0.10439839604007492,1.469640179910045,
friction_c03_v1_D00,6,1.7256371814092955,2.8865567216391805,11.36,0.11402023934143413,0.13207681873349025,1.4581459270364818,
friction_c03_v1_D00,7,1.791104447776112,2.9515242378810593,11.69,0.11736832310254208,0.13915601722948034,1.4417791104447777,
friction_c03_v1_D00,8,1.5357321339330334,2.622688655672164,10.65,0.10313187761886984,0.07728338211846457,1.5056221889055472,
friction_c03_v1_D08,0,1.5902048975512244,2.712143928035982,11.06,0.10963604448119106,0.10036093064578806,1.4016741629185407,
friction_c03_v1_D08,1,1.5237381309345328,2.7201399300349824,10.78,0.10686626151344308,0.08673381563186647,1.4182908545727135,
friction_c03_v1_D08,2,1.623688155922039,2.7576211894052975,11.36,0.11375641875312673,0.11741966318428067,1.393303348325837,
friction_c03_v1_D08,3,1.5537231384307846,2.7061469265367317,11.22,0.10838188991214309,0.10487593504834859,1.4107946026986506,
friction_c03_v1_D08,4,1.6261869065467267,2.8525737131434283,11.28,0.11245590312254573,0.11941628392153113,1.392678660669665,
friction_c03_v1_D08,5,1.7231384307846076,2.9930034982508746,12.03,0.11862464644138093,0.14468817178712207,1.368440779610195,
friction_c03_v1_D08,6,1.6216891554222888,2.9195402298850577,11.31,0.11209352788613995,0.11123585032880365,1.3938030984507745,
friction_c03_v1_D08,7,1.6136931534232883,2.7841079460269866,11.38,0.11222356297000857,0.11092648120384228,1.3958020989505247,
friction_c03_v1_D08,8,1.5177411294352823,2.76511744127936,10.68,0.1059617449200208,0.10434286824841534,1.4197901049475263,
halfdt_c00_v0_A,0,1.6371814092953523,2.8385807096451776,10.96,0.10866626096884226,0.10282120844339718,1.4790104947526237,0.10047311420490236
halfdt_c00_v0_A,1,1.719640179910045,2.9280359820089954,11.54,0.11284102210733217,0.11516682135122899,1.4583958020989505,0.2877905121658573
halfdt_c00_v0_A,2,1.7146426786606697,2.863568215892054,11.59,0.1137895224108705,0.11990016896313724,1.4596451774112944,0.18990683259779084
halfdt_c00_v0_A,3,1.6441779110444779,2.634682658670665,10.9,0.1095063492392593,0.09093072511363358,1.4772613693153422,0.2094888516722486
halfdt_c00_v0_A,4,1.7961019490254873,2.9420289855072466,11.39,0.11791712566758024,0.13410021179886214,1.43928035982009,0.11243496256583414
halfdt_c00_v0_A,5,1.688655672163918,2.9025487256371814,11.4,0.11187634109030366,0.11787261131339075,1.4661419290354822,0.3195843227532246
halfdt_c00_v0_A,6,1.687656171914043,2.865567216391804,11.62,0.11122082428828269,0.12365900383141747,1.4663918040979511,0.15147206667527904
halfdt_c00_v0_A,7,1.6016991504247875,2.8585707146426786,10.82,0.10671767210707381,0.0990350063063705,1.487881059470265,0.257863388941884
halfdt_c00_v0_A,8,1.6166916541729135,2.796601699150425,11.46,0.10746488212045538,0.09651424287856053,1.4841329335332334,0.12110317519220208
halfdt_c00_v0_D00,0,1.7161419290354822,2.944527736131934,11.11,0.11768448823750918,0.1343437408279986,1.3849325337331335,0.0406984890978438
halfdt_c00_v0_D00,1,1.6106946526736632,2.8480759620189904,11.41,0.1107945129232013,0.11465953531170907,1.4112943528235882,0.05757250880650911
halfdt_c00_v0_D00,2,1.5862068965517242,2.7531234382808596,10.92,0.10936322783839798,0.11319122184939258,1.417416291854073,0.03942192660386795
halfdt_c00_v0_D00,3,1.6026986506746628,2.834582708645677,10.91,0.11057853383206064,0.11076981350594531,1.4132933533233383,0.05954368953110744
halfdt_c00_v0_D00,4,1.712143928035982,3.003498250874563,11.88,0.11676965826070546,0.15049340409160494,1.3859320339830086,0.07042267122809483
halfdt_c00_v0_D00,5,1.6091954022988506,2.6746626686656674,10.81,0.11076642681654504,0.08833222277750012,1.4116691654172913,0.06962309568072096
halfdt_c00_v0_D00,6,1.5817091454272865,2.7701149425287355,11.02,0.1093413104794129,0.09632287031087626,1.4185407296351824,0.1112725276886989
halfdt_c00_v0_D00,7,1.528735632183908,2.6996501749125437,10.42,0.10597920711240166,0.09899296383554254,1.431784107946027,0.07255074671809349
halfdt_c00_v0_D00,8,1.5642178910544728,2.664167916041979,10.82,0.10872263449976576,0.09289422748942984,1.4229135432283857,0.08159891502131829
halfdt_c00_v0_D08,0,1.647176411794103,2.7961019490254873,11.53,0.11098915419101817,0.11391903254721822,1.4191654172913544,0.014247660515890416
halfdt_c00_v0_D08,1,1.633183408295852,2.9430284857571216,10.86,0.11107813833007962,0.12519970173643313,1.422663668165917,0.028463692761265705
halfdt_c00_v0_D08,2,1.6446776611694154,2.8755622188905545,11.45,0.11204149998600958,0.11942044850590547,1.4197901049475263,0.021440912155922556
halfdt_c00_v0_D08,3,1.7286356821589206,2.9315342328835583,12.2,0.11694516567763667,0.1257684649738621,1.39880059970015,0.022116301438024278
halfdt_c00_v0_D08,4,1.6456771614192904,2.7416291854072963,11.26,0.11260909544142361,0.10221536057368137,1.4195402298850575,0.022302270682908684
halfdt_c00_v0_D08,5,1.4802598700649676,2.6206896551724137,10.8,0.10208076848699787,0.08597764609758611,1.460894552723638,0.019514530559474903
halfdt_c00_v0_D08,6,1.551224387806097,2.731134432783608,10.53,0.10660331548000994,0.08500313335395795,1.4431534232883558,0.017095148018167566
halfdt_c00_v0_D08,7,1.6966516741629185,2.8375812093953026,11.69,0.11603809053262439,0.13166551644812488,1.4067966016991504,0.013816079667799908
halfdt_c00_v0_D08,8,1.6201899050474762,2.7181409295352323,10.66,0.11161477187420014,0.11083069576322939,1.425912043978011,0.010293175002431564
halfdt_c00_v1_A,0,1.670664667666167,2.837081459270365,11.27,0.11371594416710668,0.13283060850527104,1.4102948525737131,0.011206759281817644
halfdt_c00_v1_A,1,1.5477261369315343,2.696151924037981,11.04,0.10639999851270279,0.08826241641084212,1.4410294852573713,0.026990188376853023
halfdt_c00_v1_A,2,1.6761619190404797,2.9640179910044977,11.98,0.11407449572234647,0.14221579686347285,1.408920539730135,0.018169455450206613
halfdt_c00_v1_A,3,1.6291854072963519,2.835582208895552,11.3,0.11158770039933509,0.10870576616453673,1.420664667666167,0.01939597325833824
halfdt_c00_v1_A,4,1.6751624187906047,2.950024987506247,11.49,0.11394693316247471,0.1209276314223839,1.4091704147926036,0.018534839054903003
halfdt_c00_v1_A,5,1.608695652173913,2.8285857071464267,11.13,0.10979331143687454,0.09774398515028189,1.4257871064467766,0.02331016188430443
halfdt_c00_v1_A,6,1.536231884057971,2.7501249375312344,10.48,0.10624169632171075,0.08487482449251564,1.4439030484757622,0.016624348458724476
halfdt_c00_v1_A,7,1.622688655672164,2.903048475762119,11.01,0.11144557478591403,0.10617726850860268,1.422288855572214,0.03770688678777307
halfdt_c00_v1_A,8,1.6571714142928535,2.842578710644678,11.68,0.11279434549153508,0.11826170248209213,1.4136681659170416,0.013132183257222282
halfdt_c00_v1_D00,0,1.7006496751624187,2.9025487256371814,11.64,0.11499814572830473,0.11451099846901931,1.4287856071964018,0.09124072820679284
halfdt_c00_v1_D00,1,1.7156421789105447,2.92103948025987,11.71,0.11441554095255199,0.13706281779745033,1.4250374812593702,0.049886723637655804
halfdt_c00_v1_D00,2,1.6096951524237881,2.702648675662169,10.97,0.1079169758974254,0.10180247177998285,1.4515242378810596,0.13146483287487779
halfdt_c00_v1_D00,3,1.695152423788106,2.9205397301349327,11.79,0.11476276826265167,0.1288389535391033,1.43015992003998,0.03194240806043633
halfdt_c00_v1_D00,4,1.6446776611694154,2.7936031984007994,11.21,0.11142514629887124,0.11579844998135835,1.4427786106946527,0.06357119152397932
halfdt_c00_v1_D00,5,1.5957021489255372,2.8575712143928036,11.0,0.10829371200751875,0.1005043113363952,1.4550224887556222,0.057329640114799796
halfdt_c00_v1_D00,6,1.713143428285857,2.9635182408795604,11.53,0.11532305876957298,0.12951540102964373,1.4256621689155422,0.03039656256920667
halfdt_c00_v1_D00,7,1.5977011494252873,2.8350824587706147,10.93,0.10752294589236139,0.0977997112554832,1.4545227386306847,0.12147723033014146
halfdt_c00_v1_D00,8,1.5592203898050974,2.623688155922039,10.62,0.1053417061907419,0.07416688481156244,1.4641429285357321,0.10585412131683454
halfdt_c00_v1_D08,0,1.6986506746626686,2.8530734632683656,11.58,0.11725447504890718,0.1407716776532366,1.3751874062968517,0.026979787504170877
halfdt_c00_v1_D08,1,1.5877061469265368,2.6916541729135433,11.03,0.11105483200656781,0.10936714182591216,1.4029235382308844,0.014899046159178286
halfdt_c00_v1_D08,2,1.569215392303848,2.651174412793603,10.7,0.10893802832670914,0.09889856658972083,1.4075462268865566,0.018532417531750455
halfdt_c00_v1_D08,3,1.6141929035482259,2.789105447276362,11.18,0.1118376765598289,0.12569766703949575,1.3963018490754622,0.02343664124227955
halfdt_c00_v1_D08,4,1.6366816591704147,2.904047976011994,11.43,0.11323959927467984,0.11898733173095967,1.390679660169915,0.016736618525145974
halfdt_c00_v1_D08,5,1.5792103948025986,2.744127936031984,10.8,0.109242358725945,0.09323592172167859,1.405047476261869,0.01650414027567716
halfdt_c00_v1_D08,6,1.6111944027986007,2.7561219390304847,11.17,0.11252047756538039,0.10324936737980184,1.3970514742628686,0.013618352434470645
halfdt_c00_v1_D08,7,1.605697151424288,2.8050974512743627,11.46,0.11164870549915419,0.10998825983833445,1.3984257871064467,0.0205196830444181
halfdt_c00_v1_D08,8,1.4962518740629684,2.7371314342828588,10.69,0.10426384699282762,0.09980406622085768,1.4257871064467766,0.01795049934780462
halfdt_c01_v0_A,0,1.5762118940529735,2.8025987006496753,11.06,0.1098336976779071,0.09269809539674599,1.4047976011994003,0.03085848916683549
halfdt_c01_v0_A,1,1.590704647676162,2.913543228385807,11.2,0.11053694895014761,0.11524515520017745,1.4011744127936032,0.027621715726626406
halfdt_c01_v0_A,2,1.7046476761619191,2.9005497251374313,11.6,0.11793453471785995,0.1419823818249604,1.372688655672164,0.047126534359259016
halfdt_c01_v0_A,3,1.6466766616691655,2.8215892053973013,11.8,0.1152359059229795,0.12008856682769702,1.3871814092953523,0.04962250094198828
halfdt_c01_v0_A,4,1.6081959020489756,2.818590704647676,11.09,0.11116427129036498,0.11575918390011325,1.3968015992003997,0.09227571719198246
halfdt_c01_v0_A,5,1.5722138930534733,2.739130434782609,10.84,0.1098750506163616,0.09446982857777447,1.4057971014492754,0.02064195803448687
halfdt_c01_v0_A,6,1.6146926536731634,2.8375812093953026,11.12,0.1121366381198475,0.11260778340988223,1.395177411294353,0.0252729125757697
halfdt_c01_v0_A,7,1.4747626186906546,2.7796101949025487,10.75,0.10315253208601664,0.08771487272236887,1.43015992003998,0.025952331601519583
halfdt_c01_v0_A,8,1.6026986506746628,2.84007996001999,10.86,0.11013042061851523,0.11943413214027891,1.398175912043978,0.02833131994866267
halfdt_c01_v0_D00,0,1.5702148925537232,2.8725637181409294,10.7,0.10732169068918357,0.09207717569786526,1.4352823588205896,0.02907816612139766
halfdt_c01_v0_D00,1,1.646176911544228,2.767616191904048,11.81,0.11218532209546875,0.11244080340781985,1.4162918540729634,0.020265993950133374
halfdt_c01_v0_D00,2,1.5637181409295353,2.712143928035982,10.95,0.10714159375311513,0.08022119892434729,1.4369065467266366,0.022000753461812444
halfdt_c01_v0_D00,3,1.6386806596701649,2.7531234382808596,11.45,0.11304468325228988,0.10532709835558404,1.4181659170414793,0.015033064443035126
halfdt_c01_v0_D00,4,1.646176911544228,2.7481259370314843,11.53,0.11294540248224431,0.11549344375431309,1.4162918540729634,0.025531649436639863
halfdt_c01_v0_D00,5,1.6081959020489756,2.738130934532734,11.25,0.11005547999018166,0.11546191190119215,1.4257871064467766,0.026411268301167246
halfdt_c01_v0_D00,6,1.6051974012993504,2.7541229385307346,11.26,0.10936643701291361,0.11057923419242735,1.4265367316341828,0.04391384473905844
halfdt_c01_v0_D00,7,1.6281859070464768,2.7796101949025487,11.31,0.11049583697679825,0.13294483710525656,1.4207896051974014,0.023487892843438513
halfdt_c01_v0_D00,8,1.7161419290354822,2.8590704647676164,11.41,0.11744355374780473,0.13545429666119288,1.39880059970015,0.02761397830859352
halfdt_c01_v0_D08,0,1.4262868565717142,2.6101949025487254,10.17,0.10171222070546923,0.08080146434719146,1.4057971014492754,0.025575148963472776
halfdt_c01_v0_D08,1,1.5932033983008496,2.9080459770114944,11.29,0.11308803557725539,0.10997675765291938,1.3640679660169914,0.047991629733365765
halfdt_c01_v0_D08,2,1.5462268865567217,2.7351324337831087,10.86,0.1102905042754868,0.09640913670149046,1.3758120939530234,0.026267133116112115
halfdt_c01_v0_D08,3,1.7246376811594204,2.974012993503248,11.38,0.12176342952505362,0.162947296193173,1.3312093953023487,0.024302359739687324
halfdt_c01_v0_D08,4,1.5827086456771615,2.8770614692653673,11.69,0.11253638153287154,0.12805283866003475,1.3666916541729135,0.05204886507295301
halfdt_c01_v0_D08,5,1.5587206396801598,2.6741629185407296,10.83,0.11001751636384259,0.10321049792564009,1.372688655672164,0.016780141956128748
halfdt_c01_v0_D08,6,1.6041979010494753,2.9085457271364317,11.36,0.11436217830569684,0.13123577100338693,1.3613193403298351,0.023298242436142137
halfdt_c01_v0_D08,7,1.5597201399300349,2.7541229385307346,10.99,0.10933658994474835,0.10025185819788504,1.3724387806096952,0.046251228603808446
halfdt_c01_v0_D08,8,1.503248375812094,2.733133433283358,10.7,0.1068931437695757,0.08711437931827722,1.3865567216391803,0.017510153535129577
halfdt_c01_v1_A,0,1.5657171414292854,2.8280859570214893,11.22,0.10743564476197746,0.09494657433188156,1.4312843578210894,0.008843907414704191
halfdt_c01_v1_A,1,1.6991504247876061,2.9900049975012495,11.56,0.11628156131295202,0.13971526141691043,1.3979260369815092,0.011018205908371964
halfdt_c01_v1_A,2,1.539230384807596,2.634182908545727,10.78,0.1059313596068232,0.07661526379667309,1.4379060469765117,0.008586764201394037
halfdt_c01_v1_A,3,1.719640179910045,2.9650174912543728,11.59,0.11666971396313681,0.14526665238809153,1.3928035982008995,0.024161827260826302
halfdt_c01_v1_A,4,1.6366816591704147,2.8375812093953026,11.77,0.11234160492560463,0.12108469574736432,1.4135432283858071,0.013772415990961644
halfdt_c01_v1_A,5,1.6176911544227885,2.836581709145427,11.24,0.11106597965826244,0.11633171509483328,1.4182908545727135,0.01225115905517483
halfdt_c01_v1_A,6,1.5592203898050974,2.6936531734132934,11.1,0.10759098241727673,0.08280026653339993,1.4329085457271364,0.02349464814327475
halfdt_c01_v1_A,7,1.6351824087956022,2.8375812093953026,11.17,0.11210265837422283,0.11981687727564763,1.4139180409795102,0.013550027051851038
halfdt_c01_v1_A,8,1.6091954022988506,2.737631184407796,11.22,0.11058049497974386,0.103422693415197,1.420414792603698,0.007487829204299092
halfdt_c01_v1_D00,0,1.6126936531734133,2.7731134432783606,11.06,0.1135391095359018,0.1158991932605124,1.370439780109945,0.012238714166320339
halfdt_c01_v1_D00,1,1.4587706146926536,2.6956521739130435,10.19,0.10295389080218183,0.08543704338307025,1.408920539730135,0.02578212988460135
halfdt_c01_v1_D00,2,1.5222388805597202,2.754622688655672,10.99,0.10651905616605914,0.09917005782822853,1.3930534732633684,0.012027132966721343
halfdt_c01_v1_D00,3,1.6026986506746628,2.8150924537731132,11.36,0.11213348736358215,0.12067835130054005,1.3729385307346327,0.01619970014208195
halfdt_c01_v1_D00,4,1.569215392303848,2.702648675662169,10.61,0.11059421850125227,0.10928702315508888,1.3813093453273364,0.011574299925772325
halfdt_c01_v1_D00,5,1.541729135432284,2.686656671664168,10.98,0.10914627931603935,0.0976946050784129,1.3881809095452273,0.01720362901539474
halfdt_c01_v1_D00,6,1.5817091454272865,2.7946026986506745,11.05,0.11203732580111425,0.10345125056519343,1.3781859070464768,0.02094403304869502
halfdt_c01_v1_D00,7,1.6516741629185407,2.9045477261369315,11.1,0.11708574035796757,0.13759132338592592,1.3606946526736632,0.02009940951626336
halfdt_c01_v1_D00,8,1.648175912043978,3.022488755622189,11.45,0.11599089215590162,0.1307911520430259,1.3615692153923038,0.012938902145008068
halfdt_c01_v1_D08,0,1.6851574212893554,2.981009495252374,11.82,0.11512655663900007,0.12905729674845098,1.3993003498250876,0.012787568311307082
halfdt_c01_v1_D08,1,1.7176411794102948,2.904047976011994,11.61,0.11699589617533736,0.14789549669609633,1.3911794102948525,0.01152267447860207
halfdt_c01_v1_D08,2,1.5637181409295353,2.738130934532734,11.0,0.10715461509504226,0.0920317618968292,1.4296601699150424,0.009612455240414966
halfdt_c01_v1_D08,3,1.5697151424287856,2.733633183408296,10.65,0.10810121946569946,0.10252532463926749,1.4281609195402298,0.011376402319878224
halfdt_c01_v1_D08,4,1.6421789105447275,2.7011494252873565,11.22,0.1132835866066829,0.10687910013247323,1.4100449775112445,0.011114544586106181
halfdt_c01_v1_D08,5,1.5967016491754122,2.847576211894053,11.02,0.1096981649089197,0.10112066982381795,1.4214142928535731,0.011861550936698495
halfdt_c01_v1_D08,6,1.5947026486756621,2.864567716141929,11.27,0.10980049103614398,0.10869188421662161,1.4219140429785107,0.011386457259481604
halfdt_c01_v1_D08,7,1.5992003998000999,2.8605697151424287,11.09,0.11006242794207274,0.1123995541911583,1.4207896051974014,0.013578417299302417
halfdt_c01_v1_D08,8,1.5957021489255372,2.7416291854072963,10.49,0.10977704213110141,0.09939891165528322,1.421664167916042,0.00970130448750337
halfdt_c02_v0_A,0,1.513743128435782,2.739130434782609,10.72,0.10663771185539311,0.09308579837065585,1.4052973513243379,0.1415542959637893
halfdt_c02_v0_A,1,1.5617191404297852,2.7726136931534233,10.87,0.11010869506232127,0.09974139914169886,1.393303348325837,0.15359621439027885
halfdt_c02_v0_A,2,1.5247376311844079,2.7436281859070464,10.6,0.10730514301332161,0.1074417156501113,1.4025487256371814,0.1473638640687486
halfdt_c02_v0_A,3,1.607696151924038,2.8545727136431784,11.3,0.11286002197577193,0.11003803653728679,1.381809095452274,0.09039009378142521
halfdt_c02_v0_A,4,1.6006996501749124,2.845577211394303,11.02,0.11158827592937234,0.12397749537929412,1.3835582208895552,0.1532031902925296
halfdt_c02_v0_A,5,1.6101949025487257,2.740129935032484,11.46,0.11260118510513692,0.10564261520033626,1.381184407796102,0.12305446673907161
halfdt_c02_v0_A,6,1.6606696651674162,2.925537231384308,11.59,0.11549518433829656,0.13749216661510502,1.3685657171414294,0.05207305650149488
halfdt_c02_v0_A,7,1.6071964017991005,2.7851074462768617,10.88,0.11264077011277372,0.11068414205595602,1.3819340329835081,0.0907730737986116
halfdt_c02_v0_A,8,1.583208395802099,2.837081459270365,11.37,0.11076301260761263,0.1118966310495544,1.3879310344827587,0.19327322633313315
halfdt_c02_v0_D00,0,1.6496751624187906,2.861569215392304,11.63,0.11480275106098857,0.11979407121835908,1.3914292853573214,0.06284600126129401
halfdt_c02_v0_D00,1,1.5477261369315343,2.6466766616691655,10.78,0.10788878389921817,0.10152820415189209,1.4169165417291354,0.11168249067473252
halfdt_c02_v0_D00,2,1.6581709145427286,2.808095952023988,11.54,0.11443654565015259,0.12414903659281448,1.3893053473263368,0.07677714889387034
halfdt_c02_v0_D00,3,1.6356821589205397,2.923538230884558,11.5,0.11301741316024534,0.12537877886453583,1.394927536231884,0.05620885465123702
halfdt_c02_v0_D00,4,1.6631684157921038,2.9060469765117443,11.37,0.11447280477193626,0.13007761992019842,1.3880559720139931,0.08191022469574853
halfdt_c02_v0_D00,5,1.5952023988005997,2.791104447776112,11.11,0.11025462881759172,0.11258517566613517,1.405047476261869,0.07017088656467411
halfdt_c02_v0_D00,6,1.5612193903048475,2.6551724137931036,10.77,0.10851762959947867,0.09835360097728896,1.4135432283858071,0.08348374386981777
halfdt_c02_v0_D00,7,1.568215892053973,2.862568715642179,11.21,0.10866010231658348,0.1033796593766608,1.4117941029485257,0.09188256878449085
halfdt_c02_v0_D00,8,1.5517241379310345,2.6646676661669164,10.84,0.10794934072380521,0.08475385323211404,1.4159170414792603,0.12567933923147936
halfdt_c02_v0_D08,0,1.5817091454272865,2.7661169415292353,11.05,0.11124968650414017,0.10278571031944331,1.3873063468265867,0.04994499889809103
halfdt_c02_v0_D08,1,1.56071964017991,2.67816091954023,11.18,0.10942705487591516,0.10813660630002439,1.3925537231384308,0.04868432974661772
halfdt_c02_v0_D08,2,1.5732133933033483,2.785607196401799,10.82,0.11028622744639333,0.10341456255998968,1.3894302848575713,0.06109886289464239
halfdt_c02_v0_D08,3,1.553223388305847,2.71664167916042,11.13,0.10885233446913434,0.09200360137391604,1.3944277861069465,0.05105540903907208
halfdt_c02_v0_D08,4,1.575712143928036,2.8215892053973013,11.03,0.11090211604278358,0.11331258973687743,1.3888055972013993,0.06068948429353468
halfdt_c02_v0_D08,5,1.6081959020489756,2.891554222888556,11.15,0.11250910634387458,0.11631406518962721,1.3806846576711644,0.06719679283308977
halfdt_c02_v0_D08,6,1.5797101449275361,2.8500749625187405,10.78,0.11066550541079946,0.1130270182369131,1.3878060969515242,0.044385309638247716
halfdt_c02_v0_D08,7,1.64167916041979,2.8585707146426786,11.1,0.11472457190510404,0.13510704964977813,1.3723138430784607,0.06680276982534487
halfdt_c02_v0_D08,8,1.5877061469265368,2.8290854572713644,11.06,0.11138339700185532,0.11589879663342917,1.3858070964517741,0.05246550357613994
halfdt_c02_v1_A,0,1.5727136431784108,2.707646176911544,11.37,0.10960436423483552,0.08526847687267462,1.395552223888056,0.010101469361117261
halfdt_c02_v1_A,1,1.567216391804098,2.7306346826586707,10.71,0.10965824057805901,0.11107759612257348,1.3969265367316341,0.011517663657870695
halfdt_c02_v1_A,2,1.630184907546227,2.7751124437781107,11.21,0.11393010478984113,0.11682234279685551,1.381184407796102,0.012539560764186733
halfdt_c02_v1_A,3,1.5067466266866567,2.6061969015492252,10.7,0.10576450693878009,0.08428504001967263,1.4120439780109946,0.014903598519684305
halfdt_c02_v1_A,4,1.6351824087956022,2.9250374812593702,11.39,0.1144800973159542,0.128241633151678,1.379935032483758,0.010450692814677497
halfdt_c02_v1_A,5,1.5237381309345328,2.708145927036482,10.69,0.10689626146583253,0.08972577203461755,1.4077961019490255,0.010004721706997054
halfdt_c02_v1_A,6,1.5447276361819091,2.711144427786107,10.76,0.10791459153024088,0.10048527323639751,1.4025487256371814,0.010337191614787215
halfdt_c02_v1_A,7,1.5967016491754122,2.8270864567716143,11.12,0.11173940178228199,0.1191408264121905,1.3895552223888057,0.012609200174899754
halfdt_c02_v1_A,8,1.7326336831584208,3.024487756121939,11.57,0.12001243136417465,0.164953039353339,1.3555722138930535,0.013213677034557733
halfdt_c02_v1_D00,0,1.576711644177911,2.7981009495252374,10.95,0.10957607053381958,0.10031789660725189,1.409545227386307,0.03899531031556866
halfdt_c02_v1_D00,1,1.6326836581709145,2.8715642178910543,11.79,0.11203465578801022,0.1142192792492642,1.395552223888056,0.04559521838996657
halfdt_c02_v1_D00,2,1.6496751624187906,2.789605197401299,11.24,0.11429517963455035,0.12026625576100826,1.391304347826087,0.035657946415138024
halfdt_c02_v1_D00,3,1.5227386306846578,2.682658670664668,10.81,0.10585559432410105,0.09321430554563984,1.4230384807596201,0.07217460146660638
halfdt_c02_v1_D00,4,1.5677161419290355,2.7276361819090456,11.1,0.10840630089475249,0.10019533883851721,1.4117941029485257,0.03792470914982421
halfdt_c02_v1_D00,5,1.6126936531734133,2.7606196901549227,11.19,0.11147053459853778,0.10447474675360723,1.4005497251374313,0.033968559452580205
halfdt_c02_v1_D00,6,1.527736131934033,2.6326836581709148,11.02,0.10709305053481763,0.09288411349880611,1.4217891054472764,0.0615414727633328
halfdt_c02_v1_D00,7,1.6646676661669166,2.894552723638181,11.38,0.11521081708764612,0.1328885160594303,1.3875562218890554,0.0773812761375318
halfdt_c02_v1_D00,8,1.6751624187906047,2.870064967516242,11.82,0.11605779660376467,0.1415395476864739,1.3849325337331335,0.07209536159099399
halfdt_c02_v1_D08,0,1.5737131434282858,2.714142928535732,11.2,0.10789211265262254,0.09038119828974381,1.4234132933533232,0.03953192137652018
halfdt_c02_v1_D08,1,1.6016991504247875,2.734132933533233,11.09,0.1113169914404634,0.09142769884898803,1.4164167916041979,0.03930521789105052
halfdt_c02_v1_D08,2,1.5567216391804097,2.8300849575212395,11.29,0.10716400813448393,0.08933231796800002,1.4276611694152923,0.0327999668596455
halfdt_c02_v1_D08,3,1.5737131434282858,2.7831084457771116,11.14,0.10761637761863338,0.1067402806533239,1.4234132933533232,0.047734251837894294
halfdt_c02_v1_D08,4,1.6571714142928535,2.815592203898051,11.32,0.11410201867382053,0.12762686117258812,1.4025487256371814,0.0543321655726117
halfdt_c02_v1_D08,5,1.7231384307846076,2.9640179910044977,11.82,0.11829004287762492,0.15274287459444857,1.3860569715142428,0.06932428808143254
halfdt_c02_v1_D08,6,1.6216891554222888,2.8970514742628684,11.36,0.11064244707492031,0.12548983444785525,1.4114192903548226,0.04851424714225646
halfdt_c02_v1_D08,7,1.5592203898050974,2.7511244377811095,11.41,0.10856785685788438,0.09169066260520517,1.4270364817591203,0.05277997097791735
halfdt_c02_v1_D08,8,1.6676661669165418,2.7781109445277363,11.4,0.11440814466954656,0.12456827141984539,1.3999250374812593,0.08406250141431415
halfdt_c03_v0_A,0,1.6536731634182908,2.8545727136431784,11.53,0.11470806349033197,0.12524491722392755,1.381559220389805,0.02010825053294958
halfdt_c03_v0_A,1,1.6111944027986007,2.9395302348825587,10.93,0.11194685101043765,0.12223154295867919,1.3921789105447275,0.036388473312296055
halfdt_c03_v0_A,2,1.5227386306846578,2.6716641679160418,10.65,0.10644715439196974,0.0925916010248843,1.4142928535732133,0.036023895150276715
halfdt_c03_v0_A,3,1.5642178910544728,2.7236381809095453,10.79,0.10970319674998268,0.10753293987926642,1.4039230384807597,0.0221687970911806
halfdt_c03_v0_A,4,1.5387306346826586,2.7181409295352323,10.93,0.10731385694031026,0.09055630914701368,1.4102948525737131,0.02422192619680366
halfdt_c03_v0_A,5,1.6251874062968517,2.864567716141929,11.49,0.11309321775475942,0.11448184637839776,1.3886806596701649,0.027310376100977512
halfdt_c03_v0_A,6,1.6656671664167917,2.9290354822588704,11.19,0.11522737799948082,0.14188243179997276,1.37856071964018,0.04112882902781663
halfdt_c03_v0_A,7,1.569215392303848,2.7566216891554225,10.88,0.10965975099084332,0.10229448767679643,1.4026736631684158,0.02944810617694026
halfdt_c03_v0_A,8,1.6091954022988506,2.788605697151424,11.38,0.11190053067188417,0.10318392391106024,1.392678660669665,0.047405446425207366
halfdt_c03_v0_D00,0,1.630184907546227,3.0134932533733134,11.11,0.11529549271359366,0.12330917874396106,1.358695652173913,0.011628265397429215
halfdt_c03_v0_D00,1,1.5197401299350324,2.6891554222888554,10.7,0.10822552896613295,0.10806263534899203,1.3863068465767117,0.010875760413617444
halfdt_c03_v0_D00,2,1.5227386306846578,2.7551224387806097,10.41,0.10724069512033158,0.09723412103472055,1.3855572213893053,0.011502928312664737
halfdt_c03_v0_D00,3,1.60119940029985,2.8490754622688654,11.22,0.1143743253666763,0.12431938792508479,1.3659420289855073,0.016004571608010647
halfdt_c03_v0_D00,4,1.623688155922039,2.817091454272864,11.22,0.11408777191585605,0.12341031865019843,1.36031984007996,0.016163182167290454
halfdt_c03_v0_D00,5,1.655672163918041,2.9315342328835583,11.3,0.11738392002604596,0.1408837248042642,1.3523238380809595,0.012438418604754142
halfdt_c03_v0_D00,6,1.5867066466766617,2.7011494252873565,11.01,0.11112166254554313,0.11452488041693411,1.3695652173913044,0.019189508014121986
halfdt_c03_v0_D00,7,1.537231384307846,2.7491254372813594,10.34,0.10890274527543617,0.08999726327312531,1.3819340329835081,0.016113758401953452
halfdt_c03_v0_D00,8,1.4527736131934033,2.6716641679160418,10.4,0.10336785807038415,0.07825848980271771,1.4030484757621189,0.008682547961643573
halfdt_c03_v0_D08,0,1.6596701649175412,2.8085957021489256,11.38,0.11260598054214305,0.12301726121066438,1.4211644177911045,0.021688845215837766
halfdt_c03_v0_D08,1,1.7851074462768615,2.9460269865067468,11.64,0.12039608421720968,0.1644066855461157,1.3898050974512743,0.032732721133619413
halfdt_c03_v0_D08,2,1.502248875562219,2.5892053973013494,10.76,0.10327326639806772,0.07030492690162853,1.460519740129935,0.024406536723787134
halfdt_c03_v0_D08,3,1.6646676661669166,2.782608695652174,10.74,0.11439041070023984,0.11078944654656783,1.4199150424787605,0.017081066432557832
halfdt_c03_v0_D08,4,1.6036981509245378,2.782608695652174,10.98,0.10882703800954464,0.11048602682785566,1.4351574212893554,0.02727336861855677
halfdt_c03_v0_D08,5,1.6561719140429785,2.75912043978011,10.98,0.11207679717955252,0.1184635856674836,1.422038980509745,0.019033930660926766
halfdt_c03_v0_D08,6,1.5872063968015993,2.8605697151424287,11.02,0.1083527038706178,0.10178085560394391,1.43928035982009,0.035481305400044384
halfdt_c03_v0_D08,7,1.6476761619190405,2.753623188405797,11.44,0.11166626375246587,0.10847572245623215,1.4241629185407296,0.020674434608374617
halfdt_c03_v0_D08,8,1.582208895552224,2.694152923538231,10.75,0.10841145533015892,0.09227548923950715,1.4405297351324338,0.020322327539803346
halfdt_c03_v1_A,0,1.5987006496751623,2.6626686656671663,11.05,0.1075087856647256,0.08562068172263061,1.4727636181909045,0.08846497118464497
halfdt_c03_v1_A,1,1.6111944027986007,2.7416291854072963,10.66,0.10778394287812505,0.10978538508523501,1.469640179910045,0.1323485826422192
halfdt_c03_v1_A,2,1.7461269365317342,2.8565717141429285,12.23,0.11544891809658535,0.12184245178997785,1.4359070464767616,0.1087064416312394
halfdt_c03_v1_A,3,1.7731134432783608,2.8705647176411793,11.97,0.11709848771247507,0.14684423661185272,1.4291604197901049,0.06505339027362388
halfdt_c03_v1_A,4,1.6196901549225386,2.730134932533733,11.14,0.10876465569065401,0.09202105296558061,1.4675162418790604,0.1018623836635947
halfdt_c03_v1_A,5,1.6061969015492255,2.6656671664167915,10.9,0.10812175043000342,0.1010730745738241,1.4708895552223888,0.0966802450234897
halfdt_c03_v1_A,6,1.6991504247876061,2.8045977011494254,11.55,0.11344294741053988,0.1188695334872246,1.4476511744127936,0.12595309565201304
halfdt_c03_v1_A,7,1.721639180409795,2.9535232383808094,11.97,0.11447977326463836,0.12840643170478233,1.4420289855072463,0.07164699016881729
halfdt_c03_v1_A,8,1.6036981509245378,2.7221389305347325,11.21,0.10735073885225332,0.09553715205889103,1.4715142428785608,0.06322207446803708
halfdt_c03_v1_D00,0,1.6491754122938531,2.744127936031984,10.9,0.11043354302616432,0.10711132528973592,1.4593953023488255,0.027292469626584204
halfdt_c03_v1_D00,1,1.6381809095452273,2.6031984007996,11.6,0.10984049110013475,0.08699638276100029,1.462143928035982,0.015095032946967896
halfdt_c03_v1_D00,2,1.6341829085457271,2.7446276861569214,11.09,0.10945863227155621,0.11423633421384513,1.463143428285857,0.03218190408220472
halfdt_c03_v1_D00,3,1.6761619190404797,2.913543228385807,11.59,0.11196813223100563,0.11093500868613286,1.4526486756621688,0.017899624202871087
halfdt_c03_v1_D00,4,1.7061469265367317,2.786606696651674,11.86,0.11329608330356672,0.1164352347635704,1.445152423788106,0.014933887314570514
halfdt_c03_v1_D00,5,1.6431784107946028,2.7106446776611692,11.3,0.10996119858825688,0.1017729230622781,1.460894552723638,0.02171843554561762
halfdt_c03_v1_D00,6,1.7486256871564219,2.9570214892553723,11.46,0.11603732938544015,0.14779217534090078,1.4345327336331835,0.020497790048667097
halfdt_c03_v1_D00,7,1.6186906546726636,2.7201399300349824,11.36,0.10843094197445875,0.10919778206134997,1.4670164917541229,0.013929815935858033
halfdt_c03_v1_D00,8,1.6591704147926036,2.768615692153923,11.33,0.11057364811941664,0.10552283382118437,1.456896551724138,0.02092143250250567
halfdt_c03_v1_D08,0,1.575712143928036,2.75912043978011,10.58,0.11022140023013374,0.10960452313525769,1.392928535732134,0.03966534245909433
halfdt_c03_v1_D08,1,1.5707146426786607,2.762118940529735,11.23,0.10990528907706314,0.1087561378041137,1.3941779110444779,0.051039066437971355
halfdt_c03_v1_D08,2,1.5972013993003498,2.7496251874062967,10.96,0.11166643354462079,0.10801960131045585,1.3875562218890554,0.030839423057150418
halfdt_c03_v1_D08,3,1.5582208895552223,2.71864067966017,11.15,0.1091801636830658,0.09543898685577837,1.3973013493253372,0.04945043291545897
halfdt_c03_v1_D08,4,1.6191904047976011,2.7586206896551726,11.18,0.11315782157304337,0.12063055773700437,1.3820589705147426,0.04628546710662811
halfdt_c03_v1_D08,5,1.656671664167916,2.975512243878061,11.35,0.11520776307817313,0.13756673250676232,1.372688655672164,0.03640897085431487
halfdt_c03_v1_D08,6,1.5667166416791605,2.911544227886057,11.07,0.10989842188978258,0.10398590387345999,1.395177411294353,0.03382421414838546
halfdt_c03_v1_D08,7,1.6051974012993504,2.7756121939030485,10.84,0.1120980024682086,0.11189087995684682,1.3855572213893053,0.03468256437099206
halfdt_c03_v1_D08,8,1.5452273863068466,2.687656171914043,10.48,0.1086647044559087,0.10410667682031986,1.4005497251374313,0.039432405456846044
long_c00_v0_A,0,1.5975670721546409,2.7637060489918346,11.196666666666667,0.11096116697315692,0.10825391535273234,1.3998083652724547,
long_c00_v0_A,1,1.6213964339276787,2.792701216463923,11.23,0.11235487080998728,0.1161434734422571,1.393851024829195,
long_c00_v0_A,2,1.5640726545575738,2.7967005499083486,11.113333333333333,0.10908626123702278,0.10063375680772768,1.4081819696717215,
long_c00_v0_A,3,1.609398433594401,2.783202799533411,11.106666666666667,0.11183999041003784,0.10885718782319356,1.3968505249125145,
long_c00_v0_A,4,1.611898016997167,2.8431928011998,11.23,0.11194487068808216,0.1159869519101314,1.3962256290618231,
long_c00_v0_A,5,1.5910681553074488,2.7953674387602065,11.236666666666666,0.11052555818640489,0.10608066644977172,1.4014330944842526,
long_c00_v0_A,6,1.5965672387935343,2.8533577737043827,11.0,0.11090855277369177,0.12527449128848908,1.4000583236127313,
long_c00_v0_A,7,1.624562572904516,2.790034994167639,11.29,0.11269549017271949,0.11356076897236721,1.3930594900849858,
long_c00_v0_A,8,1.577070488251958,2.812197967005499,11.233333333333333,0.1096832387488968,0.10520878795333055,1.4049325112481252,
long_c00_v0_D00,0,1.5807365439093484,2.776037327112148,10.9,0.10972809475966891,0.10327729769906097,1.405849025162473,
long_c00_v0_D00,1,1.5939010164972505,2.8153641059823364,11.146666666666667,0.11067846656844252,0.11074152985084526,1.4025579070154974,
long_c00_v0_D00,2,1.5964005999000166,2.766872187968672,11.286666666666667,0.11098383147832108,0.10450844171474075,1.4019330111648058,
long_c00_v0_D00,3,1.5657390434927512,2.7890351608065322,10.956666666666667,0.10900433797484817,0.09906946725810277,1.4095984002666222,
long_c00_v0_D00,4,1.5920679886685551,2.725212464589235,10.95,0.11064202190284848,0.10973991107302244,1.4030161639726713,
long_c00_v0_D00,5,1.6325612397933678,2.7750374937510416,11.18,0.11289175110156147,0.11947142407482406,1.392892851191468,
long_c00_v0_D00,6,1.6470588235294117,2.820863189468422,11.176666666666666,0.11397934626786894,0.12382665058469144,1.389268455257457,
long_c00_v0_D00,7,1.6143976003999334,2.8126978836860523,11.21,0.11194415781844536,0.11845274464837906,1.3974337610398266,
long_c00_v0_D00,8,1.5854024329278453,2.815030828195301,11.063333333333333,0.1101479921279953,0.11091253309633615,1.4046825529078486,
long_c00_v0_D08,0,1.6403932677887019,2.799200133311115,11.346666666666666,0.1126916645146723,0.1168741056384786,1.4072654557573738,
long_c00_v0_D08,1,1.6275620729878353,2.807865355774038,11.313333333333333,0.11175721813249934,0.11360500763100362,1.4104732544575904,
long_c00_v0_D08,2,1.6153974337610397,2.795034160973171,11.106666666666667,0.11103237035840542,0.10950192163739927,1.4135144142642893,
long_c00_v0_D08,3,1.6390601566405598,2.8876853857690383,11.233333333333333,0.11249318376711526,0.11666402160486496,1.4075987335444093,
long_c00_v0_D08,4,1.5794034327612065,2.760206632227962,10.996666666666666,0.10891254032730394,0.10552599698991981,1.4225129145142477,
long_c00_v0_D08,5,1.5990668221963007,2.7395434094317612,11.013333333333334,0.11033207301862354,0.10678491415451931,1.417597067155474,
long_c00_v0_D08,6,1.6617230461589736,2.849191801366439,11.32,0.11383284976475216,0.12031619068779559,1.4019330111648058,
long_c00_v0_D08,7,1.592901183136144,2.837360439926679,11.163333333333334,0.10976015519952358,0.1067835254970733,1.4191384769205133,
long_c00_v0_D08,8,1.5834027662056325,2.7557073821029827,10.893333333333333,0.1091879449171044,0.10394431615894711,1.4215130811531411,
long_c00_v1_A,0,1.604732544575904,2.765372437927012,11.1,0.10993805273590236,0.1097654359194105,1.4240543242792867,
long_c00_v1_A,1,1.5822362939510082,2.6960506582236294,10.996666666666666,0.1086708623750886,0.09232885788876458,1.4296783869355107,
long_c00_v1_A,2,1.5962339610064988,2.7728711881353107,11.04,0.10936991237231765,0.1043546313709623,1.426178970171638,
long_c00_v1_A,3,1.6062322946175638,2.790534910848192,11.196666666666667,0.10993047762487237,0.10494481078550429,1.423679386768872,
long_c00_v1_A,4,1.6420596567238794,2.849191801366439,11.376666666666667,0.11251007609683061,0.11884209774561424,1.414722546242293,
long_c00_v1_A,5,1.6838860189968339,2.9385102482919514,11.52,0.11498227338678198,0.14073983701129217,1.4042659556740544,
long_c00_v1_A,6,1.6297283786035661,2.840526578903516,11.226666666666667,0.11140726784527019,0.11058414867363395,1.4178053657723713,
long_c00_v1_A,7,1.6155640726545575,2.7783702716213963,11.296666666666667,0.11082760419480964,0.10903420858428384,1.4213464422596234,
long_c00_v1_A,8,1.6412264622562907,2.8203632727878687,11.436666666666667,0.11236347336812645,0.10940597202053635,1.4149308448591902,
long_c00_v1_D00,0,1.636393934344276,2.834527578736877,11.073333333333334,0.11336315136834992,0.11768005596950808,1.393934344275954,
long_c00_v1_D00,1,1.6403932677887019,2.856190634894184,11.333333333333334,0.11334640527602563,0.12102314958089043,1.3929345109148474,
long_c00_v1_D00,2,1.6170638226962173,2.835860689885019,11.613333333333333,0.11186351695245556,0.11099267846893275,1.3987668721879687,
long_c00_v1_D00,3,1.550074987502083,2.7932011331444757,11.043333333333333,0.10783750302111092,0.0968569391873841,1.4155140809865023,
long_c00_v1_D00,4,1.6462256290618231,2.8291951341443093,11.576666666666666,0.11386733562651077,0.12104040860914761,1.3914764205965673,
long_c00_v1_D00,5,1.6105649058490252,2.754040993167805,11.136666666666667,0.11134578629920007,0.10568126211768963,1.4003916013997666,
long_c00_v1_D00,6,1.5757373771038161,2.6863856023996,10.993333333333334,0.10964870794547964,0.10856788418861466,1.409098483586069,
long_c00_v1_D00,7,1.5904015997333778,2.882852857857024,10.963333333333333,0.11038964847782093,0.11576668438858122,1.4054324279286785,
long_c00_v1_D00,8,1.5574070988168638,2.712214630894851,10.89,0.10833794503304653,0.10239093748925471,1.413681053157807,
long_c00_v1_D08,0,1.5875687385435762,2.7348775204132645,10.896666666666667,0.10866745047391958,0.10325164059958279,1.4339693384435928,
long_c00_v1_D08,1,1.6615564072654558,2.7975337443759374,11.396666666666667,0.11328849327695144,0.11068750446354214,1.415472421263123,
long_c00_v1_D08,2,1.6035660723212797,2.806532244625896,11.183333333333334,0.10946223050647505,0.10588393997825772,1.4299700049991668,
long_c00_v1_D08,3,1.5664055990668222,2.7888685219130145,10.96,0.10717882693950062,0.09645674133676121,1.4392601233127813,
long_c00_v1_D08,4,1.6867188801866355,2.8048658556907182,11.443333333333333,0.11461737509675647,0.12330226708247058,1.4091818030328278,
long_c00_v1_D08,5,1.6353941009831694,2.8375270788201967,11.13,0.11187831681346731,0.11084858872727599,1.4220129978336944,
long_c00_v1_D08,6,1.626562239626729,2.765372437927012,11.206666666666667,0.11108749125384007,0.11242154085430237,1.4242209631728044,
long_c00_v1_D08,7,1.6278953507748708,2.833194467588735,11.41,0.1112888582351378,0.11690908658080831,1.423887685385769,
long_c00_v1_D08,8,1.6512247958673554,2.832027995334111,11.32,0.11253095740395158,0.12023869037700097,1.418055324112648,
long_c01_v0_A,0,1.5509081819696717,2.7268788535244126,10.983333333333333,0.10816983063466924,0.10021094367869926,1.4106815530744876,
long_c01_v0_A,1,1.6207298783536077,2.8191968005332444,11.316666666666666,0.11240909453357893,0.10646069570415542,1.3932261289785035,
long_c01_v0_A,2,1.592234627562073,2.7843692717880355,11.163333333333334,0.11071189003271023,0.10698263252420911,1.4003499416763874,
long_c01_v0_A,3,1.614730878186969,2.7837027162139645,11.24,0.11198638366219955,0.11114146319528796,1.3947258790201633,
long_c01_v0_A,4,1.594234294284286,2.799700049991668,10.883333333333333,0.11096278612806071,0.10700862025641251,1.399850024995834,
long_c01_v0_A,5,1.5799033494417598,2.8040326612231294,10.946666666666667,0.10990316674071722,0.11278523685205931,1.4034327612064657,
long_c01_v0_A,6,1.6307282119646727,2.8606898850191635,11.29,0.11312814337418423,0.1260768707860863,1.3907265455757374,
long_c01_v0_A,7,1.5819030161639727,2.7728711881353107,11.166666666666666,0.11008501754138388,0.11243311299968566,1.4029328445259124,
long_c01_v0_A,8,1.621896350608232,2.7663722712881187,11.486666666666666,0.11264368735249598,0.11690042400340729,1.3929345109148474,
long_c01_v0_D00,0,1.6703882686218963,2.907682052991168,11.663333333333334,0.11625012356044889,0.1323108846938215,1.37352107982003,
long_c01_v0_D00,1,1.5555740709881687,2.760206632227962,10.913333333333334,0.1090135241226466,0.1038735607557472,1.402224629228462,
long_c01_v0_D00,2,1.5680719880019998,2.795034160973171,11.04,0.10943733207616048,0.10915283960609758,1.3991001499750042,
long_c01_v0_D00,3,1.5799033494417598,2.7203799366772206,10.936666666666667,0.11036849014359223,0.10025452107188501,1.3961423096150642,
long_c01_v0_D00,4,1.5635727378770206,2.720046658890185,10.84,0.10891218359210507,0.0989719967307038,1.400224962506249,
long_c01_v0_D00,5,1.5834027662056325,2.7182136310614897,10.823333333333334,0.11028726030969732,0.10252358733861831,1.395267455424096,
long_c01_v0_D00,6,1.594900849858357,2.759706715547409,11.15,0.11120576627402365,0.10944961554026734,1.392392934510915,
long_c01_v0_D00,7,1.5529078486918846,2.7725379103482752,11.01,0.10881967115073744,0.10660286777600576,1.402891184802533,
long_c01_v0_D00,8,1.6602232961173138,2.855357440426596,11.483333333333333,0.11570564877058825,0.13686012648685592,1.3760623229461757,
long_c01_v0_D08,0,1.5974004332611231,2.797200466588902,11.346666666666666,0.11055639438349547,0.1100669068382784,1.4064739210131645,
long_c01_v0_D08,1,1.6240626562239626,2.8091984669221794,11.196666666666667,0.11231384864338231,0.11020220174944402,1.3998083652724547,
long_c01_v0_D08,2,1.6085652391268122,2.7580403266122313,11.28,0.11125933093381757,0.11076421125579632,1.4036827195467423,
long_c01_v0_D08,3,1.5620729878353607,2.7665389101816364,11.04,0.1084175016951538,0.0964527076175136,1.4153057823696051,
long_c01_v0_D08,4,1.611898016997167,2.8420263289451757,11.186666666666667,0.11151489918399167,0.1177483646905413,1.4028495250791535,
long_c01_v0_D08,5,1.6302282952841194,2.80103316113981,11.333333333333334,0.11273297804077798,0.11851867281379064,1.3982669555074154,
long_c01_v0_D08,6,1.5800699883352776,2.7288785202466257,11.243333333333334,0.1094540598254036,0.103825486757498,1.410806532244626,
long_c01_v0_D08,7,1.6160639893351108,2.743209465089152,11.17,0.1118715468476147,0.11850101702626314,1.4018080319946675,
long_c01_v0_D08,8,1.6162306282286285,2.8550241626395603,11.09,0.11187944044636292,0.11392043125087632,1.401766372271288,
long_c01_v1_A,0,1.6183969338443593,2.829528411931345,11.203333333333333,0.11299650024314455,0.1141222494663591,1.3833944342609565,
long_c01_v1_A,1,1.5542409598400266,2.79070154974171,11.17,0.10882520939960177,0.10047571436506599,1.3994334277620397,
long_c01_v1_A,2,1.6088985169138477,2.810198300283286,11.143333333333333,0.1123280158588074,0.11433888002793216,1.3857690384935843,
long_c01_v1_A,3,1.5990668221963007,2.8413597733711047,11.263333333333334,0.11181534569891885,0.1208715214130981,1.3882269621729713,
long_c01_v1_A,4,1.6228961839693385,2.851191468088652,11.193333333333333,0.11325589612795954,0.11985026305139639,1.3822696217297117,
long_c01_v1_A,5,1.567905349108482,2.796367272121313,11.03,0.1099631245422987,0.10959205211829773,1.396017330444926,
long_c01_v1_A,6,1.5695717380436593,2.7822029661723047,10.946666666666667,0.10980777696598107,0.11373183834440329,1.3956007332111315,
long_c01_v1_A,7,1.5664055990668222,2.808531911348109,11.1,0.10949234702096011,0.10159536902579726,1.3963922679553409,
long_c01_v1_A,8,1.5965672387935343,2.721379770038327,10.886666666666667,0.11151578414232799,0.10542211218765143,1.3888518580236626,
long_c01_v1_D00,0,1.5785702382936178,2.8153641059823364,11.086666666666666,0.10881431951684457,0.11704504275742443,1.421971338110315,
long_c01_v1_D00,1,1.6472254624229294,2.8248625229128477,11.31,0.11321323051416471,0.1239952732745606,1.404807532077987,
long_c01_v1_D00,2,1.5860689885019164,2.7480419930011664,11.163333333333334,0.10926284618327109,0.10296266759772849,1.4200966505582402,
long_c01_v1_D00,3,1.6155640726545575,2.780703216130645,11.2,0.11117194457219674,0.11103632198866366,1.41272287952008,
long_c01_v1_D00,4,1.6088985169138477,2.7522079653391103,10.883333333333333,0.11101720245416054,0.10083207031632303,1.4143892684552575,
long_c01_v1_D00,5,1.6197300449925012,2.821529745042493,11.243333333333334,0.11140375720938546,0.11891139836482323,1.4116813864355942,
long_c01_v1_D00,6,1.596067322112981,2.754207632061323,11.013333333333334,0.11003107524322168,0.09665062436683838,1.417597067155474,
long_c01_v1_D00,7,1.62056323946009,2.7657057157140477,10.943333333333333,0.11122899454342632,0.11317386255729897,1.411473087818697,
long_c01_v1_D00,8,1.6602232961173138,2.8621896350608234,11.45,0.11385662976332886,0.11539273877634175,1.401558073654391,
long_c01_v1_D08,0,1.567905349108482,2.704382602899517,11.203333333333333,0.10899934786697692,0.09854435636388639,1.415764039326779,
long_c01_v1_D08,1,1.6208965172471255,2.834027662056324,11.26,0.11204108820751617,0.11389517091066852,1.402516247292118,
long_c01_v1_D08,2,1.6142309615064157,2.768871854690885,10.983333333333333,0.11139268798364733,0.11476248667550148,1.4041826362272956,
long_c01_v1_D08,3,1.5564072654557575,2.7420429928345276,11.013333333333334,0.10814945671212108,0.09672997622089434,1.41863856023996,
long_c01_v1_D08,4,1.625229128478587,2.8290284952507916,11.65,0.1122299951024476,0.11356328178107898,1.4014330944842526,
long_c01_v1_D08,5,1.6403932677887019,2.7882019663389435,11.476666666666667,0.11280683863926941,0.11865826595038431,1.3976420596567238,
long_c01_v1_D08,6,1.5857357107148808,2.7427095484085986,11.243333333333334,0.10987921824322466,0.09629731023665368,1.4113064489251792,
long_c01_v1_D08,7,1.6307282119646727,2.8558573571071486,11.346666666666666,0.1125379746514964,0.12820984862311344,1.4000583236127313,
long_c01_v1_D08,8,1.6203966005665722,2.8526912181303117,11.23,0.11196339259330042,0.11933930323782042,1.4026412264622563,
long_c02_v0_A,0,1.6070654890851526,2.7623729378436925,11.063333333333333,0.11096861044242556,0.10834920370414484,1.4053074487585402,
long_c02_v0_A,1,1.595567405432428,2.7573737710381603,11.03,0.11048417363003907,0.10412451099419959,1.4081819696717215,
long_c02_v0_A,2,1.621229795034161,2.786368938510248,11.14,0.11192635191369851,0.11814737226335348,1.401766372271288,
long_c02_v0_A,3,1.584902516247292,2.8046992167972005,10.82,0.10990213655305621,0.11077042715103058,1.4108481919680054,
long_c02_v0_A,4,1.6057323779370105,2.8298616897183804,11.196666666666667,0.11111976478593398,0.12131053554566334,1.4056407265455757,
long_c02_v0_A,5,1.624562572904516,2.8000333277787037,11.586666666666666,0.11218697279036935,0.10987950420961615,1.4009331778036993,
long_c02_v0_A,6,1.5787368771871355,2.7092151308115313,11.036666666666667,0.10955571352725477,0.10130394934177661,1.4123896017330444,
long_c02_v0_A,7,1.582402932844526,2.719380103316114,11.286666666666667,0.10978038244110769,0.10325759198863695,1.411473087818697,
long_c02_v0_A,8,1.6563906015664056,2.818863522746209,11.6,0.11407589391611485,0.12285690480158115,1.3929761706382269,
long_c02_v0_D00,0,1.6302282952841194,2.8426928845192467,11.276666666666667,0.11267472347794262,0.1180869987277255,1.4002666222296285,
long_c02_v0_D00,1,1.5844025995667388,2.790034994167639,11.243333333333334,0.10930000752192902,0.10145842095100553,1.4117230461589736,
long_c02_v0_D00,2,1.5604065989001834,2.8271954674220963,10.98,0.10856427104512936,0.1096987142354582,1.4177220463256124,
long_c02_v0_D00,3,1.6325612397933678,2.8415264122646224,11.253333333333334,0.11271095997386714,0.1268637105455974,1.3996833861023164,
long_c02_v0_D00,4,1.5457423762706215,2.7303782702882855,10.63,0.10726141531500716,0.1035370427680044,1.4213881019830028,
long_c02_v0_D00,5,1.6955507415430762,2.909848358606899,11.886666666666667,0.11668687988409984,0.12902168421665233,1.3839360106648892,
long_c02_v0_D00,6,1.5495750708215297,2.7645392434594234,10.99,0.10693009260283946,0.09212545263620077,1.4204299283452757,
long_c02_v0_D00,7,1.6092317947008832,2.7500416597233794,11.283333333333333,0.11167414460298872,0.10133483043831332,1.4055157473754374,
long_c02_v0_D00,8,1.6548908515247458,2.8478586902182967,11.386666666666667,0.11419750557619673,0.11787314548104462,1.3941009831694717,
long_c02_v0_D08,0,1.5669055157473755,2.862356273954341,11.216666666666667,0.1101063857011527,0.11014797798250574,1.3868105315780703,
long_c02_v0_D08,1,1.53624395934011,2.850358273621063,10.96,0.10845655167812861,0.10651544848345405,1.3944759206798867,
long_c02_v0_D08,2,1.600066655557407,2.7875354107648724,11.256666666666666,0.11222407299504235,0.1129358069951307,1.3785202466255624,
long_c02_v0_D08,3,1.5647392101316446,2.828861856357274,11.2,0.11039359032584616,0.11325519820770638,1.387352107982003,
long_c02_v0_D08,4,1.5565739043492752,2.8025329111814696,10.793333333333333,0.10948256399402986,0.10379288637079015,1.3893934344275953,
long_c02_v0_D08,5,1.6188968505249126,2.9415097483752706,11.336666666666666,0.11357945438859575,0.12501831705297817,1.373812697883686,
long_c02_v0_D08,6,1.648225295784036,2.8810198300283285,11.423333333333334,0.11525000877323288,0.12481220061206764,1.3664805865689051,
long_c02_v0_D08,7,1.6010664889185136,2.843859356773871,10.993333333333334,0.11209355704758416,0.10844707099081399,1.3782702882852857,
long_c02_v0_D08,8,1.535577403766039,2.774037660389935,10.686666666666667,0.1084138150963875,0.09507509330455494,1.3946425595734044,
long_c02_v1_A,0,1.5627395434094318,2.7235460756540575,11.053333333333333,0.10878387834563306,0.09507833350526232,1.4096400599900016,
long_c02_v1_A,1,1.6157307115480752,2.784702549575071,11.103333333333333,0.1124037275880617,0.11408389607023195,1.3963922679553409,
long_c02_v1_A,2,1.5910681553074488,2.8031994667555407,11.116666666666667,0.1105198600702084,0.11332687938253676,1.4025579070154974,
long_c02_v1_A,3,1.5859023496083986,2.833194467588735,11.23,0.11027052875826926,0.11224075088014439,1.40384935844026,
long_c02_v1_A,4,1.5769038493584402,2.713547742042993,11.09,0.10939009678516907,0.09603809418007046,1.4060989835027495,
long_c02_v1_A,5,1.6715547408765206,2.905682386268955,11.576666666666666,0.11558304450461056,0.13348919360000888,1.3824362606232294,
long_c02_v1_A,6,1.5864022662889519,2.779370104982503,10.94,0.11012061006569525,0.10788334219429058,1.4037243792701217,
long_c02_v1_A,7,1.607398766872188,2.725379103482753,11.296666666666667,0.1112740615546085,0.11380616458103544,1.3984752541243126,
long_c02_v1_A,8,1.6048991834694217,2.8248625229128477,11.256666666666666,0.11165419232774422,0.11405334560642023,1.3991001499750042,
long_c02_v1_D00,0,1.6753874354274287,2.8995167472087986,11.2,0.11391556076637285,0.12469813232186179,1.4188051991334778,
long_c02_v1_D00,1,1.697050491584736,2.8981836360606565,11.526666666666667,0.11503260220366408,0.1277982108801975,1.413389435094151,
long_c02_v1_D00,2,1.596067322112981,2.7730378270288285,11.196666666666667,0.10850124614209604,0.09779130726889433,1.4386352274620897,
long_c02_v1_D00,3,1.6898850191634727,2.9415097483752706,11.513333333333334,0.11440804278226556,0.13141367973062726,1.4151808031994668,
long_c02_v1_D00,4,1.6478920179970005,2.806365605732378,11.293333333333333,0.1121011303789856,0.10695069340295141,1.4256790534910848,
long_c02_v1_D00,5,1.6663889351774703,2.8356940509915014,11.486666666666666,0.11306676176201132,0.11513246469503782,1.4210548241959673,
long_c02_v1_D00,6,1.5804032661223129,2.7467088818530243,11.003333333333334,0.10799959447964645,0.0963363910247763,1.4425512414597568,
long_c02_v1_D00,7,1.6085652391268122,2.817363772704549,11.046666666666667,0.10986936454901572,0.10942012310117649,1.435510748208632,
long_c02_v1_D00,8,1.539576737210465,2.7333777703716047,10.663333333333334,0.1051056969359423,0.09045899757447823,1.4527578736877187,
long_c02_v1_D08,0,1.5645725712381269,2.7645392434594234,10.88,0.10998313131946462,0.10447961054110037,1.3919763372771206,
long_c02_v1_D08,1,1.5834027662056325,2.729378436927179,11.216666666666667,0.11082656430683041,0.10217503431967691,1.3872687885352442,
long_c02_v1_D08,2,1.5950674887518748,2.8018663556073986,11.14,0.11186448455105819,0.1134382364843956,1.3843526078986836,
long_c02_v1_D08,3,1.5352441259790035,2.787035494084319,10.953333333333333,0.10804144368806173,0.099791899762738,1.3993084485919014,
long_c02_v1_D08,4,1.5954007665389103,2.868188635227462,11.07,0.11162229126349092,0.11873775005753025,1.3842692884519248,
long_c02_v1_D08,5,1.594234294284286,2.8646892184635893,10.95,0.11155526731797251,0.11677141111402074,1.3845609065155808,
long_c02_v1_D08,6,1.606065655724046,2.7803699383436093,11.15,0.11248984999791381,0.11556407265455763,1.3816030661556407,
long_c02_v1_D08,7,1.6098983502749542,2.8541909681719715,11.146666666666667,0.11265693369498228,0.12324453860864468,1.3806448925179138,
long_c02_v1_D08,8,1.5810698216963839,2.7622062989501748,10.843333333333334,0.11096003386022556,0.10579744645733659,1.3878520246625563,
long_c03_v0_A,0,1.5752374604232628,2.7672054657557075,11.16,0.1101769203889211,0.10321196467255483,1.3937260456590568,
long_c03_v0_A,1,1.5800699883352776,2.7543742709548407,11.126666666666667,0.11057378886962729,0.10886320533879283,1.3925179136810533,
long_c03_v0_A,2,1.5437427095484086,2.73004499250125,10.71,0.10833314436211539,0.10077804492901998,1.4015997333777703,
long_c03_v0_A,3,1.6187302116313949,2.808698550241626,11.356666666666667,0.11286304674650288,0.1169400338038902,1.3828528578570238,
long_c03_v0_A,4,1.5894017663722713,2.785202466255624,11.353333333333333,0.11108513467685359,0.1138002793185265,1.3901849691718047,
long_c03_v0_A,5,1.594900849858357,2.8160306615564075,11.263333333333334,0.11147656606952475,0.11541290737258086,1.3888101983002832,
long_c03_v0_A,6,1.6052324612564572,2.8356940509915014,11.476666666666667,0.11204957555810773,0.11620781457058783,1.3862272954507582,
long_c03_v0_A,7,1.5859023496083986,2.7240459923346108,11.163333333333334,0.11107137429605068,0.10740749557613442,1.391059823362773,
long_c03_v0_A,8,1.6070654890851526,2.795200799866689,11.396666666666667,0.11237044903229662,0.11737825441791463,1.3857690384935843,
long_c03_v0_D00,0,1.6567238793534411,2.8706882186302285,11.083333333333334,0.11251172325817559,0.12427234349830625,1.4205132477920346,
long_c03_v0_D00,1,1.6523912681219797,2.9238460256623897,11.186666666666667,0.11241187898457652,0.12412514580903222,1.4215964005999,
long_c03_v0_D00,2,1.592901183136144,2.78920179970005,11.173333333333334,0.10871664267460243,0.10416418692122756,1.4364689218463589,
long_c03_v0_D00,3,1.6568905182469589,2.84469255124146,11.423333333333334,0.11248992247216838,0.11490029439537876,1.4204715880686551,
long_c03_v0_D00,4,1.6350608231961339,2.7465422429595066,11.276666666666667,0.11170087021729357,0.10822660508962806,1.4259290118313614,
long_c03_v0_D00,5,1.6413931011498084,2.8146975504082654,11.203333333333333,0.1117792184192919,0.11116738480094611,1.4243459423429428,
long_c03_v0_D00,6,1.5699050158306949,2.693717713714381,11.073333333333334,0.10734085724032146,0.09105982336277267,1.4422179636727213,
long_c03_v0_D00,7,1.6413931011498084,2.766038993501083,11.376666666666667,0.11182185862117476,0.11224458621975726,1.4243459423429428,
long_c03_v0_D00,8,1.6308948508581902,2.8140309948341944,11.36,0.11122702811239542,0.10983962990295289,1.4269705049158474,
long_c03_v0_D08,0,1.594234294284286,2.724545909015164,11.153333333333334,0.11089787181730615,0.10483887606033927,1.396808865189135,
long_c03_v0_D08,1,1.5649058490251624,2.7327112147975336,11.043333333333333,0.1091422297989479,0.09781207100403894,1.4041409765039161,
long_c03_v0_D08,2,1.5854024329278453,2.7738710214964173,11.01,0.11044220272352147,0.11394291427619242,1.3990168305282453,
long_c03_v0_D08,3,1.5894017663722713,2.7790368271954673,11.12,0.11079432952376045,0.11047325445759043,1.3980169971671388,
long_c03_v0_D08,4,1.60206632227962,2.7415430761539743,11.106666666666667,0.11159132900297185,0.11622368494139883,1.3948508581903016,
long_c03_v0_D08,5,1.5984002666222297,2.8025329111814696,11.173333333333334,0.11128873603939207,0.11089183548773646,1.3957673721046493,
long_c03_v0_D08,6,1.5510748208631895,2.73004499250125,11.116666666666667,0.10817183074171832,0.10110616484554182,1.4075987335444093,
long_c03_v0_D08,7,1.6577237127145477,2.928178636893851,11.4,0.11500688606499118,0.13056316010823635,1.3809365105815696,
long_c03_v0_D08,8,1.6197300449925012,2.798366938843526,11.083333333333334,0.11266458428739069,0.11414803881892743,1.3904349275120813,
long_c03_v1_A,0,1.6307282119646727,2.8355274120979836,11.19,0.11233835507854187,0.1236253613815691,1.4105565739043493,
long_c03_v1_A,1,1.6293951008165306,2.8265289118480252,11.283333333333333,0.11183434149726214,0.11708260263501073,1.4108898516913848,
long_c03_v1_A,2,1.5700716547242126,2.714214297617064,10.95,0.10822145179164648,0.0966040712791256,1.4257207132144643,
long_c03_v1_A,3,1.5997333777703715,2.8013664389268453,11.176666666666666,0.11014386422131378,0.10512824582146392,1.4183052824529245,
long_c03_v1_A,4,1.6153974337610397,2.7895350774870855,11.27,0.11106114468869924,0.11131927747491852,1.4143892684552575,
long_c03_v1_A,5,1.6003999333444425,2.803032827862023,11.14,0.1101070191830025,0.10453945506436788,1.4181386435594068,
long_c03_v1_A,6,1.6318946842192967,2.846692217963673,11.283333333333333,0.11194391230947463,0.11074516681082285,1.4102649558406932,
long_c03_v1_A,7,1.638393601066489,2.7752041326445593,11.276666666666667,0.11251191445301553,0.11343360762624262,1.408640226628895,
long_c03_v1_A,8,1.6298950174970839,2.9190134977503748,11.283333333333333,0.11183799677704395,0.11752221190648159,1.4107648725212465,
long_c03_v1_D00,0,1.593567738710215,2.7650391601399766,11.0,0.11133557309196405,0.10357400750668552,1.4000583236127313,
long_c03_v1_D00,1,1.6863856023996,2.8936843859356776,11.453333333333333,0.11641965802132022,0.14237131113068516,1.376853857690385,
long_c03_v1_D00,2,1.617230461589735,2.8190301616397266,11.153333333333334,0.11221853136523674,0.12010954523452473,1.3941426428928512,
long_c03_v1_D00,3,1.6197300449925012,2.7955340776537243,11.253333333333334,0.1121961594107148,0.12095722141547895,1.3935177470421596,
long_c03_v1_D00,4,1.6085652391268122,2.8205299116813864,11.026666666666667,0.11207683157925276,0.11228188159116369,1.396308948508582,
long_c03_v1_D00,5,1.5897350441593068,2.8151974670888187,11.27,0.11045224719268398,0.11263757627697009,1.4010164972504582,
long_c03_v1_D00,6,1.5704049325112481,2.757707048825196,11.116666666666667,0.10926444979389877,0.09917275692146565,1.405849025162473,
long_c03_v1_D00,7,1.5357440426595568,2.684385935677387,10.883333333333333,0.10701881337565924,0.0911865879496274,1.4145142476253958,
long_c03_v1_D00,8,1.5662389601733044,2.7843692717880355,10.96,0.1090177361692695,0.09770911197340124,1.4068905182469589,
long_c03_v1_D08,0,1.533577737043826,2.7923679386768874,11.026666666666667,0.10869145850697941,0.112837344569556,1.381436427262123,
long_c03_v1_D08,1,1.5544075987335444,2.741043159473421,11.046666666666667,0.10993547181472321,0.10222244705247548,1.3762289618396935,
long_c03_v1_D08,2,1.5875687385435762,2.855190801533078,11.24,0.11260826529970433,0.11725863149792531,1.3679386768871855,
long_c03_v1_D08,3,1.5662389601733044,2.8000333277787037,11.08,0.11116387270640285,0.10790443656216052,1.3732711214797533,
long_c03_v1_D08,4,1.5622396267288785,2.81803032827862,11.056666666666667,0.1103032379566641,0.1085088993104326,1.3742709548408598,
long_c03_v1_D08,5,1.5650724879186801,2.7498750208298617,11.063333333333333,0.11083102073263115,0.10175843708588267,1.3735627395434094,
long_c03_v1_D08,6,1.63239460089985,2.825862356273954,11.413333333333334,0.1153981646390006,0.12922667650629696,1.356732211298117,
long_c03_v1_D08,7,1.56657223796034,2.781369771704716,10.89,0.11122691976321566,0.11134076860205872,1.3731878020329944,
long_c03_v1_D08,8,1.5505749041826362,2.732377937010498,10.716666666666667,0.10984158858067877,0.10894235881321368,1.3771871354774203,
long_c04_v0_A,0,1.600733211131478,2.8478586902182967,11.023333333333333,0.10949020610817223,0.1039285119146809,1.429511748041993,
long_c04_v0_A,1,1.648225295784036,2.8725212464589234,11.383333333333333,0.11254356286939213,0.11841399449298166,1.4176387268788535,
long_c04_v0_A,2,1.6692217963672722,2.8750208298616897,11.343333333333334,0.11377411461726293,0.12785369105149158,1.4123896017330444,
long_c04_v0_A,3,1.6815530744875855,2.9120146642226294,11.323333333333334,0.11447544975755293,0.13265685877750583,1.4093067822029661,
long_c04_v0_A,4,1.5370771538076988,2.699050158306949,10.866666666666667,0.10562798731728575,0.08426551923885675,1.4454257623729379,
long_c04_v0_A,5,1.6207298783536077,2.797700383269455,11.206666666666667,0.11096215907580055,0.10639456915910844,1.4245125812364605,
long_c04_v0_A,6,1.5525745709048493,2.6630561573071154,11.046666666666667,0.1065232629092675,0.08873540917783529,1.4415514080986502,
long_c04_v0_A,7,1.6892184635894019,2.8541909681719715,11.53,0.11502664775837634,0.11922477206179939,1.4073904349275121,
long_c04_v0_A,8,1.6382269621729713,2.905015830694884,11.306666666666667,0.11157660958688959,0.11852667412574105,1.4201383102816196,
long_c04_v0_D00,0,1.587068821863023,2.773371104815864,10.993333333333334,0.10946081627409211,0.09477904476238073,1.417680386602233,
long_c04_v0_D00,1,1.63239460089985,2.800533244459257,11.236666666666666,0.11253371757634803,0.11523873005292791,1.4063489418430262,
long_c04_v0_D00,2,1.5864022662889519,2.796533911014831,11.253333333333334,0.10966603234715047,0.10609362725260084,1.4178470254957507,
long_c04_v0_D00,3,1.5725712381269787,2.6773871021496416,11.176666666666666,0.10864075598103919,0.09903984256592147,1.421304782536244,
long_c04_v0_D00,4,1.655390768205299,2.8673554407598734,11.54,0.11365550824061631,0.12781718919862586,1.4005999000166638,
long_c04_v0_D00,5,1.6227295450758208,2.828695217463756,11.12,0.11173434685108456,0.11329123717475681,1.4087652057990334,
long_c04_v0_D00,6,1.6103982669555075,2.8171971338110313,11.103333333333333,0.11087529985078748,0.113165662865713,1.411848025329112,
long_c04_v0_D00,7,1.621896350608232,2.7817030494917514,11.38,0.11160161950035616,0.11411609969766964,1.4089735044159306,
long_c04_v0_D00,8,1.6267288785202467,2.7347108815197467,11.303333333333333,0.11183190337852576,0.11645856642940487,1.407765372437927,
long_c04_v0_D08,0,1.6112314614230963,2.788368605232461,11.366666666666667,0.11105278346826614,0.10828704475180073,1.4095984002666222,
long_c04_v0_D08,1,1.5410764872521245,2.7137143809365107,10.813333333333333,0.1068283537352723,0.09715001203503115,1.4271371438093652,
long_c04_v0_D08,2,1.5905682386268956,2.7828695217463757,10.973333333333333,0.1098134709417202,0.10189743508357076,1.4147642059656724,
long_c04_v0_D08,3,1.605399100149975,2.8126978836860523,11.26,0.11062650083036786,0.11485182363785935,1.4110564905849026,
long_c04_v0_D08,4,1.6038993501083152,2.7717047158806865,11.18,0.11073116807551725,0.10158796285275193,1.4114314280953175,
long_c04_v0_D08,5,1.6832194634227629,2.892851191468089,11.646666666666667,0.11546516107700806,0.13266591811417727,1.3916013997667056,
long_c04_v0_D08,6,1.6200633227795367,2.8231961339776706,11.056666666666667,0.11169644584706599,0.11778446978413659,1.4073904349275121,
long_c04_v0_D08,7,1.6530578236960507,2.822862856190635,11.463333333333333,0.11375351334468099,0.12520168596239248,1.3991418096983836,
long_c04_v0_D08,8,1.5907348775204133,2.6932177970338276,10.876666666666667,0.1100326026801013,0.1005736477782804,1.414722546242293,
long_c04_v1_A,0,1.538243626062323,2.720879853357774,11.043333333333333,0.1072222039778645,0.09164570455188681,1.4113064489251792,
long_c04_v1_A,1,1.583736043992668,2.762706215630728,11.096666666666666,0.11090317103204529,0.10480164681547796,1.399933344442593,
long_c04_v1_A,2,1.5985669055157474,2.8170304949175136,11.083333333333334,0.11118349643823558,0.11651021126108627,1.3962256290618231,
long_c04_v1_A,3,1.573071154807532,2.7097150474920846,11.24,0.1099637581381329,0.10290374884609174,1.4025995667388769,
long_c04_v1_A,4,1.539576737210465,2.6835527412097986,11.063333333333333,0.10764035413256184,0.0939853939687301,1.4109731711381437,
long_c04_v1_A,5,1.6548908515247458,2.8501916347275453,11.403333333333334,0.11468363761653,0.12871075720184236,1.3821446425595734,
long_c04_v1_A,6,1.6292284619230128,2.859690051658057,11.206666666666667,0.11303463354313747,0.12403514758122347,1.3885602399600068,
long_c04_v1_A,7,1.6660556573904348,2.8290284952507916,11.576666666666666,0.11522445814917363,0.12661606663439728,1.3793534410931512,
long_c04_v1_A,8,1.5835694050991502,2.7763706048991836,11.23,0.11014428697231875,0.11079132313926505,1.3999750041659724,
long_c04_v1_D00,0,1.6232294617563738,2.9118480253291117,10.903333333333334,0.11293463327755825,0.12119435120601633,1.3868938510248292,
long_c04_v1_D00,1,1.5887352107982002,2.7505415764039327,11.12,0.1111387165110417,0.10818481311315863,1.3955174137643727,
long_c04_v1_D00,2,1.6220629895017498,2.80103316113981,11.463333333333333,0.11283060082351631,0.11401499221029318,1.3871854690884853,
long_c04_v1_D00,3,1.6143976003999334,2.8801866355607397,11.273333333333333,0.11225242020697661,0.12075136948074819,1.3891018163639393,
long_c04_v1_D00,4,1.5734044325945675,2.720713214464256,10.993333333333334,0.10979570006151541,0.098456077426249,1.3993501083152808,
long_c04_v1_D00,5,1.5694050991501416,2.774704215964006,11.05,0.109704895442469,0.10537436882212764,1.4003499416763874,
long_c04_v1_D00,6,1.5397433761039827,2.77070488251958,10.903333333333334,0.1076757406084898,0.09550974308514693,1.407765372437927,
long_c04_v1_D00,7,1.6387268788535243,2.868188635227462,11.696666666666667,0.11395430245731535,0.12874348984164047,1.3830194967505416,
long_c04_v1_D00,8,1.571904682552908,2.8018663556073986,10.943333333333333,0.10971299061111765,0.10777079481462119,1.3997250458256958,
long_c04_v1_D08,0,1.623729378436927,2.753874354274288,11.193333333333333,0.11192842346023422,0.12042688652420386,1.404807532077987,
long_c04_v1_D08,1,1.5919013497750374,2.736043992667889,10.956666666666667,0.10997840761664594,0.09933972644770847,1.4127645392434593,
long_c04_v1_D08,2,1.623062822862856,2.8225295784035995,11.206666666666667,0.11181842505481498,0.11647694960892768,1.4049741709715047,
long_c04_v1_D08,3,1.6293951008165306,2.856857190468255,11.293333333333333,0.1123524267111389,0.10953306724011633,1.4033911014830862,
long_c04_v1_D08,4,1.610731544742543,2.8170304949175136,11.146666666666667,0.11119899628898565,0.11880572814583834,1.4080569905015832,
long_c04_v1_D08,5,1.5685719046825528,2.753041159806699,10.893333333333333,0.1087195054351996,0.1012241346019051,1.4185969005165806,
long_c04_v1_D08,6,1.6530578236960507,2.8363606065655724,11.53,0.11372965150339623,0.11904418046727684,1.397475420763206,
long_c04_v1_D08,7,1.5765705715714047,2.796367272121313,11.15,0.10915837989872974,0.10529111550191378,1.4165972337943675,
long_c04_v1_D08,8,1.6088985169138477,2.7933677720379935,10.93,0.11111578403085481,0.10985821146211085,1.4085152474587568,
long_c05_v0_A,0,1.6175637393767706,2.8185302449591734,11.17,0.11095630299821885,0.11004627535622416,1.419680053324446,
long_c05_v0_A,1,1.619230128311948,2.69155140809865,11.31,0.11078377857067834,0.10718742643421887,1.4192634560906516,
long_c05_v0_A,2,1.616563906015664,2.8383602732877855,11.253333333333334,0.1108418363864198,0.1139906576417161,1.4199300116647224,
long_c05_v0_A,3,1.6387268788535243,2.7738710214964173,11.176666666666666,0.11215951146731155,0.11229332148345696,1.4143892684552575,
long_c05_v0_A,4,1.6018996833861023,2.769871688051991,11.066666666666666,0.1099062787425636,0.1076038252883781,1.423596067322113,
long_c05_v0_A,5,1.626562239626729,2.8363606065655724,11.373333333333333,0.11138743335670162,0.10840428711616865,1.4174304282619563,
long_c05_v0_A,6,1.5839026828861857,2.8256957173804365,10.973333333333333,0.10880720677668362,0.10530996156725228,1.428095317447092,
long_c05_v0_A,7,1.6295617397100484,2.839860023329445,11.29,0.11182493426990839,0.11140041474569097,1.4166805532411264,
long_c05_v0_A,8,1.6585569071821362,2.81436427262123,11.4,0.11333271743151424,0.1237638303668971,1.4094317613731044,
long_c05_v0_D00,0,1.5829028495250792,2.807032161306449,10.78,0.11107955440229016,0.11272056509100359,1.3869355107482086,
long_c05_v0_D00,1,1.5839026828861857,2.723879353441093,11.17,0.11110861190039341,0.11480732047304297,1.386685552407932,
long_c05_v0_D00,2,1.5829028495250792,2.7823696050658224,10.93,0.11094815647105644,0.11959600648569174,1.3869355107482086,
long_c05_v0_D00,3,1.5742376270621563,2.7680386602232963,10.97,0.11046264273159577,0.10455307713264723,1.3891018163639393,
long_c05_v0_D00,4,1.6162306282286285,2.74704215964006,11.293333333333333,0.11296736226305754,0.11483132440889501,1.3786035660723213,
long_c05_v0_D00,5,1.6018996833861023,2.830694884185969,11.273333333333333,0.11216864252193531,0.11456430541999625,1.3821863022829528,
long_c05_v0_D00,6,1.5700716547242126,2.6840526578903514,10.826666666666666,0.11022694630010707,0.10089694045701372,1.3901433094484252,
long_c05_v0_D00,7,1.5944009331778037,2.8205299116813864,11.27,0.11167018429125952,0.11700278789513918,1.3840609898350276,
long_c05_v0_D00,8,1.55474087652058,2.7052157973671056,10.87,0.10936789911830483,0.10102767263657113,1.3939760039993334,
long_c05_v0_D08,0,1.6240626562239626,2.8725212464589234,11.286666666666667,0.11196950721893846,0.11283311247067318,1.4014330944842526,
long_c05_v0_D08,1,1.6248958506915514,2.9066822196300617,11.4,0.11231238111225028,0.1172782049552591,1.4012247958673554,
long_c05_v0_D08,2,1.606065655724046,2.817363772704549,11.203333333333333,0.11121950297964597,0.11143453604293486,1.4059323446092318,
long_c05_v0_D08,3,1.6257290451591402,2.8243626062322944,11.313333333333333,0.11224289720723374,0.12341944332029366,1.4010164972504582,
long_c05_v0_D08,4,1.6392267955340776,2.7860356607232126,11.66,0.11320311551064799,0.11680030841420633,1.3976420596567238,
long_c05_v0_D08,5,1.5904015997333778,2.7623729378436925,11.056666666666667,0.11021339906702989,0.10782977969280273,1.4098483586068988,
long_c05_v0_D08,6,1.589568405265789,2.7868688551908014,11.27,0.1101228147152069,0.1061604150630981,1.410056657223796,
long_c05_v0_D08,7,1.6123979336777203,2.7738710214964173,11.336666666666666,0.11130117899486898,0.11212092958051997,1.404349275120813,
long_c05_v0_D08,8,1.5472421263122813,2.732377937010498,10.686666666666667,0.10741520319417767,0.09212327046021423,1.420638226962173,
long_c05_v1_A,0,1.6063989335110815,2.7995334110981505,11.283333333333333,0.11055070843329615,0.10751680275509659,1.4151808031994668,
long_c05_v1_A,1,1.604732544575904,2.787202132977837,11.1,0.11061945543333185,0.11725129145142499,1.4155974004332612,
long_c05_v1_A,2,1.6538910181636395,2.878353607732045,11.533333333333333,0.11366738687235296,0.11720407709826172,1.4033077820363273,
long_c05_v1_A,3,1.5867355440759874,2.7402099650058322,10.996666666666666,0.10938935816360662,0.10999079518492978,1.4200966505582402,
long_c05_v1_A,4,1.6307282119646727,2.712714547575404,11.176666666666666,0.11187849446335042,0.10462780012855011,1.409098483586069,
long_c05_v1_A,5,1.6638893517747042,2.846692217963673,11.536666666666667,0.11408164314375063,0.12596948127693053,1.400808198633561,
long_c05_v1_A,6,1.5865689051824696,2.830194967505416,11.146666666666667,0.10921198202295303,0.10211552042913492,1.4201383102816196,
long_c05_v1_A,7,1.6162306282286285,2.8441926345609065,11.52,0.11100572966394741,0.11553372057038165,1.41272287952008,
long_c05_v1_A,8,1.5850691551408098,2.755374104315947,10.953333333333333,0.10959524180341083,0.09979051110529195,1.4205132477920346,
long_c05_v1_D00,0,1.5504082652891185,2.6927178803532743,10.753333333333334,0.10737614897718795,0.09585796547136333,1.4195550741543077,
long_c05_v1_D00,1,1.645559073487752,2.8255290784869187,11.553333333333333,0.1134767686814656,0.12482873224832945,1.3957673721046493,
long_c05_v1_D00,2,1.633727712047992,2.822196300616564,11.236666666666666,0.11301249600927382,0.10979750729375846,1.3987252124645893,
long_c05_v1_D00,3,1.630561573071155,2.723212797867022,11.303333333333333,0.11288075382989955,0.11121790548136191,1.3995167472087986,
long_c05_v1_D00,4,1.6433927678720213,2.8171971338110313,11.53,0.11337855612842339,0.12180780716441464,1.396308948508582,
long_c05_v1_D00,5,1.5479086818863523,2.7288785202466257,10.853333333333333,0.10733856266378576,0.09788580210176633,1.420179970004999,
long_c05_v1_D00,6,1.631061489751708,2.8013664389268453,11.533333333333333,0.11284584291179552,0.12331112803950701,1.3993917680386603,
long_c05_v1_D00,7,1.5779036827195467,2.7717047158806865,10.99,0.10916038430433753,0.10036356374466716,1.4126812197967005,
long_c05_v1_D00,8,1.596733877687052,2.7837027162139645,11.003333333333334,0.11053048649383097,0.1149295884548345,1.4079736710548243,
long_c05_v1_D08,0,1.6432261289785035,2.846025662389602,11.276666666666667,0.11232728332066003,0.1132302023736788,1.418721879686719,
long_c05_v1_D08,1,1.6407265455757374,2.8461923012831196,11.173333333333334,0.11192357628970638,0.11512631492634862,1.4193467755374105,
long_c05_v1_D08,2,1.593567738710215,2.824195967338777,10.803333333333333,0.10912315446467229,0.10351912247429673,1.4311364772537911,
long_c05_v1_D08,3,1.6235627395434094,2.8185302449591734,11.213333333333333,0.11092785708990667,0.1078124545380004,1.4236377270454925,
long_c05_v1_D08,4,1.6085652391268122,2.8118646892184636,10.996666666666666,0.11011690634568655,0.10296385787553931,1.4273871021496418,
long_c05_v1_D08,5,1.6672221296450591,2.8990168305282453,11.163333333333334,0.11353182347372899,0.11869536294215552,1.41272287952008,
long_c05_v1_D08,6,1.611898016997167,2.7493751041493084,11.133333333333333,0.11033101925782852,0.1034725032600387,1.426553907682053,
long_c05_v1_D08,7,1.6027328778536911,2.847192134644226,11.223333333333333,0.10960735174852229,0.1062039924562838,1.428845192467922,
long_c05_v1_D08,8,1.6447258790201633,2.8780203299450093,11.353333333333333,0.11211102800928821,0.12897618915365994,1.418346942176304,
long_c06_v0_A,0,1.650224962506249,2.8000333277787037,11.54,0.11308532405473692,0.12018836807622012,1.4043076153974337,
long_c06_v0_A,1,1.5887352107982002,2.7392101316447257,11.276666666666667,0.10960704129021315,0.10231317267227952,1.419680053324446,
long_c06_v0_A,2,1.681719713381103,2.836027328778537,11.366666666666667,0.11529193567680837,0.11922721874396613,1.3964339276787203,
long_c06_v0_A,3,1.6372271288118647,2.8363606065655724,11.566666666666666,0.11256763821778637,0.12291291398523543,1.40755707382103,
long_c06_v0_A,4,1.575070821529745,2.7052157973671056,10.866666666666667,0.1085212269205752,0.0971166181297825,1.4230961506415598,
long_c06_v0_A,5,1.6232294617563738,2.8105315780703215,11.26,0.11168611777697089,0.11217680651108407,1.4110564905849026,
long_c06_v0_A,6,1.5645725712381269,2.7185469088485252,11.046666666666667,0.10785157377878452,0.0995176068538843,1.4257207132144643,
long_c06_v0_A,7,1.6110648225295785,2.783202799533411,11.12,0.11092455610694005,0.11312942551902726,1.4140976503916014,
long_c06_v0_A,8,1.6030661556407266,2.7890351608065322,11.073333333333334,0.11046458617718435,0.11341786950852113,1.4160973171138143,
long_c06_v0_D00,0,1.5595734044325946,2.8151974670888187,10.783333333333333,0.10826645473921435,0.09513659099144847,1.416263956007332,
long_c06_v0_D00,1,1.6215630728211965,2.8291951341443093,11.09,0.11192732216736487,0.11580774897305512,1.4007665389101815,
long_c06_v0_D00,2,1.6017330444925846,2.7867022162972837,11.216666666666667,0.11100117342455507,0.10630119847750263,1.4057240459923346,
long_c06_v0_D00,3,1.6325612397933678,2.7677053824362607,11.136666666666667,0.11294736100726417,0.11521717279924275,1.3980169971671388,
long_c06_v0_D00,4,1.5525745709048493,2.739710048325279,11.023333333333333,0.10788636684431965,0.09947931958430198,1.4180136643892685,
long_c06_v0_D00,5,1.5654057657057157,2.748875187468755,10.78,0.10854867031400577,0.10017424344619824,1.4148058656890519,
long_c06_v0_D00,6,1.642892851191468,2.836693884352608,11.453333333333333,0.11326400913284485,0.12223445563305614,1.3954340943176138,
long_c06_v0_D00,7,1.6227295450758208,2.741043159473421,11.3,0.11203657192557888,0.11313041741720309,1.4004749208465255,
long_c06_v0_D00,8,1.650224962506249,2.8350274954174304,11.47,0.11412207044485248,0.1325188526779931,1.3936010664889185,
long_c06_v0_D08,0,1.6183969338443593,2.80769871688052,11.166666666666666,0.11137721480686424,0.1101942665640385,1.4105149141809699,
long_c06_v0_D08,1,1.5780703216130645,2.7077153807698715,11.043333333333333,0.10899892115271867,0.09792349423244288,1.4205965672387935,
long_c06_v0_D08,2,1.6430594900849858,2.9423429428428594,11.493333333333334,0.11285316895463603,0.1227677662188582,1.404349275120813,
long_c06_v0_D08,3,1.6318946842192967,2.7772037993667724,11.123333333333333,0.11220126552908276,0.1204090323570415,1.4071404765872355,
long_c06_v0_D08,4,1.5565739043492752,2.716047325445759,10.853333333333333,0.10764187458163166,0.09792091529718588,1.4259706715547409,
long_c06_v0_D08,5,1.6193967672054657,2.7692051324779206,11.09,0.11169407884967213,0.10499473632701435,1.4102649558406932,
long_c06_v0_D08,6,1.6075654057657056,2.8718546908848523,11.02,0.11076224762467911,0.11087986658308285,1.4132227962006332,
long_c06_v0_D08,7,1.6407265455757374,2.8415264122646224,11.263333333333334,0.11273677509354445,0.12517827716544674,1.4049325112481252,
long_c06_v0_D08,8,1.625229128478587,2.858190301616397,11.096666666666666,0.11173445340717097,0.10973164525489178,1.4088068655224129,
long_c06_v1_A,0,1.5812364605899016,2.8506915514080986,11.27,0.11045412467884526,0.10819367407019485,1.3951841359773371,
long_c06_v1_A,1,1.5839026828861857,2.7415430761539743,11.096666666666666,0.11073373712456161,0.11083271835646478,1.3945175804032661,
long_c06_v1_A,2,1.5934010998166972,2.7303782702882855,11.21,0.11122851929327007,0.10979162203124906,1.3921429761706383,
long_c06_v1_A,3,1.6133977670388269,2.829528411931345,11.04,0.11241619956479151,0.11571404765872396,1.3871438093651058,
long_c06_v1_A,4,1.6292284619230128,2.840526578903516,11.223333333333333,0.11341502614376121,0.12589707271010447,1.3831861356440593,
long_c06_v1_A,5,1.5735710714880853,2.7505415764039327,11.023333333333333,0.1099324534083614,0.10240098872410182,1.3971004832527911,
long_c06_v1_A,6,1.594234294284286,2.8068655224129313,11.346666666666666,0.1113783885740279,0.11735286182461682,1.3919346775537411,
long_c06_v1_A,7,1.5439093484419264,2.6312281286452257,10.98,0.10806046444027395,0.09559418668317192,1.4045159140143308,
long_c06_v1_A,8,1.6110648225295785,2.8435260789868355,11.536666666666667,0.11238108677210695,0.11422282794137517,1.387727045492418,
long_c06_v1_D00,0,1.630561573071155,2.8261956340609897,11.016666666666667,0.11171513541165315,0.11884229612524937,1.4121813031161472,
long_c06_v1_D00,1,1.6563906015664056,2.8810198300283285,11.266666666666667,0.11338536491544547,0.1283720570381132,1.4057240459923346,
long_c06_v1_D00,2,1.6050658223629395,2.7732044659223463,11.013333333333334,0.11051161746237861,0.10521599574674088,1.4185552407932012,
long_c06_v1_D00,3,1.6127312114647558,2.7427095484085986,11.29,0.11079417377306804,0.10581153141143149,1.416638893517747,
long_c06_v1_D00,4,1.621229795034161,2.9251791368105318,10.89,0.11142676627291079,0.11790852318264457,1.4145142476253958,
long_c06_v1_D00,5,1.5734044325945675,2.7512081319780037,10.806666666666667,0.1084033592621868,0.10056419168233861,1.4264705882352942,
long_c06_v1_D00,6,1.6200633227795367,2.763372771204799,11.21,0.11128915089296294,0.10452603137572314,1.4148058656890519,
long_c06_v1_D00,7,1.6380603232794535,2.7932011331444757,11.143333333333333,0.11238308094231118,0.1205765308956449,1.4103066155640727,
long_c06_v1_D00,8,1.6010664889185136,2.718713547742043,11.003333333333334,0.11009135106708313,0.09818284254211605,1.4195550741543077,
long_c06_v1_D08,0,1.5670721546408932,2.7960339943342776,11.096666666666666,0.10990058554911232,0.10156567820707146,1.3941843026162306,
long_c06_v1_D08,1,1.6090651558073654,2.8381936343942678,11.216666666666667,0.11246372342205462,0.11359978363394468,1.3836860523246126,
long_c06_v1_D08,2,1.5752374604232628,2.7880353274454257,10.963333333333333,0.11037832392655732,0.10992777658750005,1.3921429761706383,
long_c06_v1_D08,3,1.6350608231961339,2.8118646892184636,11.466666666666667,0.11409124968659079,0.12116042828840709,1.3771871354774203,
long_c06_v1_D08,4,1.5835694050991502,2.7842026328945177,11.036666666666667,0.11094408698895532,0.11170109214601809,1.3900599900016664,
long_c06_v1_D08,5,1.633727712047992,2.849191801366439,11.553333333333333,0.1137827243915591,0.12659265783745058,1.3775204132644558,
long_c06_v1_D08,6,1.5354107648725213,2.705549075154141,10.913333333333334,0.10782461468231032,0.09692141256880482,1.4020996500583236,
long_c06_v1_D08,7,1.5597400433261124,2.752374604232628,11.056666666666667,0.10934401968286045,0.10769124458092971,1.396017330444926,
long_c06_v1_D08,8,1.5887352107982002,2.8210298283619397,10.9,0.11127067166999975,0.11083992614987456,1.3887685385769037,
long_c07_v0_A,0,1.5720713214464257,2.7205465755707383,11.126666666666667,0.11007454693019256,0.10359225843311833,1.3987252124645893,
long_c07_v0_A,1,1.5714047658723547,2.9035160806532243,10.86,0.10970279834962306,0.11025642551638237,1.398891851358107,
long_c07_v0_A,2,1.6058990168305283,2.7782036327278785,11.266666666666667,0.1119534439395772,0.11098348687917124,1.3902682886185636,
long_c07_v0_A,3,1.5492417930344942,2.7052157973671056,11.006666666666666,0.10830957526484077,0.09989922314534883,1.404432594567572,
long_c07_v0_A,4,1.5975670721546409,2.7565405765705715,11.303333333333333,0.11149403777057473,0.10774057498353473,1.3923512747875355,
long_c07_v0_A,5,1.633061156473921,2.8785202466255626,11.383333333333333,0.11371912257983169,0.11842847620634696,1.3834777537077154,
long_c07_v0_A,6,1.6142309615064157,2.8240293284452593,11.42,0.11251537044173052,0.12277576753080875,1.3881853024495918,
long_c07_v0_A,7,1.5984002666222297,2.7350441593067822,11.34,0.11133285654371909,0.10831488402726565,1.3921429761706383,
long_c07_v0_A,8,1.5920679886685551,2.8061989668388603,11.213333333333333,0.11089824817991036,0.11800890327802563,1.3937260456590568,
long_c07_v0_D00,0,1.6263956007332112,2.8550241626395603,11.13,0.1112922177644186,0.10709445251188299,1.4198466922179638,
long_c07_v0_D00,1,1.588235294117647,2.775370771538077,10.9,0.10882939799787138,0.10626026614611847,1.4293867688718547,
long_c07_v0_D00,2,1.6215630728211965,2.808698550241626,11.13,0.11096604907120014,0.10628903119321385,1.4210548241959673,
long_c07_v0_D00,3,1.6415597400433262,2.8271954674220963,11.243333333333334,0.11230561467562857,0.12086576840367899,1.4160556573904348,
long_c07_v0_D00,4,1.6662222962839526,2.8816863856023995,11.276666666666667,0.11373934665845804,0.11956459637679452,1.4098900183302783,
long_c07_v0_D00,5,1.6437260456590568,2.7722046325612397,11.293333333333333,0.11244116789227741,0.1126812197967007,1.4155140809865023,
long_c07_v0_D00,6,1.5992334610898185,2.832027995334111,11.15,0.10966216194915648,0.1119240047293706,1.426637227128812,
long_c07_v0_D00,7,1.6308948508581902,2.8075320779870023,11.256666666666666,0.11143864839290556,0.11806484633513477,1.418721879686719,
long_c07_v0_D00,8,1.5937343776037327,2.7587068821863023,11.196666666666667,0.10932539559808394,0.09725581450710602,1.4280119980003332,
long_c07_v0_D08,0,1.5879020163306115,2.7563739376770537,11.163333333333334,0.10906517549511541,0.10298098465070661,1.4246375604065988,
long_c07_v0_D08,1,1.6915514080986502,2.9320113314447593,11.8,0.11565594029550241,0.13812869812703252,1.3987252124645893,
long_c07_v0_D08,2,1.6485585735710715,2.766038993501083,11.293333333333333,0.11284297543004197,0.11625020168596277,1.4094734210964839,
long_c07_v0_D08,3,1.568405265789035,2.7297117147142145,10.94,0.10783216176410315,0.09064474703951449,1.429511748041993,
long_c07_v0_D08,4,1.6282286285619063,2.798366938843526,11.156666666666666,0.11160411999167481,0.115975842650564,1.4145559073487752,
long_c07_v0_D08,5,1.6300616563906016,2.841193134477587,11.246666666666666,0.11187741573751697,0.10671032341170673,1.4140976503916014,
long_c07_v0_D08,6,1.65755707382103,2.8073654390934846,11.323333333333334,0.11362181902242902,0.12283104932246774,1.4072237960339944,
long_c07_v0_D08,7,1.5867355440759874,2.7442092984502584,10.933333333333334,0.10910807174921063,0.10360290480687111,1.424929178470255,
long_c07_v0_D08,8,1.5739043492751208,2.8378603566072322,10.803333333333333,0.10839232051440567,0.1028752483051767,1.4281369771704715,
long_c07_v1_A,0,1.6518913514414264,2.870354940843193,11.46,0.11319866220841798,0.12291172370742504,1.4033911014830862,
long_c07_v1_A,1,1.648891851358107,2.902016330611565,11.223333333333333,0.1134405971846545,0.1270475423408275,1.4041409765039161,
long_c07_v1_A,2,1.5894017663722713,2.7387102149641724,10.943333333333333,0.109742442477356,0.09828368552331218,1.419013497750375,
long_c07_v1_A,3,1.5372437927012164,2.699216797200467,10.91,0.10621243865120399,0.09583488730714194,1.4320529911681386,
long_c07_v1_A,4,1.6268955174137645,2.7890351608065322,11.29,0.1119541593496693,0.10949411870508394,1.4096400599900016,
long_c07_v1_A,5,1.60206632227962,2.749541743042826,10.996666666666666,0.11027937563437429,0.11025569812438694,1.4158473587735378,
long_c07_v1_A,6,1.6527245459090152,2.8256957173804365,11.586666666666666,0.11355077430677334,0.12360069618026696,1.403182802866189,
long_c07_v1_A,7,1.6232294617563738,2.775537410431595,11.046666666666667,0.11159911144152253,0.1133355419599382,1.4105565739043493,
long_c07_v1_A,8,1.5985669055157474,2.7843692717880355,10.96,0.11002243874602802,0.09923610615162051,1.4167222129645058,
long_c07_v1_D00,0,1.5885685719046825,2.7622062989501748,10.986666666666666,0.11038607260653291,0.10862673681370595,1.4020579903349442,
long_c07_v1_D00,1,1.618563572737877,2.7738710214964173,11.156666666666666,0.11235673879601882,0.11048178478190158,1.3945592401266456,
long_c07_v1_D00,2,1.604065989001833,2.8013664389268453,11.096666666666666,0.11129473051451931,0.11799263614794414,1.3981836360606565,
long_c07_v1_D00,3,1.5599066822196301,2.825362439593401,11.166666666666666,0.10865285726372441,0.10702640829703003,1.4092234627562072,
long_c07_v1_D00,4,1.5559073487752042,2.755540743209465,11.033333333333333,0.10846303596797309,0.10023527824727625,1.4102232961173138,
long_c07_v1_D00,5,1.6585569071821362,2.823029495084153,11.43,0.1146810432638085,0.12095741979511393,1.3845609065155808,
long_c07_v1_D00,6,1.5974004332611231,2.806532244625896,11.35,0.1111855664540205,0.11872763269613834,1.399850024995834,
long_c07_v1_D00,7,1.6008998500249958,2.779870021663056,11.283333333333333,0.11114973629282088,0.1059486117393133,1.3989751708048659,
long_c07_v1_D00,8,1.6097317113814364,2.7980336610564907,11.22,0.11183021884058149,0.11000349148157877,1.3967672054657556,
long_c07_v1_D08,0,1.6350608231961339,2.83952674554241,11.153333333333334,0.11232707574052038,0.1203921039615093,1.404807532077987,
long_c07_v1_D08,1,1.619896683886019,2.7505415764039327,11.236666666666666,0.11175443142950107,0.11011683237978882,1.4085985669055157,
long_c07_v1_D08,2,1.637727045492418,2.825862356273954,11.32,0.11250665993642922,0.11734856359918883,1.4041409765039161,
long_c07_v1_D08,3,1.6372271288118647,2.7802032994500916,11.443333333333333,0.11271620373024098,0.1125414282804722,1.4042659556740544,
long_c07_v1_D08,4,1.5822362939510082,2.7262122979503416,11.076666666666666,0.10932145271255514,0.10232567058929343,1.4180136643892685,
long_c07_v1_D08,5,1.5559073487752042,2.7342109648391935,11.046666666666667,0.10771293896263244,0.09760066443952488,1.4245959006832194,
long_c07_v1_D08,6,1.5829028495250792,2.768205299116814,11.136666666666667,0.10941717354312404,0.10333601807106241,1.4178470254957507,
long_c07_v1_D08,7,1.6557240459923346,2.8138643559406766,11.47,0.11367988553208008,0.12285062277980166,1.399641726378937,
long_c07_v1_D08,8,1.6018996833861023,2.8448591901349776,10.986666666666666,0.11056417841291664,0.11348809589936103,1.4130978170304949,
main_c00_v0_A,0,1.6786606696651674,2.7481259370314843,11.11,0.11429761091888513,0.1199499456620895,1.4165417291354323,0.011209081444186563
main_c00_v0_A,1,1.6231884057971016,2.816591704147926,11.06,0.11028209410089265,0.12033130260266665,1.4304097951024488,0.024586616516399974
main_c00_v0_A,2,1.6106946526736632,2.793103448275862,11.08,0.10978347866977324,0.09849757660852106,1.4335332333833084,0.020154804316861265
main_c00_v0_A,3,1.672663668165917,2.893053473263368,11.17,0.11395680997126033,0.11635352958441397,1.4180409795102449,0.0198140150752186
main_c00_v0_A,4,1.673663168415792,2.929535232383808,11.3,0.11392011116666553,0.1137940950159839,1.417791104447776,0.01397342255459421
main_c00_v0_A,5,1.6111944027986007,2.943528235882059,11.25,0.10973625329297239,0.10000575109270747,1.433408295852074,0.02604359110931669
main_c00_v0_A,6,1.5867066466766617,2.861569215392304,11.23,0.10764513235434556,0.11670454455312007,1.4395302348825587,0.026956746956235362
main_c00_v0_A,7,1.6826586706646676,2.7786106946526736,11.37,0.11468522164652285,0.1257833384894853,1.4155422288855573,0.03344034596667115
main_c00_v0_A,8,1.550224887556222,2.7161419290354822,10.63,0.10569328787868243,0.0885799163910108,1.4486506746626686,0.024679956054853458
main_c00_v0_D00,0,1.542728635682159,2.820089955022489,10.72,0.10745546170829935,0.10349725930685454,1.406046976511744,0.012860595278734557
main_c00_v0_D00,1,1.5237381309345328,2.7041479260369816,10.77,0.10686956934067933,0.09252179465822644,1.4107946026986506,0.0391449260891342
main_c00_v0_D00,2,1.6121939030484758,2.6666666666666665,11.21,0.11218050356748557,0.10101576196028957,1.3886806596701649,0.03416633892622147
main_c00_v0_D00,3,1.646176911544228,2.839080459770115,10.99,0.11488276085784976,0.12448973925735532,1.380184907546227,0.04206243886443232
main_c00_v0_D00,4,1.6216891554222888,2.796601699150425,11.31,0.11276684052944391,0.11652348428960105,1.3863068465767117,0.021565629545821533
main_c00_v0_D00,5,1.7256371814092955,2.9150424787606197,11.96,0.11918518457094006,0.1445683904079705,1.36031984007996,0.03244033583023035
main_c00_v0_D00,6,1.5807096451774112,2.871064467766117,11.09,0.1097483254489635,0.11816611535502078,1.396551724137931,0.026186319948231857
main_c00_v0_D00,7,1.448775612193903,2.576711644177911,10.41,0.10257721994737092,0.07284770313256074,1.4295352323838082,0.02113605726979656
main_c00_v0_D00,8,1.632183908045977,2.818090954522739,11.17,0.1143341340289675,0.12636975163212008,1.3836831584207896,0.02140688428502088
main_c00_v0_D01,0,1.658670664667666,2.8350824587706147,11.5,0.11512425153756191,0.12927821803384004,1.378935532233883,0.03484837418827084
main_c00_v0_D01,1,1.5872063968015993,2.719640179910045,11.02,0.11108370621216944,0.10379988577139981,1.3968015992003997,0.07496911281145699
main_c00_v0_D01,2,1.5242378810594703,2.7236381809095453,10.61,0.10657384454971443,0.09800456914399922,1.412543728135932,0.03527440785728966
main_c00_v0_D01,3,1.640679660169915,2.7861069465267367,11.55,0.1139988717640833,0.11807786582898983,1.383433283358321,0.04827608647374718
main_c00_v0_D01,4,1.6201899050474762,2.842578710644678,11.6,0.1121347580498836,0.12037850122557751,1.3885557221389306,0.05418796551986645
main_c00_v0_D01,5,1.6326836581709145,2.9260369815092453,11.5,0.11345043195648254,0.1244960852906876,1.385432283858071,0.0528086579411465
main_c00_v0_D01,6,1.5322338830584707,2.813093453273363,10.76,0.10719612940492239,0.10921682016134754,1.410544727636182,0.05009063179751646
main_c00_v0_D01,7,1.5827086456771615,2.849575212393803,11.1,0.11064261629699274,0.09871433330953534,1.3979260369815092,0.0649567314370303
main_c00_v0_D01,8,1.5702148925537232,2.715642178910545,11.14,0.1097953902281898,0.09803372123462058,1.4010494752623688,0.050464448582970854
main_c00_v0_D02,0,1.6511744127936032,2.886056971514243,11.95,0.11591737080304843,0.1335552461864304,1.3664417791104448,0.060851738269167184
main_c00_v0_D02,1,1.6146926536731634,2.8340829585207397,11.2,0.11358983649361028,0.12066585754741652,1.3755622188905547,0.02399295344633881
main_c00_v0_D02,2,1.5852073963018491,2.7456271864067965,11.11,0.11133025033866398,0.10971181076128579,1.3829335332333834,0.012294509446688548
main_c00_v0_D02,3,1.656671664167916,2.898050974512744,11.53,0.11617675498162165,0.13281454510839796,1.3650674662668665,0.02351175568541013
main_c00_v0_D02,4,1.5387306346826586,2.7071464267866068,10.77,0.10738209321420561,0.09724899455034362,1.394552723638181,0.01708047888918818
main_c00_v0_D02,5,1.5247376311844079,2.656671664167916,10.7,0.10724663197877646,0.09966326360629192,1.3980509745127436,0.02606070725790757
main_c00_v0_D02,6,1.5422288855572215,2.6776611694152925,11.18,0.1093314184606839,0.08777337521715314,1.3936781609195403,0.0222200005732139
main_c00_v0_D02,7,1.5562218890554722,2.7286356821589206,11.21,0.10904452358143256,0.1060576854429926,1.3901799100449774,0.037325483675431266
main_c00_v0_D02,8,1.5642178910544728,2.719640179910045,11.34,0.10998112014795727,0.11250922157968613,1.3881809095452273,0.025852889526421452
main_c00_v0_D03,0,1.6446776611694154,2.8530734632683656,11.5,0.11430344721008934,0.11910592322886152,1.3841829085457271,0.0859597842195306
main_c00_v0_D03,1,1.617191404297851,2.844577711144428,11.04,0.11245962230259388,0.12157492682230295,1.3910544727636183,0.1215077440075772
main_c00_v0_D03,2,1.6616691654172913,2.8810594702648675,11.13,0.11447227803181088,0.12570857428428628,1.379935032483758,0.06005736780617843
main_c00_v0_D03,3,1.6281859070464768,2.901049475262369,11.46,0.11312813598409359,0.11717058137597855,1.3883058470764618,0.09393800514256222
main_c00_v0_D03,4,1.5632183908045978,2.739630184907546,11.22,0.10941522936873838,0.09814200042835712,1.4045477261369315,0.09290198416514743
main_c00_v0_D03,5,1.5702148925537232,2.9005497251374313,11.2,0.1094673949741031,0.11936650722257905,1.4027986006996502,0.0524253763740871
main_c00_v0_D03,6,1.592703648175912,2.8095952023988007,11.59,0.11055173194743902,0.11316127650460453,1.397176411794103,0.11966467311482044
main_c00_v0_D03,7,1.5922038980509745,2.794102948525737,11.01,0.11142363749166233,0.10482496846814675,1.3973013493253372,0.05851312333539421
main_c00_v0_D03,8,1.4927536231884058,2.7586206896551726,10.62,0.10477852268946954,0.0809452416648817,1.4221639180409795,0.0777733005671982
main_c00_v0_D04,0,1.5092453773113443,2.71864067966017,10.71,0.10754652626426182,0.09405535327574303,1.3883058470764618,0.08325646500270327
main_c00_v0_D04,1,1.5302348825587206,2.861569215392304,11.23,0.10883560946600661,0.0994901358844387,1.3830584707646176,0.09719574339704283
main_c00_v0_D04,2,1.550224887556222,2.6976511744127936,10.85,0.10966786739672507,0.09027926512934002,1.3780609695152424,0.08496594584410688
main_c00_v0_D04,3,1.6436781609195403,2.890054972513743,11.44,0.11547426643595847,0.1361616810642295,1.3546976511744129,0.0959946364038764
main_c00_v0_D04,4,1.6111944027986007,2.9600199900049975,11.17,0.11350916170044192,0.13522107993622223,1.3628185907046477,0.07050678374749458
main_c00_v0_D04,5,1.5722138930534733,2.9140429785107447,11.68,0.11127406815391509,0.122126436781609,1.3725637181409296,0.10537398830645263
main_c00_v0_D04,6,1.5747126436781609,2.8030984507746126,11.15,0.11135195838038708,0.11230634682658656,1.3719390304847576,0.08523762736623036
main_c00_v0_D04,7,1.5817091454272865,2.7741129435282357,11.12,0.11212963707345455,0.11182563480164674,1.3701899050474762,0.08035447915255994
main_c00_v0_D04,8,1.5517241379310345,2.9290354822588704,10.79,0.11021090512884923,0.09853406630018323,1.3776861569215393,0.06262638306209202
main_c00_v0_D05,0,1.6591704147926036,2.8735632183908044,11.31,0.11226293087072281,0.11391903254721826,1.4234132933533232,0.05017085596085297
main_c00_v0_D05,1,1.552223888055972,2.8065967016491755,10.94,0.1060805146505061,0.0820647216074502,1.4501499250374812,0.0772786090275082
main_c00_v0_D05,2,1.7156421789105447,2.872063968015992,11.1,0.11657409745848887,0.12529489223642137,1.409295352323838,0.039754203088664425
main_c00_v0_D05,3,1.6246876561719141,2.924537731134433,10.93,0.1109230085846002,0.11498695096895979,1.4320339830084958,0.06915155177168973
main_c00_v0_D05,4,1.5637181409295353,2.810094952523738,10.65,0.10674746070482619,0.10182686434560484,1.4472763618190905,0.07096964633049732
main_c00_v0_D05,5,1.6816591704147925,2.7801099450274864,11.17,0.11400344754063664,0.12398126333658546,1.417791104447776,0.07110424717775261
main_c00_v0_D05,6,1.7436281859070464,2.9675162418790606,11.9,0.11692925577467381,0.14596729413071205,1.4022988505747127,0.07562149183637787
main_c00_v0_D05,7,1.5972013993003498,2.7501249375312344,11.24,0.10895944425845444,0.10595218263883914,1.4389055472263867,0.03837136714308888
main_c00_v0_D05,8,1.5677161419290355,2.7456271864067965,10.22,0.10751984015709104,0.08600679818820733,1.4462768615692154,0.10475702561100514
main_c00_v0_D06,0,1.6216891554222888,2.7906046976511742,11.4,0.11217646841955742,0.11680806422185713,1.39880059970015,0.041464162575143064
main_c00_v0_D06,1,1.6721639180409795,3.0424787606196904,11.58,0.11504769868724646,0.13337537580416123,1.3861819090454772,0.023367210279229955
main_c00_v0_D06,2,1.5687156421789106,2.6371814092953523,11.02,0.10936028058884782,0.09963510308337874,1.4120439780109946,0.014968674362850683
main_c00_v0_D06,3,1.584207896051974,2.6551724137931036,10.81,0.11003852914789752,0.11038508523516001,1.4081709145427286,0.025780187198777477
main_c00_v0_D06,4,1.6126936531734133,2.811094452773613,11.44,0.11190980928917177,0.11082593623822987,1.4010494752623688,0.016775893528599695
main_c00_v0_D06,5,1.605697151424288,2.6626686656671663,11.14,0.1112753159889746,0.09847258910227408,1.4027986006996502,0.032282149135479714
main_c00_v0_D06,6,1.6411794102948525,2.8460769615192403,11.06,0.11319352739111345,0.12315072622418928,1.393928035982009,0.023946006045122873
main_c00_v0_D06,7,1.5317341329335332,2.7361319340329837,11.02,0.10650280601232619,0.09572336847449284,1.421289355322339,0.03877137058079049
main_c00_v0_D06,8,1.5957021489255372,2.729135432283858,10.8,0.11049556447486471,0.1116237516162552,1.4052973513243379,0.026585353701981354
main_c00_v0_D07,0,1.536231884057971,2.8305847076461768,11.13,0.10943993213349658,0.10591589126071861,1.3738130934532733,0.12800468090994732
main_c00_v0_D07,1,1.576711644177911,2.8050974512743627,11.47,0.1116538682304464,0.1134948398816461,1.3636931534232883,0.10510132032992442
main_c00_v0_D07,2,1.6041979010494753,2.887056471764118,11.38,0.11340660782595027,0.12771630057986838,1.3568215892053972,0.06381714948306544
main_c00_v0_D07,3,1.6286856571714143,2.810094952523738,11.45,0.11520809505991418,0.13661482750688125,1.3506996501749124,0.045292631505196836
main_c00_v0_D07,4,1.528735632183908,2.7286356821589206,10.78,0.1089482113603162,0.11129831909442073,1.3756871564217892,0.07014339785408669
main_c00_v0_D07,5,1.502248875562219,2.6881559220389803,10.84,0.10716702100364225,0.09109592029382134,1.3823088455772115,0.024835285623918804
main_c00_v0_D07,6,1.5017491254372815,2.628685657171414,10.64,0.10745692462782357,0.09681627440248114,1.3824337831084457,0.03428604538110208
main_c00_v0_D07,7,1.5707146426786607,2.7786106946526736,10.85,0.11220766348369712,0.09734636649928985,1.365192403798101,0.016321273103106968
main_c00_v0_D07,8,1.6136931534232883,2.735632183908046,11.63,0.11451167627471344,0.11970126048087056,1.354447776111944,0.05803300075308838
main_c00_v0_D08,0,1.6051974012993504,2.8610694652673665,11.2,0.11026724109739724,0.11288284429213935,1.4261619190404797,0.024487519256539515
main_c00_v0_D08,1,1.543728135932034,2.7221389305347325,11.07,0.10610029183022947,0.08377537421765295,1.4415292353823088,0.021195637494124852
main_c00_v0_D08,2,1.5812093953023487,2.7416291854072963,10.81,0.10819269526072386,0.09185169320101835,1.43215892053973,0.02762642337770042
main_c00_v0_D08,3,1.6796601699150424,3.006496751624188,11.24,0.11465767232742767,0.13004569143999403,1.4075462268865566,0.05733313004613919
main_c00_v0_D08,4,1.5742128935532234,2.656671664167916,10.81,0.10814517975463114,0.09310285333523699,1.4339080459770115,0.01698981404485018
main_c00_v0_D08,5,1.6691654172913544,2.864567716141929,11.05,0.11380824761590871,0.12725244520596823,1.4101699150424787,0.023517288480002646
main_c00_v0_D08,6,1.6276861569215393,2.817091454272864,11.29,0.11171183246985622,0.10527176887746588,1.4205397301349325,0.03559596740672371
main_c00_v0_D08,7,1.6921539230384808,2.9515242378810593,11.86,0.11521943933905288,0.13728492896408914,1.4044227886056972,0.05353705781035779
main_c00_v0_D08,8,1.6466766616691655,2.808095952023988,11.1,0.11189740030477273,0.11853240046643321,1.415792103948026,0.018577707779858846
main_c00_v0_label,0,1.6786606696651674,2.7481259370314843,11.11,0.11429761091888507,0.1199499456620895,1.4165417291354323,
main_c00_v0_label,1,1.6111944027986007,2.943528235882059,11.25,0.10973625329297233,0.10000575109270747,1.433408295852074,
main_c00_v0_label,2,1.5867066466766617,2.861569215392304,11.23,0.10764513235434546,0.11670454455312007,1.4395302348825587,
main_c00_v0_label,3,1.672663668165917,2.893053473263368,11.17,0.11395680997126031,0.11635352958441397,1.4180409795102449,
main_c00_v0_label,4,1.6231884057971016,2.816591704147926,11.06,0.1102820941008928,0.12033130260266665,1.4304097951024488,
main_c00_v0_label,5,1.673663168415792,2.929535232383808,11.3,0.11392011116666557,0.1137940950159839,1.417791104447776,
main_c00_v0_label,6,1.6106946526736632,2.793103448275862,11.08,0.10978347866977313,0.09849757660852106,1.4335332333833084,
main_c00_v0_label,7,1.550224887556222,2.7161419290354822,10.63,0.10569328787868243,0.0885799163910108,1.4486506746626686,
main_c00_v0_label,8,1.6826586706646676,2.7786106946526736,11.37,0.1146852216465229,0.1257833384894853,1.4155422288855573,
main_c00_v1_A,0,1.6266866566716642,2.709145427286357,11.43,0.1123146385429181,0.09882142262202227,1.4081709145427286,0.02772837430819351
main_c00_v1_A,1,1.6501749125437282,2.916541729135432,11.16,0.11360023860610924,0.12771054948716087,1.4022988505747127,0.020047505769735133
main_c00_v1_A,2,1.6926536731634183,2.8875562218890556,11.51,0.11694473807009526,0.1362770995454651,1.39167916041979,0.041136317459323266
main_c00_v1_A,3,1.6371814092953523,2.8235882058970514,11.46,0.11378922849117994,0.10976178577377967,1.4055472263868065,0.04295288915662759
main_c00_v1_A,4,1.6201899050474762,2.6981509245377313,11.18,0.11091850442362583,0.10189905047476241,1.4097951024487756,0.026035652331607956
main_c00_v1_A,5,1.5712143928035982,2.8205897051474262,11.56,0.1078034174136735,0.10626115513671716,1.422038980509745,0.03006654298230622
main_c00_v1_A,6,1.5667166416791605,2.7596201899050476,11.07,0.10795827840317662,0.0998607838937673,1.4231634182908546,0.02327884057157512
main_c00_v1_A,7,1.584207896051974,2.7361319340329837,11.34,0.10878034614035995,0.10846600509269175,1.4187906046976513,0.03714505706989596
main_c00_v1_A,8,1.5697151424287856,2.820089955022489,10.7,0.10789060990886158,0.11094214797363218,1.4224137931034482,0.01812052065011226
main_c00_v1_D00,0,1.623688155922039,2.7691154422788604,11.27,0.1128336185824773,0.11769412912591311,1.4152923538230884,0.030714667881350178
main_c00_v1_D00,1,1.7351324337831084,2.9570214892553723,12.12,0.11805803159748968,0.14977511244377795,1.3874312843578211,0.032322050205608716
main_c00_v1_D00,2,1.6431784107946028,2.8245877061469264,11.73,0.11148401564114105,0.10716368006472939,1.4104197901049476,0.03102961320738544
main_c00_v1_D00,3,1.6816591704147925,2.9570214892553723,11.62,0.11502835987137966,0.13013255277123312,1.4007996001999001,0.038186542268914374
main_c00_v1_D00,4,1.696151924037981,2.8215892053973013,11.62,0.11529106534512089,0.1241230575188594,1.397176411794103,0.026609893559183913
main_c00_v1_D00,5,1.5717141429285357,2.6936531734132934,10.96,0.10715390741310303,0.08279848171152512,1.4282858570714643,0.024601739629339665
main_c00_v1_D00,6,1.576711644177911,2.6931534232883556,11.25,0.10897722048810442,0.11172746959853386,1.4270364817591203,0.03326208129211564
main_c00_v1_D00,7,1.472263868065967,2.68015992003998,10.44,0.10239625586964114,0.07419088075010116,1.4531484257871063,0.022872975921119743
main_c00_v1_D00,8,1.569215392303848,2.7791104447776114,11.21,0.10877752519154278,0.10239463601532546,1.4289105447276362,0.02644215445258437
main_c00_v1_D01,0,1.6031984007996003,2.832583708145927,10.91,0.11192991338934487,0.10281307758818983,1.3985507246376812,0.012731990576219107
main_c00_v1_D01,1,1.5227386306846578,2.672663668165917,10.63,0.10619366513142361,0.09073221325845,1.4186656671664168,0.020894459135517723
main_c00_v1_D01,2,1.5647176411794104,2.7501249375312344,11.19,0.10914211786141156,0.09758652419821823,1.4081709145427286,0.0154686146287919
main_c00_v1_D01,3,1.6621689155422288,2.8600699650174914,11.75,0.11449147061011707,0.13007325702228228,1.383808095952024,0.011717212518211402
main_c00_v1_D01,4,1.5047476261869066,2.712143928035982,10.72,0.10474862007984265,0.10047912551660661,1.4231634182908546,0.012945301086359016
main_c00_v1_D01,5,1.5782108945527236,2.7286356821589206,11.01,0.11010039846028481,0.10791290862505229,1.4047976011994003,0.00883830296105617
main_c00_v1_D01,6,1.6131934032983508,2.7266366816591705,11.54,0.11238689448612725,0.11802273466441364,1.3960519740129935,0.020032339922568306
main_c00_v1_D01,7,1.646176911544228,2.898050974512744,11.32,0.11378464559532547,0.12600921761341527,1.3878060969515242,0.01373175038875285
main_c00_v1_D01,8,1.6996501749125437,2.835582208895552,11.52,0.11722227438612277,0.12637094151337008,1.3744377811094453,0.018720287893419726
main_c00_v1_D02,0,1.5807096451774112,2.8540729635182407,11.09,0.11012171574680489,0.10733978248970738,1.4005497251374313,0.06152361513600315
main_c00_v1_D02,1,1.5562218890554722,2.7831084457771116,10.73,0.10886306346011641,0.10178720163727636,1.406671664167916,0.06350548991594733
main_c00_v1_D02,2,1.7351324337831084,2.990504747626187,11.94,0.11955325058865034,0.1559226339211345,1.3619440279860069,0.04855667040571924
main_c00_v1_D02,3,1.5222388805597202,2.5977011494252875,10.46,0.10629119712367736,0.0779437662121319,1.4151674162918542,0.06418884578893523
main_c00_v1_D02,4,1.7491254372813594,3.0149925037481258,12.13,0.1201821954518327,0.15786095047714208,1.3584457771114442,0.07398598453878283
main_c00_v1_D02,5,1.6091954022988506,2.8095952023988007,11.05,0.11264095691267734,0.11708490992598922,1.3934282858570715,0.057395219852001904
main_c00_v1_D02,6,1.4842578710644678,2.636681659170415,10.37,0.10430421301574132,0.08167523381166547,1.4246626686656672,0.07492999067674457
main_c00_v1_D02,7,1.6051974012993504,2.8205897051474262,11.03,0.11201303353721645,0.11038111896432709,1.3944277861069465,0.08390528033614765
main_c00_v1_D02,8,1.5237381309345328,2.7361319340329837,11.01,0.1060303741632833,0.09000440256062422,1.4147926036981509,0.031599346048841966
main_c00_v1_D03,0,1.5647176411794104,2.7691154422788604,11.52,0.11131621738775761,0.1310221873190386,1.3568215892053972,0.014229317788867097
main_c00_v1_D03,1,1.6006996501749124,2.7661169415292353,11.63,0.11454070467403536,0.12197076065142018,1.3478260869565217,0.041682541365211885
main_c00_v1_D03,2,1.6016991504247875,2.785607196401799,11.1,0.11427807915682107,0.12288518439193083,1.347576211894053,0.03334080687230074
main_c00_v1_D03,3,1.5317341329335332,2.7211394302848575,10.71,0.10913301711684156,0.09975329795419734,1.3650674662668665,0.01344848399672714
main_c00_v1_D03,4,1.5327336331834083,2.8260869565217392,10.69,0.10958900257813349,0.09769837303570421,1.3648175912043978,0.0440034553202856
main_c00_v1_D03,5,1.592703648175912,2.811094452773613,11.01,0.11395164576725653,0.12492285603230116,1.3498250874562718,0.05391795396834054
main_c00_v1_D03,6,1.5617191404297852,2.6381809095452273,11.07,0.11166515750369048,0.10616913765339538,1.3575712143928036,0.04833576829959407
main_c00_v1_D03,7,1.56071964017991,2.71464267866067,10.81,0.1122418359555756,0.11350773026185298,1.3578210894552725,0.027993575320353292
main_c00_v1_D03,8,1.4372813593203397,2.717641179410295,10.8,0.10328433985988839,0.08207047270015766,1.3886806596701649,0.023870991492446796
main_c00_v1_D04,0,1.6491754122938531,3.0069965017491254,11.24,0.11432557397325564,0.12402052941783062,1.373688155922039,0.04296405259590014
main_c00_v1_D04,1,1.5602198900549724,2.792103948025987,10.93,0.10925788789022091,0.10347722963914857,1.395927036481759,0.03165645003511369
main_c00_v1_D04,2,1.5307346326836582,2.811094452773613,10.89,0.10782901654888427,0.09897471898971134,1.4032983508245878,0.02328909735553995
main_c00_v1_D04,3,1.6096951524237881,2.8020989505247376,10.95,0.11283330507602436,0.11818892141230954,1.3835582208895552,0.032990215179157685
main_c00_v1_D04,4,1.60119940029985,2.764117941029485,11.26,0.11256876268013544,0.10499313835145904,1.3856821589205397,0.0460668395424424
main_c00_v1_D04,5,1.6021989005497252,2.891554222888556,11.14,0.11226799461272143,0.11388155128784802,1.385432283858071,0.02716721190046972
main_c00_v1_D04,6,1.5957021489255372,2.877561219390305,11.16,0.11177042233916895,0.11716026907181315,1.3870564717641178,0.02514191753109801
main_c00_v1_D04,7,1.6626686656671663,2.8415792103948028,11.54,0.1151984605448926,0.1438023051966079,1.3703148425787106,0.01800962715546948
main_c00_v1_D04,8,1.4762618690654672,2.6691654172913544,10.69,0.1039485763346964,0.07550133663327058,1.4169165417291354,0.0356179897184286
main_c00_v1_D05,0,1.7171414292853573,2.7831084457771116,11.12,0.11634563438290776,0.1295814394390104,1.4202898550724639,0.013114612518171432
main_c00_v1_D05,1,1.6391804097951024,2.8725637181409294,11.22,0.11036192011694779,0.11298319094421014,1.4397801099450276,0.015385232693251177
main_c00_v1_D05,2,1.578710644677661,2.7906046976511742,10.46,0.10660344269856868,0.09513854184019095,1.4548975512243878,0.019440972312824305
main_c00_v1_D05,3,1.6256871564217892,2.8265867066466766,11.33,0.1100801036982627,0.10620324758255781,1.4431534232883558,0.011389027542043831
main_c00_v1_D05,4,1.5947026486756621,2.758120939530235,11.17,0.10799960668975304,0.09773962225236577,1.4508995502248876,0.02753906240991613
main_c00_v1_D05,5,1.6506746626686657,2.7446276861569214,11.27,0.11180210649072855,0.10691420162934388,1.4369065467266366,0.01797065747912791
main_c00_v1_D05,6,1.6101949025487257,2.7751124437781107,11.1,0.10910462387069174,0.10636447649191266,1.4470264867566216,0.02315115120057826
main_c00_v1_D05,7,1.7501249375312344,2.898550724637681,11.83,0.1182157507668168,0.13655057391938932,1.4120439780109946,0.013097369267262423
main_c00_v1_D05,8,1.630184907546227,2.744127936031984,11.1,0.10948681128532302,0.10852470590101765,1.4420289855072463,0.015339053235294354
main_c00_v1_D06,0,1.6531734132933533,2.997501249375312,11.01,0.11169874188534733,0.1245220643646429,1.4371564217891055,0.08537684596445405
main_c00_v1_D06,1,1.6786606696651674,2.8535732133933034,11.76,0.11357417943478651,0.11573538627511616,1.430784607696152,0.09190021668131833
main_c00_v1_D06,2,1.686656671664168,2.923538230884558,11.44,0.11352675850367339,0.11931692883716863,1.4287856071964018,0.1271614302713154
main_c00_v1_D06,3,1.5227386306846578,2.6881559220389803,10.32,0.10389413685098901,0.08477348627273668,1.4697651174412794,0.13312298442631496
main_c00_v1_D06,4,1.6126936531734133,2.696151924037981,11.31,0.1088015296834446,0.09623144776817931,1.4472763618190905,0.09119493618968343
main_c00_v1_D06,5,1.642678660669665,2.8270864567716143,10.96,0.1112126564616821,0.10887215122597413,1.4397801099450276,0.09280151795726932
main_c00_v1_D06,6,1.719640179910045,2.8265867066466766,11.7,0.11490788367675919,0.13556059271951323,1.4205397301349325,0.05707793780146377
main_c00_v1_D06,7,1.6656671664167917,2.8035982008995504,11.48,0.11240221980745532,0.11247927623489838,1.434032983508246,0.09667160452985618
main_c00_v1_D06,8,1.6216891554222888,2.812093953023488,11.08,0.10998189369586256,0.10250866630176966,1.4450274862568715,0.07649223071470347
main_c00_v1_D07,0,1.6456771614192904,2.9035482258870564,11.73,0.11324535773713734,0.11785258164568502,1.4002998500749626,0.012130722583766398
main_c00_v1_D07,1,1.5882058970514743,2.7471264367816093,10.94,0.11075151142285726,0.1019486288601731,1.4146676661669166,0.005734393605175543
main_c00_v1_D07,2,1.4762618690654672,2.6516741629185407,10.83,0.10267032728068398,0.07928079610988155,1.4426536731634183,0.006203230517910219
main_c00_v1_D07,3,1.6896551724137931,2.8450774612693652,11.66,0.11600525594528986,0.12666960170708283,1.3893053473263368,0.013864996211459884
main_c00_v1_D07,4,1.5977011494252873,2.823088455772114,11.59,0.11066561745544487,0.10352343669435114,1.4122938530734632,0.015174774143148625
main_c00_v1_D07,5,1.711144427786107,2.8160919540229883,11.87,0.11638149011055071,0.14126230535525858,1.3839330334832585,0.011063727477379888
main_c00_v1_D07,6,1.6036981509245378,2.8015992003998003,11.24,0.11121741362061564,0.10735068973449748,1.4107946026986506,0.01584974843083037
main_c00_v1_D07,7,1.5722138930534733,2.7976011994003,10.41,0.10808890670320684,0.1094234628717388,1.4186656671664168,0.00681033414426122
main_c00_v1_D07,8,1.6091954022988506,2.7446276861569214,11.07,0.1109741197242135,0.1126884970213306,1.4094202898550725,0.00891229512828623
main_c00_v1_D08,0,1.4787606196901548,2.500249875062469,10.28,0.10321226251225583,0.06873170557578358,1.4476511744127936,0.019014168621521135
main_c00_v1_D08,1,1.6996501749125437,2.8875562218890556,11.78,0.11487819905943839,0.12766414411841667,1.3924287856071964,0.021992147908047783
main_c00_v1_D08,2,1.569215392303848,2.7471264367816093,11.27,0.1089235129830126,0.08897277551700325,1.4250374812593702,0.018615473891914834
main_c00_v1_D08,3,1.6006996501749124,2.7716141929035483,11.37,0.11020859086149407,0.10934830203945614,1.4171664167916043,0.021675495337187514
main_c00_v1_D08,4,1.7306346826586707,2.8805597201399302,11.74,0.1175622973577524,0.1383659360795789,1.3846826586706646,0.023635618295974225
main_c00_v1_D08,5,1.5687156421789106,2.732133933033483,11.08,0.10831730820785625,0.10241724375907271,1.4251624187906047,0.02710902682460913
main_c00_v1_D08,6,1.6826586706646676,2.936031984007996,11.61,0.11547016365448341,0.13398122367387727,1.3966766616691655,0.025441823818213593
main_c00_v1_D08,7,1.6026986506746628,2.807096451774113,11.53,0.11120510715854415,0.11311308631398562,1.4166666666666667,0.0434353705203799
main_c00_v1_D08,8,1.605697151424288,2.808095952023988,10.67,0.11022255820516287,0.11740558292282399,1.4159170414792603,0.023585740823256245
main_c00_v1_label,0,1.6501749125437282,2.916541729135432,11.16,0.11360023860610925,0.12771054948716087,1.4022988505747127,
main_c00_v1_label,1,1.6266866566716642,2.709145427286357,11.43,0.11231463854291811,0.09882142262202227,1.4081709145427286,
main_c00_v1_label,2,1.5712143928035982,2.8205897051474262,11.56,0.10780341741367358,0.10626115513671716,1.422038980509745,
main_c00_v1_label,3,1.584207896051974,2.7361319340329837,11.34,0.10878034614035996,0.10846600509269175,1.4187906046976513,
main_c00_v1_label,4,1.6371814092953523,2.8235882058970514,11.46,0.11378922849117987,0.10976178577377967,1.4055472263868065,
main_c00_v1_label,5,1.6926536731634183,2.8875562218890556,11.51,0.11694473807009526,0.1362770995454651,1.39167916041979,
main_c00_v1_label,6,1.6201899050474762,2.6981509245377313,11.18,0.11091850442362582,0.10189905047476241,1.4097951024487756,
main_c00_v1_label,7,1.5667166416791605,2.7596201899050476,11.07,0.10795827840317658,0.0998607838937673,1.4231634182908546,
main_c00_v1_label,8,1.5697151424287856,2.820089955022489,10.7,0.10789060990886154,0.11094214797363218,1.4224137931034482,
main_c01_v0_A,0,1.5747126436781609,2.9110444777611195,11.17,0.10969393142462773,0.11218121098181043,1.406671664167916,0.20151651252012762
main_c01_v0_A,1,1.6136931534232883,2.816591704147926,11.15,0.11215025968894643,0.12809646763919605,1.3969265367316341,0.15595983392622728
main_c01_v0_A,2,1.5797101449275361,2.690654672663668,10.68,0.11009284648136783,0.10415665183281367,1.4054222888555723,0.11104264728206109
main_c01_v0_A,3,1.6061969015492255,2.8010994502748625,10.86,0.1116074092684798,0.10545600215765115,1.39880059970015,0.06857186215698685
main_c01_v0_A,4,1.504247876061969,2.688655672163918,10.59,0.10535670477680932,0.0791887786265597,1.424287856071964,0.08626828671653579
main_c01_v0_A,5,1.633183408295852,2.819090454772614,11.32,0.11348789508043416,0.1223422019149154,1.3920539730134933,0.12066356826592482
main_c01_v0_A,6,1.646176911544228,2.9685157421289357,11.73,0.1135080949536251,0.12474397721774015,1.3888055972013993,0.09593433145908559
main_c01_v0_A,7,1.670664667666167,2.847576211894053,11.28,0.11488000326769171,0.1329125119979692,1.3826836581709145,0.11016736406715318
main_c01_v0_A,8,1.5742128935532234,2.662168915542229,11.25,0.10922285505801789,0.09092219763134303,1.4067966016991504,0.07442702395509014
main_c01_v0_D00,0,1.6196901549225386,2.7661169415292353,11.52,0.11161880837985183,0.10611817107319345,1.407671164417791,0.11727637310079608
main_c01_v0_D00,1,1.565217391304348,2.966016991504248,10.92,0.10804138498045947,0.09837918342416077,1.421289355322339,0.10113008957181042
main_c01_v0_D00,2,1.6881559220389806,2.891054472763618,11.26,0.11565681399531125,0.13053691408264098,1.3905547226386807,0.13392002039439768
main_c01_v0_D00,3,1.569215392303848,2.764617691154423,10.56,0.1091201579657004,0.09860169121788294,1.4202898550724639,0.09474261340533567
main_c01_v0_D00,4,1.6046976511744129,2.8375812093953026,10.79,0.1103558929526542,0.10821771653855582,1.4114192903548226,0.09766675620648081
main_c01_v0_D00,5,1.5677161419290355,2.715142428785607,10.65,0.10851706980482662,0.09856183019601285,1.420664667666167,0.10854857407972984
main_c01_v0_D00,6,1.6986506746626686,2.9610194902548725,11.43,0.11593332519301422,0.14809361192419643,1.3879310344827587,0.059748256636467205
main_c01_v0_D00,7,1.5482258870564718,2.7586206896551726,11.04,0.1077439219736824,0.08249545861989634,1.4255372313843078,0.10025593157675089
main_c01_v0_D00,8,1.6391804097951024,2.8470764617691153,11.26,0.11301262475449976,0.1289954229234587,1.4027986006996502,0.09796797425480457
main_c01_v0_D01,0,1.6026986506746628,2.715642178910545,10.89,0.1086652405858873,0.09280994423423194,1.4485257371314342,0.015876733618829686
main_c01_v0_D01,1,1.6146926536731634,2.652673663168416,10.71,0.10960354720874117,0.09951433013651888,1.445527236381809,0.011698781938939112
main_c01_v0_D01,2,1.7016491754122938,2.8725637181409294,11.75,0.11455906186417156,0.1202099347151819,1.4237881059470265,0.020259272651244897
main_c01_v0_D01,3,1.6071964017991005,2.8640679660169917,11.35,0.10859085080283641,0.10233018411429191,1.447401299350325,0.04067203034787432
main_c01_v0_D01,4,1.6401799100449774,2.8555722138930535,10.9,0.1107647245224981,0.11627797212504834,1.4391554222888556,0.03595210677894085
main_c01_v0_D01,5,1.6526736631684158,2.7251374312843577,11.19,0.11210875706596404,0.10219096800805935,1.436031984007996,0.036186744115667725
main_c01_v0_D01,6,1.712143928035982,2.8875562218890556,11.66,0.11514626942254476,0.14190682436559485,1.4211644177911045,0.012402225103985273
main_c01_v0_D01,7,1.6506746626686657,2.9345327336331835,11.29,0.11167882640887533,0.12213040305244192,1.4365317341329336,0.012816797747814202
main_c01_v0_D01,8,1.6116941529235382,2.7916041979010493,11.33,0.10888272211848142,0.10262943924862952,1.4462768615692154,0.05949453877351937
main_c01_v0_D02,0,1.64167916041979,2.812093953023488,11.38,0.11225277805154886,0.12824321966001098,1.4152923538230884,0.03571216531512029
main_c01_v0_D02,1,1.6036981509245378,2.709645177411294,11.13,0.11039065509312848,0.1024573030944842,1.4247876061969016,0.029340825188142378
main_c01_v0_D02,2,1.6606696651674162,2.8300849575212395,11.67,0.11340311959246102,0.12360565748871563,1.410544727636182,0.013931462843440509
main_c01_v0_D02,3,1.642678660669665,2.84207896051974,11.65,0.11241819029299845,0.12011573578290198,1.4150424787606197,0.0313115207306772
main_c01_v0_D02,4,1.618190904547726,2.6996501749125437,11.41,0.11100753892591426,0.10880472462181581,1.4211644177911045,0.031125528787779924
main_c01_v0_D02,5,1.5862068965517242,2.6551724137931036,10.68,0.10859541974909558,0.09593318420154985,1.4291604197901049,0.02150111769204872
main_c01_v0_D02,6,1.5962018990504747,2.7286356821589206,11.1,0.10928246833915506,0.09729857293575413,1.4266616691654173,0.03277886091591115
main_c01_v0_D02,7,1.6206896551724137,2.870064967516242,11.51,0.11106313322064952,0.11119519605276698,1.4205397301349325,0.033007031287190965
main_c01_v0_D02,8,1.6356821589205397,2.6921539230384806,11.4,0.11158669673504884,0.11234640616199816,1.416791604197901,0.02614331426276861
main_c01_v0_D03,0,1.5957021489255372,2.7246376811594204,10.93,0.11046553114152301,0.1108457675923941,1.4031734132933533,0.035520604726542525
main_c01_v0_D03,1,1.535232383808096,2.68215892053973,11.15,0.1068808778070066,0.09433497536945812,1.4182908545727135,0.040155852401063
main_c01_v0_D03,2,1.5887056471764118,2.831584207896052,11.1,0.11040751850683668,0.10344232645581965,1.4049225387306348,0.04339627405111789
main_c01_v0_D03,3,1.6111944027986007,2.7306346826586707,11.15,0.11142910938940677,0.106942362152257,1.3993003498250876,0.03315579307187261
main_c01_v0_D03,4,1.6591704147926036,2.8150924537731132,11.48,0.11515587093888958,0.12207646176911517,1.3873063468265867,0.05484005845052156
main_c01_v0_D03,5,1.697151424287856,2.9815092453773113,11.66,0.11697051633191351,0.15382546821827164,1.3778110944527737,0.04528933460547868
main_c01_v0_D03,6,1.6316841579210395,2.7731134432783606,11.43,0.11295344088348788,0.11464981794816845,1.3941779110444779,0.020580366104419854
main_c01_v0_D03,7,1.5952023988005997,2.790104947526237,11.49,0.11111212733110598,0.10974869708003117,1.4032983508245878,0.03252254768045095
main_c01_v0_D03,8,1.5027486256871565,2.783608195902049,10.93,0.1046250076698299,0.08413412341448327,1.4264117941029486,0.0712152337799145
main_c01_v0_D04,0,1.6231884057971016,2.8320839580209896,11.56,0.10997273144736244,0.11660380127396588,1.4252873563218391,0.030980038628703133
main_c01_v0_D04,1,1.5177411294352823,2.5947026486756624,10.47,0.10467592847660846,0.09277523936444478,1.4516491754122938,0.02258203162135658
main_c01_v0_D04,2,1.5677161419290355,2.7436281859070464,11.07,0.10763153598920987,0.0844484503779855,1.4391554222888556,0.015147836601931171
main_c01_v0_D04,3,1.5642178910544728,2.610694652673663,10.79,0.10635307802669222,0.08467869239983176,1.4400299850074962,0.01711180686468301
main_c01_v0_D04,4,1.727136431784108,2.972013993003498,11.49,0.11743373188423392,0.12682785591331291,1.3993003498250876,0.014072483823758827
main_c01_v0_D04,5,1.553223388305847,2.658170914542729,10.92,0.10705942579987446,0.09025388099600981,1.4427786106946527,0.018211100975461
main_c01_v0_D04,6,1.6136931534232883,2.925537231384308,11.08,0.11007098644586145,0.1232391740637616,1.4276611694152923,0.04110955356836033
main_c01_v0_D04,7,1.6941529235382309,3.017991004497751,12.02,0.11516402163450684,0.12604015452591144,1.4075462268865566,0.017916228096435557
main_c01_v0_D04,8,1.7876061969015493,2.867566216891554,11.99,0.12163856029565039,0.15513275108477473,1.3841829085457271,0.03559953457519936
main_c01_v0_D05,0,1.5312343828085957,2.6666666666666665,10.83,0.10893595027398906,0.10399621617762528,1.3803098450774614,0.04647379185889385
main_c01_v0_D05,1,1.5622188905547227,2.7821089455272365,10.93,0.1105466004787043,0.11188631874538908,1.3725637181409296,0.07612340855421786
main_c01_v0_D05,2,1.578710644677661,2.842578710644678,11.02,0.11225454512395712,0.10795911568025496,1.368440779610195,0.05844492779787728
main_c01_v0_D05,3,1.527736131934033,2.6686656671664166,11.13,0.10823549531440751,0.098366293043954,1.381184407796102,0.05927077683820133
main_c01_v0_D05,4,1.527736131934033,2.785607196401799,10.92,0.10854273693526104,0.10008388662811427,1.381184407796102,0.044825330595647195
main_c01_v0_D05,5,1.5952023988005997,2.813593203398301,10.84,0.11293840435056415,0.1196907498631634,1.3643178410794603,0.04348893044073689
main_c01_v0_D05,6,1.6421789105447275,2.874062968515742,11.34,0.11609741056615211,0.1365953927798002,1.3525737131434283,0.06064440971186106
main_c01_v0_D05,7,1.5622188905547227,2.7216391804097952,11.26,0.1107767526422249,0.10975702624878003,1.3725637181409296,0.06658380089107742
main_c01_v0_D05,8,1.577711144427786,2.836581709145427,11.79,0.11167210431473987,0.11166500083291662,1.3686906546726636,0.05685544225466077
main_c01_v0_D06,0,1.7066466766616692,2.8450774612693652,11.2,0.11478795512000266,0.12341706131061435,1.436031984007996,0.028118541494051408
main_c01_v0_D06,1,1.7016491754122938,2.938030984507746,11.6,0.11425227394102239,0.1203668007266207,1.4372813593203397,0.016845359163218183
main_c01_v0_D06,2,1.7711144427786107,2.9650174912543728,11.82,0.117885013481505,0.14937729547924436,1.4199150424787605,0.012277747284219898
main_c01_v0_D06,3,1.5997001499250374,2.7286356821589206,11.02,0.1076801416262599,0.0937443976424486,1.462768615692154,0.017984250885761305
main_c01_v0_D06,4,1.633183408295852,2.831584207896052,11.61,0.10940905905966411,0.1022645423320084,1.4543978010994503,0.01868695799832516
main_c01_v0_D06,5,1.6251874062968517,2.783608195902049,11.2,0.10862718516167157,0.10134773882899817,1.4563968015992004,0.015791487378077267
main_c01_v0_D06,6,1.7011494252873562,2.7426286856571713,11.35,0.11392410640520845,0.12354140390122398,1.4374062968515742,0.012538477346647774
main_c01_v0_D06,7,1.5932033983008496,2.783608195902049,10.7,0.10724811048724131,0.09307925402378173,1.464392803598201,0.015805967600916338
main_c01_v0_D06,8,1.5697151424287856,2.7071464267866068,10.64,0.10618615471742451,0.09286150575505892,1.4702648675662169,0.020550183723653127
main_c01_v0_D07,0,1.5227386306846578,2.632183908045977,11.11,0.10510158405712738,0.09007163085124086,1.4306596701649175,0.08414136031173312
main_c01_v0_D07,1,1.6781609195402298,2.812093953023488,11.88,0.11537046783918498,0.13120880036172378,1.3918040979510244,0.10100206133190398
main_c01_v0_D07,2,1.592703648175912,2.5912043978010995,11.15,0.11044941845387443,0.08931903096070998,1.4131684157921038,0.13761273754388234
main_c01_v0_D07,3,1.5967016491754122,2.6496751624187906,11.08,0.11111825846896936,0.10242021846219736,1.4121689155422288,0.13157490219437254
main_c01_v0_D07,4,1.6511744127936032,2.899050474762619,11.36,0.11360419770774462,0.1376537921515431,1.3985507246376812,0.09344040408618892
main_c01_v0_D07,5,1.5307346326836582,2.5912043978010995,10.67,0.10558448848767285,0.09244306418219453,1.4286606696651674,0.15113283612873546
main_c01_v0_D07,6,1.6501749125437282,2.8020989505247376,11.73,0.11410257424446783,0.10955355655505579,1.39880059970015,0.08150419958210474
main_c01_v0_D07,7,1.6111944027986007,2.818090954522739,11.28,0.11083512264398729,0.11687013636039117,1.408545727136432,0.1300168608247231
main_c01_v0_D07,8,1.6571714142928535,2.8520739630184906,11.89,0.11383388809697126,0.13045977011494242,1.3970514742628686,0.12691125225714225
main_c01_v0_D08,0,1.6196901549225386,2.7561219390304847,11.25,0.11382874941471087,0.11186509919643337,1.3743128435782108,0.022952811700012996
main_c01_v0_D08,1,1.5742128935532234,2.8245877061469264,10.61,0.11047078181041134,0.10407554159428194,1.3856821589205397,0.026953296527677053
main_c01_v0_D08,2,1.5827086456771615,2.7171414292853573,11.03,0.11168821944457367,0.10769337553445474,1.3835582208895552,0.018230789008097922
main_c01_v0_D08,3,1.6531734132933533,2.9350324837581208,11.19,0.11519375858641885,0.1336922808437048,1.3659420289855073,0.036424218121635245
main_c01_v0_D08,4,1.5667166416791605,2.946526736631684,11.11,0.10994362445800594,0.11282414348381346,1.3875562218890554,0.024841701746139585
main_c01_v0_D08,5,1.6186906546726636,2.843578210894553,11.22,0.11366283041049029,0.11047412801535715,1.3745627186406797,0.019756385703675505
main_c01_v0_D08,6,1.525737131434283,2.742128935532234,10.8,0.10771137276150021,0.09784770313256065,1.3978010994502748,0.020989449586394687
main_c01_v0_D08,7,1.5597201399300349,2.629685157421289,10.81,0.10983225042034203,0.1130407018712864,1.3893053473263368,0.02468597772225063
main_c01_v0_D08,8,1.5332333833083458,2.868565717141429,10.39,0.10766841269354682,0.10848702632810558,1.395927036481759,0.02254199782818804
main_c01_v0_label,0,1.646176911544228,2.9685157421289357,11.73,0.11350809495362511,0.12474397721774015,1.3888055972013993,
main_c01_v0_label,1,1.670664667666167,2.847576211894053,11.28,0.11488000326769165,0.1329125119979692,1.3826836581709145,
main_c01_v0_label,2,1.504247876061969,2.688655672163918,10.59,0.10535670477680928,0.0791887786265597,1.424287856071964,
main_c01_v0_label,3,1.5747126436781609,2.9110444777611195,11.17,0.10969393142462776,0.11218121098181043,1.406671664167916,
main_c01_v0_label,4,1.633183408295852,2.819090454772614,11.32,0.11348789508043416,0.1223422019149154,1.3920539730134933,
main_c01_v0_label,5,1.5742128935532234,2.662168915542229,11.25,0.1092228550580179,0.09092219763134303,1.4067966016991504,
main_c01_v0_label,6,1.6061969015492255,2.8010994502748625,10.86,0.11160740926847991,0.10545600215765115,1.39880059970015,
main_c01_v0_label,7,1.6136931534232883,2.816591704147926,11.15,0.11215025968894642,0.12809646763919605,1.3969265367316341,
main_c01_v0_label,8,1.5797101449275361,2.690654672663668,10.68,0.11009284648136773,0.10415665183281367,1.4054222888555723,
main_c01_v1_A,0,1.6756621689155422,2.8055972013993005,11.61,0.11587157095098771,0.1301450465243566,1.3719390304847576,0.029327004767188986
main_c01_v1_A,1,1.4762618690654672,2.783608195902049,10.46,0.10356235982393999,0.08713083934223359,1.4217891054472764,0.029263915164061155
main_c01_v1_A,2,1.5632183908045978,2.6421789105447275,10.92,0.10960404449759056,0.09841150853144835,1.4000499750124937,0.04301052159506147
main_c01_v1_A,3,1.6296851574212894,2.902048975512244,10.93,0.11352116631308795,0.1233008495752122,1.383433283358321,0.02844094922320181
main_c01_v1_A,4,1.6041979010494753,2.820089955022489,10.86,0.11183656858235955,0.11829442421646308,1.3898050974512743,0.02824138255590558
main_c01_v1_A,5,1.536231884057971,2.7276361819090456,10.68,0.10767293372269875,0.09604067014111974,1.4067966016991504,0.02645849528872896
main_c01_v1_A,6,1.5712143928035982,2.6976511744127936,10.94,0.10940038112438352,0.10822326931772193,1.3980509745127436,0.02988004987751806
main_c01_v1_A,7,1.6286856571714143,2.978510744627686,11.49,0.11340044182633953,0.11136336593607932,1.3836831584207896,0.03636973497343372
main_c01_v1_A,8,1.64167916041979,2.7831084457771116,11.13,0.11513053315861259,0.12709002641536338,1.3804347826086956,0.03279838565691857
main_c01_v1_D00,0,1.5872063968015993,2.8160919540229883,10.8,0.10758261982531987,0.10428952190571361,1.4459020489755123,0.028748357798031452
main_c01_v1_D00,1,1.7036481759120439,2.8460769615192403,11.38,0.11536066862537826,0.11640489279169923,1.416791604197901,0.027060854139044008
main_c01_v1_D00,2,1.5432283858070965,2.7766116941529235,10.88,0.10501207285164833,0.09566109802241717,1.456896551724138,0.02028154557861811
main_c01_v1_D00,3,1.6806596701649175,2.893053473263368,11.47,0.11288112304747988,0.12304443016586929,1.4225387306346826,0.026682581368329756
main_c01_v1_D00,4,1.6391804097951024,2.8055972013993005,10.85,0.11136809435697838,0.10256181433092947,1.4329085457271364,0.0360663426616324
main_c01_v1_D00,5,1.6731634182908546,2.848575712143928,11.67,0.11359672016781491,0.1306644296899166,1.4244127936031985,0.019740650481881228
main_c01_v1_D00,6,1.632183908045977,2.7956021989005495,10.71,0.11138392778632018,0.10394802598700624,1.434657671164418,0.014125122244808204
main_c01_v1_D00,7,1.577711144427786,2.741129435282359,10.99,0.10677218309527241,0.09513636039123287,1.4482758620689655,0.01437994986251818
main_c01_v1_D00,8,1.7046476761619191,2.8265867066466766,11.75,0.11604259024378775,0.12828942671521346,1.4165417291354323,0.025556493234561006
main_c01_v1_D01,0,1.489255372313843,2.5837081459270363,10.58,0.10444859910969935,0.08281454510839789,1.4377811094452773,0.020284352826858545
main_c01_v1_D01,1,1.7316341829085458,2.974512743628186,11.5,0.11812813800316393,0.1483728373908283,1.3771864067966018,0.02263109249815819
main_c01_v1_D01,2,1.552223888055972,2.787106446776612,11.03,0.10723954297812355,0.11247530996406542,1.422038980509745,0.03803328819297903
main_c01_v1_D01,3,1.6836581709145426,2.8530734632683656,11.15,0.11531555281512393,0.13812795982960857,1.3891804097951024,0.030904085629530727
main_c01_v1_D01,4,1.5797101449275361,2.811094452773613,11.3,0.10868948773014342,0.11342067061707224,1.4151674162918542,0.012581557935664464
main_c01_v1_D01,5,1.6251874062968517,2.8085957021489256,12.06,0.11297617669144885,0.10837140953332841,1.4037981009495253,0.035202544519230695
main_c01_v1_D01,6,1.5732133933033483,2.7306346826586707,11.29,0.1099545659146264,0.10363568215892013,1.416791604197901,0.014545103378545919
main_c01_v1_D01,7,1.6336831584207896,2.690654672663668,11.33,0.11260064469820229,0.09297791580400257,1.4016741629185407,0.033088066778354075
main_c01_v1_D01,8,1.6121939030484758,2.7171414292853573,11.16,0.11064729205946819,0.09980366959377429,1.407046476761619,0.01715820256431703
main_c01_v1_D02,0,1.5442278860569716,2.821089455272364,10.63,0.10789088300899001,0.10622664858047155,1.4026736631684158,0.014628884535963187
main_c01_v1_D02,1,1.5697151424287856,2.770614692653673,11.51,0.11010936341960319,0.09562064205992234,1.3963018490754622,0.017685716003683752
main_c01_v1_D02,2,1.6521739130434783,2.7681159420289854,11.44,0.11512958094876091,0.12171949739415992,1.3756871564217892,0.02172105779390519
main_c01_v1_D02,3,1.6516741629185407,2.864567716141929,11.18,0.11511152987918473,0.12489529045001295,1.3758120939530234,0.030522478736718244
main_c01_v1_D02,4,1.5962018990504747,2.6816591704147927,11.4,0.11220210050704983,0.10191749363413513,1.38968015992004,0.013232503287666475
main_c01_v1_D02,5,1.5977011494252873,2.7481259370314843,11.03,0.11140933208411433,0.11779764879465023,1.3893053473263368,0.016339907009370082
main_c01_v1_D02,6,1.551224387806097,2.7021489255372315,11.26,0.10868131438942963,0.10019930510934999,1.4009245377311343,0.012003109722183769
main_c01_v1_D02,7,1.5592203898050974,2.71664167916042,10.67,0.10916131528408121,0.0981604435877299,1.3989255372313842,0.023747437430167755
main_c01_v1_D02,8,1.5877061469265368,2.897551224387806,11.18,0.11030458047878622,0.13346303038956706,1.3918040979510244,0.009695045044675466
main_c01_v1_D03,0,1.6611694152923537,3.0474762618690656,11.36,0.11534960870074176,0.13807421685982396,1.3693153423288356,0.0140529230348029
main_c01_v1_D03,1,1.5227386306846578,2.7126436781609193,10.65,0.10702192640311652,0.08924743977217738,1.4039230384807597,0.01795980121969987
main_c01_v1_D03,2,1.6026986506746628,2.8055972013993005,11.3,0.1126394045806327,0.11129117980692171,1.3839330334832585,0.019042964073700642
main_c01_v1_D03,3,1.64167916041979,2.9250374812593702,11.06,0.11457539836337831,0.1289222452265927,1.3741879060469766,0.015176265916503728
main_c01_v1_D03,4,1.5912043978010995,2.685657171414293,11.12,0.11186990336244404,0.10260088209863309,1.3868065967016492,0.013340804510717822
main_c01_v1_D03,5,1.5227386306846578,2.7406296851574212,10.81,0.10742552951337826,0.09331921340916825,1.4039230384807597,0.018015621327867094
main_c01_v1_D03,6,1.5742128935532234,2.8330834582708646,10.93,0.1096467554321758,0.10253484368926626,1.3910544727636183,0.014157559356148606
main_c01_v1_D03,7,1.538230884557721,2.899050474762619,10.88,0.10836533092121088,0.11489889975647087,1.4000499750124937,0.02044350206158582
main_c01_v1_D03,8,1.6221889055472263,2.8550724637681157,10.95,0.11310614272292173,0.11911107938094422,1.3790604697651174,0.019275775834961786
main_c01_v1_D04,0,1.5977011494252873,2.766616691654173,10.55,0.10905111980292935,0.09911016713865277,1.433158420789605,0.0384572217598683
main_c01_v1_D04,1,1.5737131434282858,2.7231384307846076,11.18,0.10776152044529606,0.09276036584882145,1.4391554222888556,0.028884446662756674
main_c01_v1_D04,2,1.695152423788106,2.817591204397801,11.74,0.11547947690959944,0.12178097459206869,1.4087956021989005,0.03739338591287253
main_c01_v1_D04,3,1.5987006496751623,2.7416291854072963,11.3,0.10897683232011186,0.09857710033871941,1.4329085457271364,0.044301408278872884
main_c01_v1_D04,4,1.5087456271864068,2.7051474262868567,10.27,0.10419309694283775,0.08587452305593213,1.4553973013493253,0.037405863171783654
main_c01_v1_D04,5,1.7211394302848575,2.900049975012494,11.41,0.1168138155496111,0.1396410921523362,1.4022988505747127,0.06563118212753623
main_c01_v1_D04,6,1.5857071464267867,2.821089455272364,10.74,0.108301217119449,0.10671350832520234,1.4361569215392305,0.06560048625357418
main_c01_v1_D04,7,1.673663168415792,2.897551224387806,11.26,0.11431609511005282,0.1191245647017758,1.4141679160419791,0.04834347366463796
main_c01_v1_D04,8,1.7061469265367317,2.9105447276361818,11.61,0.11510682580011262,0.13641770384648916,1.406046976511744,0.059790185183228796
main_c01_v1_D05,0,1.5702148925537232,2.864567716141929,10.92,0.10899499039020585,0.11586091874697556,1.4002998500749626,0.017874231011556736
main_c01_v1_D05,1,1.5562218890554722,2.728135932033983,10.69,0.10863450618828875,0.10400970149845691,1.4037981009495253,0.026463843817030836
main_c01_v1_D05,2,1.569215392303848,2.6891554222888554,10.71,0.10924420882675713,0.10417568993281116,1.4005497251374313,0.024140534309253264
main_c01_v1_D05,3,1.5657171414292854,2.656671664167916,11.01,0.10935275146512147,0.10458560402338489,1.4014242878560719,0.02087227803075602
main_c01_v1_D05,4,1.6036981509245378,2.807096451774113,10.77,0.11281296741678173,0.11890641980596975,1.3919290354822589,0.015973822711308986
main_c01_v1_D05,5,1.6326836581709145,2.7771114442778613,11.14,0.11419544153124352,0.11908906657782208,1.3846826586706646,0.03132616945213921
main_c01_v1_D05,6,1.5472263868065967,2.7821089455272365,10.75,0.10811104127889525,0.09129998492817071,1.406046976511744,0.014640244571685895
main_c01_v1_D05,7,1.7201399300349824,2.924037981009495,11.41,0.11898438974598947,0.14089126071884678,1.3628185907046477,0.029688621969559334
main_c01_v1_D05,8,1.577711144427786,2.7576211894052975,11.03,0.1096697031567169,0.10118135376756049,1.3984257871064467,0.013896039153180694
main_c01_v1_D06,0,1.5047476261869066,2.653673163418291,10.87,0.1060051541493535,0.0886691574847496,1.4136681659170416,0.011630335811112757
main_c01_v1_D06,1,1.5007496251874064,2.808095952023988,10.74,0.10591145448290588,0.08443674987902863,1.4146676661669166,0.011492507594524146
main_c01_v1_D06,2,1.695152423788106,2.9495252373813092,11.66,0.1167517860219935,0.12974326328899027,1.3660669665167415,0.014487264511728224
main_c01_v1_D06,3,1.6721639180409795,2.893053473263368,11.66,0.11621323179817125,0.1390112483440818,1.3718140929535232,0.014089769278014738
main_c01_v1_D06,4,1.6341829085457271,2.7956021989005495,11.79,0.11343682286058054,0.1181002752591956,1.3813093453273364,0.010946342552000818
main_c01_v1_D06,5,1.5587206396801598,2.6571714142928538,10.89,0.10930001939420066,0.09521528918080628,1.4001749125437282,0.013216603904389598
main_c01_v1_D06,6,1.615192403798101,2.8660669665167418,11.06,0.11295887254145864,0.12377957846473568,1.3860569715142428,0.012122221544394062
main_c01_v1_D06,7,1.5497251374312844,2.6956521739130435,10.79,0.10895550232459153,0.1043303744952918,1.402423788105947,0.018590634100703482
main_c01_v1_D06,8,1.5882058970514743,2.752623688155922,11.07,0.11046715642674457,0.11671406360311894,1.3928035982008995,0.009684779488656592
main_c01_v1_D07,0,1.5912043978010995,2.8535732133933034,11.07,0.11115243258681828,0.11827598105709032,1.3910544727636183,0.04635431126929144
main_c01_v1_D07,1,1.6061969015492255,2.708645677161419,11.33,0.11185499150704084,0.11533280978558313,1.3873063468265867,0.027091816208020786
main_c01_v1_D07,2,1.538230884557721,2.6186906546726636,10.62,0.10799448008978169,0.09623997525046987,1.4042978510744628,0.059884817374769174
main_c01_v1_D07,3,1.5782108945527236,2.6996501749125437,10.72,0.110197959288233,0.11009614240498783,1.394302848575712,0.02568460419571157
main_c01_v1_D07,4,1.623688155922039,2.817591204397801,11.67,0.11323418432377343,0.11639596868232523,1.3829335332333834,0.011887645646943603
main_c01_v1_D07,5,1.5602198900549724,2.8075962018990506,10.8,0.10952230841667737,0.09689440993788813,1.39880059970015,0.030193481646587365
main_c01_v1_D07,6,1.5977011494252873,2.837081459270365,11.35,0.11167626453480975,0.10732907355845872,1.3894302848575713,0.017410269364103212
main_c01_v1_D07,7,1.5837081459270366,2.7661169415292353,10.97,0.11084952623294403,0.11291973061088482,1.392928535732134,0.012919834165738261
main_c01_v1_D07,8,1.6316841579210395,2.8235882058970514,11.22,0.11351785301992161,0.1265159087123102,1.380934532733633,0.07263252821430459
main_c01_v1_D08,0,1.6021989005497252,2.744127936031984,11.4,0.10928609576207761,0.10972172643836782,1.4437781109445278,0.010722053312772387
main_c01_v1_D08,1,1.6366816591704147,2.71664167916042,11.11,0.11005650763889259,0.10741276187303146,1.4351574212893554,0.014049771518271437
main_c01_v1_D08,2,1.7326336831584208,2.9300349825087455,11.58,0.11613447620784434,0.14796450980858755,1.4111694152923537,0.0172283119797607
main_c01_v1_D08,3,1.5612193903048475,2.608695652173913,10.95,0.10652157701818732,0.08532559117266754,1.4540229885057472,0.011144626551631348
main_c01_v1_D08,4,1.6606696651674162,2.863568215892054,11.51,0.11260688730801546,0.11506905277519942,1.4291604197901049,0.014288226487988887
main_c01_v1_D08,5,1.688655672163918,2.788605697151424,11.83,0.11388848713367232,0.11882193823723022,1.4221639180409795,0.00673321654057932
main_c01_v1_D08,6,1.5817091454272865,2.681159420289855,11.08,0.10853163717038058,0.08469852375399584,1.4489005497251375,0.01439772229617077
main_c01_v1_D08,7,1.713143428285857,2.9420289855072466,11.88,0.11505383840394225,0.1304994328232706,1.4160419790104948,0.010087168038020221
main_c01_v1_D08,8,1.577711144427786,2.734632683658171,11.3,0.10792049335698742,0.10048646311764738,1.4499000499750125,0.010033739017967232
main_c01_v1_label,0,1.5712143928035982,2.6976511744127936,10.94,0.10940038112438337,0.10822326931772193,1.3980509745127436,
main_c01_v1_label,1,1.6756621689155422,2.8055972013993005,11.61,0.11587157095098777,0.1301450465243566,1.3719390304847576,
main_c01_v1_label,2,1.6286856571714143,2.978510744627686,11.49,0.11340044182633953,0.11136336593607932,1.3836831584207896,
main_c01_v1_label,3,1.6041979010494753,2.820089955022489,10.86,0.11183656858235955,0.11829442421646308,1.3898050974512743,
main_c01_v1_label,4,1.4762618690654672,2.783608195902049,10.46,0.10356235982393991,0.08713083934223359,1.4217891054472764,
main_c01_v1_label,5,1.64167916041979,2.7831084457771116,11.13,0.11513053315861262,0.12709002641536338,1.3804347826086956,
main_c01_v1_label,6,1.6296851574212894,2.902048975512244,10.93,0.11352116631308787,0.1233008495752122,1.383433283358321,
main_c01_v1_label,7,1.5632183908045978,2.6421789105447275,10.92,0.1096040444975907,0.09841150853144835,1.4000499750124937,
main_c01_v1_label,8,1.536231884057971,2.7276361819090456,10.68,0.10767293372269872,0.09604067014111974,1.4067966016991504,
main_c02_v0_A,0,1.6756621689155422,2.87856071964018,11.33,0.11422550108808062,0.12465513275108454,1.4140429785107447,0.06020475530336348
main_c02_v0_A,1,1.7291354322838581,2.863568215892054,11.78,0.11733409591003209,0.13696088463704625,1.4006746626686657,0.06122972793668157
main_c02_v0_A,2,1.6156921539230384,2.784607696151924,11.0,0.11135010234633441,0.1036091081443403,1.4290354822588707,0.03886659653563166
main_c02_v0_A,3,1.6021989005497252,2.8875562218890556,11.09,0.10927075266414195,0.11421392478363972,1.432408795602199,0.04149554545096077
main_c02_v0_A,4,1.5722138930534733,2.927536231884058,11.4,0.1071569794879877,0.09384018308306158,1.4399050474762618,0.06747776396341369
main_c02_v0_A,5,1.5782108945527236,2.6136931534232883,11.17,0.10821115102703868,0.08813827213377416,1.4384057971014492,0.05988332886621176
main_c02_v0_A,6,1.6291854072963519,2.811094452773613,11.53,0.11047757290920056,0.1164175848583641,1.4256621689155422,0.06528469957406786
main_c02_v0_A,7,1.5997001499250374,2.7476261869065466,11.47,0.10922730550219052,0.1100213781997889,1.4330334832583709,0.046741501865333886
main_c02_v0_A,8,1.6616691654172913,2.7821089455272365,11.36,0.11274653906499339,0.11214353140889852,1.4175412293853074,0.043762620379809096
main_c02_v0_D00,0,1.5642178910544728,2.9075462268865566,10.95,0.11098700718948759,0.11370882019307776,1.3725637181409296,0.017779091990590117
main_c02_v0_D00,1,1.5742128935532234,2.7446276861569214,11.56,0.1114616870418098,0.10268100076945638,1.370064967516242,0.02146110479346386
main_c02_v0_D00,2,1.5182408795602198,2.7246376811594204,11.08,0.1078453337521281,0.1032812958600064,1.3840579710144927,0.020357096454836465
main_c02_v0_D00,3,1.5587206396801598,2.7541229385307346,11.36,0.11046529095130979,0.12258771407946795,1.3739380309845077,0.02625919087914465
main_c02_v0_D00,4,1.5537231384307846,2.6946526736631684,10.98,0.11044326248565961,0.10163509515083712,1.3751874062968517,0.015042975371455358
main_c02_v0_D00,5,1.584207896051974,2.847576211894053,11.38,0.11210628887968366,0.1170315635832875,1.3675662168915543,0.03385317934900976
main_c02_v0_D00,6,1.5482258870564718,2.8885557221389306,11.56,0.10991501374835816,0.11171755392145179,1.3765617191404298,0.022969895550365067
main_c02_v0_D00,7,1.584207896051974,2.813593203398301,11.18,0.11233035934247297,0.10506433291290841,1.3675662168915543,0.01888320858355613
main_c02_v0_D00,8,1.6231884057971016,2.8160919540229883,11.21,0.11444575660909018,0.12229262352950497,1.3578210894552725,0.03527439954067111
main_c02_v0_D01,0,1.6196901549225386,2.7961019490254873,11.36,0.11236687479393734,0.11512953840540029,1.3886806596701649,0.029714659668548277
main_c02_v0_D01,1,1.6101949025487257,2.6796601699150426,10.92,0.1117534330127595,0.1095353117092246,1.3910544727636183,0.04932488166781956
main_c02_v0_D01,2,1.5432283858070965,2.7786106946526736,11.43,0.10774063358603303,0.10243767005386177,1.4077961019490255,0.030146906493025344
main_c02_v0_D01,3,1.4992503748125936,2.7976011994003,10.75,0.10466456756977416,0.09020212116164138,1.4187906046976513,0.04939876303567894
main_c02_v0_D01,4,1.6296851574212894,2.7496251874062967,11.42,0.11401551629912868,0.1075654633000958,1.3861819090454772,0.0348628420021807
main_c02_v0_D01,5,1.6761619190404797,2.998500749625187,11.23,0.11630732311430793,0.12972759651920054,1.3745627186406797,0.04599093401015053
main_c02_v0_D01,6,1.6231884057971016,2.887056471764118,11.27,0.11267522788058278,0.13609346120590493,1.3878060969515242,0.05864759945851201
main_c02_v0_D01,7,1.5367316341829085,2.6431784107946026,10.65,0.10805230129599741,0.10220504826951585,1.4094202898550725,0.05933242424196641
main_c02_v0_D01,8,1.6106946526736632,2.8830584707646176,11.1,0.11242412244747935,0.1071037893751535,1.3909295352323838,0.0346406459951122
main_c02_v0_D02,0,1.5962018990504747,2.7371314342828588,10.55,0.10786625214743806,0.0998028763396077,1.4462768615692154,0.0181633016009539
main_c02_v0_D02,1,1.5987006496751623,2.7506246876561717,10.91,0.10899574849139071,0.09050990377826944,1.4456521739130435,0.016631361577769094
main_c02_v0_D02,2,1.5717141429285357,2.7756121939030485,11.02,0.10708206295796206,0.0946268929027548,1.4523988005997002,0.01429526484468937
main_c02_v0_D02,3,1.735632183908046,2.8555722138930535,12.04,0.11695802437978958,0.14422709280280469,1.4114192903548226,0.014027229251118033
main_c02_v0_D02,4,1.673663168415792,2.8245877061469264,11.33,0.11259983414427954,0.12693157389559162,1.4269115442278861,0.038023535773413934
main_c02_v0_D02,5,1.632183908045977,2.7716141929035483,11.59,0.11081268560354164,0.11502324234708022,1.4372813593203397,0.022014271700750227
main_c02_v0_D02,6,1.7256371814092955,2.9565217391304346,11.53,0.11653818260432801,0.13658805517875944,1.4139180409795102,0.016518158072100834
main_c02_v0_D02,7,1.6121939030484758,2.7001499250374814,11.2,0.10940527206794255,0.10105998588007564,1.4422788605697152,0.0245987922494466
main_c02_v0_D02,8,1.6166916541729135,2.685657171414293,11.31,0.1097419376033279,0.09123037687505442,1.4411544227886057,0.0337902705473505
main_c02_v0_D03,0,1.5347326336831584,2.848575712143928,10.6,0.1046798044916528,0.08480362993106604,1.4405297351324338,0.045865002873281414
main_c02_v0_D03,1,1.6031984007996003,2.8160919540229883,11.26,0.10972559339251316,0.10636427817837098,1.4234132933533232,0.10413812311946687
main_c02_v0_D03,2,1.52023988005997,2.6881559220389803,10.85,0.10412631145248674,0.08308068188128141,1.4441529235382309,0.057995114445380185
main_c02_v0_D03,3,1.6561719140429785,2.7181409295352323,11.11,0.11432439885845126,0.11606656988965817,1.4101699150424787,0.05529697291567512
main_c02_v0_D03,4,1.7296351824087957,2.795102448775612,11.66,0.1187556284563614,0.1275620126444712,1.3918040979510244,0.1687463820363718
main_c02_v0_D03,5,1.6836581709145426,2.8810594702648675,11.56,0.11552292714186899,0.13417656251239415,1.4032983508245878,0.18146656281744278
main_c02_v0_D03,6,1.5547226386806596,2.6776611694152925,10.72,0.10659020449627883,0.08901283485241487,1.4355322338830585,0.14283022960108865
main_c02_v0_D03,7,1.7446276861569214,2.990504747626187,11.77,0.11828180245077734,0.154513417894227,1.3880559720139931,0.1724463125047968
main_c02_v0_D03,8,1.5667166416791605,2.7741129435282357,10.85,0.10799332925960953,0.10442001221611383,1.4325337331334334,0.09102108610139141
main_c02_v0_D04,0,1.6031984007996003,2.6676661669165416,10.91,0.10967646791330332,0.09379556253619209,1.436656671664168,0.02913994848815284
main_c02_v0_D04,1,1.5847076461769116,2.8065967016491755,10.81,0.10779056753687802,0.1110387266684116,1.4412793603198402,0.016912252617507593
main_c02_v0_D04,2,1.6436781609195403,2.7361319340329837,11.5,0.11181413968412787,0.10614474508777329,1.4265367316341828,0.02055595851894095
main_c02_v0_D04,3,1.6526736631684158,2.8660669665167418,11.7,0.11268812958196477,0.12125445213900958,1.424287856071964,0.029084881522842207
main_c02_v0_D04,4,1.6271864067966018,2.7936031984007994,11.04,0.10993887357296812,0.10328308068188095,1.4306596701649175,0.020297233092451426
main_c02_v0_D04,5,1.654672663668166,2.818090954522739,11.18,0.11286667009701676,0.10951091914360254,1.4237881059470265,0.017115241219130155
main_c02_v0_D04,6,1.645177411294353,2.762118940529735,11.51,0.11186957644995874,0.1175509467488476,1.4261619190404797,0.016764429034750603
main_c02_v0_D04,7,1.7096451774112944,2.8295852073963017,11.99,0.11603653778469059,0.1380389170494115,1.4100449775112445,0.01689376410738534
main_c02_v0_D04,8,1.578710644677661,2.737631184407796,10.9,0.10731903737909171,0.0993826499448687,1.4427786106946527,0.026417909084277342
main_c02_v0_D05,0,1.5947026486756621,2.7241379310344827,11.03,0.11007077990924742,0.10521187818788984,1.4170414792603698,0.00972020173109798
main_c02_v0_D05,1,1.576711644177911,2.709645177411294,11.22,0.1090941005615719,0.09134976162712287,1.4215392303848076,0.009608012890012544
main_c02_v0_D05,2,1.6631684157921038,2.810094952523738,11.21,0.11352275103455989,0.12214507825452323,1.3999250374812593,0.007641407299497315
main_c02_v0_D05,3,1.537231384307846,2.6691654172913544,10.82,0.10642284166759858,0.08286828807818301,1.4314092953523239,0.017606804069190792
main_c02_v0_D05,4,1.737631184407796,3.00199900049975,11.72,0.11858075027985447,0.1524870501257305,1.3813093453273364,0.008311024775818016
main_c02_v0_D05,5,1.6291854072963519,2.8020989505247376,11.19,0.11275907503772861,0.11721183059263988,1.4084207896051975,0.015311775599060844
main_c02_v0_D05,6,1.5307346326836582,2.71664167916042,11.08,0.10600077482979225,0.10306235771003364,1.4330334832583709,0.008367852712399837
main_c02_v0_D05,7,1.645177411294353,2.8810594702648675,11.52,0.11293983130611543,0.11872416966120082,1.4044227886056972,0.007619654456599237
main_c02_v0_D05,8,1.6111944027986007,2.7806096951524237,11.37,0.11060909537353138,0.10693958576267401,1.4129185407296352,0.009114194858000904
main_c02_v0_D06,0,1.7146426786606697,3.0954522738630685,12.04,0.11802840327989023,0.15208725002578066,1.3803098450774614,0.025259646891711594
main_c02_v0_D06,1,1.5582208895552223,2.7071464267866068,11.2,0.1082090084897444,0.10851439359685199,1.419415292353823,0.013374624673337871
main_c02_v0_D06,2,1.6411794102948525,2.7256371814092955,11.46,0.11388482425547904,0.11061155929971511,1.3986756621689156,0.014051072267298875
main_c02_v0_D06,3,1.6121939030484758,2.696151924037981,10.92,0.11133799627452345,0.10039523888849196,1.4059220389805098,0.02025948430860446
main_c02_v0_D06,4,1.5452273863068466,2.741129435282359,10.88,0.1073497109104166,0.10019533883851704,1.422663668165917,0.015000583492483496
main_c02_v0_D06,5,1.6261869065467267,2.8480759620189904,11.31,0.11179124641766064,0.11933933826737411,1.402423788105947,0.016431468065928424
main_c02_v0_D06,6,1.5497251374312844,2.715642178910545,10.77,0.10732291178682023,0.08681274442143985,1.4215392303848076,0.006899683048236002
main_c02_v0_D06,7,1.6381809095452273,2.9330334832583707,11.3,0.11212896772657971,0.11606954459278279,1.3994252873563218,0.03566306672594475
main_c02_v0_D06,8,1.5862068965517242,2.712143928035982,11.04,0.10994693085888566,0.10597459206904467,1.4124187906046977,0.014219617826683491
main_c02_v0_D07,0,1.5487256371814093,2.7031484257871066,10.97,0.10628396570130205,0.08951436979922736,1.4407796101949026,0.042858743270447364
main_c02_v0_D07,1,1.5862068965517242,2.788105947026487,11.55,0.10898195819385367,0.10560096935659144,1.4314092953523239,0.05401155243141929
main_c02_v0_D07,2,1.584207896051974,2.68415792103948,11.05,0.10820372655883914,0.10650587404710317,1.4319090454772614,0.023657324832497616
main_c02_v0_D07,3,1.7096451774112944,2.9860069965017493,11.51,0.11649930498485953,0.1495617270729712,1.4005497251374313,0.026405354062686476
main_c02_v0_D07,4,1.5942028985507246,2.7926036981509244,11.37,0.10873545054470075,0.1066468749752106,1.4294102948525738,0.04108924051694534
main_c02_v0_D07,5,1.6241879060469766,2.832583708145927,11.29,0.11050238248250908,0.10784627527506059,1.4219140429785107,0.01685332232077874
main_c02_v0_D07,6,1.6686656671664168,2.751624187906047,11.95,0.11493633730288899,0.11897344978304458,1.4107946026986506,0.03199560596824392
main_c02_v0_D07,7,1.6651674162918542,2.767616191904048,11.57,0.11381562226996945,0.10711687806890172,1.4116691654172913,0.02180130742444074
main_c02_v0_D07,8,1.642678660669665,3.0454772613693155,11.38,0.11204125196107718,0.10823358162188726,1.4172913543228385,0.037780154802897856
main_c02_v0_D08,0,1.6221889055472263,2.863568215892054,11.23,0.11299328878810887,0.12005981136415905,1.3823088455772115,0.01158478842396448
main_c02_v0_D08,1,1.4667666166916542,2.72063968015992,10.43,0.10341583117368967,0.07787792611630677,1.4211644177911045,0.014055821841155837
main_c02_v0_D08,2,1.590704647676162,2.712143928035982,11.39,0.11162402578622384,0.10779630026256695,1.3901799100449774,0.01603778032268975
main_c02_v0_D08,3,1.6006996501749124,2.824087956021989,11.2,0.11131035310412592,0.10050708772597823,1.3876811594202898,0.01143573693083705
main_c02_v0_D08,4,1.6051974012993504,2.817591204397801,11.59,0.11219255711192905,0.11884672742993568,1.3865567216391803,0.016115606641976057
main_c02_v0_D08,5,1.5932033983008496,2.902048975512244,11.16,0.11110514767988566,0.1260871548352806,1.3895552223888057,0.010004399456675138
main_c02_v0_D08,6,1.6326836581709145,3.0664667666166916,11.17,0.11350181741499088,0.12296014691067149,1.3796851574212894,0.009072843316684266
main_c02_v0_D08,7,1.618190904547726,2.8575712143928036,11.02,0.1129025579571838,0.12479791850106665,1.3833083458270865,0.013672444609150397
main_c02_v0_D08,8,1.5732133933033483,2.663168415792104,10.34,0.11095442098386228,0.1010669268540331,1.394552723638181,0.009081056582112246
main_c02_v0_label,0,1.5722138930534733,2.927536231884058,11.4,0.1071569794879876,0.09384018308306158,1.4399050474762618,
main_c02_v0_label,1,1.6021989005497252,2.8875562218890556,11.09,0.10927075266414184,0.11421392478363972,1.432408795602199,
main_c02_v0_label,2,1.6156921539230384,2.784607696151924,11.0,0.11135010234633448,0.1036091081443403,1.4290354822588707,
main_c02_v0_label,3,1.5782108945527236,2.6136931534232883,11.17,0.10821115102703874,0.08813827213377416,1.4384057971014492,
main_c02_v0_label,4,1.6756621689155422,2.87856071964018,11.33,0.1142255010880807,0.12465513275108454,1.4140429785107447,
main_c02_v0_label,5,1.5997001499250374,2.7476261869065466,11.47,0.10922730550219048,0.1100213781997889,1.4330334832583709,
main_c02_v0_label,6,1.6291854072963519,2.811094452773613,11.53,0.11047757290920045,0.1164175848583641,1.4256621689155422,
main_c02_v0_label,7,1.6616691654172913,2.7821089455272365,11.36,0.11274653906499339,0.11214353140889852,1.4175412293853074,
main_c02_v0_label,8,1.7291354322838581,2.863568215892054,11.78,0.11733409591003223,0.13696088463704625,1.4006746626686657,
main_c02_v1_A,0,1.630184907546227,2.8895552223888057,11.19,0.11388193557082825,0.11156306767251266,1.372063968015992,0.022249887211456102
main_c02_v1_A,1,1.551224387806097,2.7236381809095453,11.05,0.10876414723861276,0.10013425826769137,1.3918040979510244,0.012974265145983821
main_c02_v1_A,2,1.5857071464267867,2.924037981009495,11.57,0.1118129119637655,0.11727033308742432,1.383183408295852,0.023515633617278084
main_c02_v1_A,3,1.503248375812094,2.8415792103948028,11.05,0.10623161852642388,0.10090768108009474,1.4037981009495253,0.017337466191168622
main_c02_v1_A,4,1.584207896051974,2.970014992503748,10.81,0.11138614842096077,0.11943710684340351,1.3835582208895552,0.02342122286591024
main_c02_v1_A,5,1.6836581709145426,3.0069965017491254,11.67,0.1174245813984763,0.1425208030905179,1.358695652173913,0.019511078746755516
main_c02_v1_A,6,1.5492253873063468,2.7221389305347325,10.9,0.10905420524160746,0.09110603428444504,1.392303848075962,0.01490497845773108
main_c02_v1_A,7,1.5637181409295353,2.743128435782109,11.26,0.11000452447532647,0.10416081641718798,1.3886806596701649,0.026008459579286252
main_c02_v1_A,8,1.5857071464267867,2.7791104447776114,11.18,0.1114399271639986,0.11289989925672063,1.383183408295852,0.028096399144365087
main_c02_v1_D00,0,1.5317341329335332,2.6231884057971016,10.56,0.10613020222101005,0.08758299421717708,1.4320339830084958,0.033766161665277954
main_c02_v1_D00,1,1.591704147926037,2.8575712143928036,11.22,0.10971656442641907,0.10648068822731468,1.4170414792603698,0.025809150897256244
main_c02_v1_D00,2,1.6191904047976011,2.9365317341329336,11.13,0.11204370600913369,0.10928523833321402,1.4101699150424787,0.028852243923952497
main_c02_v1_D00,3,1.7651174412793602,3.1349325337331333,12.12,0.12023441705442812,0.18475464648628043,1.373688155922039,0.029396317963436575
main_c02_v1_D00,4,1.6536731634182908,2.822088955522239,11.4,0.11357962610249762,0.10532769329620877,1.4015492253873063,0.020220858583258807
main_c02_v1_D00,5,1.646176911544228,2.7496251874062967,11.06,0.11270826797125705,0.10388674710263898,1.4034232883558222,0.01937615157837679
main_c02_v1_D00,6,1.5447276361819091,2.6766616691654175,10.68,0.10624660966024146,0.1038498607838936,1.4287856071964018,0.018446586489975228
main_c02_v1_D00,7,1.60119940029985,2.867066466766617,11.37,0.11071486281941269,0.09995537945313043,1.4146676661669166,0.01881478359100927
main_c02_v1_D00,8,1.566216891554223,2.685657171414293,11.07,0.10862574373560034,0.09887675210014021,1.4234132933533232,0.015174834733985123
main_c02_v1_D01,0,1.7036481759120439,2.9440279860069967,11.98,0.11770471566608011,0.14261440708217304,1.3909295352323838,0.03140532255855392
main_c02_v1_D01,1,1.5212393803098452,2.6171914042978512,10.27,0.10447233047651805,0.09065645748554273,1.4365317341329336,0.021391022072039616
main_c02_v1_D01,2,1.5792103948025986,2.7021489255372315,10.66,0.10840791747592927,0.11313093453273343,1.422038980509745,0.035042914231468374
main_c02_v1_D01,3,1.5967016491754122,2.6716641679160418,11.21,0.11020255698130249,0.0952660574474666,1.4176661669165418,0.027767711311654234
main_c02_v1_D01,4,1.6386806596701649,2.8820589705147426,11.26,0.11282428254219579,0.11179172318602572,1.4071714142928535,0.03240234489438763
main_c02_v1_D01,5,1.7411294352823588,2.9400299850074965,11.73,0.12011716050875623,0.1563813331429521,1.381559220389805,0.022600433978060847
main_c02_v1_D01,6,1.5432283858070965,2.823088455772114,11.11,0.10561336070063305,0.09073736941053258,1.4310344827586208,0.023844502681038476
main_c02_v1_D01,7,1.6101949025487257,2.788605697151424,11.33,0.11035475626677967,0.10090074010613721,1.4142928535732133,0.038298035947630815
main_c02_v1_D01,8,1.6006996501749124,2.8245877061469264,11.04,0.11030291938180543,0.09852097760643465,1.4166666666666667,0.03366915860783634
main_c02_v1_D02,0,1.6666666666666667,2.8050974512743627,11.63,0.11147080478081038,0.1107930161903174,1.447776111944028,0.012442547270718002
main_c02_v1_D02,1,1.5977011494252873,2.844577711144428,11.39,0.10751801025174951,0.09824512347001088,1.4650174912543728,0.01613312237773022
main_c02_v1_D02,2,1.7276361819090456,2.83808095952024,11.47,0.11559587900592114,0.12268885398570531,1.4325337331334334,0.016916144839973064
main_c02_v1_D02,3,1.5947026486756621,2.843078460769615,11.12,0.10725140732337263,0.10662069758771389,1.4657671164417791,0.015977944354005694
main_c02_v1_D02,4,1.6456771614192904,2.753623188405797,11.28,0.11095371342552326,0.10346096792873384,1.4530234882558721,0.01851852298583002
main_c02_v1_D02,5,1.6071964017991005,2.789605197401299,11.17,0.10775231613711865,0.08585132037156012,1.4626436781609196,0.019282909354854477
main_c02_v1_D02,6,1.712143928035982,2.9320339830084956,11.68,0.11409338725403982,0.13218470130014337,1.4364067966016991,0.008969837911605614
main_c02_v1_D02,7,1.6536731634182908,2.833583208395802,10.92,0.11051636175589619,0.11818217875189374,1.451024487756122,0.012451658140303247
main_c02_v1_D02,8,1.710144927536232,2.913543228385807,11.7,0.11484812006556844,0.12197314041391985,1.4369065467266366,0.02444902108705115
main_c02_v1_D03,0,1.6196901549225386,2.7306346826586707,11.07,0.11140233267398365,0.09230622783846155,1.43928035982009,0.020541071927160176
main_c02_v1_D03,1,1.5922038980509745,2.7766116941529235,11.03,0.10856572200649967,0.11648520977606412,1.446151924037981,0.017684687938748816
main_c02_v1_D03,2,1.6606696651674162,2.71864067966017,11.63,0.11190719518159499,0.11249434806406294,1.4290354822588707,0.015322326960483053
main_c02_v1_D03,3,1.6796601699150424,2.9320339830084956,11.01,0.11341767253815307,0.1158379143761451,1.424287856071964,0.01709110925257518
main_c02_v1_D03,4,1.645177411294353,2.857071464267866,11.46,0.11141011633200198,0.12420099474072464,1.4329085457271364,0.012701134330820435
main_c02_v1_D03,5,1.7001499250374812,2.898550724637681,11.65,0.11433516075574174,0.13209645177411294,1.4191654172913544,0.009170355571398198
main_c02_v1_D03,6,1.5637181409295353,2.5927036481759123,10.64,0.10606129914184222,0.08295376121463062,1.4532733633183408,0.016445256231349837
main_c02_v1_D03,7,1.710144927536232,2.7776111944027986,11.58,0.11533373679985108,0.14187965541038983,1.4166666666666667,0.022752940890303552
main_c02_v1_D03,8,1.582208895552224,2.7246376811594204,10.66,0.10756676457033158,0.0817454368054068,1.4486506746626686,0.02467502938259952
main_c02_v1_D04,0,1.5167416291854072,2.7616191904047978,11.06,0.10739216073062158,0.1089124088749274,1.3899300349825088,0.014863672961332536
main_c02_v1_D04,1,1.5537231384307846,2.652673663168416,11.04,0.11020858783120654,0.09890431768242836,1.3806846576711644,0.01365104443325203
main_c02_v1_D04,2,1.5667166416791605,2.7251374312843577,11.36,0.11075189397446922,0.11204001174016141,1.3774362818590704,0.00941764190574092
main_c02_v1_D04,3,1.4577711144427785,2.659670164917541,10.99,0.10361789385941927,0.07956101314422154,1.404672663668166,0.027789744250046683
main_c02_v1_D04,4,1.5802098950524737,2.819590204897551,10.51,0.11216915808220104,0.11264149671196133,1.3740629685157422,0.025516722537516884
main_c02_v1_D04,5,1.6456771614192904,2.9205397301349327,11.48,0.11525965090524343,0.1345531599279723,1.357696151924038,0.016371034610069862
main_c02_v1_D04,6,1.6046976511744129,2.732633683158421,11.58,0.1127887161940579,0.12073923355782404,1.3679410294852574,0.020022932174302174
main_c02_v1_D04,7,1.6286856571714143,2.683658170914543,11.02,0.11502270489426039,0.11910076707677891,1.3619440279860069,0.02463570192479821
main_c02_v1_D04,8,1.5987006496751623,2.8020989505247376,11.52,0.11278923352852062,0.11354759128372308,1.36944027986007,0.025816778584363653
main_c02_v1_D05,0,1.5302348825587206,2.752623688155922,10.77,0.10838433123420653,0.09882995010431259,1.3853073463268366,0.03588324408752341
main_c02_v1_D05,1,1.5467266366816592,2.7981009495252374,11.07,0.11011469016518574,0.10196469225704585,1.381184407796102,0.04160162688475564
main_c02_v1_D05,2,1.583208395802099,2.695152423788106,11.17,0.11175651273559253,0.11230416537762831,1.372063968015992,0.03536500947903782
main_c02_v1_D05,3,1.6261869065467267,2.729135432283858,11.17,0.11453502341687914,0.12848774025685544,1.3613193403298351,0.016803509400080095
main_c02_v1_D05,4,1.5867066466766617,2.8385807096451776,11.32,0.11172115516874027,0.11161760389646413,1.3711894052973512,0.04027570787274174
main_c02_v1_D05,5,1.6091954022988506,2.869565217391304,11.05,0.11317956543968545,0.12483183011668741,1.365567216391804,0.04750714224567956
main_c02_v1_D05,6,1.5147426286856571,2.5452273863068466,10.82,0.10755767698781525,0.08764506635571087,1.3891804097951024,0.05462946825187092
main_c02_v1_D05,7,1.5582208895552223,2.8875562218890556,10.92,0.11055104829958994,0.12247467536073213,1.3783108445777112,0.023855422365595912
main_c02_v1_D05,8,1.5877061469265368,2.7286356821589206,10.86,0.11219999655230505,0.11184427627456082,1.3709395302348826,0.023067664433469717
main_c02_v1_D06,0,1.5802098950524737,2.762618690654673,10.92,0.10915881444543891,0.0969624314826712,1.417416291854073,0.05343089280861518
main_c02_v1_D06,1,1.5902048975512244,2.739130434782609,11.2,0.10995244151009109,0.1129829926306687,1.4149175412293853,0.10305422178390183
main_c02_v1_D06,2,1.6441779110444779,2.8000999500249875,10.77,0.11331844523952306,0.12951639259735198,1.4014242878560719,0.07822079892628127
main_c02_v1_D06,3,1.5647176411794104,2.793103448275862,11.02,0.10824981477456778,0.0898136249335649,1.421289355322339,0.049858616296650636
main_c02_v1_D06,4,1.5962018990504747,2.8060969515242378,11.05,0.1098083828063497,0.11916383078302108,1.4134182908545727,0.11600818947155607
main_c02_v1_D06,5,1.713143428285857,2.9095452273863067,11.98,0.11706447082444216,0.13515999936539627,1.3841829085457271,0.0676108555878332
main_c02_v1_D06,6,1.6021989005497252,2.8085957021489256,11.04,0.11070322934967002,0.10534930947224795,1.4119190404797601,0.0669948898995611
main_c02_v1_D06,7,1.6351824087956022,2.793103448275862,11.32,0.11254304929425536,0.11126242434338376,1.4036731634182908,0.06951820363213215
main_c02_v1_D06,8,1.5737131434282858,2.7481259370314843,11.08,0.10920135175566201,0.09978899439169293,1.41904047976012,0.06966034614770512
main_c02_v1_D07,0,1.6731634182908546,2.9565217391304346,11.62,0.11412619402074713,0.13545865955910896,1.406296851574213,0.013379477232418918
main_c02_v1_D07,1,1.68015992003998,2.9650174912543728,11.52,0.11480041372698539,0.11476662462419575,1.4045477261369315,0.012629111906643167
main_c02_v1_D07,2,1.6271864067966018,2.8255872063968015,11.49,0.11080813282402287,0.10726323346263364,1.417791104447776,0.010515577904456758
main_c02_v1_D07,3,1.5487256371814093,2.7496251874062967,10.66,0.10632512575202019,0.08956255998984623,1.4374062968515742,0.01474473074250635
main_c02_v1_D07,4,1.5982008995502248,2.739630184907546,11.34,0.11012483031064894,0.1009943440977922,1.4250374812593702,0.014833188258508864
main_c02_v1_D07,5,1.6126936531734133,2.904047976011994,11.01,0.11062054002825204,0.11271586429007692,1.4214142928535731,0.015778578227019346
main_c02_v1_D07,6,1.622688655672164,2.8575712143928036,11.27,0.11114531626788461,0.11600945558966531,1.4189155422288855,0.009067336525903339
main_c02_v1_D07,7,1.5827086456771615,2.7671164417791103,10.67,0.10859989249034226,0.10187664104455699,1.4289105447276362,0.014257836789864033
main_c02_v1_D07,8,1.6511744127936032,3.0039980009995,11.64,0.11344955457909663,0.12135261734212235,1.4117941029485257,0.018821054433775783
main_c02_v1_D08,0,1.671664167916042,2.7806096951524237,11.68,0.11295244252899965,0.133507254309353,1.4110444777611195,0.018296440866531635
main_c02_v1_D08,1,1.5467266366816592,2.6081959020489753,10.84,0.1067429401489891,0.0871405567057739,1.4422788605697152,0.026010117453117498
main_c02_v1_D08,2,1.68215892053973,2.891054472763618,11.77,0.11447256332271781,0.11891395572055216,1.4084207896051975,0.016815283791035255
main_c02_v1_D08,3,1.6526736631684158,2.818090954522739,11.17,0.1129204582569778,0.11185974473080902,1.415792103948026,0.015150859849137194
main_c02_v1_D08,4,1.6201899050474762,2.8255872063968015,11.03,0.11055887216660891,0.10943298192173735,1.423913043478261,0.014783964630607856
main_c02_v1_D08,5,1.6116941529235382,2.810094952523738,11.29,0.11045319071890754,0.11130526006837839,1.4260369815092453,0.02044982303127989
main_c02_v1_D08,6,1.6691654172913544,2.8585707146426786,11.69,0.11369252330051656,0.12594198932279863,1.4116691654172913,0.015438967783453937
main_c02_v1_D08,7,1.5547226386806596,2.6696651674162917,10.47,0.10685506930675077,0.09095591093342201,1.4402798600699651,0.012538994509223758
main_c02_v1_D08,8,1.622688655672164,2.923538230884558,11.07,0.11135194024953181,0.11094234628717371,1.423288355822089,0.017729014642224615
main_c02_v1_label,0,1.584207896051974,2.970014992503748,10.81,0.11138614842096067,0.11943710684340351,1.3835582208895552,
main_c02_v1_label,1,1.5857071464267867,2.924037981009495,11.57,0.11181291196376543,0.11727033308742432,1.383183408295852,
main_c02_v1_label,2,1.6836581709145426,3.0069965017491254,11.67,0.11742458139847627,0.1425208030905179,1.358695652173913,
main_c02_v1_label,3,1.551224387806097,2.7236381809095453,11.05,0.10876414723861288,0.10013425826769137,1.3918040979510244,
main_c02_v1_label,4,1.5857071464267867,2.7791104447776114,11.18,0.11143992716399867,0.11289989925672063,1.383183408295852,
main_c02_v1_label,5,1.503248375812094,2.8415792103948028,11.05,0.10623161852642389,0.10090768108009474,1.4037981009495253,
main_c02_v1_label,6,1.5492253873063468,2.7221389305347325,10.9,0.10905420524160742,0.09110603428444504,1.392303848075962,
main_c02_v1_label,7,1.630184907546227,2.8895552223888057,11.19,0.11388193557082825,0.11156306767251266,1.372063968015992,
main_c02_v1_label,8,1.5637181409295353,2.743128435782109,11.26,0.11000452447532647,0.10416081641718798,1.3886806596701649,
main_c03_v0_A,0,1.5387306346826586,2.8550724637681157,11.09,0.1082346026321386,0.10702188588245537,1.3978010994502748,0.08496720081498554
main_c03_v0_A,1,1.551224387806097,2.819090454772614,10.91,0.10888969739935457,0.10015091660518934,1.3946776611694154,0.07209116242525962
main_c03_v0_A,2,1.5912043978010995,2.737631184407796,11.09,0.11129499699914486,0.09984690194585223,1.3846826586706646,0.11653543532254057
main_c03_v0_A,3,1.5887056471764118,2.7946026986506745,11.4,0.11139131719240845,0.11277198702236164,1.3853073463268366,0.0595578125279096
main_c03_v0_A,4,1.615192403798101,2.841079460269865,11.72,0.11292071800253053,0.11814430086544012,1.3786856571714143,0.03920194291993081
main_c03_v0_A,5,1.565217391304348,2.7576211894052975,11.2,0.11007196501743662,0.10824270404480281,1.3911794102948525,0.05772010191588927
main_c03_v0_A,6,1.6046976511744129,2.866566716641679,11.63,0.11255476396990857,0.11579785504073342,1.3813093453273364,0.10399738724014035
main_c03_v0_A,7,1.6131934032983508,2.9110444777611195,11.21,0.11306040788274738,0.12378909751473448,1.3791854072963519,0.0330188949356971
main_c03_v0_A,8,1.591704147926037,2.845577211394303,10.89,0.1115815309043304,0.11423435107842887,1.3845577211394302,0.1020997129689847
main_c03_v0_D00,0,1.711144427786107,2.800599700149925,11.19,0.1144989074542882,0.14216562353743756,1.4305347326336832,0.03797309479973073
main_c03_v0_D00,1,1.6641679160419791,2.999000499750125,11.43,0.11113644765386593,0.11549027073764705,1.4422788605697152,0.09035526181658722
main_c03_v0_D00,2,1.5962018990504747,2.7711144427786105,11.16,0.1077604660231952,0.10316191110793808,1.4592703648175913,0.18849062596346236
main_c03_v0_D00,3,1.6411794102948525,2.7781109445277363,11.03,0.11093825837466098,0.09802578869295504,1.4480259870064967,0.11063919790099934
main_c03_v0_D00,4,1.6861569215392305,2.9325337331334334,11.36,0.113455231252606,0.12537818392391098,1.4367816091954022,0.16478980606459406
main_c03_v0_D00,5,1.7301349325337332,2.892053973013493,11.43,0.11582642252911744,0.12250164600239535,1.4257871064467766,0.12694895793036928
main_c03_v0_D00,6,1.5592203898050974,2.6986506746626686,11.09,0.10519647429256089,0.08820748355980737,1.4685157421289354,0.03569637362828713
main_c03_v0_D00,7,1.6861569215392305,2.767616191904048,10.96,0.11364391044685472,0.10920293821343276,1.4367816091954022,0.040584823685408326
main_c03_v0_D00,8,1.5922038980509745,2.622688655672164,10.96,0.1075438819728507,0.09586615422447503,1.4602698650674664,0.14031782299412085
main_c03_v0_D01,0,1.5772113943028485,2.8065967016491755,11.29,0.11092198665354214,0.10424014183384483,1.3849325337331335,0.03206236572683437
main_c03_v0_D01,1,1.5827086456771615,2.7736131934032984,10.52,0.11187022832455144,0.11035910616120494,1.3835582208895552,0.028124113474156744
main_c03_v0_D01,2,1.5722138930534733,2.8270864567716143,11.5,0.11003736796295845,0.10533185788058334,1.3861819090454772,0.010606938597165763
main_c03_v0_D01,3,1.6901549225387307,2.938030984507746,11.73,0.117593091544693,0.14826812784084123,1.356696651674163,0.01898170249800642
main_c03_v0_D01,4,1.4557721139430284,2.5687156421789106,10.03,0.10339907212111558,0.08221008543347355,1.4152923538230884,0.01803335198816085
main_c03_v0_D01,5,1.6186906546726636,2.8330834582708646,11.33,0.11293972663087169,0.12277611194402774,1.3745627186406797,0.012057036906234391
main_c03_v0_D01,6,1.543728135932034,2.7136431784107944,10.42,0.10891041825873063,0.09391970681325992,1.393303348325837,0.026557520443579286
main_c03_v0_D01,7,1.5972013993003498,2.7791104447776114,11.77,0.11243049834784581,0.1162746007948406,1.379935032483758,0.01992980213183349
main_c03_v0_D01,8,1.5962018990504747,2.8295852073963017,11.49,0.11189761015569138,0.11662026129792226,1.380184907546227,0.014924249072407558
main_c03_v0_D02,0,1.5247376311844079,2.738130934532734,10.52,0.107220229426386,0.09197365602912821,1.3948025987006496,0.02212440043866787
main_c03_v0_D02,1,1.617191404297851,2.696151924037981,11.06,0.11332996356578304,0.11885604816639281,1.3716891554222888,0.017590156797004843
main_c03_v0_D02,2,1.6761619190404797,2.9305347326336832,11.3,0.11750595863038353,0.14129958830108744,1.3569465267366316,0.012064841276309307
main_c03_v0_D02,3,1.6081959020489756,2.889055472263868,11.63,0.11355055296754943,0.12786285428714186,1.3739380309845077,0.02689468908074255
main_c03_v0_D02,4,1.553223388305847,2.8115942028985508,10.67,0.10879843249058231,0.10224114133409477,1.3876811594202898,0.022338652436019124
main_c03_v0_D02,5,1.6021989005497252,2.8010994502748625,11.29,0.11290442332833311,0.11339330334832569,1.3754372813593203,0.015521737077845875
main_c03_v0_D02,6,1.5087456271864068,2.816591704147926,10.22,0.10679369365663606,0.10523488255872054,1.39880059970015,0.018396980460853803
main_c03_v0_D02,7,1.6091954022988506,2.8620689655172415,11.39,0.11342041341385165,0.1101401680112323,1.373688155922039,0.023642270055470548
main_c03_v0_D02,8,1.5082458770614693,2.6411794102948525,10.65,0.10647633252049472,0.08899835796387506,1.3989255372313842,0.02372126513594508
main_c03_v0_D03,0,1.6351824087956022,2.8395802098950527,11.38,0.11145379862802961,0.10702069600120558,1.4214142928535731,0.06012641911527707
main_c03_v0_D03,1,1.6031984007996003,2.8245877061469264,11.38,0.10997088195209552,0.10281565566423126,1.4294102948525738,0.06662332091383057
main_c03_v0_D03,2,1.672663668165917,2.6971514242878563,11.29,0.11371390762002102,0.11969531107462114,1.4120439780109946,0.05957739614677745
main_c03_v0_D03,3,1.5047476261869066,2.5907046476761617,10.4,0.10387950350425897,0.06999397126833408,1.4540229885057472,0.03238229173809896
main_c03_v0_D03,4,1.6026986506746628,2.742128935532234,10.75,0.11043740482246403,0.10912262122906782,1.4295352323838082,0.04798894952099461
main_c03_v0_D03,5,1.6401799100449774,2.867566216891554,11.38,0.11201107902876407,0.11987557808397377,1.4201649175412294,0.10664298498818364
main_c03_v0_D03,6,1.683158420789605,3.006496751624188,11.87,0.11377803467452088,0.13372103630724305,1.4094202898550725,0.045038862185002915
main_c03_v0_D03,7,1.68015992003998,2.9070464767616193,11.62,0.11452644632405738,0.11925029548717685,1.4101699150424787,0.08007857066331184
main_c03_v0_D03,8,1.6196901549225386,2.893053473263368,11.52,0.11022894344578861,0.118504834884145,1.4252873563218391,0.028120326672367867
main_c03_v0_D04,0,1.5282358820589705,2.76111944027986,11.43,0.1071154875667955,0.09433894164029083,1.4029235382308844,0.1339363591933946
main_c03_v0_D04,1,1.5467266366816592,2.7561219390304847,11.01,0.10850492776790363,0.10528703902017232,1.3983008495752125,0.09936301951551407
main_c03_v0_D04,2,1.6911544227886057,2.8375812093953026,11.56,0.11721793905628539,0.13762206198488033,1.3621939030484758,0.0730715834836162
main_c03_v0_D04,3,1.6436781609195403,2.938030984507746,11.44,0.11432051441249572,0.1136733220691241,1.3740629685157422,0.059242268316244545
main_c03_v0_D04,4,1.6251874062968517,2.973513243378311,10.89,0.1135315119083091,0.12214944115243953,1.3786856571714143,0.21965358489694178
main_c03_v0_D04,5,1.5207396301849077,2.8600699650174914,10.73,0.10722382403074056,0.10710517756994507,1.4047976011994003,0.14624345328640387
main_c03_v0_D04,6,1.5447276361819091,2.7471264367816093,10.77,0.10894784522866217,0.09444841071527721,1.39880059970015,0.058307512881370066
main_c03_v0_D04,7,1.6081959020489756,2.9195402298850577,10.87,0.11205451705769649,0.11825139017792675,1.3829335332333834,0.06736229198914001
main_c03_v0_D04,8,1.5712143928035982,2.7661169415292353,10.7,0.11108343297111156,0.10712421566994279,1.3921789105447275,0.14712929050818713
main_c03_v0_D05,0,1.630184907546227,2.810094952523738,11.1,0.11064815213879176,0.1195455843506816,1.4336581709145426,0.016704811310893578
main_c03_v0_D05,1,1.6776611694152923,2.8840579710144927,11.78,0.11317982139761237,0.12551640846243525,1.4217891054472764,0.01602854533649257
main_c03_v0_D05,2,1.6421789105447275,2.6861569215392302,11.44,0.11130491284739277,0.10526760429309132,1.4306596701649175,0.02230839036941401
main_c03_v0_D05,3,1.6026986506746628,2.836581709145427,10.98,0.10963219012280134,0.10553354275243304,1.4405297351324338,0.011054319164242654
main_c03_v0_D05,4,1.541729135432284,2.8205897051474262,10.99,0.10523571354995966,0.09366328740391702,1.4557721139430284,0.016498104696259987
main_c03_v0_D05,5,1.685657171414293,2.68015992003998,11.32,0.11370365328925693,0.11743235525094581,1.4197901049475263,0.012841706669446916
main_c03_v0_D05,6,1.6376811594202898,2.812093953023488,11.72,0.11160199515533156,0.10906213559886706,1.431784107946027,0.018100889413791985
main_c03_v0_D05,7,1.6041979010494753,2.7726136931534233,11.08,0.10915321562354693,0.10036648342495402,1.4401549225387307,0.013305378745151973
main_c03_v0_D05,8,1.7076461769115443,2.7801099450274864,11.43,0.11554034587530669,0.12361259846267295,1.4142928535732133,0.012129959754228986
main_c03_v0_D06,0,1.6491754122938531,2.84207896051974,11.13,0.11444408792535174,0.12636994994566195,1.386431784107946,0.008324409169728935
main_c03_v0_D06,1,1.5492253873063468,2.6666666666666665,10.92,0.10799090959888763,0.09272486772486761,1.4114192903548226,0.009555513660624609
main_c03_v0_D06,2,1.593703148425787,2.7851074462768617,11.14,0.11065274985175987,0.12570480632699493,1.4002998500749626,0.01198633868067422
main_c03_v0_D06,3,1.5067466266866567,2.7616191904047978,10.93,0.10516410534488405,0.09026835788454962,1.422038980509745,0.009465237549225599
main_c03_v0_D06,4,1.6006996501749124,2.738130934532734,11.33,0.11159502164267879,0.10930764776341968,1.3985507246376812,0.007207045643726601
main_c03_v0_D06,5,1.6341829085457271,2.8745627186406795,11.56,0.11327443744301277,0.11328661066292232,1.3901799100449774,0.008544005979060158
main_c03_v0_D06,6,1.6731634182908546,2.7416291854072963,11.23,0.11578464342567832,0.12049015174952193,1.3804347826086956,0.006221511500375546
main_c03_v0_D06,7,1.525737131434283,2.787106446776612,11.17,0.10646834558907725,0.09202402766870524,1.4172913543228385,0.01075406607675053
main_c03_v0_D06,8,1.6571714142928535,2.846576711644178,11.35,0.11462569917866955,0.1298235802733551,1.384432783608196,0.009015136491832698
main_c03_v0_D07,0,1.553223388305847,2.704647676161919,10.7,0.109902459247963,0.11621213202922333,1.3946776611694154,0.04817215301180988
main_c03_v0_D07,1,1.5037481259370316,2.6446776611694154,10.67,0.10614326875911538,0.08552449965493435,1.407046476761619,0.03841452087040956
main_c03_v0_D07,2,1.5742128935532234,2.713143428285857,10.98,0.11024311690431648,0.1057816329930271,1.3894302848575713,0.02586550220570871
main_c03_v0_D07,3,1.5837081459270366,2.839080459770115,11.05,0.11114136393926057,0.10419909093072498,1.3870564717641178,0.048601099076618304
main_c03_v0_D07,4,1.5527236381809095,2.7296351824087957,11.08,0.1096441510958975,0.09940386949382438,1.3948025987006496,0.018599868213168735
main_c03_v0_D07,5,1.623688155922039,2.745127436281859,11.04,0.11342168716273092,0.12229302015658815,1.3770614692653673,0.03872246048475007
main_c03_v0_D07,6,1.5797101449275361,2.765617191404298,11.16,0.1098126939315072,0.09902072773137223,1.3880559720139931,0.023507269613964762
main_c03_v0_D07,7,1.6381809095452273,2.984007996001999,11.6,0.11444623389992922,0.13838140453582712,1.3734382808595702,0.03631325924792777
main_c03_v0_D07,8,1.654672663668166,2.7976011994003,11.56,0.11524502505927962,0.12918362247447687,1.3693153423288356,0.03407208240724741
main_c03_v0_D08,0,1.5697151424287856,2.7521239380309845,11.26,0.11085383505550389,0.10545223420035992,1.377311344327836,0.02746041041067235
main_c03_v0_D08,1,1.5892053973013494,2.813593203398301,11.09,0.11249027912233774,0.11102206833091366,1.3724387806096952,0.04681206806752796
main_c03_v0_D08,2,1.525737131434283,2.660169915042479,10.49,0.10781123630700147,0.09421083109239019,1.3883058470764618,0.07469461166988484
main_c03_v0_D08,3,1.5192403798100949,2.8510744627686155,10.52,0.10748906868385893,0.10648802582835554,1.3899300349825088,0.04524311057559361
main_c03_v0_D08,4,1.6146926536731634,2.7731134432783606,11.7,0.11344029749477454,0.11093758676217416,1.3660669665167415,0.029227453827033848
main_c03_v0_D08,5,1.6006996501749124,2.8600699650174914,11.72,0.11305712183608319,0.12453138510110003,1.3695652173913044,0.03606218118127725
main_c03_v0_D08,6,1.5477261369315343,2.714142928535732,11.18,0.10944509507334674,0.10541891752536413,1.382808595702149,0.01756112504052219
main_c03_v0_D08,7,1.6051974012993504,2.791104447776112,11.3,0.11347904362027773,0.13060989346596522,1.368440779610195,0.023253216138418575
main_c03_v0_D08,8,1.5857071464267867,2.76311844077961,11.51,0.11193402280681589,0.1113290576933753,1.3733133433283358,0.014536878961547482
main_c03_v0_label,0,1.5887056471764118,2.7946026986506745,11.4,0.11139131719240829,0.11277198702236164,1.3853073463268366,
main_c03_v0_label,1,1.565217391304348,2.7576211894052975,11.2,0.11007196501743671,0.10824270404480281,1.3911794102948525,
main_c03_v0_label,2,1.6046976511744129,2.866566716641679,11.63,0.11255476396990867,0.11579785504073342,1.3813093453273364,
main_c03_v0_label,3,1.5387306346826586,2.8550724637681157,11.09,0.10823460263213865,0.10702188588245537,1.3978010994502748,
main_c03_v0_label,4,1.615192403798101,2.841079460269865,11.72,0.11292071800253053,0.11814430086544012,1.3786856571714143,
main_c03_v0_label,5,1.551224387806097,2.819090454772614,10.91,0.1088896973993544,0.10015091660518934,1.3946776611694154,
main_c03_v0_label,6,1.591704147926037,2.845577211394303,10.89,0.11158153090433053,0.11423435107842887,1.3845577211394302,
main_c03_v0_label,7,1.5912043978010995,2.737631184407796,11.09,0.1112949969991448,0.09984690194585223,1.3846826586706646,
main_c03_v0_label,8,1.6131934032983508,2.9110444777611195,11.21,0.11306040788274732,0.12378909751473448,1.3791854072963519,
main_c03_v1_A,0,1.7361319340329835,2.8300849575212395,11.81,0.11952057006363138,0.14562421170367176,1.3881809095452273,0.048005447654061
main_c03_v1_A,1,1.657671164417791,2.8050974512743627,11.61,0.11398986810512023,0.11615025820423092,1.4077961019490255,0.054337754485431135
main_c03_v1_A,2,1.503248375812094,2.613193403298351,10.57,0.10331397988205829,0.07895635515575533,1.4464017991004499,0.05769960502630283
main_c03_v1_A,3,1.5947026486756621,2.733133433283358,11.08,0.10950727020669417,0.1038849622807642,1.4235382308845577,0.05174377333750622
main_c03_v1_A,4,1.543728135932034,2.732133933033483,11.06,0.10525246052744729,0.09317008162585358,1.4362818590704647,0.0565234932777973
main_c03_v1_A,5,1.618190904547726,2.9015492253873063,11.19,0.1101283902063109,0.11396266152637949,1.4176661669165418,0.052729823119076445
main_c03_v1_A,6,1.6666666666666667,2.76511744127936,11.51,0.11614339615628774,0.12068727540991386,1.4055472263868065,0.04613566617162756
main_c03_v1_A,7,1.6206896551724137,2.7236381809095453,11.05,0.11004954304114418,0.10357797291830259,1.4170414792603698,0.04018234758240381
main_c03_v1_A,8,1.6366816591704147,2.8825587206396803,11.36,0.11209452181130578,0.12398622117512657,1.4130434782608696,0.04414385898899145
main_c03_v1_D00,0,1.5177411294352823,2.6541729135432286,10.68,0.1093699709652448,0.09642143214107213,1.3543228385807096,0.04950926205140325
main_c03_v1_D00,1,1.5227386306846578,2.758120939530235,10.86,0.10975602837462704,0.10998667333000145,1.3530734632683659,0.07604389381369624
main_c03_v1_D00,2,1.5252373813093454,2.7256371814092955,10.78,0.11010023613130704,0.10293424716213317,1.352448775612194,0.05727273401473021
main_c03_v1_D00,3,1.5882058970514743,2.92303848075962,11.46,0.11419149751609867,0.12351562314081035,1.3367066466766617,0.04420219120469368
main_c03_v1_D00,4,1.5797101449275361,2.895552223888056,11.42,0.11345491257101557,0.12052664144118404,1.3388305847076463,0.03596499072765338
main_c03_v1_D00,5,1.4642678660669666,2.766616691654173,10.97,0.10594489273674268,0.09340686799457397,1.3676911544227885,0.034372145339695535
main_c03_v1_D00,6,1.569215392303848,2.836581709145427,11.44,0.11327249422119343,0.11627222103234089,1.341454272863568,0.03382155905814343
main_c03_v1_D00,7,1.5707146426786607,2.7981009495252374,11.3,0.11306396645691569,0.1226684276909162,1.341079460269865,0.089733549705926
main_c03_v1_D00,8,1.5322338830584707,2.864567716141929,11.03,0.11084600102685509,0.1142678660669663,1.3506996501749124,0.1011246579606705
main_c03_v1_D01,0,1.6346826586706646,2.7751124437781107,10.93,0.11182711428679631,0.11523920579392824,1.419415292353823,0.050392390179385155
main_c03_v1_D01,1,1.6581709145427286,2.902048975512244,11.3,0.11186749271995654,0.11669026597812193,1.4135432283858071,0.02872591368288503
main_c03_v1_D01,2,1.6861569215392305,2.899550224887556,11.38,0.1152981104718187,0.13157806017626078,1.4065467266366816,0.013090718759295987
main_c03_v1_D01,3,1.5552223888055972,2.7731134432783606,11.07,0.10715061241200453,0.08629534439129635,1.43928035982009,0.04277430617220638
main_c03_v1_D01,4,1.6536731634182908,2.8290854572713644,11.59,0.11297930610824179,0.11336216812228796,1.4146676661669166,0.06037738172605462
main_c03_v1_D01,5,1.5057471264367817,2.7436281859070464,10.66,0.10358584829308579,0.08205698737932615,1.4516491754122938,0.03188817661613536
main_c03_v1_D01,6,1.6956521739130435,2.923538230884558,11.44,0.11543836524183596,0.1563674511950372,1.4041729135432284,0.03651471626518162
main_c03_v1_D01,7,1.6466766616691655,2.796601699150425,11.68,0.11186772714233009,0.1129564186160886,1.4164167916041979,0.01431859860256727
main_c03_v1_D01,8,1.5887056471764118,2.6006996501749127,10.45,0.10998542332393041,0.0854540983476514,1.4309095452273863,0.03606596017818264
main_c03_v1_D02,0,1.513743128435782,2.708145927036482,10.99,0.10825655382132589,0.11164992900375184,1.3855572213893053,0.03861352360349374
main_c03_v1_D02,1,1.6401799100449774,2.7476261869065466,11.62,0.11550806220450195,0.12107557332444863,1.3539480259870065,0.05535040394474871
main_c03_v1_D02,2,1.535232383808096,2.7266366816591705,10.66,0.10889944571448076,0.10281030119860687,1.380184907546227,0.053084809525740746
main_c03_v1_D02,3,1.5377311344327835,2.6986506746626686,10.87,0.10853768292809524,0.09535629010891353,1.379560219890055,0.07123094332239747
main_c03_v1_D02,4,1.5562218890554722,2.890054972513743,11.71,0.10998806591214066,0.11176534748498744,1.3749375312343828,0.0641980474384441
main_c03_v1_D02,5,1.5497251374312844,2.745127436281859,10.82,0.11007854873256082,0.11155890308813822,1.3765617191404298,0.07616705144033985
main_c03_v1_D02,6,1.5082458770614693,2.6671664167916043,10.81,0.10795231483086519,0.09066458834075007,1.3869315342328836,0.055442539933096065
main_c03_v1_D02,7,1.590704647676162,2.652673663168416,11.4,0.11296394450932554,0.10359800258600835,1.3663168415792104,0.06415224029277901
main_c03_v1_D02,8,1.68015992003998,2.9035482258870564,11.23,0.11781538134670388,0.15152106486439307,1.343953023488256,0.07225058084363915
main_c03_v1_D03,0,1.5457271364317842,2.783608195902049,11.02,0.10689920956561001,0.09527954276829811,1.4265367316341828,0.02215900040112649
main_c03_v1_D03,1,1.623688155922039,2.7906046976511742,10.95,0.1119103313002563,0.10510439224832001,1.407046476761619,0.03241965428431117
main_c03_v1_D03,2,1.6376811594202898,2.743128435782109,11.34,0.11282894438773966,0.11060937785075695,1.4035482258870564,0.023398418641244523
main_c03_v1_D03,3,1.648175912043978,2.9525237381309344,11.04,0.11324507452338828,0.14532713801829228,1.4009245377311343,0.012222796952875292
main_c03_v1_D03,4,1.5712143928035982,2.7296351824087957,10.71,0.10869023279700941,0.10623537437630366,1.4201649175412294,0.016622449864920726
main_c03_v1_D03,5,1.6296851574212894,2.7781109445277363,11.41,0.11216096811097387,0.10755435774176371,1.4055472263868065,0.02252068219154338
main_c03_v1_D03,6,1.640679660169915,2.819090454772614,11.6,0.11278125226526144,0.12492781387084213,1.4027986006996502,0.016879638892841598
main_c03_v1_D03,7,1.6501749125437282,2.8330834582708646,11.45,0.11394349224177114,0.10982524610710497,1.4004247876061968,0.013222549886920912
main_c03_v1_D03,8,1.5567216391804097,2.7476261869065466,10.57,0.10754049480798986,0.09513675701831605,1.4237881059470265,0.03305241693628954
main_c03_v1_D04,0,1.6346826586706646,2.929535232383808,11.34,0.11406380849849192,0.12190591212330343,1.3758120939530234,0.032130048937622835
main_c03_v1_D04,1,1.5632183908045978,2.868065967016492,10.78,0.10927599209148696,0.1031664723193958,1.3936781609195403,0.023658508389288926
main_c03_v1_D04,2,1.616191904047976,2.8715642178910543,11.19,0.11309503612272229,0.11552338909910118,1.3804347826086956,0.026848256525779993
main_c03_v1_D04,3,1.5957021489255372,2.945527236381809,11.76,0.11192911244457647,0.12719493427889217,1.3855572213893053,0.04463260177560243
main_c03_v1_D04,4,1.5357321339330334,2.7211394302848575,10.84,0.10795318801213223,0.09552148528910144,1.4005497251374313,0.06193647409976432
main_c03_v1_D04,5,1.64167916041979,2.8020989505247376,10.96,0.11470355460709447,0.1248020830854413,1.3740629685157422,0.04685495342028013
main_c03_v1_D04,6,1.5747126436781609,2.702648675662169,11.11,0.11090088596743698,0.11127967762150655,1.3908045977011494,0.046289468148931125
main_c03_v1_D04,7,1.5647176411794104,2.6026986506746628,11.01,0.10970618068805639,0.09784651325131082,1.393303348325837,0.047952276727185154
main_c03_v1_D04,8,1.5492253873063468,2.7721139430284856,11.06,0.10837224156800213,0.10275953293194662,1.397176411794103,0.07120350879212216
main_c03_v1_D05,0,1.590704647676162,2.7456271864067965,10.9,0.1130354375890978,0.11049356274243805,1.3615692153923038,0.02762583615607697
main_c03_v1_D05,1,1.471264367816092,2.6436781609195403,10.56,0.10505681436750283,0.07781823374027265,1.3914292853573214,0.06842928252949063
main_c03_v1_D05,2,1.5617191404297852,2.68215892053973,10.87,0.11135039698814665,0.08962542538254668,1.368815592203898,0.03833122274099792
main_c03_v1_D05,3,1.5317341329335332,2.794102948525737,11.06,0.10875091632974018,0.1045358273244329,1.376311844077961,0.054423009184063675
main_c03_v1_D05,4,1.6501749125437282,2.865567216391804,10.91,0.11710965938639895,0.14554567954118167,1.3467016491754122,0.06110064624865517
main_c03_v1_D05,5,1.5262368815592204,2.8755622188905545,10.58,0.10896681596597774,0.10292532305275921,1.3776861569215393,0.034473974678521334
main_c03_v1_D05,6,1.5347326336831584,2.7661169415292353,11.2,0.10895902649316563,0.10651995430855989,1.3755622188905547,0.05005859982576392
main_c03_v1_D05,7,1.5847076461769116,2.835582208895552,11.16,0.11212141911385302,0.13293829275838262,1.3630684657671164,0.05386422236760705
main_c03_v1_D05,8,1.622688655672164,2.868065967016492,11.27,0.11464951376611719,0.12959770114942504,1.3535732133933034,0.05855585366196254
main_c03_v1_D06,0,1.5687156421789106,2.7456271864067965,11.1,0.1086019727963017,0.09370731301016144,1.4209145427286356,0.025273886705740035
main_c03_v1_D06,1,1.6156921539230384,2.6921539230384806,11.19,0.11130906568770367,0.10014516551248173,1.4091704147926036,0.022053249217420884
main_c03_v1_D06,2,1.5762118940529735,2.7806096951524237,11.39,0.1082958690015507,0.09907665215011516,1.41904047976012,0.024871775313132765
main_c03_v1_D06,3,1.6341829085457271,2.7731134432783606,11.6,0.11209842456947189,0.12017146188810335,1.4045477261369315,0.022977477814316968
main_c03_v1_D06,4,1.526736631684158,2.6006996501749127,10.82,0.10578621136951417,0.08296982461150372,1.4314092953523239,0.03243787164777685
main_c03_v1_D06,5,1.686656671664168,2.8045977011494254,11.52,0.1162536580504999,0.14683432093477028,1.3914292853573214,0.030814034655034756
main_c03_v1_D06,6,1.5367316341829085,2.6091954022988504,10.66,0.10724204625870717,0.08572083006115977,1.4289105447276362,0.024194091807178325
main_c03_v1_D06,7,1.6826586706646676,2.8460769615192403,11.18,0.11512137574337636,0.1402007329668498,1.3924287856071964,0.021420802145920435
main_c03_v1_D06,8,1.6771614192903548,2.8885557221389306,11.76,0.11529137652287441,0.13117369886485308,1.3938030984507745,0.03268105875769047
main_c03_v1_D07,0,1.5792103948025986,2.824087956021989,11.19,0.11155589146105534,0.11793706321442433,1.3676911544227885,0.02515802829209589
main_c03_v1_D07,1,1.4417791104447777,2.6436781609195403,10.61,0.10317244095205531,0.08342515250311348,1.4020489755122438,0.0180505934470177
main_c03_v1_D07,2,1.501249375312344,2.7246376811594204,10.3,0.10772218067869097,0.10201883185391421,1.3871814092953523,0.015208491239804339
main_c03_v1_D07,3,1.6121939030484758,2.732633683158421,11.55,0.11493082318628471,0.11726834995200783,1.3594452773613193,0.014994689637601066
main_c03_v1_D07,4,1.5867066466766617,2.84407796101949,11.43,0.11227074429575247,0.10772074280320135,1.3658170914542729,0.015291324952124069
main_c03_v1_D07,5,1.551224387806097,2.783608195902049,11.3,0.10979773346128285,0.09898047008241899,1.3746876561719141,0.012816071406789429
main_c03_v1_D07,6,1.552223888055972,2.869065467266367,10.87,0.109902419398788,0.10053742969784937,1.3744377811094453,0.01566789086231618
main_c03_v1_D07,7,1.5962018990504747,2.8790604697651174,10.68,0.11271337888913287,0.12615081348214743,1.3634432783608197,0.014321790394712547
main_c03_v1_D07,8,1.6791604197901049,2.897551224387806,11.51,0.11793438767695766,0.14596114641092145,1.342703648175912,0.01961139079803892
main_c03_v1_D08,0,1.5002498750624689,2.6936531734132934,10.68,0.10561788644929093,0.08204707170224412,1.424912543728136,0.013422384683355744
main_c03_v1_D08,1,1.6571714142928535,2.867566216891554,11.14,0.11449358739398209,0.12803955165274475,1.3856821589205397,0.0136304699773331
main_c03_v1_D08,2,1.6306846576711644,2.8235882058970514,11.27,0.1123376289178616,0.11555412769805556,1.392303848075962,0.008030721208008249
main_c03_v1_D08,3,1.6941529235382309,2.9075462268865566,11.65,0.11645956409879456,0.14131862640108483,1.3764367816091954,0.014248359458930859
main_c03_v1_D08,4,1.5797101449275361,2.8835582208895554,10.74,0.11025817752400871,0.09547309678494066,1.405047476261869,0.010233824757517914
main_c03_v1_D08,5,1.541729135432284,2.707646176911544,11.0,0.10736077440265392,0.08334820684895647,1.4145427286356822,0.01083973140252189
main_c03_v1_D08,6,1.654672663668166,2.8725637181409294,10.89,0.11475517156914798,0.1394088669950736,1.3863068465767117,0.00999286215730563
main_c03_v1_D08,7,1.5087456271864068,2.739630184907546,10.81,0.10567853422636433,0.08965874205754255,1.4227886056971515,0.014788657925809898
main_c03_v1_D08,8,1.6326836581709145,2.869565217391304,11.05,0.11303867541789585,0.12515170985935592,1.3918040979510244,0.011659065320288979
main_c03_v1_label,0,1.6206896551724137,2.7236381809095453,11.05,0.11004954304114417,0.10357797291830259,1.4170414792603698,
main_c03_v1_label,1,1.6366816591704147,2.8825587206396803,11.36,0.11209452181130578,0.12398622117512657,1.4130434782608696,
main_c03_v1_label,2,1.503248375812094,2.613193403298351,10.57,0.1033139798820582,0.07895635515575533,1.4464017991004499,
main_c03_v1_label,3,1.543728135932034,2.732133933033483,11.06,0.10525246052744733,0.09317008162585358,1.4362818590704647,
main_c03_v1_label,4,1.7361319340329835,2.8300849575212395,11.81,0.11952057006363141,0.14562421170367176,1.3881809095452273,
main_c03_v1_label,5,1.5947026486756621,2.733133433283358,11.08,0.10950727020669423,0.1038849622807642,1.4235382308845577,
main_c03_v1_label,6,1.657671164417791,2.8050974512743627,11.61,0.11398986810512027,0.11615025820423092,1.4077961019490255,
main_c03_v1_label,7,1.618190904547726,2.9015492253873063,11.19,0.1101283902063108,0.11396266152637949,1.4176661669165418,
main_c03_v1_label,8,1.6666666666666667,2.76511744127936,11.51,0.11614339615628778,0.12068727540991386,1.4055472263868065,
main_c04_v0_A,0,1.5182408795602198,2.7616191904047978,10.65,0.10350829890364352,0.08380353474056619,1.4276611694152923,0.030188929005004212
main_c04_v0_A,1,1.7016491754122938,2.994502748625687,11.53,0.11823274033615103,0.14080063143031632,1.381809095452274,0.016681703458013133
main_c04_v0_A,2,1.5962018990504747,2.8960519740129933,11.38,0.11031447445869097,0.10964597066546072,1.4081709145427286,0.020842295791378047
main_c04_v0_A,3,1.734632683658171,2.9895052473763117,11.5,0.11944575406841454,0.1515399046508491,1.3735632183908046,0.025521220754341958
main_c04_v0_A,4,1.4837581209395303,2.742128935532234,10.85,0.10316393573879276,0.07468428484170613,1.4362818590704647,0.0169200835790241
main_c04_v0_A,5,1.6271864067966018,2.831584207896052,11.44,0.11225204520210476,0.11478685260544308,1.4004247876061968,0.02077919542277307
main_c04_v0_A,6,1.4947526236881559,2.585207396301849,10.47,0.10326270560467965,0.07961158309734016,1.4335332333833084,0.017547676469764673
main_c04_v0_A,7,1.6676661669165418,2.8360819590204898,11.5,0.11588074004932052,0.11930185700800364,1.3903048475762119,0.022899339287118927
main_c04_v0_A,8,1.6336831584207896,2.789605197401299,11.28,0.11393930563820233,0.1258253809603133,1.39880059970015,0.02292287005921558
main_c04_v0_D00,0,1.6491754122938531,2.733133433283358,11.47,0.11245081049079689,0.1093387829894574,1.407296351824088,0.009982209355535225
main_c04_v0_D00,1,1.5462268865567217,2.8510744627686155,11.18,0.10686330414707076,0.08829037862021358,1.4330334832583709,0.0109007926551233
main_c04_v0_D00,2,1.60119940029985,2.770614692653673,11.25,0.10974127886154994,0.10660979034292369,1.4192903548225888,0.014229362401735316
main_c04_v0_D00,3,1.5817091454272865,2.732133933033483,10.83,0.10969570031819502,0.09847873682206504,1.4241629185407296,0.009938640600772701
main_c04_v0_D00,4,1.6261869065467267,2.817591204397801,11.13,0.11147653477480912,0.11117655457985284,1.4130434782608696,0.012177222486341318
main_c04_v0_D00,5,1.6231884057971016,2.886056971514243,11.32,0.11184147593668209,0.11765426810404303,1.4137931034482758,0.01439062749281104
main_c04_v0_D00,6,1.5697151424287856,2.650174912543728,11.07,0.10815243643722178,0.09507091692249096,1.4271614192903548,0.014268792491475868
main_c04_v0_D00,7,1.6261869065467267,2.8515742128935533,11.37,0.11158904378258734,0.11479974298564988,1.4130434782608696,0.01047718007373853
main_c04_v0_D00,8,1.7331334332833583,2.8300849575212395,11.93,0.11818941525108696,0.15858082863330225,1.3863068465767117,0.010598862124707426
main_c04_v0_D01,0,1.6761619190404797,2.754622688655672,11.76,0.11407711600054918,0.11818594670918481,1.4067966016991504,0.04866816659162604
main_c04_v0_D01,1,1.6631684157921038,2.944527736131934,11.22,0.11337202459905847,0.13067434536699885,1.4100449775112445,0.034481150033898504
main_c04_v0_D01,2,1.6041979010494753,2.766616691654173,10.91,0.10980079785627363,0.0986623751616255,1.4247876061969016,0.025948402417747946
main_c04_v0_D01,3,1.7391304347826086,3.0229885057471266,11.55,0.11795223308786253,0.1603309456382919,1.3910544727636183,0.018655625422470793
main_c04_v0_D01,4,1.5627186406796603,2.625687156421789,10.79,0.1073311161195213,0.08813966032856585,1.4351574212893554,0.02804909439180182
main_c04_v0_D01,5,1.5882058970514743,2.75712143928036,10.85,0.10905365503965313,0.09834824651166461,1.4287856071964018,0.015667543675069857
main_c04_v0_D01,6,1.608695652173913,2.7471264367816093,11.13,0.10992033503368957,0.10090113673322047,1.423663168415792,0.01803442277359942
main_c04_v0_D01,7,1.5572213893053473,2.788605697151424,10.64,0.1080864555262962,0.0868129427349816,1.4365317341329336,0.039260348034615984
main_c04_v0_D01,8,1.6071964017991005,2.7831084457771116,11.19,0.110406266737096,0.11794440081546496,1.4240379810094952,0.0281697104664151
main_c04_v0_D02,0,1.642678660669665,2.937031484257871,11.24,0.11157021578980426,0.1081007115489872,1.4336581709145426,0.02558744873845421
main_c04_v0_D02,1,1.5687156421789106,2.6616691654172913,11.46,0.10643775609710425,0.09122403084172193,1.4521489255372313,0.01776489066106206
main_c04_v0_D02,2,1.777111444277861,2.9575212393803096,11.97,0.12083641196235557,0.15056043406867953,1.4000499750124937,0.02800515817699611
main_c04_v0_D02,3,1.5402298850574712,2.605697151424288,10.71,0.1042121149676115,0.0803461364555817,1.4592703648175913,0.02003948410704695
main_c04_v0_D02,4,1.5667166416791605,2.616191904047976,11.3,0.10533904134530955,0.08662751957354643,1.4526486756621688,0.016939760222319675
main_c04_v0_D02,5,1.6421789105447275,2.819090454772614,11.14,0.11102052176433136,0.11635908236358004,1.433783108445777,0.021438976109405358
main_c04_v0_D02,6,1.5657171414292854,2.6911544227886055,10.88,0.10776619842904864,0.07864222650579468,1.4528985507246377,0.012607165907673497
main_c04_v0_D02,7,1.7756121939030485,2.9395302348825587,12.39,0.11960571329755258,0.1647634516075296,1.4004247876061968,0.018450588251266397
main_c04_v0_D02,8,1.6756621689155422,2.8505747126436782,11.73,0.11321202634688224,0.12337640703457779,1.4254122938530736,0.030529229906987223
main_c04_v0_D03,0,1.5852073963018491,2.76311844077961,11.36,0.11120721709712518,0.11342543014207168,1.3806846576711644,0.03483512482046303
main_c04_v0_D03,1,1.5047476261869066,2.6711644177911045,11.17,0.10716614316420928,0.08197805858975273,1.4007996001999001,0.022645094696648868
main_c04_v0_D03,2,1.608695652173913,2.821089455272364,11.42,0.11375944756645971,0.123854144356393,1.3748125937031483,0.016614978627967368
main_c04_v0_D03,3,1.5312343828085957,2.6186906546726636,10.77,0.1082951371786624,0.09127043621046606,1.3941779110444779,0.015899874245888783
main_c04_v0_D03,4,1.617191404297851,2.994502748625687,11.54,0.11310400142050074,0.13408593322386414,1.372688655672164,0.01941899072592933
main_c04_v0_D03,5,1.5087456271864068,2.542728635682159,10.94,0.10672721670277807,0.0892589419575926,1.399800099950025,0.02008868817024725
main_c04_v0_D03,6,1.6141929035482259,2.7781109445277363,11.32,0.11269275125049184,0.12309797482211245,1.3734382808595702,0.02289523207437703
main_c04_v0_D03,7,1.577711144427786,2.8020989505247376,11.1,0.11069424404683587,0.11315235239523082,1.38255872063968,0.018002682532701247
main_c04_v0_D03,8,1.6681659170414793,2.892053973013493,11.68,0.1163538415729369,0.1298767283025151,1.3599450274862568,0.017821753147154822
main_c04_v0_D04,0,1.593703148425787,2.8520739630184906,10.63,0.11093809731529641,0.11982064523293887,1.393303348325837,0.016952125235764167
main_c04_v0_D04,1,1.6916541729135433,2.9410294852573715,11.62,0.11718538390805337,0.1443726549423698,1.368815592203898,0.009858704552270222
main_c04_v0_D04,2,1.6316841579210395,2.7541229385307346,11.11,0.11454290311067293,0.1162920523865049,1.383808095952024,0.010246482212525288
main_c04_v0_D04,3,1.5667166416791605,2.7926036981509244,10.96,0.10951979961103588,0.10852391264685095,1.4000499750124937,0.01101026558371504
main_c04_v0_D04,4,1.5657171414292854,2.8030984507746126,11.22,0.10899228258206278,0.09570472700157837,1.4002998500749626,0.01257425487626023
main_c04_v0_D04,5,1.6081959020489756,2.811094452773613,11.03,0.11281771310207168,0.1047704322441953,1.38968015992004,0.009980684568306591
main_c04_v0_D04,6,1.5122438780609695,2.7596201899050476,10.75,0.10604752215217435,0.09870560751370333,1.4136681659170416,0.006901703052822607
main_c04_v0_D04,7,1.6101949025487257,2.8375812093953026,11.3,0.11175700582142613,0.11088523198718088,1.3891804097951024,0.017238776299928343
main_c04_v0_D04,8,1.5537231384307846,2.7011494252873565,10.99,0.10819929239720649,0.10092473604467592,1.4032983508245878,0.010016182387931581
main_c04_v0_D05,0,1.6131934032983508,2.7776111944027986,10.53,0.11172782179725625,0.11747935556031473,1.3936781609195403,0.028917455367927836
main_c04_v0_D05,1,1.6386806596701649,2.8800599700149925,11.45,0.11379010210379031,0.11881261750077321,1.3873063468265867,0.02778225184993252
main_c04_v0_D05,2,1.5702148925537232,2.793103448275862,10.91,0.10940777887478424,0.09659277504105077,1.4044227886056972,0.022676590808914668
main_c04_v0_D05,3,1.5667166416791605,2.813593203398301,10.84,0.10945774420111934,0.10607017919611603,1.4052973513243379,0.043487119365904436
main_c04_v0_D05,4,1.6431784107946028,2.7606196901549227,11.49,0.11380788904978971,0.11810285333523687,1.3861819090454772,0.041559753419310445
main_c04_v0_D05,5,1.5642178910544728,2.684657671164418,10.62,0.10918557166635456,0.09578425073177678,1.4059220389805098,0.03983288777311684
main_c04_v0_D05,6,1.5782108945527236,2.8095952023988007,11.2,0.11031216788933855,0.10931558030508538,1.402423788105947,0.05280926940684625
main_c04_v0_D05,7,1.6486756621689156,2.893053473263368,11.83,0.11414797981435976,0.13305014159586856,1.384807596201899,0.03754866715431026
main_c04_v0_D05,8,1.5527236381809095,2.734132933533233,10.47,0.10816294460320716,0.1047922467337759,1.4087956021989005,0.025335917942621283
main_c04_v0_D06,0,1.5047476261869066,2.5937031484257873,10.39,0.10587522803032372,0.08006889412436631,1.4161669165417292,0.03902176950480499
main_c04_v0_D06,1,1.684657671164418,2.8970514742628684,11.52,0.11631951717222849,0.1381243901858593,1.3711894052973512,0.012497800933970632
main_c04_v0_D06,2,1.6646676661669166,3.0219890054972516,11.73,0.1158642133182397,0.13452083482068475,1.3761869065467267,0.042520708022167196
main_c04_v0_D06,3,1.5432283858070965,2.7701149425287355,10.95,0.10772805348735554,0.10803586302087029,1.4065467266366816,0.04410243444825763
main_c04_v0_D06,4,1.539230384807596,2.704647676161919,10.95,0.10803491273074795,0.09076176197615461,1.4075462268865566,0.03453133070978858
main_c04_v0_D06,5,1.593703148425787,2.7806096951524237,11.01,0.11176713832910506,0.1139876490326264,1.393928035982009,0.02056068675576622
main_c04_v0_D06,6,1.6731634182908546,3.1164417791104446,11.35,0.11556440182958556,0.1368238499797718,1.3740629685157422,0.03871563214657283
main_c04_v0_D06,7,1.5837081459270366,2.688655672163918,10.94,0.1096929477649621,0.09780883367839878,1.3964267866066966,0.01947191696711797
main_c04_v0_D06,8,1.5517241379310345,2.6441779110444776,10.52,0.10915358733745181,0.09986792318126639,1.4044227886056972,0.03999252078142436
main_c04_v0_D07,0,1.4827586206896552,2.586206896551724,10.61,0.10592711453164336,0.07965184074629347,1.394302848575712,0.010736759664233002
main_c04_v0_D07,1,1.6506746626686657,2.8735632183908044,11.44,0.11577975480292682,0.15352323838080933,1.3523238380809595,0.025407409564451647
main_c04_v0_D07,2,1.5857071464267867,2.75912043978011,11.11,0.11229116677948564,0.10630875038671117,1.3685657171414294,0.011069034386687866
main_c04_v0_D07,3,1.584207896051974,2.7946026986506745,11.11,0.11153521889450195,0.11153530377668286,1.3689405297351325,0.01967093671849372
main_c04_v0_D07,4,1.6271864067966018,2.808095952023988,11.31,0.11502554153885233,0.1259292972561334,1.3581959020489756,0.024636268121763363
main_c04_v0_D07,5,1.5122438780609695,2.762618690654673,10.98,0.10794399481307927,0.1032924014183383,1.3869315342328836,0.02727318564041673
main_c04_v0_D07,6,1.542728635682159,2.7511244377811095,11.04,0.10907557736600065,0.10524380666809449,1.3793103448275863,0.01929995104059949
main_c04_v0_D07,7,1.6246876561719141,2.873063468265867,11.55,0.11427643705101187,0.13671259608291075,1.3588205897051475,0.022288089746030585
main_c04_v0_D07,8,1.5097451274362819,2.581209395302349,10.76,0.10814519422249802,0.07780276528402462,1.3875562218890554,0.018599953138748602
main_c04_v0_D08,0,1.5282358820589705,2.769615192403798,10.92,0.10834994456457628,0.09341698198519781,1.3865567216391803,0.05054747219940631
main_c04_v0_D08,1,1.5002498750624689,2.666166916541729,10.81,0.10621942653170664,0.086351467123581,1.393553223388306,0.08860320902068831
main_c04_v0_D08,2,1.5852073963018491,2.665167416291854,11.34,0.11193776784551661,0.09375609814140536,1.3723138430784607,0.0415190928085926
main_c04_v0_D08,3,1.5577211394302848,2.893553223388306,11.39,0.11048816593530794,0.12002034696937221,1.3791854072963519,0.0757083119116812
main_c04_v0_D08,4,1.6486756621689156,2.8545727136431784,11.93,0.11614884257687508,0.12681754360914765,1.356446776611694,0.05124525139429604
main_c04_v0_D08,5,1.4917541229385307,2.6466766616691655,10.62,0.1055325789478469,0.07948525737131433,1.3956771614192904,0.03770703287256356
main_c04_v0_D08,6,1.5752123938030984,2.7916041979010493,10.95,0.1118036530799388,0.116384069869827,1.3748125937031483,0.03942517527942261
main_c04_v0_D08,7,1.6391804097951024,2.9185407296351826,11.19,0.11556024788173833,0.15180207515289962,1.3588205897051475,0.048293411838230264
main_c04_v0_D08,8,1.622688655672164,2.814592703648176,11.31,0.11395937263649338,0.13196615977725398,1.3629435282358822,0.060728935973097135
main_c04_v0_label,0,1.6336831584207896,2.789605197401299,11.28,0.11393930563820223,0.1258253809603133,1.39880059970015,
main_c04_v0_label,1,1.6676661669165418,2.8360819590204898,11.5,0.11588074004932063,0.11930185700800364,1.3903048475762119,
main_c04_v0_label,2,1.734632683658171,2.9895052473763117,11.5,0.11944575406841453,0.1515399046508491,1.3735632183908046,
main_c04_v0_label,3,1.6271864067966018,2.831584207896052,11.44,0.1122520452021047,0.11478685260544308,1.4004247876061968,
main_c04_v0_label,4,1.4947526236881559,2.585207396301849,10.47,0.10326270560467962,0.07961158309734016,1.4335332333833084,
main_c04_v0_label,5,1.7016491754122938,2.994502748625687,11.53,0.11823274033615111,0.14080063143031632,1.381809095452274,
main_c04_v0_label,6,1.5962018990504747,2.8960519740129933,11.38,0.11031447445869091,0.10964597066546072,1.4081709145427286,
main_c04_v0_label,7,1.5182408795602198,2.7616191904047978,10.65,0.10350829890364345,0.08380353474056619,1.4276611694152923,
main_c04_v0_label,8,1.4837581209395303,2.742128935532234,10.85,0.1031639357387928,0.07468428484170613,1.4362818590704647,
main_c04_v1_A,0,1.6326836581709145,2.75912043978011,11.43,0.11169313649506289,0.1177226862759094,1.4296601699150424,0.021068580036448303
main_c04_v1_A,1,1.5852073963018491,2.55672163918041,10.96,0.10861935067967003,0.09247816567906511,1.4415292353823088,0.03942029743103171
main_c04_v1_A,2,1.6501749125437282,2.8025987006496753,11.3,0.11110546216230076,0.11617822041360257,1.4252873563218391,0.036305199716392685
main_c04_v1_A,3,1.631184407796102,2.71664167916042,11.45,0.11134598300339867,0.1071975916803501,1.4300349825087457,0.040196533325884916
main_c04_v1_A,4,1.6661669165417292,2.795102448775612,11.65,0.11275317973051716,0.11374729302015643,1.421289355322339,0.05605833457305376
main_c04_v1_A,5,1.5732133933033483,2.7191404297851074,11.25,0.1074359185123315,0.09785583398776791,1.444527736131934,0.035136045470772904
main_c04_v1_A,6,1.622688655672164,2.734132933533233,11.29,0.11049199098630719,0.09965493443754296,1.43215892053973,0.042525169374274883
main_c04_v1_A,7,1.7231384307846076,2.912543728135932,11.66,0.11640662200901347,0.15260881464029885,1.407046476761619,0.035340960840959605
main_c04_v1_A,8,1.618190904547726,2.688655672163918,11.32,0.11014835642139846,0.1025564598653054,1.4332833583208395,0.03511345829648757
main_c04_v1_D00,0,1.5602198900549724,2.6711644177911045,10.71,0.11003832556042019,0.1005876030238847,1.3823088455772115,0.025613536430863837
main_c04_v1_D00,1,1.5702148925537232,2.7041479260369816,11.13,0.10959824202521448,0.10683388464497895,1.3798100949525238,0.027124645442898693
main_c04_v1_D00,2,1.658670664667666,2.8815592203898053,11.82,0.11667422487513426,0.12646454550502498,1.357696151924038,0.05286533909473934
main_c04_v1_D00,3,1.5807096451774112,2.848575712143928,10.96,0.11180812373052784,0.11680508951873252,1.3771864067966018,0.053752404947888154
main_c04_v1_D00,4,1.6356821589205397,2.6796601699150426,11.4,0.11621558934440608,0.12156461451813744,1.3634432783608197,0.03216011597909431
main_c04_v1_D00,5,1.657671164417791,2.834582708645677,11.61,0.11611280107591776,0.13968829077524678,1.3579460269865067,0.05427814588149201
main_c04_v1_D00,6,1.415792103948026,2.5947026486756624,10.41,0.10059011356932257,0.07271641956799373,1.418415792103948,0.027875658944195553
main_c04_v1_D00,7,1.4982508745627185,2.7031484257871066,10.9,0.10629838676119824,0.09414677581843979,1.3978010994502748,0.06922093999611388
main_c04_v1_D00,8,1.6016991504247875,2.8500749625187405,11.33,0.1126641930578586,0.12119277662755898,1.3719390304847576,0.04392450996369183
main_c04_v1_D01,0,1.6591704147926036,2.736631684157921,11.48,0.11274920217238933,0.11925188199551004,1.4211644177911045,0.029313724625291495
main_c04_v1_D01,1,1.6036981509245378,2.68215892053973,11.05,0.10978641005619241,0.10124481410088601,1.435032483758121,0.03430292266204463
main_c04_v1_D01,2,1.6681659170414793,2.825087456271864,11.32,0.11269750096652355,0.12313624933564957,1.4189155422288855,0.03062738771369683
main_c04_v1_D01,3,1.5982008995502248,2.6211894052973514,11.07,0.1096332792213412,0.10316052291314656,1.4364067966016991,0.06045594981641871
main_c04_v1_D01,4,1.56071964017991,2.561719140429785,10.92,0.10665076546949026,0.07921475770051478,1.445777111444278,0.03429736871910488
main_c04_v1_D01,5,1.6281859070464768,2.68415792103948,11.17,0.11042345345970683,0.10540761365349062,1.4289105447276362,0.04414122603178561
main_c04_v1_D01,6,1.5962018990504747,2.602198900549725,11.27,0.10937248584529795,0.10711390336577718,1.4369065467266366,0.021039032571553973
main_c04_v1_D01,7,1.7811094452773613,2.948025987006497,11.84,0.11991139511402685,0.14871036703870266,1.390679660169915,0.04505660282270336
main_c04_v1_D01,8,1.5922038980509745,2.8285857071464267,11.19,0.10877550769503165,0.11275988989632167,1.4379060469765117,0.04622959731153755
main_c04_v1_D02,0,1.5557221389305347,2.7266366816591705,10.71,0.10805963066470084,0.09116949461777041,1.4312843578210894,0.018840220293259675
main_c04_v1_D02,1,1.576711644177911,2.8235882058970514,11.1,0.1090065365671163,0.09566189127658385,1.4260369815092453,0.012960473864497732
main_c04_v1_D02,2,1.6746626686656672,2.864567716141929,11.22,0.1147260072541076,0.12347298572935742,1.4015492253873063,0.014689779511899766
main_c04_v1_D02,3,1.616191904047976,2.9080459770114944,11.21,0.11063823497890958,0.10401485765053965,1.4161669165417292,0.022693302993723085
main_c04_v1_D02,4,1.56071964017991,2.8565717141429285,10.86,0.10677531012843178,0.10229309948200489,1.4300349825087457,0.019140537689521366
main_c04_v1_D02,5,1.6516741629185407,2.868065967016492,10.91,0.1126929756989113,0.11950949128610283,1.407296351824088,0.01470671474398457
main_c04_v1_D02,6,1.5827086456771615,2.8295852073963017,10.7,0.10870533998483507,0.1087440406780734,1.4245377311344327,0.019509133769919824
main_c04_v1_D02,7,1.6206896551724137,2.7586206896551726,11.21,0.11180803137985038,0.103507968238103,1.4150424787606197,0.019029278389715062
main_c04_v1_D02,8,1.72263868065967,2.9705147426286858,11.68,0.11758793334313705,0.1516261710414631,1.3895552223888057,0.0242783117765584
main_c04_v1_D03,0,1.5162418790604697,2.6516741629185407,10.61,0.10809387573808305,0.09429828736425437,1.3810594702648675,0.0828703094595094
main_c04_v1_D03,1,1.600199900049975,2.8875562218890556,11.41,0.11337633861595538,0.11359102194934274,1.3600699650174912,0.057457141540667896
main_c04_v1_D03,2,1.6101949025487257,2.8705647176411793,11.7,0.11402101774747604,0.12737401140699486,1.3575712143928036,0.05694371020492663
main_c04_v1_D03,3,1.577711144427786,2.7831084457771116,10.67,0.11201332750276471,0.11673111856770019,1.3656921539230384,0.06773915304665891
main_c04_v1_D03,4,1.5862068965517242,3.0369815092453774,11.63,0.1119506698768977,0.1282229916787636,1.363568215892054,0.033196972542537014
main_c04_v1_D03,5,1.5687156421789106,2.869065467266367,11.1,0.11146622145565495,0.12296193173254637,1.3679410294852574,0.027404527966919945
main_c04_v1_D03,6,1.5037481259370316,2.8540729635182407,10.77,0.107210893522395,0.09397642448616957,1.3841829085457271,0.07553261838718871
main_c04_v1_D03,7,1.5232383808095953,2.6186906546726636,10.79,0.1085511891775416,0.0932892680643804,1.3793103448275863,0.04969160741406589
main_c04_v1_D03,8,1.5947026486756621,2.842578710644678,11.37,0.11331646636323167,0.10955494474984724,1.3614442778610694,0.022276690734711096
main_c04_v1_D04,0,1.5387306346826586,2.7161419290354822,10.97,0.10896283326879679,0.09538861521620129,1.3836831584207896,0.055113725335910656
main_c04_v1_D04,1,1.600199900049975,2.8215892053973013,11.55,0.11284047105633259,0.11891078270388598,1.3683158420789605,0.1022446771384975
main_c04_v1_D04,2,1.6286856571714143,2.83808095952024,11.44,0.11439915946024794,0.13259025249280107,1.3611944027986007,0.05603748005882369
main_c04_v1_D04,3,1.591704147926037,2.837081459270365,10.94,0.11249917694082366,0.12761535898717272,1.370439780109945,0.04813695150384802
main_c04_v1_D04,4,1.5577211394302848,2.8000999500249875,10.86,0.11057566612647983,0.1022929011684632,1.378935532233883,0.08365786397687928
main_c04_v1_D04,5,1.5617191404297852,2.7446276861569214,10.93,0.1104870993573632,0.10865817091454252,1.377936031984008,0.09077096658841127
main_c04_v1_D04,6,1.582208895552224,2.8605697151424287,10.64,0.11145995723130404,0.10828930772708867,1.3728135932033982,0.07212161641402812
main_c04_v1_D04,7,1.503248375812094,2.654672663668166,10.65,0.10711669115399605,0.08497239475500334,1.3925537231384308,0.046321788942586394
main_c04_v1_D04,8,1.5827086456771615,2.8745627186406795,11.12,0.11165894540465601,0.12128221603483956,1.372688655672164,0.07386165392035678
main_c04_v1_D05,0,1.5627186406796603,2.762118940529735,10.91,0.1073525875051152,0.09147172445523254,1.4385307346326837,0.020622668741804587
main_c04_v1_D05,1,1.5977011494252873,2.7486256871564216,10.72,0.10925185026453157,0.10350439859435341,1.4297851074462768,0.041419433619778165
main_c04_v1_D05,2,1.5947026486756621,2.869065467266367,11.31,0.10909606490818158,0.11468749752108046,1.4305347326336832,0.043266946718843846
main_c04_v1_D05,3,1.6526736631684158,2.7251374312843577,11.32,0.11322848680004093,0.10996426389979584,1.4160419790104948,0.024615479464566808
main_c04_v1_D05,4,1.6356821589205397,2.839080459770115,11.24,0.11183954084480727,0.11818158381126868,1.4202898550724639,0.030002490253282808
main_c04_v1_D05,5,1.6281859070464768,2.8015992003998003,11.02,0.11125764804653245,0.10394465465679839,1.4221639180409795,0.021611897912667166
main_c04_v1_D05,6,1.6826586706646676,2.975512243878061,11.35,0.11450725904320677,0.1325779570532192,1.408545727136432,0.021418887865965627
main_c04_v1_D05,7,1.654672663668166,2.75712143928036,11.36,0.1126777967885128,0.12085762674218446,1.4155422288855573,0.0535051842208345
main_c04_v1_D05,8,1.6246876561719141,2.7241379310344827,11.32,0.11078876579907153,0.10481029326606527,1.4230384807596201,0.026990259801676696
main_c04_v1_D06,0,1.5412293853073464,2.6786606696651676,10.58,0.10590299319250877,0.08998139818979388,1.4309095452273863,0.06955243490609056
main_c04_v1_D06,1,1.5737131434282858,2.68415792103948,11.1,0.10865083485851443,0.09477661962669456,1.4227886056971515,0.04710956621516146
main_c04_v1_D06,2,1.6431784107946028,2.9845077461269365,11.33,0.11282807782358155,0.12952055718172648,1.4054222888555723,0.036106162287785744
main_c04_v1_D06,3,1.5247376311844079,2.836581709145427,10.28,0.10474017849833289,0.09795122280129764,1.435032483758121,0.029789803087059048
main_c04_v1_D06,4,1.7006496751624187,3.0144927536231885,11.79,0.11646176000336121,0.13646946368085763,1.3910544727636183,0.05396001306295901
main_c04_v1_D06,5,1.6216891554222888,2.7226386806596703,11.42,0.11244016759871482,0.11321085489001516,1.4107946026986506,0.02959917541391921
main_c04_v1_D06,6,1.6746626686656672,2.7756121939030485,11.16,0.11538058106500637,0.11666864980208289,1.397551224387806,0.03608157026646738
main_c04_v1_D06,7,1.5857071464267867,2.790104947526237,11.31,0.10902374482577566,0.10212413634452604,1.4197901049475263,0.024455235387859913
main_c04_v1_D06,8,1.6641679160419791,2.7446276861569214,11.5,0.11457166213420428,0.11929709748300438,1.4001749125437282,0.017485284024473458
main_c04_v1_D07,0,1.5932033983008496,2.7976011994003,11.19,0.11183967104884977,0.12061469265367307,1.37856071964018,0.0276718073645722
main_c04_v1_D07,1,1.630184907546227,2.9300349825087455,11.11,0.11452024089588578,0.13167523381166532,1.3693153423288356,0.029308134101961442
main_c04_v1_D07,2,1.617191404297851,2.8605697151424287,11.74,0.11316667889145714,0.11590216796363699,1.3725637181409296,0.017465820231651535
main_c04_v1_D07,3,1.6201899050474762,2.8840579710144927,11.73,0.11324970641173697,0.11601401680112305,1.3718140929535232,0.02539817482442608
main_c04_v1_D07,4,1.6006996501749124,2.7926036981509244,11.44,0.11295310137218101,0.11847469122581553,1.3766866566716642,0.04141981116865512
main_c04_v1_D07,5,1.496751624187906,2.6446776611694154,10.62,0.10631073838748883,0.0879619713952546,1.4026736631684158,0.019172035817005
main_c04_v1_D07,6,1.6436781609195403,2.7481259370314843,11.43,0.1149618287103716,0.12560326979367437,1.3659420289855073,0.024016967897956463
main_c04_v1_D07,7,1.4767616191904047,2.6561719140429787,10.69,0.10469347127057779,0.08512172485185983,1.407671164417791,0.02115515372912713
main_c04_v1_D07,8,1.536231884057971,2.6796601699150426,10.56,0.10830456301145121,0.09863223150329584,1.3928035982008995,0.01997743581043365
main_c04_v1_D08,0,1.5272363818090955,2.833583208395802,11.09,0.10937977254353369,0.10326463752250833,1.3711894052973512,0.02655080916902462
main_c04_v1_D08,1,1.5932033983008496,2.8150924537731132,11.21,0.11253682830652718,0.11423355782426206,1.3546976511744129,0.03361026237878793
main_c04_v1_D08,2,1.6051974012993504,2.839080459770115,11.16,0.11430374617188965,0.12901545259116448,1.3516991504247875,0.034359939627514234
main_c04_v1_D08,3,1.5602198900549724,2.8555722138930535,11.22,0.11095355762574603,0.10507266208165743,1.3629435282358822,0.021514412966248717
main_c04_v1_D08,4,1.5857071464267867,2.8825587206396803,10.95,0.11300269477061123,0.12587000150718258,1.3565717141429285,0.0163922466756902
main_c04_v1_D08,5,1.4592703648175913,2.708645677161419,10.26,0.10475950771497552,0.08845954007123415,1.3881809095452273,0.022031738720779345
main_c04_v1_D08,6,1.607696151924038,2.7461269365317342,11.23,0.11437202135074755,0.11133560204024938,1.3510744627686158,0.010617636941449578
main_c04_v1_D08,7,1.512743628185907,2.71864067966017,10.71,0.10863778395607318,0.1045735068973448,1.3748125937031483,0.015429306288203118
main_c04_v1_D08,8,1.5727136431784108,2.872063968015992,10.77,0.11205408755989599,0.11817503946439459,1.3598200899550226,0.032116997529393315
main_c04_v1_label,0,1.6661669165417292,2.795102448775612,11.65,0.11275317973051714,0.11374729302015643,1.421289355322339,
main_c04_v1_label,1,1.7231384307846076,2.912543728135932,11.66,0.11640662200901351,0.15260881464029885,1.407046476761619,
main_c04_v1_label,2,1.6326836581709145,2.75912043978011,11.43,0.111693136495063,0.1177226862759094,1.4296601699150424,
main_c04_v1_label,3,1.631184407796102,2.71664167916042,11.45,0.11134598300339874,0.1071975916803501,1.4300349825087457,
main_c04_v1_label,4,1.618190904547726,2.688655672163918,11.32,0.11014835642139845,0.1025564598653054,1.4332833583208395,
main_c04_v1_label,5,1.6501749125437282,2.8025987006496753,11.3,0.11110546216230074,0.11617822041360257,1.4252873563218391,
main_c04_v1_label,6,1.5852073963018491,2.55672163918041,10.96,0.10861935067966981,0.09247816567906511,1.4415292353823088,
main_c04_v1_label,7,1.622688655672164,2.734132933533233,11.29,0.11049199098630705,0.09965493443754296,1.43215892053973,
main_c04_v1_label,8,1.5732133933033483,2.7191404297851074,11.25,0.10743591851233161,0.09785583398776791,1.444527736131934,
main_c05_v0_A,0,1.5307346326836582,2.8590704647676164,10.93,0.10703260832715827,0.1046389503660866,1.4030484757621189,0.10797209585959804
main_c05_v0_A,1,1.5737131434282858,2.743128435782109,10.96,0.11125250634593839,0.10444083513798637,1.392303848075962,0.1370086385967144
main_c05_v0_A,2,1.5617191404297852,2.8855572213893055,11.29,0.10952926563605077,0.09856341670434612,1.3953023488255871,0.056949107926532426
main_c05_v0_A,3,1.6476761619190405,2.791104447776112,11.71,0.11438127664998785,0.12765006385696026,1.3738130934532733,0.06717626653283455
main_c05_v0_A,4,1.5462268865567217,2.652173913043478,10.77,0.10816811910792896,0.09680893680144041,1.3991754122938531,0.11547432645685148
main_c05_v0_A,5,1.5552223888055972,2.6476761619190405,11.03,0.10916964504972389,0.10527018236913281,1.3969265367316341,0.1227155178564122
main_c05_v0_A,6,1.5452273863068466,2.812093953023488,10.59,0.10822801008778817,0.09484206309543626,1.3994252873563218,0.08910483232716619
main_c05_v0_A,7,1.6036981509245378,2.8050974512743627,11.5,0.11261606214171478,0.11053005243410018,1.384807596201899,0.129830644262945
main_c05_v0_A,8,1.721639180409795,3.0914542728635683,11.72,0.11962250665370883,0.15725549923450932,1.3553223388305846,0.10225511390439251
main_c05_v0_D00,0,1.6211894052973512,2.889055472263868,10.91,0.11266351067752456,0.12952710152860059,1.3829335332333834,0.1093970647130514
main_c05_v0_D00,1,1.5282358820589705,2.5907046476761617,10.51,0.10713144091588887,0.09205357638640982,1.4061719140429785,0.1993739097381746
main_c05_v0_D00,2,1.5717141429285357,2.796601699150425,10.51,0.1098634575463264,0.12010800155477788,1.3953023488255871,0.08657873104215415
main_c05_v0_D00,3,1.525737131434283,2.72063968015992,10.8,0.10690338630273497,0.08619281629026745,1.4067966016991504,0.13843652898620237
main_c05_v0_D00,4,1.5817091454272865,2.856071964017991,11.11,0.11129689895755956,0.10173742493832427,1.3928035982008995,0.10772175481649655
main_c05_v0_D00,5,1.578710644677661,2.7786106946526736,11.44,0.11050467203691473,0.10760294455946617,1.393553223388306,0.1569674001856729
main_c05_v0_D00,6,1.6006996501749124,2.731134432783608,11.19,0.11201865488332736,0.1014697016571076,1.3880559720139931,0.13702543667873948
main_c05_v0_D00,7,1.7056471764117942,2.951024487756122,11.64,0.11838323489665493,0.15496676265042042,1.3618190904547727,0.15907630442236878
main_c05_v0_D00,8,1.5922038980509745,2.7306346826586707,11.12,0.11123474378306858,0.10634167043462382,1.3901799100449774,0.17025419570901076
main_c05_v0_D01,0,1.6326836581709145,2.8045977011494254,11.19,0.10999836559851624,0.10521167987434818,1.449400299850075,0.012398424067191835
main_c05_v0_D01,1,1.6806596701649175,2.936031984007996,11.43,0.11300027521682518,0.13843137954832102,1.4374062968515742,0.012721964583804335
main_c05_v0_D01,2,1.6671664167916043,2.8540729635182407,11.43,0.11191981225837765,0.10886461531139169,1.4407796101949026,0.014485812539055766
main_c05_v0_D01,3,1.6156921539230384,2.808095952023988,10.79,0.1088471577118546,0.11175959639227974,1.4536481759120439,0.01844437004435923
main_c05_v0_D01,4,1.5527236381809095,2.710144927536232,10.58,0.10519218319152138,0.07562706741867146,1.4693903048475763,0.009808673580162021
main_c05_v0_D01,5,1.7471264367816093,3.0119940029985006,11.87,0.11709021624082748,0.14586932724114107,1.4207896051974014,0.010254357287647233
main_c05_v0_D01,6,1.6631684157921038,2.795102448775612,11.36,0.11226096401618998,0.10599819138049994,1.4417791104447777,0.011530116506072224
main_c05_v0_D01,7,1.6601699150424787,2.9345327336331835,11.47,0.11122777769477073,0.11976987696627858,1.4425287356321839,0.01270033536373654
main_c05_v0_D01,8,1.6411794102948525,2.686656671664168,11.11,0.1104632480711167,0.08846826586706634,1.4472763618190905,0.009780300051111974
main_c05_v0_D02,0,1.618190904547726,2.8265867066466766,11.18,0.10905819838852653,0.09920912559593206,1.4556471764117942,0.03567944307305098
main_c05_v0_D02,1,1.64167916041979,2.7761119440279862,11.54,0.11015356491741238,0.09046349840952532,1.449775112443778,0.027577133838427303
main_c05_v0_D02,2,1.688655672163918,3.0219890054972516,11.2,0.11327761276025695,0.12455062151463925,1.4380309845077461,0.02258488020918795
main_c05_v0_D02,3,1.6206896551724137,2.742128935532234,11.17,0.10905524369968489,0.09407657282469868,1.4550224887556222,0.032791615247483294
main_c05_v0_D02,4,1.645177411294353,2.899050474762619,11.51,0.11107603725737591,0.09827447387417385,1.4489005497251375,0.10494529046019463
main_c05_v0_D02,5,1.6521739130434783,2.91704147926037,11.39,0.11118213436234167,0.12239336680865903,1.447151424287856,0.07266358182325287
main_c05_v0_D02,6,1.658670664667666,2.8320839580209896,10.97,0.11184633922529555,0.12220834027430713,1.445527236381809,0.045767830632995776
main_c05_v0_D02,7,1.6966516741629185,2.8385807096451776,11.51,0.11357873349522106,0.12855635674226362,1.436031984007996,0.052574222353219215
main_c05_v0_D02,8,1.6596701649175412,2.8805597201399302,11.49,0.11077213589388511,0.12026764395579963,1.4452773613193404,0.03844081221162327
main_c05_v0_D03,0,1.5527236381809095,2.664167916041979,11.01,0.1098960940728836,0.09864095729912803,1.3808095952023989,0.015047876590997716
main_c05_v0_D03,1,1.6316841579210395,2.9280359820089954,11.37,0.11433593808590871,0.12675249676748904,1.3610694652673663,0.021645996859213642
main_c05_v0_D03,2,1.4772613693153422,2.717641179410295,10.91,0.10503807837782252,0.08371627678224362,1.3996751624187906,0.04038660413447412
main_c05_v0_D03,3,1.5667166416791605,2.6931534232883556,10.39,0.11020302472031047,0.10670061794499551,1.377311344327836,0.033602617456764516
main_c05_v0_D03,4,1.5402298850574712,2.8350824587706147,10.73,0.10917604954161869,0.10042518423327997,1.3839330334832585,0.03309496128337706
main_c05_v0_D03,5,1.5972013993003498,2.8150924537731132,10.85,0.11300497852320278,0.12025455526205131,1.3696901549225386,0.019911609834082137
main_c05_v0_D03,6,1.5237381309345328,2.6946526736631684,10.77,0.10836894659752697,0.0965390320712657,1.3880559720139931,0.025464335083077726
main_c05_v0_D03,7,1.6326836581709145,2.9290354822588704,11.51,0.114930551472566,0.13277805541673576,1.3608195902048976,0.023662641348490398
main_c05_v0_D03,8,1.6296851574212894,2.922538730634683,10.93,0.11504633860816023,0.13419282422280893,1.3615692153923038,0.0202141871107725
main_c05_v0_D04,0,1.6626686656671663,2.9065467266366816,10.91,0.11371502551497457,0.130129379754567,1.4127936031984007,0.04033273253788953
main_c05_v0_D04,1,1.5957021489255372,2.787106446776612,11.27,0.10906690334667105,0.09685673036497604,1.4295352323838082,0.03885546174426281
main_c05_v0_D04,2,1.6146926536731634,2.7806096951524237,11.46,0.11052962981659531,0.11039817392890841,1.4247876061969016,0.03446462596413989
main_c05_v0_D04,3,1.6686656671664168,2.941529235382309,11.73,0.11386770767466056,0.12959631295463356,1.4112943528235882,0.03527722424449802
main_c05_v0_D04,4,1.6041979010494753,2.768615692153923,10.97,0.10998133693403266,0.09601310455883139,1.4274112943528237,0.0404297942689107
main_c05_v0_D04,5,1.6496751624187906,2.992503748125937,11.41,0.11311781502984464,0.1127017840286204,1.4160419790104948,0.04180362080842656
main_c05_v0_D04,6,1.5647176411794104,2.8050974512743627,10.94,0.10719099105478008,0.10158293868938524,1.4372813593203397,0.032213951445322936
main_c05_v0_D04,7,1.6051974012993504,2.864567716141929,10.95,0.10949008169191675,0.10411500598906866,1.4271614192903548,0.042823406821797694
main_c05_v0_D04,8,1.6621689155422288,2.9335332333833084,11.24,0.1130405089365244,0.11860656973100728,1.4129185407296352,0.028304175185757934
main_c05_v0_D05,0,1.590704647676162,2.7776111944027986,10.89,0.11190297852060903,0.11356424962122086,1.3715642178910545,0.013288680733631689
main_c05_v0_D05,1,1.5742128935532234,2.7006496751624187,11.46,0.11153020263392703,0.1115848821620935,1.3756871564217892,0.012490791420696696
main_c05_v0_D05,2,1.5722138930534733,2.7491254372813594,11.5,0.11154196688908115,0.09847715031373201,1.3761869065467267,0.035489174344211276
main_c05_v0_D05,3,1.5762118940529735,2.807096451774113,11.41,0.11077586809754117,0.11082930756843777,1.3751874062968517,0.02102925624475518
main_c05_v0_D05,4,1.6216891554222888,2.897551224387806,11.17,0.11421524050643536,0.12785412849130978,1.3638180909545228,0.01945565700613366
main_c05_v0_D05,5,1.52023988005997,2.810094952523738,10.88,0.10793624698923122,0.09712128062952648,1.3891804097951024,0.034638858426774104
main_c05_v0_D05,6,1.5717141429285357,2.7361319340329837,11.04,0.11094969006462155,0.11148969166210529,1.376311844077961,0.014307815129799317
main_c05_v0_D05,7,1.6071964017991005,2.9140429785107447,11.74,0.11340228900101139,0.12853890515059907,1.36744127936032,0.022294200475092424
main_c05_v0_D05,8,1.5197401299350324,2.7701149425287355,10.98,0.10774551729754209,0.10054040440097402,1.3893053473263368,0.00980707436629042
main_c05_v0_D06,0,1.6036981509245378,2.927536231884058,11.04,0.11110255222805683,0.11656413856563776,1.4036731634182908,0.04702672155002266
main_c05_v0_D06,1,1.5697151424287856,2.7556221889055474,10.74,0.10878229543324293,0.090433751378279,1.4121689155422288,0.06238256573954117
main_c05_v0_D06,2,1.632183908045977,2.9570214892553723,10.83,0.11247936251910878,0.12176867915248704,1.396551724137931,0.02610917412749249
main_c05_v0_D06,3,1.5797101449275361,2.784607696151924,10.91,0.10938822820144299,0.10569338346699644,1.4096701649175412,0.03650690694834168
main_c05_v0_D06,4,1.6206896551724137,2.8340829585207397,11.16,0.11211481206041447,0.10654712326376485,1.3994252873563218,0.028138360144489172
main_c05_v0_D06,5,1.551224387806097,2.8215892053973013,10.63,0.10762095518116566,0.09559248153700914,1.416791604197901,0.035032367216401246
main_c05_v0_D06,6,1.6191904047976011,2.8035982008995504,11.12,0.11210397559836482,0.11375839857848837,1.399800099950025,0.017163178520925238
main_c05_v0_D06,7,1.6306846576711644,2.915542228885557,11.04,0.11316609857839854,0.1205329874745165,1.3969265367316341,0.06522759311552957
main_c05_v0_D06,8,1.6296851574212894,2.948525737131434,10.95,0.1132417201998048,0.12910905658281957,1.397176411794103,0.03661425465274773
main_c05_v0_D07,0,1.685657171414293,2.7446276861569214,11.65,0.11703706221894106,0.13017915645351907,1.3669415292353824,0.014156064170353684
main_c05_v0_D07,1,1.5627186406796603,2.7616191904047978,11.01,0.10957117170429076,0.1112600445808839,1.3976761619190405,0.008693440946913015
main_c05_v0_D07,2,1.5132433783108445,2.5997001499250376,10.7,0.10588837389175561,0.08617258830902,1.4100449775112445,0.017311038586987054
main_c05_v0_D07,3,1.539230384807596,2.822088955522239,11.39,0.10824854926309256,0.10487276203168243,1.4035482258870564,0.015449659301135945
main_c05_v0_D07,4,1.593703148425787,2.7926036981509244,10.82,0.11129315301345319,0.11811019093627771,1.3899300349825088,0.04613072846699859
main_c05_v0_D07,5,1.5457271364317842,2.7051474262868567,11.21,0.10954763202073639,0.09255689615509695,1.4019240379810094,0.027468758305396038
main_c05_v0_D07,6,1.64167916041979,2.783608195902049,11.59,0.11341763805062416,0.12318919905126774,1.377936031984008,0.0444349373096606
main_c05_v0_D07,7,1.6206896551724137,2.8765617191404296,11.53,0.11345637262990223,0.11575184629907252,1.383183408295852,0.014162900057787517
main_c05_v0_D07,8,1.6041979010494753,2.8865567216391805,10.97,0.11154004720720415,0.11790731618317797,1.3873063468265867,0.027405799682635467
main_c05_v0_D08,0,1.5892053973013494,2.904047976011994,11.2,0.11440619776451016,0.12266842769091615,1.3350824587706147,0.0888352521892163
main_c05_v0_D08,1,1.592703648175912,2.810094952523738,11.67,0.11481580784508821,0.1257942457342755,1.334207896051974,0.1321791271575403
main_c05_v0_D08,2,1.5477261369315343,2.8815592203898053,11.33,0.1113166394015672,0.1156308750386708,1.3454522738630685,0.03524391547566318
main_c05_v0_D08,3,1.5812093953023487,2.7406296851574212,11.05,0.1136721252740073,0.11845505818519286,1.3370814592703648,0.04783647483769379
main_c05_v0_D08,4,1.4807596201899051,2.6696651674162917,10.8,0.106851547947985,0.09124247400109449,1.3621939030484758,0.12728039116897347
main_c05_v0_D08,5,1.5797101449275361,2.84007996001999,10.88,0.11400536736578898,0.11037873920182754,1.337456271864068,0.09171539367512176
main_c05_v0_D08,6,1.6366816591704147,2.971014492753623,11.53,0.11699457296519755,0.1440398848194948,1.3232133933033483,0.11722672840774899
main_c05_v0_D08,7,1.4037981009495253,2.60119940029985,10.62,0.10276222994564031,0.08406213559886708,1.3814342828585706,0.08979269694580698
main_c05_v0_D08,8,1.4472763618190905,2.76311844077961,10.37,0.10517551149021531,0.08772815972965886,1.3705647176411795,0.06733284882504052
main_c05_v0_label,0,1.5737131434282858,2.743128435782109,10.96,0.11125250634593813,0.10444083513798637,1.392303848075962,
main_c05_v0_label,1,1.5462268865567217,2.652173913043478,10.77,0.1081681191079291,0.09680893680144041,1.3991754122938531,
main_c05_v0_label,2,1.5452273863068466,2.812093953023488,10.59,0.10822801008778818,0.09484206309543626,1.3994252873563218,
main_c05_v0_label,3,1.721639180409795,3.0914542728635683,11.72,0.11962250665370884,0.15725549923450932,1.3553223388305846,
main_c05_v0_label,4,1.5617191404297852,2.8855572213893055,11.29,0.10952926563605077,0.09856341670434612,1.3953023488255871,
main_c05_v0_label,5,1.5307346326836582,2.8590704647676164,10.93,0.10703260832715843,0.1046389503660866,1.4030484757621189,
main_c05_v0_label,6,1.5552223888055972,2.6476761619190405,11.03,0.10916964504972386,0.10527018236913281,1.3969265367316341,
main_c05_v0_label,7,1.6036981509245378,2.8050974512743627,11.5,0.11261606214171471,0.11053005243410018,1.384807596201899,
main_c05_v0_label,8,1.6476761619190405,2.791104447776112,11.71,0.11438127664998787,0.12765006385696026,1.3738130934532733,
main_c05_v1_A,0,1.7056471764117942,2.925537231384308,11.33,0.113519223807041,0.1236665397459999,1.4269115442278861,0.01004854309523866
main_c05_v1_A,1,1.6201899050474762,2.836581709145427,10.94,0.10980833142270252,0.11775045017173935,1.4482758620689655,0.014307099629906367
main_c05_v1_A,2,1.7951024487756122,3.058470764617691,12.13,0.11962441949869951,0.15402695477657977,1.4045477261369315,0.009710014852646215
main_c05_v1_A,3,1.6211894052973512,2.7241379310344827,11.39,0.10926772549394533,0.10252770440176719,1.4480259870064967,0.008982599633718077
main_c05_v1_A,4,1.6271864067966018,2.7236381809095453,11.37,0.10992683193770086,0.09803233303982925,1.446526736631684,0.008182497653467256
main_c05_v1_A,5,1.647176411794103,2.8010994502748625,11.11,0.11151637647402338,0.1126190872817558,1.4415292353823088,0.01126688612111189
main_c05_v1_A,6,1.5717141429285357,2.8095952023988007,10.8,0.10700050592256323,0.08822949636292962,1.4603948025987006,0.01199031347919458
main_c05_v1_A,7,1.6041979010494753,2.8825587206396803,11.51,0.10819784403608439,0.10590696715134482,1.4522738630684657,0.01127067097850122
main_c05_v1_A,8,1.6341829085457271,2.8065967016491755,11.21,0.11113874140723977,0.09724046706805316,1.4447776111944028,0.01058354459052986
main_c05_v1_D00,0,1.5342328835582209,2.6166916541729135,10.56,0.1065125597275536,0.09127638561671521,1.433158420789605,0.014167275984056362
main_c05_v1_D00,1,1.6666666666666667,2.842578710644678,11.47,0.11520386500315108,0.12941267461507316,1.4000499750124937,0.02069651027020664
main_c05_v1_D00,2,1.5377311344327835,2.865567216391804,10.87,0.10616834033212294,0.09536422265057938,1.4322838580709645,0.019164096423643445
main_c05_v1_D00,3,1.6081959020489756,2.7316341829085458,11.25,0.11047301348508107,0.09891244853763576,1.4146676661669166,0.017519508645019118
main_c05_v1_D00,4,1.584207896051974,2.652673663168416,10.97,0.10933166157054947,0.09269234430403837,1.420664667666167,0.01660492750083788
main_c05_v1_D00,5,1.5602198900549724,2.6891554222888554,10.47,0.10798038735698225,0.09403036576949605,1.4266616691654173,0.010775126597022526
main_c05_v1_D00,6,1.6616691654172913,2.8760619690154923,11.96,0.11331402070874255,0.13430130173008714,1.4012993503248377,0.012868026202566671
main_c05_v1_D00,7,1.6816591704147925,2.8610694652673665,11.31,0.11487239052091103,0.12509400061873796,1.3963018490754622,0.025277308773173145
main_c05_v1_D00,8,1.6991504247876061,2.948025987006497,11.71,0.11614376129490617,0.13891625615763528,1.3919290354822589,0.009179856702489114
main_c05_v1_D01,0,1.6106946526736632,2.753623188405797,11.23,0.1098048341191346,0.09112626226569244,1.4464017991004499,0.012345962971985041
main_c05_v1_D01,1,1.6326836581709145,2.5962018990504747,11.11,0.11087540479067912,0.09726426469305008,1.4409045477261369,0.009822196721409717
main_c05_v1_D01,2,1.7416291854072963,3.0939530234882557,12.49,0.11710751381749035,0.13434631890403984,1.4136681659170416,0.02891280091467537
main_c05_v1_D01,3,1.6111944027986007,2.767616191904048,11.11,0.10886147841373034,0.10444043851090318,1.4462768615692154,0.019227673823026217
main_c05_v1_D01,4,1.6901549225387307,2.7766116941529235,11.27,0.11372683554461396,0.12828863346104707,1.4265367316341828,0.01165190834063986
main_c05_v1_D01,5,1.6336831584207896,2.8825587206396803,11.53,0.1105446034058595,0.11157080190063684,1.4406546726636682,0.03556734829048185
main_c05_v1_D01,6,1.6156921539230384,2.8415792103948028,11.53,0.1090769799340794,0.10609080380444685,1.445152423788106,0.013225376815038823
main_c05_v1_D01,7,1.6491754122938531,2.8045977011494254,11.5,0.11153534070231405,0.11700855921245717,1.4367816091954022,0.011825742788246581
main_c05_v1_D01,8,1.607696151924038,2.915542228885557,11.1,0.10846700927209857,0.10986391724772515,1.447151424287856,0.01406513702378615
main_c05_v1_D02,0,1.6096951524237881,2.895552223888056,11.44,0.1126877527279668,0.11462780514504632,1.381559220389805,0.02443507029768811
main_c05_v1_D02,1,1.5642178910544728,2.8320839580209896,11.02,0.11010991210774616,0.10201268413412329,1.392928535732134,0.02779857826711592
main_c05_v1_D02,2,1.5517241379310345,2.899550224887556,11.01,0.108569667586146,0.10051997810618495,1.3960519740129935,0.024878431882062974
main_c05_v1_D02,3,1.5487256371814093,2.8215892053973013,10.72,0.10841375964110847,0.10549546655243783,1.3968015992003997,0.024502236640669306
main_c05_v1_D02,4,1.6291854072963519,2.825087456271864,10.88,0.11389692294871501,0.12663192213417085,1.3766866566716642,0.017035271118816104
main_c05_v1_D02,5,1.6796601699150424,2.9315342328835583,11.25,0.116735648485237,0.14260845767592378,1.3640679660169914,0.029197715788956857
main_c05_v1_D02,6,1.5977011494252873,2.733633183408296,11.02,0.11206784522446672,0.10661217010542338,1.3845577211394302,0.018565102061055636
main_c05_v1_D02,7,1.487256371814093,2.6796601699150426,10.3,0.10493991318992112,0.08759489302967564,1.4121689155422288,0.018023287272747615
main_c05_v1_D02,8,1.6036981509245378,2.917541229385307,11.14,0.11257857808869279,0.11389662311701267,1.3830584707646176,0.02227439243238312
main_c05_v1_D03,0,1.5397301349325336,2.6931534232883556,10.93,0.10802051430768449,0.09306279399982527,1.3963018490754622,0.06671335695411189
main_c05_v1_D03,1,1.5552223888055972,2.754622688655672,10.86,0.10923457617271305,0.11355552382538867,1.3924287856071964,0.08999729830513237
main_c05_v1_D03,2,1.535232383808096,2.7261369315342328,10.85,0.10773246765629704,0.10256994518613693,1.3974262868565717,0.12199530295600625
main_c05_v1_D03,3,1.4662668665667167,2.5082458770614693,10.1,0.1027863899858092,0.07632651928004243,1.4146676661669166,0.07605790227230097
main_c05_v1_D03,4,1.583208395802099,2.816591704147926,11.17,0.11098571896798916,0.11046123763515044,1.385432283858071,0.16591937945542673
main_c05_v1_D03,5,1.5862068965517242,2.789105447276362,11.37,0.111141055305569,0.10677141587936162,1.3846826586706646,0.03371204308236456
main_c05_v1_D03,6,1.6411794102948525,2.8280859570214893,11.66,0.11571807671734116,0.1345652570540125,1.3709395302348826,0.13267249127416822
main_c05_v1_D03,7,1.6516741629185407,2.7051474262868567,11.19,0.11614285484202307,0.11921935857468079,1.3683158420789605,0.04300356325748233
main_c05_v1_D03,8,1.6911544227886057,2.9695152423788107,11.69,0.11823834604457382,0.14346794856539968,1.3584457771114442,0.04139961236872001
main_c05_v1_D04,0,1.6126936531734133,2.6691654172913544,11.43,0.1107969918663008,0.10022766394580472,1.4151674162918542,0.010169186916124626
main_c05_v1_D04,1,1.6316841579210395,2.8760619690154923,11.04,0.11251372590319321,0.1225159245773937,1.4104197901049476,0.007177967244795465
main_c05_v1_D04,2,1.5547226386806596,2.7956021989005495,11.28,0.10710591300928886,0.09244703045302732,1.4296601699150424,0.011902270072077996
main_c05_v1_D04,3,1.6581709145427286,2.856071964017991,11.52,0.11346135775904484,0.11995411024646395,1.4037981009495253,0.01079894949635249
main_c05_v1_D04,4,1.6616691654172913,2.9160419790104948,10.94,0.11442555540016382,0.14519922578393296,1.4029235382308844,0.0069036242376173075
main_c05_v1_D04,5,1.6081959020489756,2.744127936031984,11.14,0.11116222518462185,0.09890630081784492,1.4162918540729634,0.008186418510671131
main_c05_v1_D04,6,1.6966516741629185,2.894552723638181,11.87,0.11507560764778207,0.1294582867296508,1.3941779110444779,0.00888970100606384
main_c05_v1_D04,7,1.6606696651674162,2.8790604697651174,11.41,0.11383150051852077,0.11946625893402475,1.4031734132933533,0.016632406597190872
main_c05_v1_D04,8,1.4622688655672165,2.5817091454272862,10.35,0.10162712271108372,0.07182519851185513,1.4527736131934033,0.008857506774431367
main_c05_v1_D05,0,1.5962018990504747,2.822088955522239,11.37,0.11151585578062442,0.10612907831798375,1.3829335332333834,0.028811949276942212
main_c05_v1_D05,1,1.5062468765617192,2.654672663668166,10.42,0.10610960682989791,0.09515837319435513,1.4054222888555723,0.04349569706520673
main_c05_v1_D05,2,1.583208395802099,2.7471264367816093,10.81,0.11116637466115305,0.11542502558244681,1.3861819090454772,0.04564207729278879
main_c05_v1_D05,3,1.6761619190404797,2.9420289855072466,11.39,0.11700138593866181,0.1406701411199162,1.3629435282358822,0.0284630396885073
main_c05_v1_D05,4,1.5387306346826586,2.690654672663668,10.51,0.10895182996665072,0.09032269579495958,1.3973013493253372,0.03722214292636081
main_c05_v1_D05,5,1.5227386306846578,2.657671164417791,10.78,0.1067016686707268,0.09388520025701422,1.4012993503248377,0.048828256657981746
main_c05_v1_D05,6,1.583208395802099,2.800599700149925,11.39,0.11130197790233354,0.11712596082910909,1.3861819090454772,0.044667830757686565
main_c05_v1_D05,7,1.6456771614192904,2.8705647176411793,11.46,0.1150157385356369,0.1323808333928271,1.3705647176411795,0.020225534558751323
main_c05_v1_D05,8,1.6036981509245378,2.822088955522239,11.15,0.11223556171431477,0.10890269151138689,1.3810594702648675,0.027298765261111285
main_c05_v1_D06,0,1.6346826586706646,2.8505747126436782,11.26,0.11399022003674623,0.13231717474596003,1.3823088455772115,0.02457694507554997
main_c05_v1_D06,1,1.642678660669665,2.8765617191404296,11.66,0.11462104569804471,0.11443801908569502,1.3803098450774614,0.01862170007254058
main_c05_v1_D06,2,1.6101949025487257,2.868065967016492,11.22,0.11180589340959367,0.10361545417767275,1.3884307846076962,0.02628929926484887
main_c05_v1_D06,3,1.5597201399300349,2.7191404297851074,11.06,0.10857219064356582,0.1035797577401773,1.4010494752623688,0.017628975907648888
main_c05_v1_D06,4,1.5592203898050974,2.7511244377811095,10.95,0.10857855813550392,0.10297351324337808,1.4011744127936032,0.029136584285506473
main_c05_v1_D06,5,1.6701649175412294,2.8770614692653673,11.34,0.11649791711654431,0.13266521501154163,1.3734382808595702,0.02027156699265929
main_c05_v1_D06,6,1.5357321339330334,2.7266366816591705,10.89,0.10753638171734772,0.09303384022274565,1.407046476761619,0.028639211064671728
main_c05_v1_D06,7,1.5482258870564718,2.839080459770115,10.77,0.10858548262286719,0.11001225577687332,1.4039230384807597,0.02685532528190898
main_c05_v1_D06,8,1.567216391804098,2.743128435782109,10.86,0.10981231061978629,0.10736476999595411,1.3991754122938531,0.023849896383767517
main_c05_v1_D07,0,1.5742128935532234,2.6171914042978512,11.24,0.1115593107331035,0.1035642892839292,1.3780609695152424,0.014611665366980576
main_c05_v1_D07,1,1.6296851574212894,2.8875562218890556,11.47,0.11502065119777356,0.12660812450917375,1.3641929035482259,0.03689373792915932
main_c05_v1_D07,2,1.5572213893053473,2.856071964017991,11.21,0.10952191513033054,0.11430772708883634,1.3823088455772115,0.032527600715146786
main_c05_v1_D07,3,1.457271364317841,2.6796601699150426,10.25,0.10380831912056374,0.07953820708693267,1.407296351824088,0.02132805517152535
main_c05_v1_D07,4,1.498750624687656,2.71664167916042,10.74,0.10685962571570323,0.09527438661621551,1.3969265367316341,0.04456867221089499
main_c05_v1_D07,5,1.6346826586706646,2.856071964017991,11.7,0.11423476943816308,0.12478165679065208,1.3629435282358822,0.014937469795285678
main_c05_v1_D07,6,1.5577211394302848,2.7781109445277363,10.9,0.1103687106175869,0.10179196116227576,1.382183908045977,0.017863116431852375
main_c05_v1_D07,7,1.6486756621689156,2.8305847076461768,10.73,0.11507483793717356,0.12811213440898578,1.3594452773613193,0.01188015894358907
main_c05_v1_D07,8,1.6146926536731634,2.8905547226386807,11.22,0.1135518601096018,0.12602151305299703,1.3679410294852574,0.026299046957474204
main_c05_v1_D08,0,1.5537231384307846,2.7681159420289854,11.24,0.10684981005647723,0.09144455550002765,1.4280359820089954,0.02682244719100928
main_c05_v1_D08,1,1.6666666666666667,2.9085457271364317,11.45,0.1139082111567195,0.13067434536699898,1.399800099950025,0.025806590411887737
main_c05_v1_D08,2,1.5697151424287856,2.744127936031984,10.61,0.10909377891345849,0.0937178236278685,1.4240379810094952,0.03969377189723478
main_c05_v1_D08,3,1.7736131934032984,3.098950524737631,12.41,0.12076976649403019,0.16146133282565045,1.3730634682658671,0.03829575087729547
main_c05_v1_D08,4,1.5782108945527236,2.7761119440279862,11.08,0.10934524380843749,0.10026276544267534,1.4219140429785107,0.03253497031878319
main_c05_v1_D08,5,1.6346826586706646,2.8705647176411793,11.48,0.11255080824028454,0.10424410810467767,1.4077961019490255,0.03569778573375126
main_c05_v1_D08,6,1.577711144427786,2.6411794102948525,10.96,0.1085826716533046,0.09924839167717724,1.422038980509745,0.015661357241018765
main_c05_v1_D08,7,1.591704147926037,2.896551724137931,11.05,0.10944616637689772,0.10674404861061522,1.4185407296351824,0.04843747540404055
main_c05_v1_D08,8,1.5857071464267867,2.8950524737631183,11.07,0.10945354330039024,0.11220262884430793,1.420039980009995,0.045573048523999515
main_c05_v1_label,0,1.7056471764117942,2.925537231384308,11.33,0.11351922380704081,0.1236665397459999,1.4269115442278861,
main_c05_v1_label,1,1.647176411794103,2.8010994502748625,11.11,0.11151637647402358,0.1126190872817558,1.4415292353823088,
main_c05_v1_label,2,1.6211894052973512,2.7241379310344827,11.39,0.10926772549394521,0.10252770440176719,1.4480259870064967,
main_c05_v1_label,3,1.7951024487756122,3.058470764617691,12.13,0.11962441949869936,0.15402695477657977,1.4045477261369315,
main_c05_v1_label,4,1.5717141429285357,2.8095952023988007,10.8,0.1070005059225633,0.08822949636292962,1.4603948025987006,
main_c05_v1_label,5,1.6041979010494753,2.8825587206396803,11.51,0.1081978440360844,0.10590696715134482,1.4522738630684657,
main_c05_v1_label,6,1.6201899050474762,2.836581709145427,10.94,0.1098083314227026,0.11775045017173935,1.4482758620689655,
main_c05_v1_label,7,1.6341829085457271,2.8065967016491755,11.21,0.11113874140723985,0.09724046706805316,1.4447776111944028,
main_c05_v1_label,8,1.6271864067966018,2.7236381809095453,11.37,0.10992683193770086,0.09803233303982925,1.446526736631684,
main_c06_v0_A,0,1.6996501749125437,2.924537731134433,11.54,0.11709548204732412,0.13228980747721372,1.3806846576711644,0.13899970724895072
main_c06_v0_A,1,1.5637181409295353,2.793103448275862,11.15,0.10891134468114325,0.11078032412365232,1.4146676661669166,0.036198562096856825
main_c06_v0_A,2,1.5697151424287856,2.5162418790604697,10.65,0.10919090453059026,0.08226303514909196,1.4131684157921038,0.14472979729358848
main_c06_v0_A,3,1.6671664167916043,2.9580209895052474,11.8,0.11413938231347008,0.1398491230575187,1.3888055972013993,0.10451477427949162
main_c06_v0_A,4,1.5367316341829085,2.717641179410295,10.59,0.10675591176412054,0.08451904999880996,1.4214142928535731,0.1431798952294928
main_c06_v0_A,5,1.504247876061969,2.6541729135432286,10.45,0.1052583615059858,0.08397289450512829,1.4295352323838082,0.0675332702564798
main_c06_v0_A,6,1.5817091454272865,2.8505747126436782,11.08,0.10969214447946166,0.10805371123961817,1.4101699150424787,0.06474337184267219
main_c06_v0_A,7,1.6671664167916043,2.8960519740129933,11.52,0.11532053826976052,0.13421563028009778,1.3888055972013993,0.05894573353131844
main_c06_v0_A,8,1.654672663668166,2.9760119940029983,11.22,0.11363593040814375,0.12405642416886768,1.3919290354822589,0.09618660435540848
main_c06_v0_D00,0,1.646176911544228,2.76511744127936,11.24,0.11091900841565157,0.1079198495990098,1.4517741129435282,0.03126336414231364
main_c06_v0_D00,1,1.6336831584207896,2.7306346826586707,11.49,0.10963171738882131,0.1040997358463624,1.4548975512243878,0.03584920573277394
main_c06_v0_D00,2,1.64167916041979,2.867566216891554,11.51,0.11024433737226819,0.10829704195521266,1.4528985507246377,0.029869881006927917
main_c06_v0_D00,3,1.6551724137931034,2.783608195902049,11.27,0.1114287043888252,0.11204754765474383,1.4495252373813095,0.04625647535502906
main_c06_v0_D00,4,1.605697151424288,2.7191404297851074,11.32,0.1082586038878642,0.09053033007305863,1.4618940529735132,0.031634234092020784
main_c06_v0_D00,5,1.6931534232883558,2.836581709145427,11.77,0.11284996353893062,0.1203790961662024,1.4400299850074962,0.027992961395819627
main_c06_v0_D00,6,1.6351824087956022,2.8790604697651174,11.44,0.10957474586041985,0.10704826158349386,1.4545227386306847,0.017080735588867534
main_c06_v0_D00,7,1.6691654172913544,2.8085957021489256,11.14,0.11182554993089928,0.12198900549725124,1.4460269865067465,0.027019465589281314
main_c06_v0_D00,8,1.7266366816591705,2.981009495252374,11.46,0.11526736921631968,0.12768913162466364,1.4316591704147925,0.032011368645709595
main_c06_v0_D01,0,1.5122438780609695,2.738630684657671,10.59,0.10713382656506967,0.09032666206579233,1.4022988505747127,0.026758354312669205
main_c06_v0_D01,1,1.6106946526736632,2.83808095952024,10.9,0.1125416416518523,0.11892010344034308,1.3776861569215393,0.04804924982713571
main_c06_v0_D01,2,1.5397301349325336,2.7961019490254873,10.89,0.10905252524173606,0.09931859467091834,1.3954272863568216,0.014996322293012376
main_c06_v0_D01,3,1.5617191404297852,2.8255872063968015,11.41,0.110089710472397,0.09487557808397383,1.3899300349825088,0.01979156873336658
main_c06_v0_D01,4,1.582208895552224,2.8025987006496753,10.88,0.11119976823850374,0.10684816321997706,1.384807596201899,0.038450667845208654
main_c06_v0_D01,5,1.5337331334332833,2.5882058970514743,11.13,0.10793971061054404,0.08949612495339618,1.3969265367316341,0.016752750413962892
main_c06_v0_D01,6,1.6686656671664168,2.946526736631684,11.66,0.11633802878795653,0.139641290465878,1.3631934032983508,0.039477543340073355
main_c06_v0_D01,7,1.6036981509245378,2.844577711144428,11.18,0.11230584830780574,0.1218817178712229,1.3794352823588205,0.023971341828553563
main_c06_v0_D01,8,1.630184907546227,2.8610694652673665,11.43,0.11339894012413486,0.1386917652284968,1.3728135932033982,0.010523013305251088
main_c06_v0_D02,0,1.7096451774112944,2.9750124937531233,11.89,0.11310846700289731,0.12717074002681175,1.4556471764117942,0.050034316943737944
main_c06_v0_D02,1,1.711144427786107,2.92103948025987,11.29,0.11332306814313325,0.12672572443936742,1.4552723638180909,0.035042372887027606
main_c06_v0_D02,2,1.6816591704147925,2.862568715642179,10.82,0.11170246824301822,0.11477693692836108,1.4626436781609196,0.03651725960215103
main_c06_v0_D02,3,1.528735632183908,2.583208395802099,10.63,0.10284132404701785,0.06356087829101327,1.5008745627186406,0.04660215348532354
main_c06_v0_D02,4,1.7391304347826086,3.1244377811094455,11.67,0.11521696907751805,0.13159888309813336,1.4482758620689655,0.04251725872313348
main_c06_v0_D02,5,1.6526736631684158,2.831584207896052,11.24,0.10921766355898475,0.08902136233470562,1.4698900549725138,0.05016631178075437
main_c06_v0_D02,6,1.6626686656671663,2.8060969515242378,11.65,0.11099648544263384,0.10659293369188404,1.4673913043478262,0.05068677482125883
main_c06_v0_D02,7,1.6136931534232883,2.743128435782109,10.85,0.10795829735801238,0.1089411643384656,1.4796351824087957,0.07013132682039054
main_c06_v0_D02,8,1.7651174412793602,2.868065967016492,11.76,0.11563525712678434,0.13161137685125673,1.4417791104447777,0.05593341987007546
main_c06_v0_D03,0,1.528735632183908,2.575712143928036,10.71,0.108673376544623,0.08934401846695693,1.4047976011994003,0.006176738148816687
main_c06_v0_D03,1,1.446776611694153,2.6976511744127936,10.41,0.10221351484995214,0.07981009495252377,1.4252873563218391,0.013876693765053119
main_c06_v0_D03,2,1.550224887556222,2.7001499250374814,10.99,0.10836587803380665,0.10664548678041912,1.3994252873563218,0.011437763965547472
main_c06_v0_D03,3,1.6191904047976011,2.765617191404298,11.06,0.11315121773190749,0.12833702196520766,1.382183908045977,0.011368599517353981
main_c06_v0_D03,4,1.6411794102948525,2.942528735632184,11.42,0.11453558690940861,0.12469777016253764,1.3766866566716642,0.015162610710025183
main_c06_v0_D03,5,1.5987006496751623,2.6946526736631684,11.31,0.11139058565835434,0.10619035720235097,1.3873063468265867,0.02184643747587607
main_c06_v0_D03,6,1.7736131934032984,2.982008995502249,12.42,0.12246441227985456,0.17399574022512543,1.3435782108945526,0.009769735322862147
main_c06_v0_D03,7,1.6031984007996003,2.727136431784108,11.2,0.11148196021797907,0.10319066657147592,1.3861819090454772,0.016674708385471356
main_c06_v0_D03,8,1.5342328835582209,2.728135932033983,11.2,0.10772346777411404,0.08778884367340134,1.4034232883558222,0.01586076803045508
main_c06_v0_D04,0,1.6931534232883558,2.9330334832583707,11.64,0.1156631065118006,0.1488440303657692,1.3866816591704147,0.025644621393482753
main_c06_v0_D04,1,1.6051974012993504,2.782608695652174,10.83,0.11084650827372647,0.11104685752361898,1.408670664667666,0.028557682877594748
main_c06_v0_D04,2,1.5957021489255372,2.8460769615192403,10.42,0.11041664207127039,0.11416256157635433,1.4110444777611195,0.027296324903170105
main_c06_v0_D04,3,1.6021989005497252,2.785607196401799,11.43,0.11063665866793451,0.10051640846243522,1.4094202898550725,0.025614222482067725
main_c06_v0_D04,4,1.6136931534232883,2.7501249375312344,10.98,0.11207860614515495,0.11234382808595675,1.4065467266366816,0.029612490774000865
main_c06_v0_D04,5,1.647176411794103,2.7566216891554225,11.41,0.11320364336295397,0.11745972251969226,1.398175912043978,0.023460580237744704
main_c06_v0_D04,6,1.5892053973013494,2.6496751624187906,11.11,0.10982169091582217,0.09873337140953328,1.4126686656671663,0.018716502203647734
main_c06_v0_D04,7,1.4997501249375311,2.6391804097951024,10.68,0.10462614469697346,0.08502534447062178,1.435032483758121,0.015243375226113215
main_c06_v0_D04,8,1.6336831584207896,2.8095952023988007,11.72,0.11270699935436346,0.1118678755860162,1.4015492253873063,0.021573510165072782
main_c06_v0_D05,0,1.5827086456771615,2.7211394302848575,11.21,0.10900696929656704,0.09592644154113401,1.4320339830084958,0.01909014896043183
main_c06_v0_D05,1,1.6246876561719141,2.8270864567716143,11.18,0.111091803550142,0.10500523547749899,1.4215392303848076,0.02867888195468529
main_c06_v0_D05,2,1.655672163918041,2.7521239380309845,11.02,0.11279064995305738,0.1155904190761759,1.4137931034482758,0.02525864667277743
main_c06_v0_D05,3,1.6216891554222888,2.807096451774113,11.48,0.11134867671877702,0.12218414602222673,1.422288855572214,0.01678873588118115
main_c06_v0_D05,4,1.6661669165417292,2.9130434782608696,11.76,0.11321350955944953,0.11948728016943873,1.4111694152923537,0.02786591404194601
main_c06_v0_D05,5,1.6166916541729135,2.8640679660169917,10.99,0.11051567492594631,0.11521382166059795,1.4235382308845577,0.023455201285884686
main_c06_v0_D05,6,1.6691654172913544,2.8470764617691153,11.3,0.11343668322898912,0.1330215844458722,1.4104197901049476,0.019189332584231573
main_c06_v0_D05,7,1.567216391804098,2.7161419290354822,10.99,0.10803912699250018,0.08503843316437007,1.4359070464767616,0.03497496917466042
main_c06_v0_D05,8,1.6176911544227885,2.7806096951524237,10.89,0.11055690577457146,0.10853263844268311,1.423288355822089,0.022243988502072404
main_c06_v0_D06,0,1.6111944027986007,2.7801099450274864,11.16,0.11273819477609108,0.1138714372972242,1.3794352823588205,0.020231893760375434
main_c06_v0_D06,1,1.6206896551724137,2.8105947026486757,11.37,0.11336142822270828,0.12176510950873749,1.3770614692653673,0.011923703815624855
main_c06_v0_D06,2,1.539230384807596,2.6721639180409795,10.87,0.10828000995021243,0.10167634436749867,1.3974262868565717,0.017059381753951868
main_c06_v0_D06,3,1.5497251374312844,2.768615692153923,10.99,0.10865004406428679,0.1019071813299699,1.3948025987006496,0.019378136063548976
main_c06_v0_D06,4,1.5932033983008496,2.8865567216391805,11.05,0.11175991143449444,0.12279197702735917,1.3839330334832585,0.012823772620561091
main_c06_v0_D06,5,1.591704147926037,2.7461269365317342,11.08,0.1114211276279903,0.10570349745762006,1.3843078460769616,0.017414791197470615
main_c06_v0_D06,6,1.6251874062968517,2.8025987006496753,11.46,0.11365996508878017,0.11626785813442453,1.3759370314842578,0.018429475745529
main_c06_v0_D06,7,1.5472263868065967,2.8235882058970514,11.04,0.10896562187500625,0.1028067315548574,1.3954272863568216,0.015060602981895354
main_c06_v0_D06,8,1.5797101449275361,2.728135932033983,11.14,0.11116369696043013,0.11320986332230698,1.3873063468265867,0.02229278286247351
main_c06_v0_D07,0,1.6541729135432284,2.9060469765117443,11.32,0.1121903653865972,0.13558300214971855,1.421289355322339,0.00948308493479673
main_c06_v0_D07,1,1.5962018990504747,2.6326836581709148,10.93,0.10924569863896379,0.09417632453614444,1.4357821089455272,0.007720560638297117
main_c06_v0_D07,2,1.6146926536731634,2.8610694652673665,11.2,0.11006125860380646,0.1056503494284601,1.431159420289855,0.008800477822622615
main_c06_v0_D07,3,1.6596701649175412,2.994502748625687,11.37,0.11303162237634841,0.11727727406138179,1.4199150424787605,0.009875963272934858
main_c06_v0_D07,4,1.648175912043978,2.7806096951524237,11.42,0.11231042765228505,0.11426925426175781,1.4227886056971515,0.007140519534362437
main_c06_v0_D07,5,1.5962018990504747,2.744127936031984,11.27,0.10889706729833475,0.10331520747562709,1.4357821089455272,0.008176191963341418
main_c06_v0_D07,6,1.6466766616691655,2.8595702148925537,10.88,0.11180766690392062,0.10799858007504173,1.4231634182908546,0.007852017612556658
main_c06_v0_D07,7,1.6246876561719141,2.849575212393803,10.92,0.11086710136507022,0.10957874237484427,1.4286606696651674,0.009146072955342208
main_c06_v0_D07,8,1.6381809095452273,2.874062968515742,11.36,0.11158879177467347,0.11215126563702253,1.4252873563218391,0.007497114431239013
main_c06_v0_D08,0,1.6216891554222888,2.7716141929035483,10.96,0.11205031357724858,0.11330346731396178,1.4152923538230884,0.030667847821560647
main_c06_v0_D08,1,1.497751124437781,2.6451774112943527,10.61,0.10326144854296897,0.08165619571166781,1.4462768615692154,0.023631010513821802
main_c06_v0_D08,2,1.6491754122938531,2.732633683158421,11.36,0.1141059596892498,0.12230491896908657,1.4084207896051975,0.017038457105203644
main_c06_v0_D08,3,1.5947026486756621,2.8060969515242378,11.11,0.10919194909931373,0.10298838675900122,1.422038980509745,0.014205620272549622
main_c06_v0_D08,4,1.6631684157921038,2.809095452273863,11.75,0.11405383870020727,0.13026105994621703,1.4049225387306348,0.022147848064453208
main_c06_v0_D08,5,1.6261869065467267,2.7011494252873565,11.34,0.11222171605821918,0.09557185692867826,1.4141679160419791,0.036722426236758005
main_c06_v0_D08,6,1.5887056471764118,2.915542228885557,10.95,0.10829911278879746,0.11248780371718886,1.4235382308845577,0.028229072389633167
main_c06_v0_D08,7,1.6771614192903548,2.814592703648176,11.35,0.11336264737389988,0.13722246019847206,1.4014242878560719,0.02408676239088128
main_c06_v0_D08,8,1.647176411794103,2.7596201899050476,10.95,0.11345301417009494,0.10420385045572436,1.408920539730135,0.014905001836234945
main_c06_v0_label,0,1.6671664167916043,2.9580209895052474,11.8,0.11413938231347016,0.1398491230575187,1.3888055972013993,
main_c06_v0_label,1,1.5367316341829085,2.717641179410295,10.59,0.10675591176412048,0.08451904999880996,1.4214142928535731,
main_c06_v0_label,2,1.5697151424287856,2.5162418790604697,10.65,0.1091909045305902,0.08226303514909196,1.4131684157921038,
main_c06_v0_label,3,1.6671664167916043,2.8960519740129933,11.52,0.11532053826976058,0.13421563028009778,1.3888055972013993,
main_c06_v0_label,4,1.5817091454272865,2.8505747126436782,11.08,0.10969214447946167,0.10805371123961817,1.4101699150424787,
main_c06_v0_label,5,1.504247876061969,2.6541729135432286,10.45,0.1052583615059858,0.08397289450512829,1.4295352323838082,
main_c06_v0_label,6,1.6996501749125437,2.924537731134433,11.54,0.11709548204732408,0.13228980747721372,1.3806846576711644,
main_c06_v0_label,7,1.654672663668166,2.9760119940029983,11.22,0.11363593040814375,0.12405642416886768,1.3919290354822589,
main_c06_v0_label,8,1.5637181409295353,2.793103448275862,11.15,0.10891134468114334,0.11078032412365232,1.4146676661669166,
main_c06_v1_A,0,1.6041979010494753,2.8450774612693652,11.21,0.11213189365253698,0.1012146704425564,1.3996751624187906,0.06526610660971582
main_c06_v1_A,1,1.578710644677661,2.6431784107946026,10.98,0.11015002554628363,0.10982584104772979,1.406046976511744,0.07891905114015728
main_c06_v1_A,2,1.6591704147926036,2.857071464267866,11.57,0.11447975625253783,0.1435988355028831,1.3859320339830086,0.049592858266718935
main_c06_v1_A,3,1.526736631684158,2.745127436281859,10.61,0.1062047908274809,0.09414499099656509,1.41904047976012,0.07586663096238155
main_c06_v1_A,4,1.681159420289855,2.857071464267866,11.2,0.11588299498372027,0.13047682507952343,1.3804347826086956,0.03791634993204485
main_c06_v1_A,5,1.5872063968015993,2.7936031984007994,11.09,0.10998808751590737,0.11060699808825727,1.4039230384807597,0.037707323667937644
main_c06_v1_A,6,1.632183908045977,2.862568715642179,11.34,0.11350160883668277,0.11455502407526369,1.392678660669665,0.0675815845232674
main_c06_v1_A,7,1.4877561219390305,2.703648175912044,10.81,0.10380026906074928,0.0783802543172857,1.4287856071964018,0.06703880293997033
main_c06_v1_A,8,1.6486756621689156,2.8520739630184906,11.48,0.11386057332410113,0.1171965604499335,1.3885557221389306,0.07834512366877656
main_c06_v1_D00,0,1.6486756621689156,2.822088955522239,11.0,0.11310932931658348,0.11526221016475878,1.4124187906046977,0.013417584761379282
main_c06_v1_D00,1,1.5967016491754122,2.8285857071464267,10.99,0.10876947035114186,0.10527791659725654,1.4254122938530736,0.04873316989780888
main_c06_v1_D00,2,1.6676661669165418,2.892053973013493,11.4,0.11421791275881464,0.1261145221040271,1.407671164417791,0.02181380131258705
main_c06_v1_D00,3,1.607696151924038,2.7851074462768617,10.91,0.11035769978045583,0.1137760484836944,1.422663668165917,0.01846555673759297
main_c06_v1_D00,4,1.5737131434282858,2.75912043978011,10.32,0.10826051282542262,0.10415526363802201,1.431159420289855,0.027948811047920758
main_c06_v1_D00,5,1.632183908045977,2.8600699650174914,10.78,0.11158527342097098,0.12122589498901332,1.4165417291354323,0.04957062522886979
main_c06_v1_D00,6,1.5592203898050974,2.789605197401299,11.05,0.10671908124270973,0.08626480410588344,1.434782608695652,0.0637108370466427
main_c06_v1_D00,7,1.7091454272863569,2.79960019990005,11.38,0.11663325271179559,0.13430744944987788,1.3973013493253372,0.020565252670326762
main_c06_v1_D00,8,1.6016991504247875,2.7741129435282357,11.08,0.11034746759210519,0.09361589046746453,1.4241629185407296,0.02447408111162518
main_c06_v1_D01,0,1.5487256371814093,2.7171414292853573,10.98,0.10769039691381019,0.08666262107041711,1.4271614192903548,0.05605276005108046
main_c06_v1_D01,1,1.617191404297851,2.7711144427786105,11.02,0.11075872341972451,0.11578258489802692,1.4100449775112445,0.02187625705658071
main_c06_v1_D01,2,1.6336831584207896,2.685157421289355,11.36,0.11182947361472938,0.10729575688346281,1.4059220389805098,0.01910944254026473
main_c06_v1_D01,3,1.696151924037981,2.8845577211394304,11.47,0.11624312587940504,0.13785845172651773,1.3903048475762119,0.03582809217886646
main_c06_v1_D01,4,1.553223388305847,2.7251374312843577,10.83,0.10718777404634625,0.09349372932581307,1.4260369815092453,0.018216122163193002
main_c06_v1_D01,5,1.5597201399300349,2.68415792103948,11.07,0.10706820427177421,0.08949513338568793,1.4244127936031985,0.014163868417716457
main_c06_v1_D01,6,1.6551724137931034,2.8885557221389306,11.23,0.11396264898152414,0.13681314104852318,1.4005497251374313,0.019825782050499275
main_c06_v1_D01,7,1.6026986506746628,2.7231384307846076,11.22,0.1115118756106412,0.10545739035244271,1.4136681659170416,0.022877091908665454
main_c06_v1_D01,8,1.648175912043978,2.8875562218890556,11.19,0.11374777726204512,0.12714119130910714,1.4022988505747127,0.022231144568427053
main_c06_v1_D02,0,1.5817091454272865,2.849575212393803,11.04,0.11005510500674216,0.11496394659812922,1.3950524737631185,0.027091007065910448
main_c06_v1_D02,1,1.64167916041979,2.8790604697651174,11.12,0.11360471196663881,0.13532400466433428,1.3800599700149925,0.04349707195859002
main_c06_v1_D02,2,1.5212393803098452,2.7021489255372315,10.73,0.10673519366521003,0.09385485828514294,1.4101699150424787,0.0345888664216674
main_c06_v1_D02,3,1.5152423788105946,2.630184907546227,10.65,0.1064831738338038,0.0825819233240521,1.4116691654172913,0.06525039023551531
main_c06_v1_D02,4,1.6606696651674162,2.9770114942528734,11.8,0.11526371595364139,0.13817198543585327,1.3753123438280859,0.04801889793526621
main_c06_v1_D02,5,1.6281859070464768,2.796601699150425,11.42,0.11309279735855259,0.12130422883796171,1.383433283358321,0.050640448358240185
main_c06_v1_D02,6,1.535232383808096,2.689655172413793,11.03,0.10775194885735298,0.09479664929440028,1.406671664167916,0.034216643356171424
main_c06_v1_D02,7,1.6206896551724137,2.867566216891554,11.18,0.1134910092559316,0.11186430594226679,1.3853073463268366,0.042862794689294076
main_c06_v1_D02,8,1.6191904047976011,2.798600699650175,11.15,0.11352234410212672,0.10713809761785767,1.3856821589205397,0.03717570142815292
main_c06_v1_D03,0,1.551224387806097,2.795102448775612,11.37,0.10848422785203263,0.10090232661447046,1.4035482258870564,0.1468110048562254
main_c06_v1_D03,1,1.5342328835582209,2.8040979510244877,10.42,0.10752043832409496,0.09572336847449286,1.4077961019490255,0.14686124294370603
main_c06_v1_D03,2,1.6111944027986007,2.8850574712643677,11.64,0.11185914411332482,0.1128469495411023,1.3885557221389306,0.21450439230777507
main_c06_v1_D03,3,1.568215892053973,2.789605197401299,10.59,0.11041641296524983,0.10766680151987479,1.3993003498250876,0.1248124643022618
main_c06_v1_D03,4,1.6511744127936032,2.9065467266366816,10.83,0.11478366432954337,0.13684566446935245,1.37856071964018,0.15788647899336897
main_c06_v1_D03,5,1.5422288855572215,2.681159420289855,10.95,0.10860854224113572,0.10335169716728913,1.4057971014492754,0.19008890263834197
main_c06_v1_D03,6,1.6211894052973512,2.742128935532234,11.12,0.11257506014324391,0.12005406027145141,1.3860569715142428,0.1361216370076064
main_c06_v1_D03,7,1.6511744127936032,2.8650674662668667,11.71,0.1146699265791513,0.1224064555024074,1.37856071964018,0.14800212178433234
main_c06_v1_D03,8,1.600199900049975,2.7716141929035483,11.62,0.11108258345222363,0.10020267643955783,1.391304347826087,0.14727288901216606
main_c06_v1_D04,0,1.6441779110444779,2.8650674662668667,11.05,0.11405729771993138,0.12638383189357666,1.3653173413293354,0.07660137931626369
main_c06_v1_D04,1,1.6591704147926036,2.8460769615192403,11.69,0.1167982066031259,0.13458806311130134,1.3615692153923038,0.056585504079602396
main_c06_v1_D04,2,1.4512743628185907,2.5987006496751626,10.8,0.10322201847652145,0.07782656290902164,1.4135432283858071,0.10494372918355623
main_c06_v1_D04,3,1.5567216391804097,2.815592203898051,11.12,0.11032794488931724,0.10831489017396037,1.3871814092953523,0.07685875107310443
main_c06_v1_D04,4,1.6806596701649175,2.9570214892553723,11.82,0.1178305592493518,0.14481092786939836,1.3561969015492255,0.06701055428018367
main_c06_v1_D04,5,1.5737131434282858,2.766616691654173,11.55,0.11099039785240662,0.11906130268199203,1.3829335332333834,0.048031498196067696
main_c06_v1_D04,6,1.5792103948025986,2.640679660169915,11.12,0.11084427327488841,0.099526427262559,1.381559220389805,0.03565599344556325
main_c06_v1_D04,7,1.5357321339330334,2.75912043978011,10.94,0.10871880287831268,0.09235084838533097,1.3924287856071964,0.10226362871168299
main_c06_v1_D04,8,1.5302348825587206,2.7126436781609193,10.96,0.10721049905614459,0.09713714571285752,1.3938030984507745,0.11579536203536549
main_c06_v1_D05,0,1.526736631684158,2.6166916541729135,10.65,0.10777829637123221,0.08899895290449998,1.39167916041979,0.015238168849591905
main_c06_v1_D05,1,1.6511744127936032,2.9060469765117443,11.55,0.11641830568359005,0.12877430332452783,1.3605697151424287,0.01724926336993342
main_c06_v1_D05,2,1.5072463768115942,2.6506746626686657,11.18,0.10673992427869923,0.09244246924156954,1.396551724137931,0.011129377649510656
main_c06_v1_D05,3,1.60119940029985,2.869065467266367,10.94,0.11273309774171325,0.12721258418409825,1.3730634682658671,0.010157453759299972
main_c06_v1_D05,4,1.5347326336831584,2.6981509245377313,11.13,0.10816162056672282,0.09378822493515138,1.38968015992004,0.011188967395429858
main_c06_v1_D05,5,1.5222388805597202,2.745127436281859,10.75,0.1073159803190061,0.10163013731229602,1.3928035982008995,0.015352600340284047
main_c06_v1_D05,6,1.5872063968015993,2.7276361819090456,11.31,0.1108278167426874,0.11721341710097322,1.3765617191404298,0.017252952325277675
main_c06_v1_D05,7,1.6111944027986007,2.7851074462768617,11.47,0.11373417828152634,0.11406856095761628,1.3705647176411795,0.011250967662588795
main_c06_v1_D05,8,1.645177411294353,2.938030984507746,11.09,0.11629078001482257,0.13587135003926595,1.3620689655172413,0.012674385093483046
main_c06_v1_D06,0,1.6596701649175412,2.9375312343828086,11.23,0.11289908107896782,0.10412591323385917,1.4195402298850575,0.013487073804797368
main_c06_v1_D06,1,1.6146926536731634,2.8855572213893055,11.44,0.11048746737733399,0.10746055543656717,1.430784607696152,0.018583962206601492
main_c06_v1_D06,2,1.5942028985507246,2.8215892053973013,10.89,0.10929781081411882,0.11499012398562601,1.4359070464767616,0.012109896182401818
main_c06_v1_D06,3,1.5867066466766617,2.8460769615192403,11.03,0.10828605585264041,0.10229647081221285,1.4377811094452773,0.01607350641866991
main_c06_v1_D06,4,1.6741629185407296,2.847576211894053,11.78,0.11347031849386793,0.1230848861283642,1.4159170414792603,0.014301848556399217
main_c06_v1_D06,5,1.7246376811594204,2.923538230884558,11.75,0.11664175703049122,0.12969408153066297,1.4032983508245878,0.014186964419209276
main_c06_v1_D06,6,1.5962018990504747,2.789605197401299,10.82,0.10937939397358831,0.10147366792794063,1.435407296351824,0.019922187157424363
main_c06_v1_D06,7,1.5882058970514743,2.8375812093953026,10.92,0.10843742483401889,0.10431450941196053,1.4374062968515742,0.012527838835232669
main_c06_v1_D06,8,1.6371814092953523,2.8280859570214893,10.88,0.11110069054497242,0.11255979153280485,1.4251624187906047,0.019397066732716926
main_c06_v1_D07,0,1.578710644677661,2.7716141929035483,11.07,0.1115045507124685,0.11065736972783415,1.3756871564217892,0.027461542257085997
main_c06_v1_D07,1,1.496751624187906,2.784607696151924,10.87,0.1059963760367514,0.1099374915716744,1.396176911544228,0.020233926251851327
main_c06_v1_D07,2,1.5687156421789106,2.7961019490254873,11.14,0.11107763405300596,0.10452591164735063,1.3781859070464768,0.023511186382703234
main_c06_v1_D07,3,1.5712143928035982,2.713143428285857,11.19,0.11107771675962824,0.11214174658702376,1.3775612193903048,0.010042131273694308
main_c06_v1_D07,4,1.646176911544228,2.9310344827586206,11.67,0.11604549711630496,0.12727108667888257,1.3588205897051475,0.009607900050734617
main_c06_v1_D07,5,1.5297351324337831,2.7126436781609193,10.8,0.10752107714014456,0.09437860434861929,1.3879310344827587,0.02011679694718788
main_c06_v1_D07,6,1.590704647676162,2.696151924037981,11.29,0.11203517693143032,0.11065796466845927,1.372688655672164,0.01559883893599058
main_c06_v1_D07,7,1.63968015992004,2.8545727136431784,11.54,0.11609826007077254,0.13873618746182426,1.3604447776111943,0.016380581373518995
main_c06_v1_D07,8,1.5412293853073464,2.7506246876561717,10.88,0.10864371117949352,0.09169363730832995,1.3850574712643677,0.0239912034963235
main_c06_v1_D08,0,1.4642678660669666,2.7306346826586707,10.62,0.10460892906099113,0.08595801305696343,1.395552223888056,0.02290166136421937
main_c06_v1_D08,1,1.5472263868065967,2.713143428285857,11.01,0.11056813218792003,0.10633710922316593,1.3748125937031483,0.025495568109470578
main_c06_v1_D08,2,1.5552223888055972,2.7201399300349824,10.88,0.1106090227760358,0.10312740455169232,1.3728135932033982,0.019776227703569252
main_c06_v1_D08,3,1.6771614192903548,2.891054472763618,11.72,0.11795035039653558,0.1410994899375707,1.342328835582209,0.019053332799267863
main_c06_v1_D08,4,1.5932033983008496,2.735632183908046,11.23,0.11227105257370566,0.12309361192419642,1.3633183408295853,0.02786361114858535
main_c06_v1_D08,5,1.6346826586706646,2.901049475262369,11.77,0.11540438076776373,0.132664421757375,1.3529485257371314,0.01690532396384904
main_c06_v1_D08,6,1.535232383808096,2.625687156421789,10.77,0.10930725019300085,0.10283290894235406,1.3778110944527737,0.017771062758992342
main_c06_v1_D08,7,1.5387306346826586,2.76311844077961,11.07,0.10970827552587373,0.10673214979811671,1.3769365317341329,0.018346676857334047
main_c06_v1_D08,8,1.5472263868065967,2.7691154422788604,10.63,0.10957260651817335,0.09815489080856377,1.3748125937031483,0.018993072302560268
main_c06_v1_label,0,1.578710644677661,2.6431784107946026,10.98,0.11015002554628368,0.10982584104772979,1.406046976511744,
main_c06_v1_label,1,1.681159420289855,2.857071464267866,11.2,0.1158829949837203,0.13047682507952343,1.3804347826086956,
main_c06_v1_label,2,1.6486756621689156,2.8520739630184906,11.48,0.11386057332410114,0.1171965604499335,1.3885557221389306,
main_c06_v1_label,3,1.6041979010494753,2.8450774612693652,11.21,0.11213189365253695,0.1012146704425564,1.3996751624187906,
main_c06_v1_label,4,1.526736631684158,2.745127436281859,10.61,0.1062047908274809,0.09414499099656509,1.41904047976012,
main_c06_v1_label,5,1.6591704147926036,2.857071464267866,11.57,0.11447975625253774,0.1435988355028831,1.3859320339830086,
main_c06_v1_label,6,1.5872063968015993,2.7936031984007994,11.09,0.10998808751590734,0.11060699808825727,1.4039230384807597,
main_c06_v1_label,7,1.632183908045977,2.862568715642179,11.34,0.11350160883668269,0.11455502407526369,1.392678660669665,
main_c06_v1_label,8,1.4877561219390305,2.703648175912044,10.81,0.10380026906074924,0.0783802543172857,1.4287856071964018,
main_c07_v0_A,0,1.6256871564217892,2.7501249375312344,11.17,0.11487259600662478,0.12476579170732069,1.369815092453773,0.0286214501343153
main_c07_v0_A,1,1.5412293853073464,2.901049475262369,10.76,0.10874171713778326,0.10081348214781478,1.3909295352323838,0.04743751359917492
main_c07_v0_A,2,1.5407296351824087,2.7961019490254873,11.01,0.10879965838902513,0.09579218327344244,1.3910544727636183,0.027793984762567458
main_c07_v0_A,3,1.5307346326836582,2.867566216891554,11.13,0.10722826735009146,0.10336875213187037,1.393553223388306,0.04073043484149205
main_c07_v0_A,4,1.5337331334332833,2.7246376811594204,10.62,0.10821247507849636,0.09383006909243763,1.3928035982008995,0.036093918599384545
main_c07_v0_A,5,1.6176911544227885,2.9350324837581208,11.0,0.11438023667291879,0.11913289387052488,1.3718140929535232,0.041515329993786626
main_c07_v0_A,6,1.5527236381809095,2.8065967016491755,11.36,0.10960565762147535,0.1095269825404756,1.3880559720139931,0.035270128249172916
main_c07_v0_A,7,1.5602198900549724,2.8385807096451776,11.41,0.10872213516397516,0.10478947034419278,1.3861819090454772,0.035945757432333136
main_c07_v0_A,8,1.7071464267866068,3.004497751124438,11.85,0.1194372565796097,0.14798037489191881,1.3494502748625687,0.028315666868695213
main_c07_v0_D00,0,1.5407296351824087,2.8260869565217392,10.79,0.10727426804671428,0.09303364190920405,1.4139180409795102,0.015040534563171797
main_c07_v0_D00,1,1.647176411794103,2.9055472263868065,11.14,0.11461420101882763,0.12780970625798188,1.3873063468265867,0.023722206206497554
main_c07_v0_D00,2,1.5582208895552223,2.735632183908046,10.92,0.10838369740964987,0.10557737004513616,1.409545227386307,0.01679277691448944
main_c07_v0_D00,3,1.605697151424288,2.839080459770115,11.02,0.11117881266296745,0.11286301293797535,1.3976761619190405,0.023072316311766265
main_c07_v0_D00,4,1.6306846576711644,2.8820589705147426,11.54,0.11313734418476837,0.12327506881479865,1.3914292853573214,0.026390769410825143
main_c07_v0_D00,5,1.5882058970514743,2.7991004497751124,11.15,0.11043712520123936,0.10929991353529564,1.4020489755122438,0.019720442970097854
main_c07_v0_D00,6,1.5942028985507246,2.7926036981509244,11.49,0.11077277735966093,0.10559164862013411,1.4005497251374313,0.024345304826328715
main_c07_v0_D00,7,1.6316841579210395,2.891054472763618,11.34,0.11326566639235232,0.12071979883074323,1.3911794102948525,0.017642595366800785
main_c07_v0_D00,8,1.5962018990504747,2.8310844577711145,11.02,0.11093610772381975,0.10182983904872939,1.4000499750124937,0.022388902638457494
main_c07_v0_D01,0,1.5367316341829085,2.7471264367816093,10.96,0.107077093975973,0.09471315929336908,1.4169165417291354,0.032711848222944186
main_c07_v0_D01,1,1.6596701649175412,2.807096451774113,11.38,0.11528705345691556,0.12651452051751877,1.3861819090454772,0.030180743018362783
main_c07_v0_D01,2,1.5962018990504747,2.687656171914043,11.19,0.11092135542537324,0.09942746880527975,1.4020489755122438,0.026482660881576234
main_c07_v0_D01,3,1.6996501749125437,2.9345327336331835,12.0,0.11729758806322262,0.14313359193419162,1.3761869065467267,0.03325562143990429
main_c07_v0_D01,4,1.591704147926037,2.7766116941529235,10.99,0.11062496742019719,0.12233684744929105,1.4031734132933533,0.02365292825131952
main_c07_v0_D01,5,1.5477261369315343,2.6666666666666665,10.45,0.10796693847217435,0.092169788121812,1.4141679160419791,0.026999421771519812
main_c07_v0_D01,6,1.567216391804098,2.904047976011994,10.99,0.10864116791369911,0.10588257458572294,1.409295352323838,0.052645764551245915
main_c07_v0_D01,7,1.5647176411794104,2.729135432283858,10.73,0.10801160481788387,0.09995875078333832,1.40992003998001,0.022166101690490454
main_c07_v0_D01,8,1.645177411294353,2.836581709145427,11.75,0.11417223045456103,0.11586329850947531,1.3898050974512743,0.030959185218522107
main_c07_v0_D02,0,1.7386306846576711,2.845577211394303,12.08,0.11868655677052016,0.142311978931169,1.3883058470764618,0.07327086201194496
main_c07_v0_D02,1,1.5847076461769116,2.684657671164418,11.08,0.10960326254979215,0.1071242156699426,1.4267866066966517,0.05144149560829919
main_c07_v0_D02,2,1.6256871564217892,2.6976511744127936,11.1,0.11212482041978232,0.09782172405860545,1.4165417291354323,0.026631402537011652
main_c07_v0_D02,3,1.5517241379310345,2.7241379310344827,10.71,0.10628262090258955,0.09588340750259769,1.435032483758121,0.07537326355342729
main_c07_v0_D02,4,1.6071964017991005,2.8065967016491755,10.96,0.109148428592864,0.1295094516233944,1.4211644177911045,0.029627186474299832
main_c07_v0_D02,5,1.5422288855572215,2.7031484257871066,10.94,0.10699342035931018,0.08463070052275441,1.4374062968515742,0.027079716645616914
main_c07_v0_D02,6,1.7116441779110445,2.8040979510244877,11.64,0.11661505460720152,0.1308611567232255,1.3950524737631185,0.06582190120440735
main_c07_v0_D02,7,1.56071964017991,2.5952023988005997,11.15,0.10717926061179367,0.08694561449433998,1.432783608195902,0.03852746958012842
main_c07_v0_D02,8,1.6611694152923537,2.947526236881559,11.18,0.11336657518614635,0.12491175047396923,1.407671164417791,0.037047176162650214
main_c07_v0_D03,0,1.6346826586706646,2.6751624187906047,11.19,0.10890429113277536,0.0966256950889633,1.4622688655672165,0.013666165399551638
main_c07_v0_D03,1,1.687656171914043,2.825087456271864,11.44,0.11296667954037352,0.1050393454066615,1.449025487256372,0.015022977926205716
main_c07_v0_D03,2,1.6976511744127936,2.8460769615192403,11.21,0.11274585787135358,0.10807413753440719,1.446526736631684,0.014219265711482576
main_c07_v0_D03,3,1.616191904047976,2.744127936031984,10.82,0.10785762597426818,0.09879722836994188,1.4668915542228886,0.012502789489550128
main_c07_v0_D03,4,1.686656671664168,2.8360819590204898,11.72,0.11319514249431017,0.12114498306402327,1.4492753623188406,0.01369546844171137
main_c07_v0_D03,5,1.6851574212893554,2.839080459770115,11.5,0.1130906805825202,0.12258771407946804,1.4496501749125437,0.011936137304139
main_c07_v0_D03,6,1.5687156421789106,2.6921539230384806,11.02,0.1048879358609144,0.08569306616532993,1.4787606196901548,0.012171181845973303
main_c07_v0_D03,7,1.6441779110444779,2.8245877061469264,11.13,0.1094918322627647,0.1200687354735328,1.459895052473763,0.01575580627449828
main_c07_v0_D03,8,1.7466266866566718,2.9350324837581208,11.42,0.11685995428071994,0.14196909481767037,1.4342828585707146,0.01275624237491267
main_c07_v0_D04,0,1.6281859070464768,2.764117941029485,11.71,0.11324308642958887,0.11751743176031006,1.3796851574212894,0.008665526529198565
main_c07_v0_D04,1,1.6026986506746628,2.824087956021989,11.24,0.11179848469365859,0.10736595987720401,1.3860569715142428,0.007230217319922973
main_c07_v0_D04,2,1.551224387806097,2.6766616691654175,11.56,0.1091242412918766,0.09479962399752495,1.3989255372313842,0.00992355621358005
main_c07_v0_D04,3,1.5187406296851573,2.719640179910045,10.6,0.10706704892704406,0.10332036362770987,1.407046476761619,0.008476966313284465
main_c07_v0_D04,4,1.6281859070464768,2.8575712143928036,10.92,0.11324575030092766,0.129180647771352,1.3796851574212894,0.010334320832323102
main_c07_v0_D04,5,1.64167916041979,2.8540729635182407,11.57,0.11438591615355773,0.1202273863068462,1.376311844077961,0.006696548734238521
main_c07_v0_D04,6,1.567216391804098,2.9060469765117443,11.34,0.10995371447086835,0.11740974750719857,1.394927536231884,0.007234029122679903
main_c07_v0_D04,7,1.5622188905547227,2.6026986506746628,10.95,0.10941139793909956,0.09606982223174118,1.396176911544228,0.0072792093233361235
main_c07_v0_D04,8,1.593703148425787,2.7776111944027986,11.59,0.11177035979337858,0.11410901692011105,1.3883058470764618,0.006037158104301357
main_c07_v0_D05,0,1.5232383808095953,2.7841079460269866,11.2,0.1080663376924608,0.10399205159325088,1.384807596201899,0.027061032241545147
main_c07_v0_D05,1,1.5877061469265368,2.8585707146426786,11.24,0.11198153913572031,0.13372837390828368,1.3686906546726636,0.022864398334265786
main_c07_v0_D05,2,1.646176911544228,2.7771114442778613,11.43,0.11581982166893255,0.13113026819923335,1.354072963518241,0.04434170161489325
main_c07_v0_D05,3,1.5727136431784108,2.739630184907546,10.89,0.11104962896784691,0.10829347231146323,1.3724387806096952,0.024158899795136222
main_c07_v0_D05,4,1.5877061469265368,2.7226386806596703,11.43,0.1124294110598072,0.10548475762118921,1.3686906546726636,0.028892702508903145
main_c07_v0_D05,5,1.5732133933033483,2.7811094452773615,10.81,0.11141627499406002,0.11939565931320043,1.3723138430784607,0.02719615934399712
main_c07_v0_D05,6,1.5627186406796603,2.685657171414293,10.9,0.11096385908852195,0.10704112229599465,1.3749375312343828,0.009831558190419101
main_c07_v0_D05,7,1.565217391304348,2.6701649175412294,11.05,0.11102781445380483,0.10346314937769199,1.3743128435782108,0.018901299419027514
main_c07_v0_D05,8,1.5062468765617192,2.5627186406796603,10.72,0.10724531293884541,0.08747114537969101,1.3890554722638682,0.02442243995835701
main_c07_v0_D06,0,1.5772113943028485,2.702648675662169,11.08,0.10993351658955897,0.09775290925965581,1.3976761619190405,0.05843537314322666
main_c07_v0_D06,1,1.582208895552224,2.812093953023488,11.21,0.11029371640032366,0.10927036481759099,1.3964267866066966,0.03818561796832497
main_c07_v0_D06,2,1.6766616691654173,2.8515742128935533,11.32,0.11622946394824943,0.12654625068418152,1.3728135932033982,0.03870795362003536
main_c07_v0_D06,3,1.5957021489255372,2.784607696151924,11.35,0.11173920014958319,0.10022964708122113,1.3930534732633684,0.031506500940017244
main_c07_v0_D06,4,1.6131934032983508,2.742128935532234,10.7,0.11270699031557621,0.13097320387425307,1.3886806596701649,0.059944095936716846
main_c07_v0_D06,5,1.6326836581709145,2.924037981009495,11.32,0.11393884837475579,0.11989838414126248,1.383808095952024,0.0871450194809796
main_c07_v0_D06,6,1.4117941029485257,2.713143428285857,9.85,0.09957892788504219,0.0790741533994907,1.4390304847576212,0.07025694516155967
main_c07_v0_D06,7,1.5857071464267867,2.8255872063968015,11.06,0.11090045378973304,0.10730289617096193,1.395552223888056,0.04055465771348571
main_c07_v0_D06,8,1.6606696651674162,2.8045977011494254,11.28,0.11467888254717765,0.12895219057138088,1.3768115942028984,0.0472451784307105
main_c07_v0_D07,0,1.6431784107946028,2.8330834582708646,11.81,0.11113585410331148,0.10917299286864486,1.4170414792603698,0.040985100718364746
main_c07_v0_D07,1,1.5052473763118441,2.686656671664168,10.51,0.10345273305579897,0.09710224252952887,1.4515242378810596,0.05718893855524082
main_c07_v0_D07,2,1.578710644677661,2.7956021989005495,10.88,0.10893230797885427,0.10157143650397008,1.433158420789605,0.04457168098759226
main_c07_v0_D07,3,1.616191904047976,2.8905547226386807,11.18,0.11060046194001058,0.10299155977566764,1.4237881059470265,0.06462560930005552
main_c07_v0_D07,4,1.6061969015492255,2.8555722138930535,11.38,0.10997641457375834,0.10806283366253375,1.4262868565717142,0.03511015361744783
main_c07_v0_D07,5,1.6491754122938531,2.8490754622688654,11.49,0.11343156048225747,0.11847131989560761,1.4155422288855573,0.04490888985204868
main_c07_v0_D07,6,1.6781609195402298,2.9335332333833084,11.5,0.11455104645113512,0.11975817646732183,1.408295852073963,0.04253375261881198
main_c07_v0_D07,7,1.7126436781609196,2.8745627186406795,11.29,0.11682653287865506,0.13499401093104216,1.3996751624187906,0.034314010046169734
main_c07_v0_D07,8,1.633183408295852,2.7936031984007994,11.23,0.11109308853621881,0.10787542736568213,1.4195402298850575,0.029626625821338192
main_c07_v0_D08,0,1.5547226386806596,2.6751624187906047,10.8,0.10648185007513214,0.09035402933453894,1.4476511744127936,0.027766651955760197
main_c07_v0_D08,1,1.6786606696651674,3.006496751624188,11.49,0.11422479268946092,0.1455544053370139,1.4166666666666667,0.015825079579637965
main_c07_v0_D08,2,1.6391804097951024,2.6551724137931036,11.44,0.11095065843962824,0.09346556880290004,1.4265367316341828,0.026432979575651203
main_c07_v0_D08,3,1.6531734132933533,2.856071964017991,11.25,0.11223862205498944,0.11998683198083476,1.4230384807596201,0.019369351462022427
main_c07_v0_D08,4,1.593703148425787,2.790104947526237,11.5,0.10858332230458526,0.09562877291512963,1.4379060469765117,0.020118362618966684
main_c07_v0_D08,5,1.671664167916042,2.7811094452773615,11.49,0.11363502253596969,0.112633365856754,1.418415792103948,0.02167692115166639
main_c07_v0_D08,6,1.7321339330334833,2.9160419790104948,11.63,0.11727103903518038,0.1434096443841569,1.4032983508245878,0.01563994327033893
main_c07_v0_D08,7,1.6186906546726636,2.736631684157921,11.32,0.11050224062325467,0.10237361477991137,1.4316591704147925,0.019634160433176614
main_c07_v0_D08,8,1.5487256371814093,2.770614692653673,10.48,0.10611245224179931,0.09659376660875894,1.4491504247876061,0.01277645989290828
main_c07_v0_label,0,1.5602198900549724,2.8385807096451776,11.41,0.10872213516397511,0.10478947034419278,1.3861819090454772,
main_c07_v0_label,1,1.6256871564217892,2.7501249375312344,11.17,0.11487259600662489,0.12476579170732069,1.369815092453773,
main_c07_v0_label,2,1.7071464267866068,3.004497751124438,11.85,0.1194372565796097,0.14798037489191881,1.3494502748625687,
main_c07_v0_label,3,1.5527236381809095,2.8065967016491755,11.36,0.10960565762147542,0.1095269825404756,1.3880559720139931,
main_c07_v0_label,4,1.5407296351824087,2.7961019490254873,11.01,0.10879965838902514,0.09579218327344244,1.3910544727636183,
main_c07_v0_label,5,1.5337331334332833,2.7246376811594204,10.62,0.10821247507849636,0.09383006909243763,1.3928035982008995,
main_c07_v0_label,6,1.5412293853073464,2.901049475262369,10.76,0.10874171713778318,0.10081348214781478,1.3909295352323838,
main_c07_v0_label,7,1.5307346326836582,2.867566216891554,11.13,0.10722826735009142,0.10336875213187037,1.393553223388306,
main_c07_v0_label,8,1.6176911544227885,2.9350324837581208,11.0,0.11438023667291876,0.11913289387052488,1.3718140929535232,
main_c07_v1_A,0,1.6661669165417292,2.874062968515742,11.13,0.11446917589013277,0.13870187921912033,1.4019240379810094,0.0273693653153677
main_c07_v1_A,1,1.6611694152923537,2.875062468765617,10.88,0.11416503161504224,0.12038246749641043,1.4031734132933533,0.03653261825649365
main_c07_v1_A,2,1.590704647676162,2.6486756621689156,11.02,0.11000730439171426,0.09849638672727107,1.4207896051974014,0.0609852502840163
main_c07_v1_A,3,1.569215392303848,2.616191904047976,11.25,0.10708896573727425,0.10303340393295406,1.4261619190404797,0.05446017723720775
main_c07_v1_A,4,1.6296851574212894,2.760119940029985,11.19,0.11217242506010015,0.10848187017602287,1.4110444777611195,0.0669874280284443
main_c07_v1_A,5,1.6186906546726636,2.784607696151924,11.11,0.11116624140383484,0.12176570444936233,1.4137931034482758,0.0630439752766047
main_c07_v1_A,6,1.5977011494252873,2.713143428285857,11.44,0.1106085038210673,0.09873555285849107,1.41904047976012,0.03618953391374411
main_c07_v1_A,7,1.6791604197901049,2.974012993503248,11.57,0.11495806609583237,0.12109461142444643,1.3986756621689156,0.04469848383791774
main_c07_v1_A,8,1.535232383808096,2.608695652173913,10.91,0.10536428598500178,0.0893081237159198,1.434657671164418,0.03929068807494368
main_c07_v1_D00,0,1.5722138930534733,2.817591204397801,11.02,0.11029222839657235,0.10379274648390074,1.3883058470764618,0.03141607788057229
main_c07_v1_D00,1,1.576711644177911,2.751624187906047,10.63,0.11068587995002069,0.10060148497179962,1.3871814092953523,0.017382314906072466
main_c07_v1_D00,2,1.6256871564217892,2.798600699650175,11.37,0.11399096737108458,0.1254468004093191,1.3749375312343828,0.06275448780083509
main_c07_v1_D00,3,1.511744127936032,2.8605697151424287,10.98,0.10673083270340394,0.10525511053996797,1.4034232883558222,0.027427488137091078
main_c07_v1_D00,4,1.5482258870564718,2.713143428285857,10.88,0.10959270140064427,0.11435889198258005,1.394302848575712,0.021800816819550612
main_c07_v1_D00,5,1.6486756621689156,2.796601699150425,11.4,0.11455238394542026,0.11518764427310134,1.3691904047976011,0.019354921932677408
main_c07_v1_D00,6,1.6186906546726636,2.920039980009995,11.47,0.11359757919630366,0.12154161014730727,1.3766866566716642,0.022612082159331096
main_c07_v1_D00,7,1.6431784107946028,2.920039980009995,11.47,0.11447748569597448,0.13398181861450234,1.3705647176411795,0.017188470748596005
main_c07_v1_D00,8,1.5057471264367817,2.6181909045477263,10.81,0.10607994134057569,0.07983389257752073,1.4049225387306348,0.015252526525795151
main_c07_v1_D01,0,1.5582208895552223,2.8305847076461768,10.98,0.11037916034543,0.10305065721107694,1.3768115942028984,0.031292982739190685
main_c07_v1_D01,1,1.6081959020489756,2.920039980009995,11.13,0.11297768829228585,0.12083997683697821,1.3643178410794603,0.04084153742718905
main_c07_v1_D01,2,1.5632183908045978,2.870064967516242,11.26,0.11035155295693257,0.11628511141254759,1.3755622188905547,0.04812622731356935
main_c07_v1_D01,3,1.5002498750624689,2.763618190904548,10.51,0.10621271826231428,0.10394425802971524,1.391304347826087,0.04923798054360571
main_c07_v1_D01,4,1.7321339330334833,2.9605197401299352,12.13,0.12110493939126993,0.14514032666206564,1.3333333333333333,0.02937649134692436
main_c07_v1_D01,5,1.5782108945527236,2.781609195402299,11.03,0.11165734444130383,0.09930074645217055,1.3718140929535232,0.053431935868983
main_c07_v1_D01,6,1.5572213893053473,2.7771114442778613,10.88,0.1103803732272854,0.12168657734624734,1.3770614692653673,0.05615287107132216
main_c07_v1_D01,7,1.5312343828085957,2.677161419290355,10.75,0.11003378367337886,0.09618861204318466,1.3835582208895552,0.04820781918647297
main_c07_v1_D01,8,1.502248875562219,2.781609195402299,10.65,0.1069024394097993,0.09356373400601273,1.3908045977011494,0.04233552297120996
main_c07_v1_D02,0,1.5932033983008496,2.832583708145927,10.84,0.10950233919500782,0.09887794198139013,1.435032483758121,0.020157911631414206
main_c07_v1_D02,1,1.5892053973013494,2.8835582208895554,11.03,0.1078005148872308,0.1032269579495965,1.436031984007996,0.015787284647709468
main_c07_v1_D02,2,1.60119940029985,2.831584207896052,11.29,0.10903767158344428,0.09952642726255902,1.4330334832583709,0.01153971023172537
main_c07_v1_D02,3,1.6501749125437282,2.84007996001999,11.17,0.11259235058175845,0.11137883439232733,1.4207896051974014,0.02365159884537103
main_c07_v1_D02,4,1.592703648175912,2.7716141929035483,10.78,0.10902089458898057,0.1095684300706787,1.4351574212893554,0.011568355274046193
main_c07_v1_D02,5,1.7146426786606697,2.865567216391804,11.41,0.11637242820946223,0.13820887175459873,1.404672663668166,0.014620878042271438
main_c07_v1_D02,6,1.6606696651674162,2.763618190904548,11.24,0.11284768850071644,0.11895659313200527,1.4181659170414793,0.011857111211747916
main_c07_v1_D02,7,1.5872063968015993,2.8150924537731132,11.1,0.10886674147878586,0.09300944765712364,1.4365317341329336,0.012903138050057652
main_c07_v1_D02,8,1.6776611694152923,2.8595702148925537,10.83,0.11395937097461369,0.12724649579971897,1.4139180409795102,0.012687229841502737
main_c07_v1_D03,0,1.5987006496751623,2.845577211394303,10.74,0.11309507026142726,0.12682269976123042,1.3494502748625687,0.0472916982117102
main_c07_v1_D03,1,1.4737631184407796,2.6231884057971016,10.53,0.10570431185976141,0.08775413880361392,1.3806846576711644,0.0543150271390229
main_c07_v1_D03,2,1.5742128935532234,2.8480759620189904,11.24,0.1120838437093883,0.1192967008559211,1.3555722138930535,0.02475335255503228
main_c07_v1_D03,3,1.510744627686157,2.7671164417791103,10.82,0.10791647440512057,0.10850328803852032,1.37143928035982,0.040256293967842326
main_c07_v1_D03,4,1.5262368815592204,2.807096451774113,10.72,0.11016291244440246,0.10548098966389811,1.3675662168915543,0.028365221426723587
main_c07_v1_D03,5,1.607696151924038,2.820089955022489,10.79,0.11437953685978365,0.11108652023194743,1.3472013993003498,0.0531125967419177
main_c07_v1_D03,6,1.538230884557721,2.6956521739130435,10.71,0.11007964148346155,0.11188552549122248,1.364567716141929,0.03878052054584972
main_c07_v1_D03,7,1.5742128935532234,2.837081459270365,11.22,0.11267092909786956,0.1175196132092682,1.3555722138930535,0.031509519443270045
main_c07_v1_D03,8,1.5892053973013494,2.785607196401799,11.08,0.11390727987878511,0.11165052394437684,1.351824087956022,0.04328685673269869
main_c07_v1_D04,0,1.6051974012993504,2.733633183408296,11.14,0.11218877553730594,0.12239297018157572,1.3796851574212894,0.022923056688752868
main_c07_v1_D04,1,1.5857071464267867,2.7561219390304847,11.32,0.11073949750493052,0.11253182932343334,1.3845577211394302,0.05746254176701001
main_c07_v1_D04,2,1.6621689155422288,2.945527236381809,11.6,0.11584342822798457,0.1309636848242544,1.3654422788605698,0.01445387840767686
main_c07_v1_D04,3,1.5147426286856571,2.823088455772114,11.0,0.10652655700003784,0.09955736417505526,1.4022988505747127,0.03841547348121622
main_c07_v1_D04,4,1.6596701649175412,2.8610694652673665,11.35,0.11551793798149074,0.1384349491920704,1.3660669665167415,0.0554102621783947
main_c07_v1_D04,5,1.5647176411794104,2.7241379310344827,11.03,0.11046655728031766,0.09703600580662033,1.3898050974512743,0.02210141802643219
main_c07_v1_D04,6,1.5922038980509745,2.6136931534232883,10.67,0.11262212851488163,0.10057530758430294,1.3829335332333834,0.01875189695826412
main_c07_v1_D04,7,1.5572213893053473,2.846576711644178,11.38,0.10983013366999789,0.10147842745293997,1.39167916041979,0.06391612292577667
main_c07_v1_D04,8,1.5062468765617192,2.6966516741629185,10.41,0.10626498428305323,0.09702946145974613,1.4044227886056972,0.039304919871858794
main_c07_v1_D05,0,1.6671664167916043,2.738630684657671,11.35,0.11345031964134276,0.11517574546060282,1.398175912043978,0.01570245458726131
main_c07_v1_D05,1,1.6491754122938531,2.886056971514243,11.2,0.11399078216497613,0.11632041122295973,1.4026736631684158,0.020776753437742778
main_c07_v1_D05,2,1.6186906546726636,2.898550724637681,11.05,0.11155471992118421,0.11946229266319204,1.4102948525737131,0.03423672034264243
main_c07_v1_D05,3,1.5697151424287856,2.7241379310344827,10.91,0.10794773185106589,0.10174793555603137,1.4225387306346826,0.042642611513362266
main_c07_v1_D05,4,1.6836581709145426,2.947526236881559,11.85,0.11528500534197289,0.13544418267056937,1.3940529735132434,0.010291926954901798
main_c07_v1_D05,5,1.6006996501749124,2.813093453273363,10.77,0.11045734580701337,0.10622129411484718,1.4147926036981509,0.011938672595943655
main_c07_v1_D05,6,1.4792603698150923,2.578210894552724,10.55,0.10292030935639213,0.07437233764070342,1.445152423788106,0.04424633808596234
main_c07_v1_D05,7,1.5982008995502248,2.886056971514243,11.44,0.11065079406224777,0.1184437543133194,1.4154172913543228,0.01276126839648805
main_c07_v1_D05,8,1.6531734132933533,2.904047976011994,10.91,0.11374299185380483,0.11281204635777332,1.4016741629185407,0.015254733538249465
main_c07_v1_D06,0,1.5677161419290355,2.71664167916042,11.12,0.11221898355597433,0.09783639926068691,1.359320339830085,0.026799192387615633
main_c07_v1_D06,1,1.5882058970514743,2.7126436781609193,10.71,0.11347461058124661,0.10388218589118128,1.3541979010494753,0.024275005356596085
main_c07_v1_D06,2,1.4812593703148427,2.6461769115442277,10.47,0.10541408848075315,0.09995200812292243,1.380934532733633,0.028925722122652736
main_c07_v1_D06,3,1.68015992003998,2.818590704647676,10.98,0.11934829913681806,0.14673337934207473,1.3312093953023487,0.025686240168412117
main_c07_v1_D06,4,1.5572213893053473,2.7751124437781107,10.94,0.11118947508530429,0.10866253381245865,1.3619440279860069,0.03926237437541393
main_c07_v1_D06,5,1.5497251374312844,2.8610694652673665,11.12,0.11085632269584636,0.12237591521699445,1.3638180909545228,0.02337058624196475
main_c07_v1_D06,6,1.4632683658170915,2.586206896551724,10.58,0.10449337872767395,0.07635725787899689,1.385432283858071,0.01631940736020598
main_c07_v1_D06,7,1.5097451274362819,2.7406296851574212,10.55,0.10902447864179095,0.09610274227965374,1.3738130934532733,0.022176527127228857
main_c07_v1_D06,8,1.6126936531734133,2.925537231384308,11.38,0.11398036309459232,0.14809757819502922,1.3480759620189906,0.023815113963200036
main_c07_v1_D07,0,1.6746626686656672,2.8265867066466766,11.43,0.11585249425548964,0.1378782830806817,1.3909295352323838,0.016797811717193693
main_c07_v1_D07,1,1.6746626686656672,2.833583208395802,11.47,0.11511092731981196,0.1237597471105715,1.3909295352323838,0.019163433734131267
main_c07_v1_D07,2,1.6596701649175412,2.922538730634683,11.74,0.11388587329424547,0.1291719219755199,1.3946776611694154,0.032958300040587495
main_c07_v1_D07,3,1.5167416291854072,2.7116441779110443,11.01,0.10493426220639791,0.08213532122827467,1.4304097951024488,0.012105594647294845
main_c07_v1_D07,4,1.5772113943028485,2.75712143928036,11.16,0.10871168570291913,0.10607870667840674,1.4152923538230884,0.013903235329432266
main_c07_v1_D07,5,1.568215892053973,2.807096451774113,10.83,0.10830782536581415,0.10317599136939457,1.4175412293853074,0.01462860695408301
main_c07_v1_D07,6,1.6741629185407296,2.9950024987506247,11.42,0.11543219449927748,0.1299221421035511,1.3910544727636183,0.013363020170370568
main_c07_v1_D07,7,1.5912043978010995,2.7791104447776114,10.73,0.11064809866493522,0.1022080229726406,1.4117941029485257,0.017082464361248047
main_c07_v1_D07,8,1.5402298850574712,2.7236381809095453,10.75,0.10711663869110903,0.08566986348095777,1.4245377311344327,0.02859523658887989
main_c07_v1_D08,0,1.6016991504247875,2.8765617191404296,11.02,0.11045513147514549,0.11422939323988787,1.4054222888555723,0.06002545618783065
main_c07_v1_D08,1,1.5922038980509745,2.9460269865067468,10.89,0.11007796655670221,0.11606775977090798,1.4077961019490255,0.029038797736918576
main_c07_v1_D08,2,1.6251874062968517,2.867566216891554,11.26,0.11180812597961627,0.10945083014048514,1.3995502248875562,0.03271631106516762
main_c07_v1_D08,3,1.6251874062968517,2.861569215392304,11.24,0.11308824467347091,0.10476805248169546,1.3995502248875562,0.03184248391451413
main_c07_v1_D08,4,1.5182408795602198,2.683158420789605,10.89,0.10552016127433275,0.0859096245528028,1.4262868565717142,0.017498737697695863
main_c07_v1_D08,5,1.528735632183908,2.683658170914543,10.61,0.10595930550852202,0.09024317206476107,1.423663168415792,0.030658397231030726
main_c07_v1_D08,6,1.6411794102948525,2.8025987006496753,11.51,0.11405181235580385,0.11699467726454212,1.395552223888056,0.035233362302920894
main_c07_v1_D08,7,1.646176911544228,2.8285857071464267,11.33,0.11451885095973004,0.11422046913051388,1.394302848575712,0.031134734838673444
main_c07_v1_D08,8,1.6681659170414793,2.9665167416291855,11.48,0.11452040121667632,0.14811602135440208,1.3888055972013993,0.03684467808742783
main_c07_v1_label,0,1.5977011494252873,2.713143428285857,11.44,0.11060850382106723,0.09873555285849107,1.41904047976012,
main_c07_v1_label,1,1.590704647676162,2.6486756621689156,11.02,0.1100073043917144,0.09849638672727107,1.4207896051974014,
main_c07_v1_label,2,1.6661669165417292,2.874062968515742,11.13,0.11446917589013277,0.13870187921912033,1.4019240379810094,
main_c07_v1_label,3,1.6611694152923537,2.875062468765617,10.88,0.11416503161504235,0.12038246749641043,1.4031734132933533,
main_c07_v1_label,4,1.535232383808096,2.608695652173913,10.91,0.10536428598500167,0.0893081237159198,1.434657671164418,
main_c07_v1_label,5,1.6791604197901049,2.974012993503248,11.57,0.11495806609583233,0.12109461142444643,1.3986756621689156,
main_c07_v1_label,6,1.6186906546726636,2.784607696151924,11.11,0.11116624140383483,0.12176570444936233,1.4137931034482758,
main_c07_v1_label,7,1.569215392303848,2.616191904047976,11.25,0.10708896573727421,0.10303340393295406,1.4261619190404797,
main_c07_v1_label,8,1.6296851574212894,2.760119940029985,11.19,0.11217242506010024,0.10848187017602287,1.4110444777611195,
main_c08_v0_A,0,1.5977011494252873,2.677161419290355,10.6,0.11334252072641586,0.12011593409644347,1.3533233383308345,0.04502529092697629
main_c08_v0_A,1,1.5037481259370316,2.7351324337831087,10.83,0.10763480173668948,0.09422887762467967,1.3768115942028984,0.04307594070007879
main_c08_v0_A,2,1.6031984007996003,2.8565717141429285,11.16,0.11377061706271209,0.10829386893854634,1.3519490254872564,0.04491860196373573
main_c08_v0_A,3,1.5712143928035982,2.767616191904048,10.66,0.11195478865483793,0.11951206936214391,1.3599450274862568,0.03742704571519911
main_c08_v0_A,4,1.6241879060469766,2.9270364817591203,11.43,0.11627560476544535,0.12678045897686066,1.3467016491754122,0.05947790527165266
main_c08_v0_A,5,1.4927536231884058,2.752623688155922,10.7,0.10675543153156997,0.1001806636364356,1.379560219890055,0.03721676371625475
main_c08_v0_A,6,1.6116941529235382,2.8350824587706147,11.41,0.11505267960387501,0.12569052775199668,1.3498250874562718,0.02475093144712209
main_c08_v0_A,7,1.5237381309345328,2.731134432783608,10.98,0.10831768111932338,0.10367653474849856,1.3718140929535232,0.04307077604498624
main_c08_v0_A,8,1.4937531234382808,2.8290854572713644,10.76,0.10689587479913086,0.1015210648643931,1.3793103448275863,0.056603903791217935
main_c08_v0_D00,0,1.4982508745627185,2.6156921539230384,10.55,0.10359967838239405,0.08013374265248327,1.4404047976011993,0.01566066707187408
main_c08_v0_D00,1,1.5302348825587206,2.5917041479260368,10.63,0.10583433177189121,0.0771721282216033,1.432408795602199,0.03203462261001493
main_c08_v0_D00,2,1.6836581709145426,3.015992003998001,11.44,0.11559783451913423,0.13614740248923146,1.3940529735132434,0.03953967212145843
main_c08_v0_D00,3,1.6346826586706646,2.76111944027986,11.27,0.11119851338510967,0.11786725684776635,1.406296851574213,0.015472243876606026
main_c08_v0_D00,4,1.593703148425787,2.7716141929035483,10.99,0.1095761317876333,0.09576342780990435,1.4165417291354323,0.01604715870112337
main_c08_v0_D00,5,1.615192403798101,2.789105447276362,11.36,0.11143366212485567,0.12367149758454084,1.4111694152923537,0.013761764000945633
main_c08_v0_D00,6,1.593703148425787,2.7261369315342328,11.22,0.11010646939964178,0.10466433449941681,1.4165417291354323,0.024315641402597482
main_c08_v0_D00,7,1.7076461769115443,2.741129435282359,11.76,0.11751846882567844,0.1345612907831796,1.3880559720139931,0.021674266757071802
main_c08_v0_D00,8,1.6626686656671663,2.84407796101949,11.33,0.11513490980366164,0.1300189191118725,1.3993003498250876,0.030996791863108098
main_c08_v0_D01,0,1.7426286856571713,2.9750124937531233,12.03,0.12059720007958924,0.15143360859252866,1.3621939030484758,0.01727554816114521
main_c08_v0_D01,1,1.5552223888055972,2.6626686656671663,10.66,0.10824512901850257,0.10308516376732242,1.4090454772613694,0.01705279163605666
main_c08_v0_D01,2,1.6436781609195403,2.972513743128436,11.35,0.11441838027885315,0.11577465235636134,1.3869315342328836,0.01877724112895804
main_c08_v0_D01,3,1.5322338830584707,2.6736631684157923,10.87,0.10807458887874997,0.08604130474445305,1.4147926036981509,0.016281222026931875
main_c08_v0_D01,4,1.6156921539230384,2.6776611694152925,11.23,0.11201762506693524,0.09302531274045485,1.393928035982009,0.02931299669948759
main_c08_v0_D01,5,1.6901549225387307,2.9865067466266866,11.79,0.1163908594930985,0.14655212076501398,1.3753123438280859,0.010706714896027376
main_c08_v0_D01,6,1.4902548725637181,2.609695152423788,10.08,0.10339718961540306,0.09321212409668161,1.4252873563218391,0.01795570358247427
main_c08_v0_D01,7,1.5452273863068466,2.627686156921539,11.09,0.10733000223584577,0.10542447030453002,1.411544227886057,0.016352702883910056
main_c08_v0_D01,8,1.5677161419290355,2.918040979510245,11.23,0.10952902533302245,0.10545124263265172,1.4059220389805098,0.018027970789495088
main_c08_v0_D02,0,1.5962018990504747,2.662168915542229,11.18,0.11359999192925051,0.1137970697191085,1.372063968015992,0.048492025088262496
main_c08_v0_D02,1,1.5242378810594703,2.6776611694152925,10.54,0.10740757707600367,0.09835717062103869,1.3900549725137432,0.042465579369691586
main_c08_v0_D02,2,1.6531734132933533,2.843078460769615,11.46,0.11546225717004006,0.13111579131069365,1.3578210894552725,0.031167407721346286
main_c08_v0_D02,3,1.656671664167916,2.9535232383808094,11.74,0.1167256007854108,0.1441949660090588,1.3569465267366316,0.050751313301420166
main_c08_v0_D02,4,1.5347326336831584,2.679160419790105,11.09,0.1083866517000103,0.10519065863893431,1.3874312843578211,0.03460828851686858
main_c08_v0_D02,5,1.616191904047976,2.9420289855072466,10.95,0.11402407883310377,0.12372365404599268,1.3670664667666166,0.03874383610067316
main_c08_v0_D02,6,1.5807096451774112,2.7226386806596703,10.57,0.11184640499952576,0.0996154700427564,1.3759370314842578,0.034464792775793736
main_c08_v0_D02,7,1.4552723638180909,2.628685657171414,10.35,0.10327280835069223,0.08534343939141531,1.407296351824088,0.030533018773412704
main_c08_v0_D02,8,1.5517241379310345,2.783608195902049,11.27,0.10927462915596278,0.09866178022100056,1.383183408295852,0.020508018929221786
main_c08_v0_D03,0,1.719640179910045,2.8160919540229883,11.35,0.11736649923623678,0.12702716102266318,1.4229135432283857,0.016396090743901783
main_c08_v0_D03,1,1.6906546726636682,2.8630684657671166,11.71,0.11360558074089067,0.11559121233034254,1.43015992003998,0.01639642996643091
main_c08_v0_D03,2,1.646176911544228,2.7796101949025487,10.95,0.1115666191871351,0.11481838445856425,1.4412793603198402,0.023085908823811674
main_c08_v0_D03,3,1.684657671164418,2.8295852073963017,11.35,0.11269790602178087,0.126802868407066,1.4316591704147925,0.01743216033803371
main_c08_v0_D03,4,1.5337331334332833,2.7491254372813594,10.99,0.10251141114161766,0.08152848179085062,1.4693903048475763,0.04505633144063009
main_c08_v0_D03,5,1.7836081959020489,2.9535232383808094,12.14,0.1211194705041754,0.15301595234128934,1.4069215392303849,0.040292722355939184
main_c08_v0_D03,6,1.5867066466766617,2.6571714142928538,10.83,0.10766571041042747,0.08813589237127467,1.4561469265367317,0.013388378296342962
main_c08_v0_D03,7,1.606696651674163,2.753623188405797,11.05,0.10805522377118257,0.10225264351951005,1.4511494252873562,0.022463762231993534
main_c08_v0_D03,8,1.5707146426786607,2.704647676161919,11.28,0.10541157898655346,0.0908274037584382,1.460144927536232,0.029933054451115854
main_c08_v0_D04,0,1.6266866566716642,2.708145927036482,10.97,0.1141863212178884,0.09085397777301817,1.3963018490754622,0.04178272864888649
main_c08_v0_D04,1,1.5397301349325336,2.710144927536232,10.79,0.10641904744645665,0.08863901382642012,1.4180409795102449,0.036272928764228884
main_c08_v0_D04,2,1.5007496251874064,2.7851074462768617,10.78,0.10363415392706657,0.08621879536422258,1.4277861069465267,0.05637303410752286
main_c08_v0_D04,3,1.5347326336831584,2.7691154422788604,11.23,0.1057945585069453,0.09354489421955683,1.4192903548225888,0.04578411362232073
main_c08_v0_D04,4,1.6606696651674162,2.737631184407796,11.06,0.11525406067054599,0.14544751433806874,1.3878060969515242,0.04033574620046189
main_c08_v0_D04,5,1.5882058970514743,2.7426286856571713,11.22,0.11066491945511026,0.100583041812427,1.4059220389805098,0.0153911047375672
main_c08_v0_D04,6,1.6626686656671663,2.7756121939030485,11.36,0.1169204327761477,0.12340496418457413,1.3873063468265867,0.01800800993942393
main_c08_v0_D04,7,1.7941029485257372,2.8850574712643677,12.34,0.12398436311831841,0.17420932390947344,1.354447776111944,0.025901305439272396
main_c08_v0_D04,8,1.5162418790604697,2.762118940529735,10.48,0.10314214288152065,0.09709847457223748,1.423913043478261,0.025409584608549543
main_c08_v0_D05,0,1.5177411294352823,2.68015992003998,10.42,0.10597926817779013,0.09092953523238366,1.4131684157921038,0.019964151793292518
main_c08_v0_D05,1,1.5332333833083458,2.67816091954023,10.77,0.10632114493549423,0.10660979034292367,1.409295352323838,0.011678426125929705
main_c08_v0_D05,2,1.5957021489255372,2.8035982008995504,11.37,0.11137121107182042,0.10530032602746232,1.3936781609195403,0.01740496883658092
main_c08_v0_D05,3,1.6371814092953523,2.9005497251374313,10.98,0.11349488222926117,0.11594440874800689,1.3833083458270865,0.016263708731126775
main_c08_v0_D05,4,1.6386806596701649,3.0359820089955023,11.38,0.11385520256291873,0.13244627686156918,1.3829335332333834,0.02954472455109228
main_c08_v0_D05,5,1.6346826586706646,2.8415792103948028,11.18,0.11508410533574308,0.12639335094357568,1.3839330334832585,0.019339425713562168
main_c08_v0_D05,6,1.5517241379310345,2.6986506746626686,10.73,0.10743453212740103,0.09437364651007815,1.404672663668166,0.020072923326292725
main_c08_v0_D05,7,1.6841579210394804,2.879560219890055,11.42,0.11811964958507826,0.13155446086480557,1.3715642178910545,0.01415029994078737
main_c08_v0_D05,8,1.5477261369315343,2.7671164417791103,10.75,0.10834000397449306,0.09644820446919387,1.405672163918041,0.014565724195751958
main_c08_v0_D06,0,1.513743128435782,2.713143428285857,10.63,0.10707197487954354,0.09720139930034968,1.3918040979510244,0.05035342412991564
main_c08_v0_D06,1,1.600199900049975,2.8405797101449277,11.6,0.11234965901136454,0.11455819709193003,1.3701899050474762,0.10205460567261908
main_c08_v0_D06,2,1.6291854072963519,2.786606696651674,11.28,0.11397647208695849,0.12014885414435617,1.3629435282358822,0.06538139190082704
main_c08_v0_D06,3,1.5292353823088456,2.8010994502748625,10.86,0.10841303107814963,0.11469741319816266,1.3879310344827587,0.0783504292778117
main_c08_v0_D06,4,1.4552723638180909,2.5827086456771613,10.56,0.1033346776750451,0.07401180362199848,1.4064217891054474,0.04728993179935335
main_c08_v0_D06,5,1.6101949025487257,2.8875562218890556,11.27,0.11385695130429871,0.11301670593274768,1.3676911544227885,0.11306452325187379
main_c08_v0_D06,6,1.5902048975512244,2.7001499250374814,11.12,0.11294627940672096,0.1058048356773992,1.372688655672164,0.055951674731214825
main_c08_v0_D06,7,1.6251874062968517,2.8030984507746126,11.48,0.11497527217413113,0.13197270412412834,1.3639430284857572,0.0761540699239802
main_c08_v0_D06,8,1.608695652173913,2.9345327336331835,11.14,0.11307568238378797,0.12858808690892634,1.3680659670164919,0.09144634571180667
main_c08_v0_D07,0,1.6241879060469766,2.950024987506247,11.2,0.10961441747935932,0.10493562742438288,1.4414042978510744,0.010724076752998024
main_c08_v0_D07,1,1.5952023988005997,2.730134932533733,11.0,0.10808152893662372,0.09571166797553601,1.4486506746626686,0.01402317279822287
main_c08_v0_D07,2,1.6651674162918542,2.8360819590204898,11.36,0.11165795414362065,0.12606137407486712,1.431159420289855,0.012888194515164859
main_c08_v0_D07,3,1.5172413793103448,2.7236381809095453,10.5,0.10334211968783898,0.07883677209014527,1.4681409295352323,0.015367946929732234
main_c08_v0_D07,4,1.6391804097951024,2.8595702148925537,11.37,0.11057338820982934,0.10273494205278298,1.437656171914043,0.019500326094042442
main_c08_v0_D07,5,1.6291854072963519,2.7726136931534233,11.11,0.11132654696894011,0.10247495299969052,1.4401549225387307,0.027438326786327353
main_c08_v0_D07,6,1.6466766616691655,2.79960019990005,11.2,0.11150266795175917,0.11974667428190641,1.4357821089455272,0.010509590810256474
main_c08_v0_D07,7,1.6786606696651674,2.8875562218890556,11.28,0.11429242957068923,0.10907938887698983,1.4277861069465267,0.03062811678485619
main_c08_v0_D07,8,1.7841079460269864,2.871064467766117,12.03,0.11960894705133945,0.1604186002236975,1.4014242878560719,0.030614696351450477
main_c08_v0_D08,0,1.5197401299350324,2.6211894052973514,10.97,0.10445104204536272,0.0885120931597694,1.4401549225387307,0.06535227841001652
main_c08_v0_D08,1,1.6351824087956022,2.786606696651674,11.16,0.11221124010299917,0.12200011105558325,1.4112943528235882,0.06444346927419273
main_c08_v0_D08,2,1.5457271364317842,2.687656171914043,10.96,0.10701803480933016,0.09064019577512815,1.4336581709145426,0.028434280962004416
main_c08_v0_D08,3,1.5997001499250374,2.8205897051474262,11.09,0.10970445627661436,0.11727092802804935,1.4201649175412294,0.08169303160468355
main_c08_v0_D08,4,1.654672663668166,2.7956021989005495,11.23,0.11182243865825355,0.10606879100132462,1.4064217891054474,0.024296648877662117
main_c08_v0_D08,5,1.7276361819090456,2.9325337331334334,11.96,0.11864950036864554,0.1487069957084948,1.3881809095452273,0.01591339997155347
main_c08_v0_D08,6,1.7171414292853573,2.845577211394303,11.67,0.11818030391348948,0.12628546837692253,1.3908045977011494,0.02422300092001485
main_c08_v0_D08,7,1.5942028985507246,2.8010994502748625,10.65,0.11018963694043911,0.10694751830433978,1.4215392303848076,0.02815263811385159
main_c08_v0_D08,8,1.5667166416791605,2.7976011994003,10.28,0.10777334688486596,0.0935678985903873,1.4284107946026987,0.018020538875667347
main_c08_v0_label,0,1.5712143928035982,2.767616191904048,10.66,0.11195478865483809,0.11951206936214391,1.3599450274862568,
main_c08_v0_label,1,1.5977011494252873,2.677161419290355,10.6,0.11334252072641579,0.12011593409644347,1.3533233383308345,
main_c08_v0_label,2,1.5237381309345328,2.731134432783608,10.98,0.10831768111932333,0.10367653474849856,1.3718140929535232,
main_c08_v0_label,3,1.6116941529235382,2.8350824587706147,11.41,0.11505267960387501,0.12569052775199668,1.3498250874562718,
main_c08_v0_label,4,1.4937531234382808,2.8290854572713644,10.76,0.1068958747991309,0.1015210648643931,1.3793103448275863,
main_c08_v0_label,5,1.6241879060469766,2.9270364817591203,11.43,0.11627560476544534,0.12678045897686066,1.3467016491754122,
main_c08_v0_label,6,1.5037481259370316,2.7351324337831087,10.83,0.10763480173668954,0.09422887762467967,1.3768115942028984,
main_c08_v0_label,7,1.6031984007996003,2.8565717141429285,11.16,0.11377061706271206,0.10829386893854634,1.3519490254872564,
main_c08_v0_label,8,1.4927536231884058,2.752623688155922,10.7,0.1067554315315699,0.1001806636364356,1.379560219890055,
main_c08_v1_A,0,1.6241879060469766,2.8350824587706147,11.53,0.11136726788421336,0.12341785456478101,1.4102948525737131,0.050037420086617955
main_c08_v1_A,1,1.6241879060469766,2.7351324337831087,11.37,0.11192660440946006,0.11696155890308793,1.4102948525737131,0.03530036225696849
main_c08_v1_A,2,1.6296851574212894,2.875062468765617,10.99,0.11241768300269316,0.11632735219691738,1.408920539730135,0.05473483442412205
main_c08_v1_A,3,1.648175912043978,2.891554222888556,11.6,0.11324718454539699,0.12747475468614877,1.4042978510744628,0.04641942189298524
main_c08_v1_A,4,1.6281859070464768,2.767616191904048,11.05,0.1119105881501843,0.10870854255411953,1.409295352323838,0.04273827627651383
main_c08_v1_A,5,1.592703648175912,2.8075962018990506,11.04,0.10958951153693328,0.10267286991424895,1.4181659170414793,0.048036946470022324
main_c08_v1_A,6,1.6561719140429785,2.818090954522739,11.48,0.11401762853419486,0.11947696786527347,1.4022988505747127,0.038892832856701164
main_c08_v1_A,7,1.5677161419290355,2.7116441779110443,10.92,0.10799459115697449,0.0919365713968411,1.4244127936031985,0.05813346397897165
main_c08_v1_A,8,1.5597201399300349,2.717641179410295,10.76,0.10752894077994948,0.09302352791858025,1.4264117941029486,0.06435929053995124
main_c08_v1_D00,0,1.554222888555722,2.843078460769615,11.3,0.10933148240876031,0.10726561322513327,1.379560219890055,0.024810088844518945
main_c08_v1_D00,1,1.5222388805597202,2.841079460269865,11.01,0.10779204534262206,0.09947308091985728,1.3875562218890554,0.03882990836032085
main_c08_v1_D00,2,1.6116941529235382,2.818590704647676,11.07,0.11409664198130477,0.13254404543759848,1.365192403798101,0.03865884530618575
main_c08_v1_D00,3,1.655672163918041,2.7751124437781107,11.73,0.11651937423177966,0.12414110405114871,1.3541979010494753,0.04118899554879376
main_c08_v1_D00,4,1.513743128435782,2.660169915042479,11.05,0.10819451927751948,0.0918703346739327,1.38968015992004,0.03834384801292806
main_c08_v1_D00,5,1.5862068965517242,2.7061469265367317,11.03,0.11184859054509617,0.11155513513084703,1.3715642178910545,0.02657226284634372
main_c08_v1_D00,6,1.5422288855572215,2.651174412793603,10.89,0.10991769129777029,0.09886624148243321,1.38255872063968,0.0370880445082011
main_c08_v1_D00,7,1.5222388805597202,2.7181409295352323,10.85,0.10754317033842681,0.10436408779737096,1.3875562218890554,0.015583552703701176
main_c08_v1_D00,8,1.6366816591704147,2.9160419790104948,11.74,0.11475648457672047,0.12992035728167634,1.3589455272363817,0.04878132997505461
main_c08_v1_D01,0,1.6196901549225386,2.8045977011494254,11.2,0.11281959361976396,0.101907577957053,1.393928035982009,0.027986977313879193
main_c08_v1_D01,1,1.5622188905547227,2.781609195402299,10.77,0.10822274333891987,0.1011448640758984,1.408295852073963,0.015929272520061006
main_c08_v1_D01,2,1.6371814092953523,2.784607696151924,11.41,0.11422276033913209,0.12832175182250116,1.3895552223888057,0.030603083910049362
main_c08_v1_D01,3,1.5492253873063468,2.6071964017991003,10.71,0.108089614127411,0.09520081229226644,1.411544227886057,0.03733477668551244
main_c08_v1_D01,4,1.4652673663168416,2.5652173913043477,10.4,0.10277473393676252,0.06601659487716456,1.4325337331334334,0.01007274183945731
main_c08_v1_D01,5,1.6581709145427286,2.997001499250375,11.52,0.11416402448681294,0.13592985253405038,1.3843078460769616,0.024158115413973714
main_c08_v1_D01,6,1.5762118940529735,2.8035982008995504,11.01,0.10951662203210491,0.11068176229345626,1.4047976011994003,0.01609110025825171
main_c08_v1_D01,7,1.6901549225387307,2.9640179910044977,11.45,0.11662378129659882,0.1451978375891418,1.376311844077961,0.04700530977048356
main_c08_v1_D01,8,1.6326836581709145,2.8815592203898053,11.18,0.11356612682249377,0.11559894655846671,1.390679660169915,0.046899690517260256
main_c08_v1_D02,0,1.6026986506746628,2.7661169415292353,10.86,0.11252002914090392,0.11607390749069894,1.3899300349825088,0.08288138861765564
main_c08_v1_D02,1,1.591704147926037,2.7586206896551726,11.25,0.11089096930897756,0.10839322402290884,1.392678660669665,0.09484390356795074
main_c08_v1_D02,2,1.554222888555722,2.814092953523238,11.01,0.10855497234426856,0.11013937475706558,1.4020489755122438,0.07026384105693877
main_c08_v1_D02,3,1.575712143928036,2.7201399300349824,11.08,0.11010472571310236,0.10491817583271838,1.3966766616691655,0.11180145630450834
main_c08_v1_D02,4,1.6046976511744129,2.6911544227886055,11.69,0.1119651033107848,0.10311074621419435,1.3894302848575713,0.08175264872043096
main_c08_v1_D02,5,1.6531734132933533,2.8075962018990506,11.56,0.1152309209701462,0.13360799758850705,1.377311344327836,0.05471229117429028
main_c08_v1_D02,6,1.5827086456771615,2.7531234382808596,11.25,0.11038997250719644,0.11183971506310311,1.394927536231884,0.07626158501731474
main_c08_v1_D02,7,1.5867066466766617,2.744127936031984,11.11,0.11065972673584551,0.1102643122883002,1.393928035982009,0.06464429949667028
main_c08_v1_D02,8,1.5732133933033483,2.6796601699150426,10.9,0.10968357996877479,0.10165254674250168,1.3973013493253372,0.09095543034414062
main_c08_v1_D03,0,1.584207896051974,2.7556221889055474,10.54,0.10814275692986787,0.09834566843562328,1.4314092953523239,0.020291472426929257
main_c08_v1_D03,1,1.6241879060469766,2.762118940529735,11.11,0.11120490734206503,0.0948176705298143,1.4214142928535731,0.02092168859779987
main_c08_v1_D03,2,1.6166916541729135,2.814592703648176,11.09,0.11045544498480148,0.11149326130585477,1.423288355822089,0.017653481351882615
main_c08_v1_D03,3,1.6026986506746628,2.902048975512244,11.52,0.10994716706277922,0.1246265756010881,1.4267866066966517,0.01582062247209982
main_c08_v1_D03,4,1.6241879060469766,2.758120939530235,10.94,0.11094043724125534,0.11469820645232925,1.4214142928535731,0.022625980943655588
main_c08_v1_D03,5,1.582208895552224,2.75912043978011,10.57,0.10840511835352944,0.09872048102932644,1.4319090454772614,0.023903056869175782
main_c08_v1_D03,6,1.657671164417791,2.87856071964018,11.13,0.11335695897917664,0.12601933160403914,1.4130434782608696,0.021493263733819712
main_c08_v1_D03,7,1.6626686656671663,2.866566716641679,11.04,0.11386336861142624,0.10789268064380488,1.4117941029485257,0.021680305325809123
main_c08_v1_D03,8,1.6651674162918542,2.8875562218890556,11.21,0.11368384049509862,0.12338612439811823,1.4111694152923537,0.021400896717396447
main_c08_v1_D04,0,1.6016991504247875,2.8000999500249875,11.13,0.10949303282381372,0.10474703124628144,1.4436531734132934,0.015028160393653784
main_c08_v1_D04,1,1.6936531734132934,2.8460769615192403,11.46,0.1150316102952737,0.12456212370005454,1.420664667666167,0.01083071252487409
main_c08_v1_D04,2,1.7566216891554223,3.0004997501249377,11.89,0.11801508080298344,0.15157897241855237,1.4049225387306348,0.014488971604543412
main_c08_v1_D04,3,1.6306846576711644,2.739130434782609,11.14,0.11203703326519224,0.09501023297874864,1.4364067966016991,0.01602652666150722
main_c08_v1_D04,4,1.502248875562219,2.5882058970514743,10.18,0.10242879187921468,0.08143487779919559,1.4685157421289354,0.01658578362410754
main_c08_v1_D04,5,1.5492253873063468,2.7681159420289854,10.25,0.10640893112261339,0.08444468242069436,1.4567716141929035,0.017265669222593878
main_c08_v1_D04,6,1.6711644177911045,2.9460269865067468,11.53,0.11211370125543078,0.12130184907546214,1.4262868565717142,0.014811901898613094
main_c08_v1_D04,7,1.6816591704147925,2.8025987006496753,11.66,0.11302059604745994,0.11559577354180035,1.423663168415792,0.02050427808407065
main_c08_v1_D04,8,1.6656671664167917,2.8085957021489256,11.27,0.11145122250801809,0.12132445681920932,1.4276611694152923,0.013982155004756676
main_c08_v1_D05,0,1.6241879060469766,2.7771114442778613,11.39,0.11435461656193208,0.1252181448958058,1.3771864067966018,0.02169811188112825
main_c08_v1_D05,1,1.578710644677661,2.8115942028985508,11.03,0.10986187917944945,0.10474266834836539,1.3885557221389306,0.01440308634845583
main_c08_v1_D05,2,1.5492253873063468,2.6901549225387305,10.92,0.10911010773318754,0.09206626845307482,1.395927036481759,0.015591439547805584
main_c08_v1_D05,3,1.5247376311844079,2.6316841579210393,10.85,0.10672376004349897,0.09209661042494613,1.4020489755122438,0.017853512454015865
main_c08_v1_D05,4,1.5647176411794104,2.783608195902049,11.24,0.11011646387002769,0.1029013271142206,1.3920539730134933,0.015175295264600984
main_c08_v1_D05,5,1.6431784107946028,2.8300849575212395,11.53,0.11489777064447788,0.12937380516091146,1.3724387806096952,0.01318667476234132
main_c08_v1_D05,6,1.5317341329335332,2.738130934532734,10.55,0.1076256721953695,0.1020243846330802,1.4002998500749626,0.020480388220622963
main_c08_v1_D05,7,1.6141929035482259,2.973513243378311,11.16,0.1136684853804751,0.13340036331040817,1.3796851574212894,0.013828754303600671
main_c08_v1_D05,8,1.6351824087956022,2.682658670664668,11.7,0.11364124439158178,0.11817642765918597,1.3744377811094453,0.01610403764458365
main_c08_v1_D06,0,1.6341829085457271,2.913543228385807,11.47,0.11289162483653829,0.12568656148116386,1.3904297851074463,0.03951168033324187
main_c08_v1_D06,1,1.5397301349325336,2.6986506746626686,10.77,0.10738983510935585,0.09520061397872479,1.4140429785107447,0.03947190557234199
main_c08_v1_D06,2,1.5802098950524737,2.7221389305347325,11.02,0.11070343728432544,0.10603448275862055,1.4039230384807597,0.04018953080584697
main_c08_v1_D06,3,1.6351824087956022,2.861569215392304,11.42,0.11318153245327683,0.1218485995097687,1.3901799100449774,0.05385064226454539
main_c08_v1_D06,4,1.5517241379310345,2.8545727136431784,11.06,0.10803481129820146,0.09556055305680478,1.4110444777611195,0.021274366226834512
main_c08_v1_D06,5,1.632183908045977,2.83808095952024,10.98,0.11304144236502317,0.11449513338568786,1.3909295352323838,0.05664886190288682
main_c08_v1_D06,6,1.575712143928036,2.752623688155922,10.78,0.10988130464079462,0.10955831608005506,1.405047476261869,0.04674066583182827
main_c08_v1_D06,7,1.6781609195402298,2.9505247376311843,11.68,0.11544595456991222,0.12736191428095464,1.3794352823588205,0.01964661285585376
main_c08_v1_D06,8,1.5647176411794104,2.7936031984007994,10.51,0.10943005744257221,0.10425382546821815,1.4077961019490255,0.06960251665706381
main_c08_v1_D07,0,1.5092453773113443,2.627686156921539,11.02,0.10512026794943392,0.08830783021187809,1.4274112943528237,0.07358026042486893
main_c08_v1_D07,1,1.5217391304347827,2.7756121939030485,10.32,0.10605477002224754,0.0852034300310162,1.424287856071964,0.029884949942362002
main_c08_v1_D07,2,1.5967016491754122,2.784607696151924,11.05,0.11120757030227428,0.10911766339052681,1.4055472263868065,0.09936712784431163
main_c08_v1_D07,3,1.6691654172913544,2.9100449775112445,11.59,0.1159016947250045,0.13609584096840435,1.3874312843578211,0.026126251937866513
main_c08_v1_D07,4,1.7181409295352323,2.8360819590204898,11.77,0.1174657142149173,0.14513596376414928,1.3751874062968517,0.08850252079905752
main_c08_v1_D07,5,1.6791604197901049,2.8950524737631183,11.31,0.1150883042323619,0.12403936920428653,1.3849325337331335,0.05238995139652177
main_c08_v1_D07,6,1.5572213893053473,2.7716141929035483,11.21,0.10865424063550855,0.09619971760151659,1.4154172913543228,0.06315218885511002
main_c08_v1_D07,7,1.6241879060469766,2.6891554222888554,10.75,0.11252116834713849,0.11735580622387205,1.3986756621689156,0.056238473812332594
main_c08_v1_D07,8,1.5622188905547227,2.689655172413793,10.69,0.10798626957111354,0.09854437860434846,1.4141679160419791,0.09641208532376579
main_c08_v1_D08,0,1.6101949025487257,2.7936031984007994,11.12,0.11296207959128711,0.11723959448846985,1.3759370314842578,0.0334466823930423
main_c08_v1_D08,1,1.6041979010494753,2.782608695652174,11.1,0.11175228376306014,0.12354774993455635,1.3774362818590704,0.0385880664905131
main_c08_v1_D08,2,1.6101949025487257,2.9095452273863067,11.18,0.11265244052934147,0.12131374788796057,1.3759370314842578,0.018009613142708086
main_c08_v1_D08,3,1.569215392303848,2.6806596701649177,11.39,0.11105259127328382,0.1104679802955663,1.3861819090454772,0.0370533297115247
main_c08_v1_D08,4,1.5452273863068466,2.7806096951524237,11.1,0.10823584492241814,0.09883510625639541,1.3921789105447275,0.028715193608666565
main_c08_v1_D08,5,1.6186906546726636,2.7511244377811095,11.28,0.11428135499695796,0.12167963637228972,1.3738130934532733,0.03146994126471769
main_c08_v1_D08,6,1.6296851574212894,2.787606196901549,10.93,0.11442269141737352,0.11832417124770929,1.371064467766117,0.021648556735718735
main_c08_v1_D08,7,1.5717141429285357,2.7681159420289854,11.26,0.11075774559133095,0.10334773089645641,1.3855572213893053,0.02481226082100214
main_c08_v1_D08,8,1.4687656171914043,2.7236381809095453,10.06,0.10388296791494697,0.0852442826205943,1.4112943528235882,0.026349198098816168
main_c08_v1_label,0,1.6241879060469766,2.8350824587706147,11.53,0.1113672678842134,0.12341785456478101,1.4102948525737131,
main_c08_v1_label,1,1.6561719140429785,2.818090954522739,11.48,0.11401762853419474,0.11947696786527347,1.4022988505747127,
main_c08_v1_label,2,1.592703648175912,2.8075962018990506,11.04,0.10958951153693339,0.10267286991424895,1.4181659170414793,
main_c08_v1_label,3,1.5677161419290355,2.7116441779110443,10.92,0.10799459115697453,0.0919365713968411,1.4244127936031985,
main_c08_v1_label,4,1.5597201399300349,2.717641179410295,10.76,0.10752894077994948,0.09302352791858025,1.4264117941029486,
main_c08_v1_label,5,1.6281859070464768,2.767616191904048,11.05,0.11191058815018427,0.10870854255411953,1.409295352323838,
main_c08_v1_label,6,1.6296851574212894,2.875062468765617,10.99,0.11241768300269306,0.11632735219691738,1.408920539730135,
main_c08_v1_label,7,1.6241879060469766,2.7351324337831087,11.37,0.11192660440946009,0.11696155890308793,1.4102948525737131,
main_c08_v1_label,8,1.648175912043978,2.891554222888556,11.6,0.11324718454539698,0.12747475468614877,1.4042978510744628,
main_c09_v0_A,0,1.645177411294353,2.7821089455272365,11.19,0.11024081036830191,0.0978064539158991,1.4531484257871063,0.019320168399921168
main_c09_v0_A,1,1.6771614192903548,2.835582208895552,11.43,0.11198034157769556,0.13105768544299237,1.445152423788106,0.016305875442006085
main_c09_v0_A,2,1.6346826586706646,2.8305847076461768,11.02,0.10993600264456206,0.09800397420337437,1.4557721139430284,0.029860250643262958
main_c09_v0_A,3,1.6261869065467267,2.766616691654173,11.64,0.10884365430196552,0.10378739201827641,1.457896051974013,0.03842632065352583
main_c09_v0_A,4,1.6336831584207896,2.788605697151424,11.27,0.10891123499694264,0.09327776587896512,1.4560219890054973,0.020020640025063277
main_c09_v0_A,5,1.8060969515242378,3.003498250874563,12.35,0.12005195568917841,0.17532781228433392,1.4129185407296352,0.02677167601284951
main_c09_v0_A,6,1.6531734132933533,2.6476761619190405,11.25,0.11178066746862585,0.10309131148711348,1.4511494252873562,0.03233509479289559
main_c09_v0_A,7,1.6336831584207896,2.762618690654673,10.83,0.11042752560562433,0.09484840912876887,1.4560219890054973,0.013967150611644016
main_c09_v0_A,8,1.605697151424288,2.8950524737631183,11.01,0.1078278073471038,0.10279919564027493,1.4630184907546226,0.05157786962032521
main_c09_v0_D00,0,1.6491754122938531,2.7771114442778613,11.83,0.11235663250222552,0.10215309012160569,1.4205397301349325,0.02309172643925254
main_c09_v0_D00,1,1.6221889055472263,2.7471264367816093,11.15,0.11025413785293911,0.10404916589324362,1.4272863568215892,0.03215223352289495
main_c09_v0_D00,2,1.5857071464267867,2.76111944027986,11.32,0.10833405583113244,0.10597677351800279,1.4364067966016991,0.01709241844679972
main_c09_v0_D00,3,1.5982008995502248,2.67816091954023,10.77,0.10887233714469437,0.11442850003569606,1.4332833583208395,0.02570391545302993
main_c09_v0_D00,4,1.6916541729135433,2.873063468265867,11.94,0.11504518284510112,0.1323998714928246,1.40992003998001,0.031414731293487146
main_c09_v0_D00,5,1.6031984007996003,2.7106446776611692,11.45,0.10973924238352199,0.09357999571642737,1.4320339830084958,0.0166728642130954
main_c09_v0_D00,6,1.6836581709145426,2.791104447776112,11.79,0.1149841106654405,0.13403595821137038,1.4119190404797601,0.02049410019368825
main_c09_v0_D00,7,1.5727136431784108,2.767616191904048,11.15,0.10736441187843693,0.09876252350015453,1.4396551724137931,0.027165935833388676
main_c09_v0_D00,8,1.6561719140429785,2.765617191404298,11.29,0.113049888896508,0.11461412151067314,1.4187906046976513,0.030137976742243073
main_c09_v0_D01,0,1.608695652173913,2.9060469765117443,11.29,0.11131042083385963,0.11535482258870548,1.4005497251374313,0.07284384281034778
main_c09_v0_D01,1,1.5447276361819091,2.7501249375312344,10.66,0.10840635359305636,0.09218783465410153,1.4165417291354323,0.033050006075961536
main_c09_v0_D01,2,1.5782108945527236,2.7576211894052975,11.11,0.10894570187458083,0.07978272768377723,1.4081709145427286,0.09645865888619387
main_c09_v0_D01,3,1.7156421789105447,2.998500749625187,11.03,0.11809550434054031,0.16053996811118226,1.3738130934532733,0.03700764735589746
main_c09_v0_D01,4,1.6006996501749124,2.787106446776612,11.16,0.11040506502450281,0.10838747293020133,1.4025487256371814,0.03908006738106989
main_c09_v0_D01,5,1.6196901549225386,2.7861069465267367,11.29,0.112649263983177,0.12529747031246263,1.3978010994502748,0.07725505858938331
main_c09_v0_D01,6,1.4907546226886557,2.7276361819090456,10.72,0.10379461902996462,0.08124925632421887,1.4300349825087457,0.04376316290088695
main_c09_v0_D01,7,1.6581709145427286,2.817591204397801,11.43,0.11460115257259894,0.13298588800837646,1.3881809095452273,0.06729552559989961
main_c09_v0_D01,8,1.6051974012993504,2.717641179410295,11.22,0.11179191874771952,0.10421455938697298,1.4014242878560719,0.07134099862368203
main_c09_v0_D02,0,1.591704147926037,2.8525737131434283,11.15,0.10964782880928883,0.10671212013041094,1.4137931034482758,0.04058099834158652
main_c09_v0_D02,1,1.6616691654172913,2.9320339830084956,11.59,0.11430511171987348,0.13672806453915864,1.3963018490754622,0.017526107417815403
main_c09_v0_D02,2,1.623688155922039,2.8555722138930535,11.12,0.11179897973013413,0.10868256348016454,1.4057971014492754,0.03155009109794097
main_c09_v0_D02,3,1.617191404297851,2.790104947526237,11.48,0.11166712453763619,0.10069727041241268,1.4074212893553224,0.02346119509765798
main_c09_v0_D02,4,1.576711644177911,2.681159420289855,10.9,0.10899495589608175,0.095230955950596,1.4175412293853074,0.01228256110435745
main_c09_v0_D02,5,1.6296851574212894,2.888055972013993,11.05,0.1120911386256045,0.12594179100925715,1.4042978510744628,0.023464388038086217
main_c09_v0_D02,6,1.5982008995502248,2.737631184407796,11.16,0.11097020110702988,0.10857666404892774,1.4121689155422288,0.01832574219199479
main_c09_v0_D02,7,1.5087456271864068,2.5867066466766615,10.68,0.10522846190343475,0.08745567692344294,1.4345327336331835,0.020327075439103344
main_c09_v0_D02,8,1.6861569215392305,2.8835582208895554,12.0,0.11529619767091653,0.1299748935056278,1.3901799100449774,0.024144164943732473
main_c09_v0_D03,0,1.6286856571714143,2.9460269865067468,11.5,0.11228572990615253,0.11144288966627784,1.3995502248875562,0.033567760652869
main_c09_v0_D03,1,1.5612193903048475,2.738630684657671,11.1,0.10845779853916862,0.10192205484559295,1.4164167916041979,0.04857363631907783
main_c09_v0_D03,2,1.6006996501749124,2.7811094452773615,11.14,0.11067943810179974,0.114449719584652,1.4065467266366816,0.0374103863682074
main_c09_v0_D03,3,1.5912043978010995,2.810094952523738,10.92,0.10994824084307345,0.10454633794213991,1.408920539730135,0.04809230835225545
main_c09_v0_D03,4,1.56071964017991,2.813593203398301,11.18,0.10788858165312261,0.0940468257934524,1.4165417291354323,0.03875184607228376
main_c09_v0_D03,5,1.6531734132933533,2.869565217391304,11.58,0.11445745138518462,0.12071027978074435,1.3934282858570715,0.04026981558650184
main_c09_v0_D03,6,1.6541729135432284,2.912543728135932,11.15,0.1143327844184636,0.13401136733220692,1.3931784107946028,0.04475261961949386
main_c09_v0_D03,7,1.6231884057971016,2.738630684657671,11.2,0.11198586850183051,0.11184923411310196,1.4009245377311343,0.04865236029110801
main_c09_v0_D03,8,1.5807096451774112,2.8360819590204898,11.51,0.1099641066512042,0.10702129094183054,1.411544227886057,0.028193696337319368
main_c09_v0_D04,0,1.6291854072963519,2.813593203398301,11.14,0.11366670153690639,0.12168042962645641,1.3738130934532733,0.01165205053808025
main_c09_v0_D04,1,1.4897551224387806,2.785607196401799,10.89,0.10591823194675976,0.08077171731594517,1.408670664667666,0.023257339245698144
main_c09_v0_D04,2,1.5952023988005997,2.9110444777611195,11.42,0.11175277675426182,0.11949759247360434,1.3823088455772115,0.024496875893630598
main_c09_v0_D04,3,1.5957021489255372,2.794102948525737,10.79,0.11233643351180263,0.10975484479982212,1.382183908045977,0.028681691442724904
main_c09_v0_D04,4,1.5977011494252873,2.6676661669165416,10.79,0.11319158731431413,0.10178145054456883,1.3816841579210395,0.03848247045064829
main_c09_v0_D04,5,1.5197401299350324,2.7306346826586707,10.52,0.10729677106778555,0.10515238412539737,1.4011744127936032,0.018063019462367883
main_c09_v0_D04,6,1.5097451274362819,2.728135932033983,10.68,0.10531506983427198,0.09771205667007743,1.4036731634182908,0.016543601084554296
main_c09_v0_D04,7,1.7211394302848575,2.972013993003498,11.69,0.1195389582052343,0.15448605062548057,1.3508245877061469,0.024398858223086795
main_c09_v0_D04,8,1.590704647676162,2.864567716141929,11.53,0.11098346982866339,0.10916347381864609,1.383433283358321,0.03464274149777318
main_c09_v0_D05,0,1.633183408295852,2.7801099450274864,11.34,0.11344144643364855,0.11054175293305722,1.4001749125437282,0.012253385953898301
main_c09_v0_D05,1,1.711144427786107,2.999000499750125,11.99,0.11750722497461732,0.1337491968301562,1.3806846576711644,0.013290951634187332
main_c09_v0_D05,2,1.60119940029985,2.7711144427786105,11.15,0.11044756333900944,0.11971395254753554,1.4081709145427286,0.017612432302285753
main_c09_v0_D05,3,1.5912043978010995,2.832583708145927,11.01,0.11037692779478289,0.11819506913210043,1.4106696651674162,0.059048538559772636
main_c09_v0_D05,4,1.6246876561719141,2.8480759620189904,11.15,0.1123357592712203,0.11144546774231917,1.4022988505747127,0.011491552362043128
main_c09_v0_D05,5,1.5452273863068466,2.795102448775612,10.86,0.10715936556870134,0.10153316199043327,1.4221639180409795,0.010003710067082606
main_c09_v0_D05,6,1.5792103948025986,2.818590704647676,11.02,0.10899255519780024,0.10458282763380204,1.4136681659170416,0.022305609744316002
main_c09_v0_D05,7,1.5712143928035982,2.6401799100449774,10.8,0.10900826648468032,0.08744615787344404,1.4156671664167917,0.048050770453253865
main_c09_v0_D05,8,1.6106946526736632,2.8545727136431784,11.28,0.11073089093553945,0.11279241331715077,1.4057971014492754,0.02178492849650888
main_c09_v0_D06,0,1.6611694152923537,2.9290354822588704,11.74,0.1136459347256795,0.1112776944860901,1.40992003998001,0.016709279580473194
main_c09_v0_D06,1,1.5062468765617192,2.606696651674163,10.21,0.10410639119778124,0.07667773256229025,1.4486506746626686,0.013177504139616339
main_c09_v0_D06,2,1.576711644177911,2.84407796101949,11.17,0.1085641493636272,0.10513790723685768,1.4310344827586208,0.017684426733586098
main_c09_v0_D06,3,1.7566216891554223,3.0434782608695654,11.84,0.11841109712264304,0.1500969753218627,1.3860569715142428,0.024599892452981095
main_c09_v0_D06,4,1.6741629185407296,3.0294852573713142,11.38,0.11454203822830378,0.1366971276266627,1.406671664167916,0.025708730051328777
main_c09_v0_D06,5,1.4972513743128435,2.571214392803598,10.53,0.10423741591492648,0.0742039694438495,1.4508995502248876,0.014661594525267026
main_c09_v0_D06,6,1.633183408295852,2.813093453273363,11.2,0.11097165835410275,0.09728766569096375,1.4169165417291354,0.013801335050747437
main_c09_v0_D06,7,1.6836581709145426,2.9195402298850577,11.7,0.11539703486757015,0.14513993003498238,1.4042978510744628,0.011545146060005005
main_c09_v0_D06,8,1.6126936531734133,2.8115942028985508,11.25,0.11012428022536586,0.10348099759643985,1.422038980509745,0.008497584858484288
main_c09_v0_D07,0,1.605697151424288,2.8270864567716143,11.42,0.11008400715723196,0.10936158904674614,1.4182908545727135,0.02777125990016736
main_c09_v0_D07,1,1.6621689155422288,2.72063968015992,11.45,0.11406317498774132,0.12746325250073334,1.4041729135432284,0.015597044931194862
main_c09_v0_D07,2,1.6261869065467267,2.6761619190404797,11.41,0.11210408850157724,0.10542903151598794,1.4131684157921038,0.012312626787382425
main_c09_v0_D07,3,1.5477261369315343,2.44327836081959,11.06,0.10773492087708884,0.07609548400402966,1.432783608195902,0.011076609209982708
main_c09_v0_D07,4,1.687656171914043,2.825087456271864,11.73,0.1147998411504242,0.12980672362231555,1.3978010994502748,0.014600218275267673
main_c09_v0_D07,5,1.6816591704147925,2.911544227886057,11.81,0.11529972627288139,0.14004743659916044,1.3993003498250876,0.016452816429203033
main_c09_v0_D07,6,1.5972013993003498,2.8045977011494254,11.26,0.10977194269106309,0.09945285293860981,1.420414792603698,0.010121161889124866
main_c09_v0_D07,7,1.5342328835582209,2.6716641679160418,10.19,0.10566025481248274,0.09447855437360658,1.4361569215392305,0.015238383328678379
main_c09_v0_D07,8,1.615192403798101,2.732633683158421,11.06,0.11048204354950918,0.11786507539880822,1.4159170414792603,0.010313955117606294
main_c09_v0_D08,0,1.6116941529235382,2.7711144427786105,11.02,0.10936049410279089,0.10529100529100506,1.4427786106946527,0.01090713827721475
main_c09_v0_D08,1,1.6796601699150424,2.834582708645677,11.28,0.11361958688029404,0.12688140056955632,1.4257871064467766,0.010773137286084892
main_c09_v0_D08,2,1.6901549225387307,2.926536731634183,11.46,0.11377064484054354,0.13264875498758533,1.4231634182908546,0.011947044005784516
main_c09_v0_D08,3,1.633183408295852,2.8275862068965516,11.18,0.11108749139085337,0.11823155882376246,1.4374062968515742,0.017652632105246688
main_c09_v0_D08,4,1.6026986506746628,2.7406296851574212,11.15,0.10854545698231892,0.09297037988942021,1.4450274862568715,0.008063895187137966
main_c09_v0_D08,5,1.68015992003998,2.8585707146426786,11.38,0.11344645052697777,0.12192078563892636,1.4256621689155422,0.009729650797914291
main_c09_v0_D08,6,1.6061969015492255,2.6571714142928538,10.97,0.10901517658684978,0.09712663509515067,1.4441529235382309,0.008803272909490139
main_c09_v0_D08,7,1.6341829085457271,2.7541229385307346,11.21,0.11065694425136383,0.09788399451068099,1.4371564217891055,0.011166058436765816
main_c09_v0_D08,8,1.6276861569215393,2.8150924537731132,11.36,0.11049775443800795,0.1070454851939108,1.4387806096951525,0.014731085378891605
main_c09_v0_label,0,1.6336831584207896,2.788605697151424,11.27,0.10891123499694257,0.09327776587896512,1.4560219890054973,
main_c09_v0_label,1,1.645177411294353,2.7821089455272365,11.19,0.11024081036830184,0.0978064539158991,1.4531484257871063,
main_c09_v0_label,2,1.8060969515242378,3.003498250874563,12.35,0.12005195568917844,0.17532781228433392,1.4129185407296352,
main_c09_v0_label,3,1.6771614192903548,2.835582208895552,11.43,0.11198034157769558,0.13105768544299237,1.445152423788106,
main_c09_v0_label,4,1.6261869065467267,2.766616691654173,11.64,0.10884365430196544,0.10378739201827641,1.457896051974013,
main_c09_v0_label,5,1.6531734132933533,2.6476761619190405,11.25,0.11178066746862592,0.10309131148711348,1.4511494252873562,
main_c09_v0_label,6,1.6346826586706646,2.8305847076461768,11.02,0.10993600264456208,0.09800397420337437,1.4557721139430284,
main_c09_v0_label,7,1.605697151424288,2.8950524737631183,11.01,0.10782780734710376,0.10279919564027493,1.4630184907546226,
main_c09_v0_label,8,1.6336831584207896,2.762618690654673,10.83,0.11042752560562434,0.09484840912876887,1.4560219890054973,
main_c09_v1_A,0,1.6676661669165418,2.879560219890055,11.53,0.11530305525711403,0.133352768060414,1.3833083458270865,0.04574630102794729
main_c09_v1_A,1,1.4682658670664668,2.6401799100449774,10.55,0.1024757342360394,0.0742132901803066,1.433158420789605,0.043286576739111376
main_c09_v1_A,2,1.7371314342828585,2.8605697151424287,11.89,0.11992883859964379,0.13935571896591376,1.3659420289855073,0.0468920894010034
main_c09_v1_A,3,1.5612193903048475,2.656671664167916,11.06,0.10734429527654181,0.09315263003418903,1.40992003998001,0.055679425353113876
main_c09_v1_A,4,1.6146926536731634,2.8225887056471763,11.24,0.11213567740102508,0.10926719180092473,1.396551724137931,0.04050635561827107
main_c09_v1_A,5,1.5272363818090955,2.703648175912044,11.0,0.10562152494273173,0.11933596693716615,1.418415792103948,0.039978341182278034
main_c09_v1_A,6,1.5887056471764118,2.788105947026487,11.28,0.11139902986413147,0.10539591315453364,1.4030484757621189,0.04793573516262464
main_c09_v1_A,7,1.6241879060469766,2.8290854572713644,11.37,0.11174201025493877,0.1100465640195772,1.3941779110444779,0.05213356212004502
main_c09_v1_A,8,1.6126936531734133,2.6881559220389803,11.06,0.11404983416783396,0.11587995684697322,1.3970514742628686,0.040821905560439777
main_c09_v1_D00,0,1.5987006496751623,2.7256371814092955,11.05,0.11009120417602301,0.09928726113133902,1.4112943528235882,0.09392247750162663
main_c09_v1_D00,1,1.537231384307846,2.6486756621689156,10.47,0.1068146000022357,0.10723090835534597,1.4266616691654173,0.06470774686846213
main_c09_v1_D00,2,1.6391804097951024,2.7566216891554225,11.26,0.11247243798280508,0.11002415458937168,1.4011744127936032,0.05255792786404012
main_c09_v1_D00,3,1.683158420789605,2.890054972513743,11.37,0.11567974147245033,0.14592465671925925,1.3901799100449774,0.02994328050955644
main_c09_v1_D00,4,1.5707146426786607,2.734632683658171,10.97,0.10803804128889065,0.09848468622831426,1.4182908545727135,0.08644836993663563
main_c09_v1_D00,5,1.648175912043978,2.833583208395802,11.38,0.1134406864817568,0.12536053401870484,1.3989255372313842,0.03369877504500771
main_c09_v1_D00,6,1.6386806596701649,2.8235882058970514,11.04,0.11287676713076676,0.10682634873039647,1.4012993503248377,0.07770045419497949
main_c09_v1_D00,7,1.6116941529235382,2.7456271864067965,11.36,0.11225440345609754,0.10444123176506966,1.4080459770114941,0.031875534167128385
main_c09_v1_D00,8,1.5602198900549724,2.7351324337831087,10.81,0.10833211800897405,0.10242021846219736,1.4209145427286356,0.11708228094787386
main_c09_v1_D01,0,1.6306846576711644,3.025987006496752,11.08,0.11250163585442963,0.12540098998119964,1.4014242878560719,0.012247726556597527
main_c09_v1_D01,1,1.6946526736631684,2.9300349825087455,11.23,0.11668743945056428,0.13597724947050255,1.385432283858071,0.02345390173566345
main_c09_v1_D01,2,1.6271864067966018,2.823088455772114,10.98,0.11194408480843622,0.1118399133766449,1.4022988505747127,0.01131932248682562
main_c09_v1_D01,3,1.583208395802099,2.7841079460269866,11.11,0.1099200038326581,0.09604542966611916,1.4132933533233383,0.013419255242017982
main_c09_v1_D01,4,1.5222388805597202,2.786606696651674,10.38,0.1052607853889451,0.08869791294828769,1.428535732133933,0.016664304663859243
main_c09_v1_D01,5,1.6466766616691655,2.6776611694152925,11.25,0.11395487449729005,0.1177381547321576,1.3974262868565717,0.022703725903278727
main_c09_v1_D01,6,1.5552223888055972,2.815592203898051,11.24,0.10776129240075567,0.10077461269365309,1.4202898550724639,0.014146573535552884
main_c09_v1_D01,7,1.6111944027986007,2.9015492253873063,10.81,0.11156192813760953,0.11569691344803762,1.406296851574213,0.017723964562655212
main_c09_v1_D01,8,1.6016991504247875,2.8535732133933034,11.07,0.11040795562931136,0.1078288236833962,1.408670664667666,0.03842861688886926
main_c09_v1_D02,0,1.5782108945527236,2.7681159420289854,10.97,0.10969168541426827,0.10576894092636203,1.4009245377311343,0.058045677886186094
main_c09_v1_D02,1,1.567216391804098,2.68215892053973,11.17,0.10911924047470359,0.09745524063365132,1.4036731634182908,0.04805996710569108
main_c09_v1_D02,2,1.6021989005497252,2.8060969515242378,11.23,0.11144923513917883,0.11086817702259961,1.394927536231884,0.054907727375313915
main_c09_v1_D02,3,1.5752123938030984,2.652673663168416,11.43,0.10928253843950231,0.1044523373234016,1.4016741629185407,0.0479021953065566
main_c09_v1_D02,4,1.591704147926037,2.764617691154423,10.84,0.11158131375367168,0.1186339369997539,1.397551224387806,0.05923230653001258
main_c09_v1_D02,5,1.6456771614192904,2.8310844577711145,11.61,0.11415587418155185,0.11536533320641244,1.3840579710144927,0.05654646765584406
main_c09_v1_D02,6,1.5482258870564718,2.7491254372813594,10.79,0.10829749449588917,0.10466354124525017,1.4084207896051975,0.05915498935355412
main_c09_v1_D02,7,1.6521739130434783,2.890054972513743,11.42,0.1148805266234208,0.12237016412428671,1.3824337831084457,0.06574087957637524
main_c09_v1_D02,8,1.6031984007996003,2.8285857071464267,11.35,0.1115420914778136,0.12042232851828032,1.3946776611694154,0.048156956096672095
main_c09_v1_D03,0,1.5617191404297852,2.814592703648176,10.93,0.10870815102663905,0.10419036513489273,1.40792103948026,0.06261632018751033
main_c09_v1_D03,1,1.6526736631684158,2.9195402298850577,11.3,0.11472322213422557,0.12334923807937281,1.3851824087956022,0.08483621598375735
main_c09_v1_D03,2,1.554222888555722,2.7781109445277363,11.19,0.10821495373338927,0.0988335197480623,1.4097951024487756,0.07658699438426043
main_c09_v1_D03,3,1.6751624187906047,2.924037981009495,11.4,0.11561205110952237,0.1226483980232103,1.379560219890055,0.0867707330251332
main_c09_v1_D03,4,1.6776611694152923,2.6946526736631684,11.32,0.11619593683744438,0.13118698587214303,1.378935532233883,0.06284452718951394
main_c09_v1_D03,5,1.486256871564218,2.7021489255372315,10.27,0.10455327142516875,0.07995010431292295,1.4267866066966517,0.08864125764780344
main_c09_v1_D03,6,1.5557221389305347,2.729135432283858,11.07,0.1085700945119821,0.10054159428222377,1.4094202898550725,0.0856848287957176
main_c09_v1_D03,7,1.640679660169915,2.8050974512743627,11.36,0.11299401123738215,0.1276244814100884,1.3881809095452273,0.061555762568925664
main_c09_v1_D03,8,1.5827086456771615,2.9080459770114944,11.25,0.11042830798424634,0.11167531313708201,1.4026736631684158,0.06154618413106999
main_c09_v1_D04,0,1.5867066466766617,2.794102948525737,11.02,0.10992012387051647,0.10503815552541168,1.4002998500749626,0.01660107491709483
main_c09_v1_D04,1,1.5902048975512244,2.7256371814092955,11.17,0.11096869444453306,0.10514762460039805,1.3994252873563218,0.03416396011558597
main_c09_v1_D04,2,1.4982508745627185,2.6966516741629185,10.5,0.10498542445322821,0.0935914979018427,1.4224137931034482,0.022669684021094733
main_c09_v1_D04,3,1.6131934032983508,2.8620689655172415,11.32,0.11142024619421223,0.11964573268921073,1.3936781609195403,0.024364587542367422
main_c09_v1_D04,4,1.7001499250374812,2.9045477261369315,11.15,0.11778916842814335,0.13258152669696882,1.3719390304847576,0.01959420403902971
main_c09_v1_D04,5,1.575712143928036,2.686656671664168,11.19,0.1092502679642226,0.10382923617556274,1.4030484757621189,0.03404333043420047
main_c09_v1_D04,6,1.6671664167916043,2.7831084457771116,11.58,0.11618108692592595,0.12679810888206666,1.380184907546227,0.016706802771170943
main_c09_v1_D04,7,1.5577211394302848,2.689655172413793,10.99,0.10968426589953018,0.11250644519010322,1.4075462268865566,0.019100725630325183
main_c09_v1_D04,8,1.5867066466766617,2.734132933533233,11.45,0.10980072181968803,0.10086167233843388,1.4002998500749626,0.043788341656685846
main_c09_v1_D05,0,1.593703148425787,2.7126436781609193,10.9,0.1088124690415207,0.0922044929915992,1.4441529235382309,0.05579795501850717
main_c09_v1_D05,1,1.6526736631684158,2.8275862068965516,11.62,0.11189662009113223,0.10673056328978346,1.4294102948525738,0.053661135873396555
main_c09_v1_D05,2,1.5827086456771615,2.7231384307846076,11.08,0.10779282213528026,0.10297946264962736,1.4469015492253874,0.04803672972292732
main_c09_v1_D05,3,1.5797101449275361,2.708145927036482,11.19,0.1077545863575972,0.0944670521881914,1.4476511744127936,0.04960578492511819
main_c09_v1_D05,4,1.6746626686656672,2.912543728135932,11.51,0.11325207355065141,0.13940410747007417,1.423913043478261,0.05844330735299378
main_c09_v1_D05,5,1.7061469265367317,2.952023988005997,11.23,0.1150300430546711,0.12464779515004376,1.4160419790104948,0.062497173228647805
main_c09_v1_D05,6,1.6441779110444779,2.8065967016491755,11.47,0.11135564752262497,0.11094571761738148,1.4315342328835583,0.04106694186694291
main_c09_v1_D05,7,1.670664667666167,2.8260869565217392,11.51,0.11320308016506232,0.11668035030103978,1.424912543728136,0.05747590833935445
main_c09_v1_D05,8,1.6361819090454772,2.7756121939030485,11.23,0.11090265808145996,0.1119404583422572,1.4335332333833084,0.04763725488770567
main_c09_v1_D06,0,1.5547226386806596,2.63368315842079,11.19,0.1082628397106561,0.09295729119567178,1.4155422288855573,0.013355960525562857
main_c09_v1_D06,1,1.6441779110444779,2.918040979510245,11.58,0.11334473881220004,0.12492583073542556,1.3931784107946028,0.0161467806460199
main_c09_v1_D06,2,1.657671164417791,2.9405297351324338,11.41,0.11431544298107936,0.12240566224824047,1.3898050974512743,0.0319500544029886
main_c09_v1_D06,3,1.6286856571714143,2.811094452773613,11.73,0.11243499582795817,0.12353188485122493,1.3970514742628686,0.014610517143964356
main_c09_v1_D06,4,1.5952023988005997,2.8035982008995504,11.76,0.11071934866167836,0.10389765434742917,1.4054222888555723,0.020544645326250024
main_c09_v1_D06,5,1.600199900049975,2.6451774112943527,11.2,0.11110129267787332,0.10589070544093009,1.4041729135432284,0.02400463458275473
main_c09_v1_D06,6,1.6351824087956022,2.7841079460269866,11.63,0.11327548010777541,0.11709581717077938,1.3954272863568216,0.022899855080295847
main_c09_v1_D06,7,1.5972013993003498,2.7691154422788604,11.08,0.11053062490980033,0.11353926211497394,1.4049225387306348,0.020403252339791386
main_c09_v1_D06,8,1.5207396301849077,2.7801099450274864,10.67,0.10601523631097892,0.0957558918953219,1.4240379810094952,0.011066964245527014
main_c09_v1_D07,0,1.6446776611694154,2.92303848075962,11.77,0.11548046123016892,0.13102674853049642,1.3718140929535232,0.04082618948647102
main_c09_v1_D07,1,1.6126936531734133,2.8305847076461768,11.0,0.11227001558200525,0.1254533447561931,1.3798100949525238,0.03375725432180191
main_c09_v1_D07,2,1.6061969015492255,2.815592203898051,11.28,0.11207754450759466,0.12014528450060652,1.3814342828585706,0.033013295256208226
main_c09_v1_D07,3,1.6666666666666667,2.8030984507746126,11.6,0.11621268755790472,0.13636277099545446,1.3663168415792104,0.040291516784893726
main_c09_v1_D07,4,1.5397301349325336,2.6026986506746628,10.57,0.10820025865587814,0.08764784274529382,1.3980509745127436,0.042732012612270553
main_c09_v1_D07,5,1.6281859070464768,2.84207896051974,11.31,0.1141581579924882,0.12667356797791554,1.3759370314842578,0.03757204807575968
main_c09_v1_D07,6,1.5342328835582209,2.7241379310344827,10.71,0.10814519435053012,0.09526010804121743,1.3994252873563218,0.02545415785534162
main_c09_v1_D07,7,1.4952523738130934,2.681159420289855,10.75,0.10594097242813165,0.08996037695437974,1.4091704147926036,0.06641311573678178
main_c09_v1_D07,8,1.536231884057971,2.629185407296352,10.51,0.10751470769529832,0.08746995549844114,1.3989255372313842,0.026176501649306672
main_c09_v1_D08,0,1.5567216391804097,2.733133433283358,10.73,0.10760469561902349,0.09843629772415359,1.4276611694152923,0.011122729881140865
main_c09_v1_D08,1,1.684657671164418,2.8600699650174914,11.26,0.11520679536726454,0.13378766965723465,1.3956771614192904,0.010774113688016103
main_c09_v1_D08,2,1.6291854072963519,2.7981009495252374,11.57,0.11139742081858957,0.10674940307623937,1.409545227386307,0.02338004420596072
main_c09_v1_D08,3,1.6241879060469766,2.8405797101449277,11.29,0.11195227726242406,0.11857503787788633,1.4107946026986506,0.013834261311769952
main_c09_v1_D08,4,1.5702148925537232,2.602198900549725,10.79,0.10790433980550526,0.09270404480299511,1.424287856071964,0.019790214095543195
main_c09_v1_D08,5,1.6786606696651674,2.899550224887556,11.5,0.11539658722665537,0.13294880337608944,1.397176411794103,0.015159824692845375
main_c09_v1_D08,6,1.6441779110444779,2.7841079460269866,11.37,0.11306509560552354,0.11571456335324377,1.4057971014492754,0.015524777940047125
main_c09_v1_D08,7,1.6121939030484758,2.738130934532734,11.33,0.11094439978800086,0.1123567184661635,1.4137931034482758,0.009481814368112875
main_c09_v1_D08,8,1.5347326336831584,2.7586206896551726,10.08,0.10652838850701324,0.08872746166599223,1.433158420789605,0.01835720748129211
main_c09_v1_label,0,1.6676661669165418,2.879560219890055,11.53,0.11530305525711405,0.133352768060414,1.3833083458270865,
main_c09_v1_label,1,1.6146926536731634,2.8225887056471763,11.24,0.11213567740102508,0.10926719180092473,1.396551724137931,
main_c09_v1_label,2,1.5612193903048475,2.656671664167916,11.06,0.10734429527654188,0.09315263003418903,1.40992003998001,
main_c09_v1_label,3,1.5272363818090955,2.703648175912044,11.0,0.10562152494273169,0.11933596693716615,1.418415792103948,
main_c09_v1_label,4,1.4682658670664668,2.6401799100449774,10.55,0.10247573423603933,0.0742132901803066,1.433158420789605,
main_c09_v1_label,5,1.6126936531734133,2.6881559220389803,11.06,0.11404983416783386,0.11587995684697322,1.3970514742628686,
main_c09_v1_label,6,1.5887056471764118,2.788105947026487,11.28,0.11139902986413144,0.10539591315453364,1.4030484757621189,
main_c09_v1_label,7,1.6241879060469766,2.8290854572713644,11.37,0.11174201025493884,0.1100465640195772,1.3941779110444779,
main_c09_v1_label,8,1.7371314342828585,2.8605697151424287,11.89,0.11992883859964382,0.13935571896591376,1.3659420289855073,
main_c10_v0_A,0,1.5147426286856571,2.681159420289855,10.37,0.10764983617102265,0.0868351538516455,1.3880559720139931,0.027207854927141516
main_c10_v0_A,1,1.5962018990504747,2.7671164417791103,11.41,0.11174976496689507,0.11262345017967183,1.3676911544227885,0.020858837273536764
main_c10_v0_A,2,1.576711644177911,2.7606196901549227,11.16,0.11216745681469512,0.11234561290783161,1.3725637181409296,0.02150553721934331
main_c10_v0_A,3,1.536231884057971,2.732633683158421,10.58,0.10957118400549895,0.1063795483210775,1.3826836581709145,0.020104630122631976
main_c10_v0_A,4,1.431784107946027,2.51824087956022,10.5,0.10340602520778577,0.0634301896670713,1.4087956021989005,0.024428313852236035
main_c10_v0_A,5,1.5592203898050974,2.735632183908046,10.95,0.11040805666552499,0.09477463649127808,1.3769365317341329,0.04413770811150427
main_c10_v0_A,6,1.6871564217891055,2.918040979510245,11.67,0.11826337296263234,0.14180469289164915,1.344952523738131,0.035102804864861836
main_c10_v0_A,7,1.744127936031984,3.0579710144927534,12.22,0.12132707841389025,0.17708526689036427,1.3307096451774112,0.028204978095585743
main_c10_v0_A,8,1.4877561219390305,2.7521239380309845,10.29,0.10545722479205476,0.10472144879940974,1.3948025987006496,0.024031570441572687
main_c10_v0_D00,0,1.6851574212893554,2.8580709645177413,11.53,0.11493394717665244,0.12332980335229188,1.4175412293853074,0.0075585190560120905
main_c10_v0_D00,1,1.6256871564217892,2.8330834582708646,11.25,0.1105694205073903,0.11248641552239724,1.432408795602199,0.006926688949026676
main_c10_v0_D00,2,1.6671664167916043,2.7991004497751124,11.64,0.11363770574583879,0.11287669657234861,1.422038980509745,0.005878949998170135
main_c10_v0_D00,3,1.5837081459270366,2.638680659670165,10.89,0.10721954587155996,0.09612852304006705,1.442903548225887,0.009776531015155986
main_c10_v0_D00,4,1.618190904547726,2.682658670664668,11.32,0.11008168929319381,0.1015418877862653,1.4342828585707146,0.008304766016651744
main_c10_v0_D00,5,1.5977011494252873,2.790104947526237,11.5,0.10807910335201595,0.09847972838977316,1.4394052973513243,0.013537864211316223
main_c10_v0_D00,6,1.5402298850574712,2.686656671664168,10.5,0.10562412615409442,0.10397816964533588,1.4537731134432783,0.01034972327227419
main_c10_v0_D00,7,1.6931534232883558,2.917541229385307,11.48,0.11513199127070854,0.11993626202771587,1.4155422288855573,0.016385721753575788
main_c10_v0_D00,8,1.6996501749125437,2.912543728135932,11.87,0.11472247062854582,0.13124251366380255,1.4139180409795102,0.009615271186173911
main_c10_v0_D01,0,1.6131934032983508,2.730134932533733,11.14,0.10748788178004667,0.09809579337315451,1.4640179910044977,0.06017142629977795
main_c10_v0_D01,1,1.6376811594202898,2.71864067966017,11.01,0.11107276659363093,0.10732570222825069,1.457896051974013,0.03788595994651516
main_c10_v0_D01,2,1.8505747126436782,3.1049475262368817,12.06,0.12254901664924855,0.16812446951127577,1.404672663668166,0.04641872660969087
main_c10_v0_D01,3,1.615192403798101,2.8235882058970514,11.26,0.10775905493031449,0.09286448045818342,1.4635182408795602,0.055250187582844675
main_c10_v0_D01,4,1.6316841579210395,2.7071464267866068,10.95,0.10969624475437834,0.0950425580860361,1.4593953023488255,0.04765218742713428
main_c10_v0_D01,5,1.5877061469265368,2.6111944027986005,10.75,0.10743759131529566,0.08312946701252533,1.4703898050974513,0.048649420186945146
main_c10_v0_D01,6,1.7146426786606697,2.7961019490254873,11.51,0.11435613056591071,0.12051910552660132,1.438655672163918,0.04015609241376013
main_c10_v0_D01,7,1.681159420289855,2.863568215892054,11.3,0.1114347279138346,0.12552850558847528,1.4470264867566216,0.0431877683163408
main_c10_v0_D01,8,1.606696651674163,2.9350324837581208,11.45,0.10820658549734008,0.1093699182154952,1.4656421789105447,0.04462281679487313
main_c10_v0_D02,0,1.5312343828085957,2.715642178910545,11.01,0.10641333272024522,0.10423201097863742,1.421664167916042,0.02024376037786953
main_c10_v0_D02,1,1.5572213893053473,2.68015992003998,11.12,0.1079527852550518,0.09206190555515884,1.4151674162918542,0.03338454929233497
main_c10_v0_D02,2,1.654672663668166,2.8060969515242378,11.17,0.1142934474012529,0.13730178561512874,1.3908045977011494,0.022082318176247603
main_c10_v0_D02,3,1.6176911544227885,2.793103448275862,11.65,0.11193584767675772,0.11594044247717393,1.4000499750124937,0.04777669572549439
main_c10_v0_D02,4,1.5867066466766617,2.634182908545727,11.12,0.11053116538342042,0.1060846560846558,1.4077961019490255,0.07531079975553116
main_c10_v0_D02,5,1.648175912043978,2.8270864567716143,11.37,0.11412436929269673,0.11423058312113767,1.3924287856071964,0.04094369368340073
main_c10_v0_D02,6,1.582208895552224,2.7616191904047978,11.41,0.10972718655511572,0.10813839112189917,1.408920539730135,0.03324533056767305
main_c10_v0_D02,7,1.5712143928035982,2.709645177411294,10.97,0.10882356313175355,0.09054599684284832,1.4116691654172913,0.025616379288645224
main_c10_v0_D02,8,1.686656671664168,2.823088455772114,11.6,0.11619830258370605,0.13146422820335843,1.382808595702149,0.04470250331517985
main_c10_v0_D03,0,1.5657171414292854,2.7946026986506745,11.11,0.11031810423517979,0.10923288355822067,1.3883058470764618,0.013726289811676737
main_c10_v0_D03,1,1.52023988005997,2.87856071964018,10.71,0.1070505891405221,0.09509471454748808,1.3996751624187906,0.008727985980231572
main_c10_v0_D03,2,1.6116941529235382,2.75912043978011,11.1,0.11242118334929803,0.12369291544703817,1.3768115942028984,0.008365937421189946
main_c10_v0_D03,3,1.552223888055972,2.7691154422788604,10.93,0.10896498972982913,0.110366840389329,1.39167916041979,0.010272325023432581
main_c10_v0_D03,4,1.6036981509245378,2.843578210894553,11.22,0.11270478475298745,0.12345612907831774,1.3788105947026488,0.011758006138687244
main_c10_v0_D03,5,1.6201899050474762,2.868565717141429,11.32,0.1135409724777823,0.12023155089122094,1.3746876561719141,0.013255030592181681
main_c10_v0_D03,6,1.618190904547726,2.8540729635182407,11.34,0.1132576334926205,0.11853775493205768,1.3751874062968517,0.01165583522754276
main_c10_v0_D03,7,1.623688155922039,2.786606696651674,11.23,0.1140904107228388,0.10670319602103692,1.3738130934532733,0.011906189163350312
main_c10_v0_D03,8,1.5222388805597202,2.837081459270365,11.0,0.10765133209894188,0.0926840151352894,1.3991754122938531,0.01279854348820079
main_c10_v0_D04,0,1.539230384807596,2.8545727136431784,10.91,0.10621728144628051,0.1070089955022487,1.4319090454772614,0.05352491119323325
main_c10_v0_D04,1,1.734632683658171,2.9665167416291855,12.04,0.11868097815376032,0.14596332785987945,1.3830584707646176,0.05757154022426123
main_c10_v0_D04,2,1.5762118940529735,2.6496751624187906,10.64,0.10710741989663224,0.10593512767425795,1.422663668165917,0.05939204262833736
main_c10_v0_D04,3,1.6671664167916043,2.824087956021989,11.65,0.11465136586429409,0.1267110492372859,1.3999250374812593,0.05022226881371928
main_c10_v0_D04,4,1.648175912043978,2.895552223888056,11.03,0.11348853298151354,0.12375478927203047,1.404672663668166,0.038792099592231635
main_c10_v0_D04,5,1.6251874062968517,2.7486256871564216,11.45,0.11227726331515178,0.09937471740320292,1.4104197901049476,0.06839051266126057
main_c10_v0_D04,6,1.5602198900549724,2.702648675662169,11.03,0.10786878852961279,0.09848587610956414,1.4266616691654173,0.06266305061743858
main_c10_v0_D04,7,1.550224887556222,2.733633183408296,10.92,0.10659519702859008,0.08189179219913857,1.4291604197901049,0.06527242032726226
main_c10_v0_D04,8,1.6326836581709145,2.7751124437781107,11.1,0.11311317278416466,0.11087432474239058,1.408545727136432,0.04422925393666636
main_c10_v0_D05,0,1.646176911544228,2.811094452773613,11.52,0.11400670766428672,0.11990116053084551,1.3889305347326337,0.02192043397328336
main_c10_v0_D05,1,1.5892053973013494,2.8375812093953026,11.38,0.1089007227012986,0.10919401410405886,1.4031734132933533,0.017872180913327238
main_c10_v0_D05,2,1.6026986506746628,2.7371314342828588,11.27,0.11184876209093803,0.10280197202985791,1.399800099950025,0.015393704284067883
main_c10_v0_D05,3,1.5737131434282858,2.623688155922039,11.14,0.1097510763544016,0.09394271118409027,1.407046476761619,0.014272228327485974
main_c10_v0_D05,4,1.488255872063968,2.629685157421289,10.26,0.10422667253605152,0.07726295582367534,1.4284107946026987,0.02308130014885856
main_c10_v0_D05,5,1.5162418790604697,2.711144427786107,10.86,0.10638876807235113,0.09468281732149789,1.4214142928535731,0.0193718016889638
main_c10_v0_D05,6,1.7016491754122938,2.822088955522239,11.6,0.1165184805637806,0.1392890856159219,1.3750624687656172,0.02261370354061047
main_c10_v0_D05,7,1.6511744127936032,2.9065467266366816,11.28,0.11509180305068405,0.14785147108985203,1.3876811594202898,0.017071455478364802
main_c10_v0_D05,8,1.6346826586706646,2.861569215392304,11.02,0.1132670069662077,0.11507381230019892,1.3918040979510244,0.019236327141403525
main_c10_v0_D06,0,1.6131934032983508,2.7351324337831087,11.31,0.10876507543811108,0.10309547607148781,1.4456521739130435,0.024712210056515818
main_c10_v0_D06,1,1.592703648175912,2.84207896051974,11.05,0.10877582487816682,0.10706908450536623,1.4507746126936532,0.03467375551180211
main_c10_v0_D06,2,1.6681659170414793,2.9005497251374313,11.16,0.11299234445966476,0.12168142119416461,1.4319090454772614,0.016714528938113777
main_c10_v0_D06,3,1.7416291854072963,3.0454772613693155,12.29,0.11699243399511054,0.14441886199757237,1.4135432283858071,0.013996245584931141
main_c10_v0_D06,4,1.6931534232883558,2.812093953023488,11.43,0.11373577688313191,0.11611218200423566,1.4256621689155422,0.016909364712508066
main_c10_v0_D06,5,1.6216891554222888,2.8060969515242378,11.25,0.10964117239006137,0.11119499773922539,1.443528235882059,0.02128527745555824
main_c10_v0_D06,6,1.5762118940529735,2.6736631684157923,10.88,0.1072099877905001,0.08720580186097422,1.4548975512243878,0.021702279208755757
main_c10_v0_D06,7,1.6496751624187906,2.8825587206396803,10.98,0.11165534486754643,0.11186490088289171,1.4365317341329336,0.022354661892828236
main_c10_v0_D06,8,1.6351824087956022,2.658670664667666,11.05,0.11023203929770704,0.09735727374408018,1.4401549225387307,0.02157663356134762
main_c10_v0_D07,0,1.582208895552224,2.789105447276362,11.33,0.11085945129663934,0.10739570690845034,1.3693153423288356,0.08939768127897955
main_c10_v0_D07,1,1.6771614192903548,2.9315342328835583,11.37,0.11776752274775,0.1582643202208418,1.3455772113943028,0.1534616154713803
main_c10_v0_D07,2,1.511744127936032,2.709145427286357,10.58,0.10703403104720556,0.09437959591632732,1.3869315342328836,0.12690117007249685
main_c10_v0_D07,3,1.554222888555722,2.7736131934032984,11.1,0.11059948171951327,0.11705992241974215,1.376311844077961,0.22245975665546114
main_c10_v0_D07,4,1.5947026486756621,2.8360819590204898,11.1,0.11297973376841126,0.10477796815877756,1.366191904047976,0.10237621470923543
main_c10_v0_D07,5,1.6051974012993504,2.7171414292853573,11.18,0.11340275532135245,0.1117292544204086,1.363568215892054,0.11447529830167784
main_c10_v0_D07,6,1.5582208895552223,2.7916041979010493,10.82,0.11058343365292655,0.11729432902596303,1.3753123438280859,0.20453057764814941
main_c10_v0_D07,7,1.4687656171914043,2.6446776611694154,10.56,0.10511279927992047,0.09153221008543325,1.3976761619190405,0.06782702980774914
main_c10_v0_D07,8,1.5667166416791605,2.785607196401799,11.27,0.1116607911662812,0.09756669284405405,1.3731884057971016,0.24423901480376664
main_c10_v0_D08,0,1.6031984007996003,2.8275862068965516,10.87,0.11162252090976121,0.10778519470423487,1.408920539730135,0.042402077047538456
main_c10_v0_D08,1,1.5527236381809095,2.709645177411294,11.29,0.10742849844335987,0.09882717371472977,1.4215392303848076,0.04025849552078861
main_c10_v0_D08,2,1.6156921539230384,2.714142928535732,11.18,0.11097840064246546,0.10120753115505705,1.4057971014492754,0.05427632124696181
main_c10_v0_D08,3,1.565217391304348,2.7216391804097952,10.68,0.1084433194735399,0.1078256506667298,1.418415792103948,0.1098724214215141
main_c10_v0_D08,4,1.6046976511744129,2.839080459770115,11.02,0.11025267037774356,0.10797855040733585,1.408545727136432,0.01620077237728783
main_c10_v0_D08,5,1.6511744127936032,2.945527236381809,11.19,0.1139141974008525,0.12656449553001245,1.3969265367316341,0.03322433005065941
main_c10_v0_D08,6,1.728135932033983,2.874062968515742,11.96,0.11845442493448025,0.14262432275925507,1.3776861569215393,0.13111277590160447
main_c10_v0_D08,7,1.5762118940529735,2.753623188405797,10.96,0.10907757796578442,0.10776734648548714,1.4156671664167917,0.031439574818611336
main_c10_v0_D08,8,1.5807096451774112,2.709145427286357,10.94,0.10982838985201294,0.0994197345771558,1.4145427286356822,0.02979300619108588
main_c10_v0_label,0,1.5962018990504747,2.7671164417791103,11.41,0.11174976496689507,0.11262345017967183,1.3676911544227885,
main_c10_v0_label,1,1.6871564217891055,2.918040979510245,11.67,0.11826337296263244,0.14180469289164915,1.344952523738131,
main_c10_v0_label,2,1.431784107946027,2.51824087956022,10.5,0.10340602520778587,0.0634301896670713,1.4087956021989005,
main_c10_v0_label,3,1.536231884057971,2.732633683158421,10.58,0.1095711840054989,0.1063795483210775,1.3826836581709145,
main_c10_v0_label,4,1.4877561219390305,2.7521239380309845,10.29,0.10545722479205476,0.10472144879940974,1.3948025987006496,
main_c10_v0_label,5,1.5592203898050974,2.735632183908046,10.95,0.11040805666552495,0.09477463649127808,1.3769365317341329,
main_c10_v0_label,6,1.576711644177911,2.7606196901549227,11.16,0.1121674568146951,0.11234561290783161,1.3725637181409296,
main_c10_v0_label,7,1.5147426286856571,2.681159420289855,10.37,0.10764983617102258,0.0868351538516455,1.3880559720139931,
main_c10_v0_label,8,1.744127936031984,3.0579710144927534,12.22,0.12132707841389036,0.17708526689036427,1.3307096451774112,
main_c10_v1_A,0,1.5317341329335332,2.7361319340329837,10.95,0.10441199414019302,0.09239467567803393,1.465392303848076,0.028453562505893214
main_c10_v1_A,1,1.698150924537731,2.866566716641679,11.72,0.11424667209237525,0.13326531178855006,1.4237881059470265,0.08658093123582383
main_c10_v1_A,2,1.7016491754122938,2.811094452773613,11.53,0.1149859035690288,0.11809075620919675,1.4229135432283857,0.1043381789826595
main_c10_v1_A,3,1.5802098950524737,2.6981509245377313,11.15,0.10709217322715958,0.09464950064650207,1.4532733633183408,0.04171862679967061
main_c10_v1_A,4,1.6986506746626686,2.8780609695152424,11.54,0.11437464253326546,0.1278596812704757,1.423663168415792,0.04667332044872325
main_c10_v1_A,5,1.6291854072963519,2.8810594702648675,11.1,0.10992397844517868,0.12281874935548079,1.4410294852573713,0.041892091620810416
main_c10_v1_A,6,1.645177411294353,2.788105947026487,11.22,0.11125933833788688,0.10835038829791438,1.437031484257871,0.03336475050382609
main_c10_v1_A,7,1.618190904547726,2.7561219390304847,11.08,0.10983822086285885,0.09326507381230005,1.4437781109445278,0.10611514069935184
main_c10_v1_A,8,1.6836581709145426,2.8470764617691153,11.15,0.11386707679205348,0.10930586294154489,1.4274112943528237,0.06098138902959415
main_c10_v1_D00,0,1.6896551724137931,2.8575712143928036,11.28,0.11460581728802069,0.129123136844276,1.4112943528235882,0.06513254483916003
main_c10_v1_D00,1,1.5332333833083458,2.6686656671664166,10.56,0.10509069429409186,0.08439966524674153,1.45039980009995,0.048349157472029246
main_c10_v1_D00,2,1.6976511744127936,2.8755622188905545,11.68,0.11511716874811867,0.1450901533360302,1.409295352323838,0.058996000709266805
main_c10_v1_D00,3,1.6466766616691655,2.769615192403798,11.29,0.11167907322741265,0.11501233510228988,1.422038980509745,0.03808615940672353
main_c10_v1_D00,4,1.6751624187906047,2.950024987506247,11.5,0.11439479745198125,0.121490643567105,1.4149175412293853,0.05788494263705507
main_c10_v1_D00,5,1.6006996501749124,2.7106446776611692,10.9,0.1093447437913943,0.09750977685760276,1.4335332333833084,0.07577793091767962
main_c10_v1_D00,6,1.6356821589205397,2.788605697151424,10.87,0.11045902767682143,0.11157655299334424,1.4247876061969016,0.05805975679931911
main_c10_v1_D00,7,1.5577211394302848,2.690654672663668,10.75,0.10680545422180197,0.09358138391121884,1.4442778610694653,0.07296070745425737
main_c10_v1_D00,8,1.633183408295852,2.733133433283358,11.44,0.11250322330035718,0.1022163521413894,1.4254122938530736,0.07085917995367859
main_c10_v1_D01,0,1.5622188905547227,2.7456271864067965,10.83,0.10964094849164303,0.09715915851598005,1.3985507246376812,0.02360215400535297
main_c10_v1_D01,1,1.6291854072963519,2.9205397301349327,11.04,0.11377330285675807,0.12851788391518515,1.381809095452274,0.022091488805437192
main_c10_v1_D01,2,1.5637181409295353,2.7786106946526736,10.88,0.10895309025101294,0.10230063539658733,1.398175912043978,0.024283623360506778
main_c10_v1_D01,3,1.6351824087956022,2.921539230384808,11.66,0.11367795084526283,0.130822088955522,1.3803098450774614,0.03603881506305986
main_c10_v1_D01,4,1.6291854072963519,2.7991004497751124,11.68,0.1141817520982049,0.117766116941529,1.381809095452274,0.055285905962355684
main_c10_v1_D01,5,1.6901549225387307,2.807096451774113,11.8,0.11758649194506475,0.13715344708598057,1.366566716641679,0.03702591572154265
main_c10_v1_D01,6,1.5227386306846578,2.652173913043478,10.98,0.10684584903924045,0.09002284571999689,1.4084207896051975,0.026152642703373825
main_c10_v1_D01,7,1.5617191404297852,2.75712143928036,11.55,0.10829261103454868,0.10150519978106165,1.3986756621689156,0.02621445930665614
main_c10_v1_D01,8,1.5187406296851573,2.7806096951524237,10.76,0.10704800343826444,0.0947526236881558,1.4094202898550725,0.026524623535625486
main_c10_v1_D02,0,1.5972013993003498,2.8295852073963017,10.84,0.11110091680309858,0.11352319871810107,1.3950524737631185,0.01073826057326393
main_c10_v1_D02,1,1.526736631684158,2.6416791604197902,10.64,0.10642868793303026,0.09059061738971771,1.4126686656671663,0.020206275025738255
main_c10_v1_D02,2,1.6106946526736632,2.847576211894053,10.88,0.11238926618643429,0.11123684189651196,1.39167916041979,0.0068957751695223205
main_c10_v1_D02,3,1.6221889055472263,2.928535732133933,11.69,0.11312953966202294,0.1242392692542616,1.3888055972013993,0.010888450007017372
main_c10_v1_D02,4,1.6286856571714143,2.8450774612693652,11.31,0.11381002282395747,0.12294705821692303,1.3871814092953523,0.02556862432218975
main_c10_v1_D02,5,1.6191904047976011,2.789605197401299,11.44,0.1126875786116881,0.1160380127396617,1.3895552223888057,0.01159280565540525
main_c10_v1_D02,6,1.5867066466766617,2.819590204897551,11.05,0.11037508029057178,0.10178739995081813,1.3976761619190405,0.014988798731178726
main_c10_v1_D02,7,1.5747126436781609,2.971014492753623,11.25,0.10977290235622573,0.10596328819717105,1.4006746626686657,0.014000968839951148
main_c10_v1_D02,8,1.5887056471764118,2.812593703148426,11.5,0.11030600533297086,0.11367431363683211,1.397176411794103,0.009158134819226338
main_c10_v1_D03,0,1.5737131434282858,2.7216391804097952,10.8,0.10938946486039662,0.11382185891181368,1.4001749125437282,0.034171872574562785
main_c10_v1_D03,1,1.5852073963018491,2.738130934532734,10.98,0.1107765055387287,0.11412527863052586,1.3973013493253372,0.014829457155406477
main_c10_v1_D03,2,1.584207896051974,2.7806096951524237,11.27,0.11025965774686959,0.1110298025590376,1.397551224387806,0.01938828305028347
main_c10_v1_D03,3,1.5962018990504747,2.7961019490254873,10.93,0.11194112569613782,0.10640711390336559,1.394552723638181,0.011958273818371353
main_c10_v1_D03,4,1.575712143928036,2.767616191904048,11.29,0.10956955956622742,0.09846584644185814,1.3996751624187906,0.039142961181537705
main_c10_v1_D03,5,1.6766616691654173,2.867566216891554,11.21,0.11614352330578502,0.1443726549423698,1.3744377811094453,0.013401867254607009
main_c10_v1_D03,6,1.550224887556222,2.706646676661669,11.26,0.10874168508286224,0.09319110286126756,1.406046976511744,0.028792922841561996
main_c10_v1_D03,7,1.6401799100449774,2.873063468265867,11.06,0.1138470408969286,0.1287923498568173,1.3835582208895552,0.01989438691811017
main_c10_v1_D03,8,1.5667166416791605,2.714142928535732,11.08,0.10933143730606407,0.08979399189294227,1.4019240379810094,0.022822999644345855
main_c10_v1_D04,0,1.4947526236881559,2.63968015992004,10.52,0.10206516500414932,0.0803447482607902,1.4547726136931534,0.015158189469797296
main_c10_v1_D04,1,1.6186906546726636,2.789105447276362,10.93,0.11188163955759664,0.12154795618063954,1.4237881059470265,0.04152315136044922
main_c10_v1_D04,2,1.6091954022988506,2.8280859570214893,11.02,0.10958599172933835,0.10821831147918096,1.4261619190404797,0.029779487884290978
main_c10_v1_D04,3,1.7181409295352323,2.9665167416291855,11.35,0.11752609088447925,0.13081951087948065,1.3989255372313842,0.014787205015295839
main_c10_v1_D04,4,1.607696151924038,2.712143928035982,10.89,0.1112271017507005,0.09597740812133605,1.4265367316341828,0.012381278997869486
main_c10_v1_D04,5,1.7866066966516743,3.078460769615192,12.19,0.12022453284733584,0.16330267405979537,1.381809095452274,0.011758786202504354
main_c10_v1_D04,6,1.568215892053973,2.6496751624187906,10.95,0.10731811693262285,0.08583842999135347,1.4364067966016991,0.011981596871991884
main_c10_v1_D04,7,1.539230384807596,2.632183908045977,10.73,0.10442509838102845,0.07656449553001272,1.4436531734132934,0.027058018350860854
main_c10_v1_D04,8,1.6851574212893554,2.972513743128436,11.48,0.11574626291274875,0.1373864654974098,1.4071714142928535,0.011513966120742819
main_c10_v1_D05,0,1.605697151424288,2.843578210894553,10.92,0.11352045567549035,0.1214942132108548,1.370439780109945,0.06995137723472858
main_c10_v1_D05,1,1.633183408295852,2.8150924537731132,11.55,0.1151919766136387,0.1366646042058333,1.363568215892054,0.07268189799284523
main_c10_v1_D05,2,1.512743628185907,2.7316341829085458,10.73,0.10700084569638195,0.08944654656798573,1.3936781609195403,0.07288945256104687
main_c10_v1_D05,3,1.5442278860569716,2.8000999500249875,10.94,0.1095353519001807,0.10275655822882207,1.3858070964517741,0.05648715085296085
main_c10_v1_D05,4,1.5727136431784108,2.8010994502748625,11.25,0.11055038595833531,0.11082692780593814,1.3786856571714143,0.09519297742152218
main_c10_v1_D05,5,1.5897051474262869,2.8270864567716143,11.25,0.11144934588139366,0.10733700610012434,1.3744377811094453,0.05340987804881006
main_c10_v1_D05,6,1.5902048975512244,2.898550724637681,11.83,0.11228871311884138,0.12264423343883588,1.3743128435782108,0.08719442844219723
main_c10_v1_D05,7,1.5577211394302848,2.812593703148426,11.08,0.10969583431975492,0.10446165805985887,1.3824337831084457,0.07755584874577906
main_c10_v1_D05,8,1.5687156421789106,2.735632183908046,10.96,0.11076709083598314,0.10436825238174545,1.3796851574212894,0.07011028064697866
main_c10_v1_D06,0,1.5332333833083458,2.648175912043978,11.01,0.10548790273840414,0.07965283231400162,1.444527736131934,0.019252617330027828
main_c10_v1_D06,1,1.5707146426786607,2.7936031984007994,10.79,0.10800911179169871,0.09525634008392618,1.4351574212893554,0.023073041620294277
main_c10_v1_D06,2,1.670664667666167,2.9105447276361818,11.4,0.113656184910969,0.12719632247368357,1.4101699150424787,0.023748697349829637
main_c10_v1_D06,3,1.6686656671664168,2.7841079460269866,11.6,0.11463239628719006,0.11266787241299965,1.4106696651674162,0.012819692964265028
main_c10_v1_D06,4,1.6681659170414793,2.84007996001999,11.66,0.11384902411809177,0.12315429586793897,1.4107946026986506,0.01996093115788859
main_c10_v1_D06,5,1.7171414292853573,2.837081459270365,11.3,0.11660111739734899,0.14062413237825508,1.3985507246376812,0.018748196284736316
main_c10_v1_D06,6,1.6096951524237881,2.84407796101949,10.83,0.10969255892690614,0.11983809682460343,1.4254122938530736,0.014009797243223885
main_c10_v1_D06,7,1.6196901549225386,2.7371314342828588,11.22,0.11138069866615417,0.10964795380087716,1.4229135432283857,0.017432471001879477
main_c10_v1_D06,8,1.5647176411794104,2.6746626686656674,10.88,0.10669100516323696,0.0919621538437131,1.436656671664168,0.018697404944676234
main_c10_v1_D07,0,1.5017491254372815,2.7466266866566715,11.29,0.10233671220742128,0.07964370989108613,1.4638930534732633,0.06694911996196667
main_c10_v1_D07,1,1.623688155922039,2.810094952523738,10.99,0.11019791814544037,0.11056753369347058,1.433408295852074,0.06442735107970649
main_c10_v1_D07,2,1.6486756621689156,2.87856071964018,11.31,0.11328731717016274,0.11364337672433605,1.4271614192903548,0.03979763145181843
main_c10_v1_D07,3,1.5552223888055972,2.743128435782109,10.85,0.10625223102019714,0.09408232391740615,1.4505247376311845,0.0516468943812712
main_c10_v1_D07,4,1.591704147926037,2.7566216891554225,11.11,0.10903760290613083,0.09191495522080227,1.4414042978510744,0.036752223992252524
main_c10_v1_D07,5,1.6436781609195403,2.733633183408296,11.23,0.11150034385825526,0.10396904722242044,1.4284107946026987,0.04683844686877436
main_c10_v1_D07,6,1.5902048975512244,2.7041479260369816,10.84,0.10792995968795466,0.08827391859625738,1.4417791104447777,0.021935941435643216
main_c10_v1_D07,7,1.8330834582708646,3.0464767616191906,12.09,0.1228399582939827,0.17951817741922668,1.3810594702648675,0.05040804018825925
main_c10_v1_D07,8,1.7266366816591705,2.9620189905047476,11.6,0.11661795671045494,0.138386957314993,1.407671164417791,0.05175586711210025
main_c10_v1_D08,0,1.5957021489255372,2.814092953523238,11.28,0.11417142483992815,0.12125246900359321,1.3463268365817092,0.013866124389194536
main_c10_v1_D08,1,1.5262368815592204,2.787606196901549,11.2,0.11028615009174435,0.09114668856048154,1.3636931534232883,0.02735916027684918
main_c10_v1_D08,2,1.6371814092953523,2.8405797101449277,11.42,0.11622775459213046,0.12801456414649792,1.3359570214892553,0.034427949833811526
main_c10_v1_D08,3,1.622688655672164,2.8770614692653673,11.14,0.11631100709496442,0.14700268913162448,1.3395802098950524,0.023565720254991273
main_c10_v1_D08,4,1.6061969015492255,2.886056971514243,11.59,0.11427789679297211,0.11906070774136711,1.343703148425787,0.020436308580698937
main_c10_v1_D08,5,1.4642678660669666,2.6786606696651676,10.47,0.10524216481503484,0.09338664001332658,1.3791854072963519,0.02058045039157488
main_c10_v1_D08,6,1.5442278860569716,2.831584207896052,10.99,0.11087782468167195,0.10385759501201751,1.3591954022988506,0.022372033669947968
main_c10_v1_D08,7,1.495752123938031,2.767616191904048,10.52,0.10752984287918323,0.10225601484971784,1.3713143428285857,0.021818868862051102
main_c10_v1_D08,8,1.4697651174412794,2.740129935032484,10.24,0.10507593421237055,0.09402263154137205,1.3778110944527737,0.017363155601790418
main_c10_v1_label,0,1.6986506746626686,2.8780609695152424,11.54,0.11437464253326535,0.1278596812704757,1.423663168415792,
main_c10_v1_label,1,1.5802098950524737,2.6981509245377313,11.15,0.10709217322715968,0.09464950064650207,1.4532733633183408,
main_c10_v1_label,2,1.645177411294353,2.788105947026487,11.22,0.11125933833788686,0.10835038829791438,1.437031484257871,
main_c10_v1_label,3,1.6291854072963519,2.8810594702648675,11.1,0.10992397844517866,0.12281874935548079,1.4410294852573713,
main_c10_v1_label,4,1.698150924537731,2.866566716641679,11.72,0.1142466720923753,0.13326531178855006,1.4237881059470265,
main_c10_v1_label,5,1.618190904547726,2.7561219390304847,11.08,0.10983822086285883,0.09326507381230005,1.4437781109445278,
main_c10_v1_label,6,1.5317341329335332,2.7361319340329837,10.95,0.10441199414019296,0.09239467567803393,1.465392303848076,
main_c10_v1_label,7,1.7016491754122938,2.811094452773613,11.53,0.11498590356902877,0.11809075620919675,1.4229135432283857,
main_c10_v1_label,8,1.6836581709145426,2.8470764617691153,11.15,0.1138670767920535,0.10930586294154489,1.4274112943528237,
main_c11_v0_A,0,1.6036981509245378,2.8050974512743627,10.73,0.11171526596870676,0.1010748593956989,1.395927036481759,0.1074321809893534
main_c11_v0_A,1,1.5377311344327835,2.624687656171914,10.48,0.10726594167553001,0.08944139041590299,1.4124187906046977,0.15389010102974907
main_c11_v0_A,2,1.5987006496751623,2.8040979510244877,11.1,0.11170917041064714,0.11610424946256999,1.397176411794103,0.05014324393070888
main_c11_v0_A,3,1.5887056471764118,2.9325337331334334,10.95,0.11073765204586244,0.11884395104035274,1.3996751624187906,0.04531972958596699
main_c11_v0_A,4,1.5342328835582209,2.8490754622688654,11.25,0.10731626709548664,0.10260742644550727,1.4132933533233383,0.11706997456816687
main_c11_v0_A,5,1.6366816591704147,2.8660669665167418,11.06,0.11307166215473441,0.1367879552287346,1.3876811594202898,0.0865120123138625
main_c11_v0_A,6,1.6356821589205397,2.914542728635682,11.12,0.11348812300919078,0.12717787931431096,1.3879310344827587,0.0999909534536174
main_c11_v0_A,7,1.591704147926037,2.6921539230384806,11.21,0.11050224369030835,0.09003930574395327,1.3989255372313842,0.13870760838106208
main_c11_v0_A,8,1.6476761619190405,2.8650674662668667,11.19,0.11419367394953354,0.11792298295296769,1.3849325337331335,0.05178744158595646
main_c11_v0_D00,0,1.5612193903048475,2.6806596701649177,10.73,0.10998339379504624,0.10440256062444958,1.3924287856071964,0.018703413928013522
main_c11_v0_D00,1,1.526736631684158,2.7481259370314843,10.87,0.10722004251769149,0.10017312772185322,1.4010494752623688,0.026886247290093396
main_c11_v0_D00,2,1.5582208895552223,2.7616191904047978,10.97,0.10870995208268487,0.0997935556031506,1.3931784107946028,0.02217279856171395
main_c11_v0_D00,3,1.577711144427786,2.868065967016492,10.9,0.11022115384383911,0.10405452035886802,1.3883058470764618,0.03584480891207128
main_c11_v0_D00,4,1.6791604197901049,2.865567216391804,11.7,0.11703532853750152,0.13629554270483785,1.3629435282358822,0.031951375173966214
main_c11_v0_D00,5,1.6316841579210395,2.9875062468765616,11.38,0.11492306084951685,0.13217736369910268,1.3748125937031483,0.027979366540378258
main_c11_v0_D00,6,1.600199900049975,2.708145927036482,11.03,0.11260976488795547,0.10786630494276653,1.3826836581709145,0.036029658943305114
main_c11_v0_D00,7,1.5592203898050974,2.712143928035982,11.35,0.10931530355356488,0.09624592465671901,1.392928535732134,0.032775642455919435
main_c11_v0_D00,8,1.5677161419290355,2.8065967016491755,11.3,0.10998199993219944,0.11899109968825078,1.3908045977011494,0.045451594389035156
main_c11_v0_D01,0,1.6116941529235382,2.833583208395802,10.87,0.11355212386098365,0.11586607489905829,1.3631934032983508,0.0246336114892178
main_c11_v0_D01,1,1.5332333833083458,2.6616691654172913,10.74,0.10854609790875434,0.1040808960599064,1.382808595702149,0.019528496265209163
main_c11_v0_D01,2,1.5817091454272865,2.751624187906047,11.01,0.11170923897896719,0.1157940870834422,1.3706896551724137,0.025399077885989944
main_c11_v0_D01,3,1.512743628185907,2.630184907546227,10.78,0.10747826364674248,0.09833555444499968,1.3879310344827587,0.025132330388918336
main_c11_v0_D01,4,1.6131934032983508,2.8085957021489256,11.2,0.11357395005309937,0.11780855603944035,1.3628185907046477,0.020463759129755687
main_c11_v0_D01,5,1.5402298850574712,2.7286356821589206,10.46,0.10939605748411607,0.10586095840968394,1.3810594702648675,0.028709259924161578
main_c11_v0_D01,6,1.5687156421789106,2.745127436281859,11.02,0.11114221704141718,0.1154710343241077,1.3739380309845077,0.015401304125731125
main_c11_v0_D01,7,1.5467266366816592,2.71464267866067,10.99,0.1103094763392401,0.10038988442286777,1.3794352823588205,0.028992786294022646
main_c11_v0_D01,8,1.6206896551724137,2.864567716141929,11.3,0.1142925746866795,0.12639295431649236,1.3609445277361318,0.02117953732112023
main_c11_v0_D02,0,1.576711644177911,2.8215892053973013,10.96,0.11131590566184929,0.11439637324195019,1.3740629685157422,0.03053885694807251
main_c11_v0_D02,1,1.6061969015492255,2.9105447276361818,11.27,0.11339202079437999,0.11493062992313342,1.3666916541729135,0.023587690289508852
main_c11_v0_D02,2,1.5187406296851573,2.685157421289355,10.61,0.10726742282166765,0.09614894933485627,1.3885557221389306,0.01655790907660434
main_c11_v0_D02,3,1.5887056471764118,2.7861069465267367,11.49,0.111418524919012,0.10659372694605061,1.371064467766117,0.011304812814830945
main_c11_v0_D02,4,1.526736631684158,2.8600699650174914,11.1,0.10804792898163415,0.10644082720544461,1.3865567216391803,0.010579371149175147
main_c11_v0_D02,5,1.593703148425787,2.782608695652174,11.13,0.11306434581634721,0.11671783156040996,1.369815092453773,0.015945405014198336
main_c11_v0_D02,6,1.6326836581709145,2.835582208895552,11.32,0.11528906866698858,0.1325164798553104,1.3600699650174912,0.024940419382322287
main_c11_v0_D02,7,1.5987006496751623,2.8960519740129933,11.29,0.11334164052123781,0.12354299040955696,1.3685657171414294,0.017458351503008365
main_c11_v0_D02,8,1.5037481259370316,2.630684657671164,11.08,0.10686314181688324,0.08871219152328577,1.392303848075962,0.016517037339578388
main_c11_v0_D03,0,1.5897051474262869,2.6531734132933535,10.88,0.10793152755075887,0.08690773660788646,1.445527236381809,0.012692588813463718
main_c11_v0_D03,1,1.6291854072963519,2.8160919540229883,10.84,0.11091284346680322,0.11124021322671965,1.435657171414293,0.01691600909022732
main_c11_v0_D03,2,1.5872063968015993,2.812093953023488,11.44,0.10749758072485342,0.0963262416410841,1.446151924037981,0.011712216892498005
main_c11_v0_D03,3,1.5812093953023487,2.6861569215392302,11.25,0.10792596854079282,0.08994788320125632,1.4476511744127936,0.008081587517239959
main_c11_v0_D03,4,1.5632183908045978,2.845577211394303,10.95,0.10700552238015477,0.09584612455676904,1.4521489255372313,0.01812526860847367
main_c11_v0_D03,5,1.6796601699150424,2.7661169415292353,11.52,0.11361915278245635,0.12703291211537066,1.4230384807596201,0.011164320657478228
main_c11_v0_D03,6,1.7446276861569214,2.9270364817591203,11.99,0.11717933827553859,0.13608731348611364,1.4067966016991504,0.019969187515282625
main_c11_v0_D03,7,1.6296851574212894,2.7351324337831087,11.24,0.11056359455924034,0.11498655434187657,1.4355322338830585,0.011733383268216322
main_c11_v0_D03,8,1.7391304347826086,2.9910044977511245,12.0,0.11736447171940166,0.1416250208229216,1.4081709145427286,0.012163842194118401
main_c11_v0_D04,0,1.5147426286856571,2.6181909045477263,10.64,0.10482819356330546,0.08556217922784622,1.4345327336331835,0.014887016055063658
main_c11_v0_D04,1,1.5297351324337831,2.634682658670665,10.7,0.10510953238616826,0.08667769289958199,1.430784607696152,0.009266087519891976
main_c11_v0_D04,2,1.6031984007996003,2.824087956021989,11.43,0.11043956949505222,0.11896631049554575,1.4124187906046977,0.012564443702265254
main_c11_v0_D04,3,1.5887056471764118,2.7491254372813594,10.95,0.10906288022085477,0.09435302190174737,1.4160419790104948,0.008873683670033916
main_c11_v0_D04,4,1.654672663668166,2.9305347326336832,11.52,0.11363401836327659,0.12339921309186667,1.3995502248875562,0.0117028867884283
main_c11_v0_D04,5,1.5852073963018491,2.862568715642179,11.09,0.10949933688711457,0.11228988680263018,1.4169165417291354,0.027629274109052915
main_c11_v0_D04,6,1.6361819090454772,2.8520739630184906,11.65,0.11433209057459988,0.1094817670529813,1.4041729135432284,0.023959619386187073
main_c11_v0_D04,7,1.6731634182908546,2.9140429785107447,11.5,0.11501808847993336,0.12540178323536627,1.394927536231884,0.016083728918373712
main_c11_v0_D04,8,1.7201399300349824,2.937031484257871,11.89,0.11807629002969489,0.14386814529243283,1.383183408295852,0.014333088967458352
main_c11_v0_D05,0,1.6796601699150424,2.8575712143928036,11.77,0.11265696014203151,0.1176582343748759,1.4341579210394804,0.062211328506880346
main_c11_v0_D05,1,1.5717141429285357,2.7231384307846076,11.21,0.10654887593813214,0.09113875601881576,1.461144427786107,0.07866365869690511
main_c11_v0_D05,2,1.670664667666167,2.843078460769615,11.63,0.11329430078227995,0.11978336228711,1.4364067966016991,0.06629077439739102
main_c11_v0_D05,3,1.6441779110444779,2.942528735632184,11.34,0.11072967980303015,0.11360966342225699,1.4430284857571214,0.05872250930746994
main_c11_v0_D05,4,1.6666666666666667,2.789605197401299,11.58,0.111064049835136,0.11642789716252956,1.4374062968515742,0.032938441330739344
main_c11_v0_D05,5,1.5762118940529735,2.6911544227886055,11.25,0.10678125894409461,0.09474826079023962,1.4600199900049975,0.05432726167861477
main_c11_v0_D05,6,1.6521739130434783,2.8030984507746126,11.36,0.1120296057052942,0.10689873317309585,1.4410294852573713,0.0371114866693672
main_c11_v0_D05,7,1.6491754122938531,2.8660669665167418,11.23,0.1111703692361002,0.11105915296320076,1.4417791104447777,0.04024063074906638
main_c11_v0_D05,8,1.7221389305347325,2.8630684657671166,11.75,0.1157248996139011,0.1286759398078735,1.4235382308845577,0.035156824963920925
main_c11_v0_D06,0,1.6486756621689156,2.787106446776612,11.38,0.11211676480587447,0.11403187295241267,1.4272863568215892,0.016600276163671737
main_c11_v0_D06,1,1.6641679160419791,2.735632183908046,11.2,0.11311525526081914,0.12514952841039778,1.4234132933533232,0.01585646019623729
main_c11_v0_D06,2,1.5747126436781609,2.7406296851574212,11.15,0.10760557287781568,0.10150182845085387,1.445777111444278,0.013002932549576634
main_c11_v0_D06,3,1.5792103948025986,2.738130934532734,11.12,0.10747628417053973,0.1037007290005789,1.4446526736631684,0.012469427557644311
main_c11_v0_D06,4,1.6491754122938531,2.8275862068965516,11.33,0.11180970976810824,0.11870929614557782,1.4271614192903548,0.011194813341759776
main_c11_v0_D06,5,1.5992003998000999,2.84007996001999,10.96,0.10871370096944788,0.10286602730380838,1.4396551724137931,0.011639489500161594
main_c11_v0_D06,6,1.6561719140429785,2.893553223388306,11.45,0.11241778141537831,0.108149100053148,1.4254122938530736,0.00810379389599453
main_c11_v0_D06,7,1.686656671664168,2.984007996001999,11.64,0.11391655555412099,0.12115152741089773,1.417791104447776,0.010025153920200697
main_c11_v0_D06,8,1.657671164417791,2.7476261869065466,11.14,0.11282837517789565,0.10474009027232407,1.4250374812593702,0.01286012153165457
main_c11_v0_D07,0,1.6101949025487257,2.7586206896551726,11.33,0.11324451108280469,0.11982342162252181,1.376311844077961,0.026527699825973004
main_c11_v0_D07,1,1.4707646176911544,2.664167916041979,10.59,0.10414603610571171,0.08738309416720201,1.4111694152923537,0.019382624684395302
main_c11_v0_D07,2,1.5747126436781609,2.7351324337831087,10.97,0.11048008100297732,0.10542050403369725,1.3851824087956022,0.01993650235955817
main_c11_v0_D07,3,1.566216891554223,2.6706646676661667,11.28,0.1106970219481719,0.09874943480640615,1.3873063468265867,0.023255097837016885
main_c11_v0_D07,4,1.6146926536731634,2.831584207896052,11.41,0.11335860401495826,0.12623688155922025,1.3751874062968517,0.017357963287596635
main_c11_v0_D07,5,1.6691654172913544,2.8800599700149925,12.02,0.11670749680184592,0.14475024392565594,1.3615692153923038,0.030236675589259673
main_c11_v0_D07,6,1.5177411294352823,2.7231384307846076,10.91,0.107524239737937,0.09011803621998511,1.3994252873563218,0.03653699405881078
main_c11_v0_D07,7,1.568215892053973,2.7506246876561717,10.94,0.1089166687729628,0.10361307441517319,1.3868065967016492,0.01662137643707443
main_c11_v0_D07,8,1.6391804097951024,2.7916041979010493,11.44,0.11492534053263048,0.12390530925013649,1.369065467266367,0.047569127577329555
main_c11_v0_D08,0,1.6256871564217892,2.887056471764118,11.88,0.11439766781431707,0.13156080689813807,1.3623188405797102,0.2393216947208331
main_c11_v0_D08,1,1.63968015992004,2.788605697151424,11.32,0.11562903517647492,0.12654129284564034,1.3588205897051475,0.1764543594070136
main_c11_v0_D08,2,1.5017491254372815,2.658670664667666,10.81,0.10631211570606636,0.08623466044755389,1.393303348325837,0.29615221039516404
main_c11_v0_D08,3,1.5792103948025986,2.784607696151924,10.93,0.1109727992421272,0.11875352006536395,1.3739380309845077,0.21477847670931072
main_c11_v0_D08,4,1.5632183908045978,2.832583708145927,10.99,0.10965493316897612,0.11658555642813492,1.377936031984008,0.21631377212470385
main_c11_v0_D08,5,1.503248375812094,2.7741129435282357,10.3,0.1066421705182312,0.08436952158841206,1.392928535732134,0.10708027182637107
main_c11_v0_D08,6,1.565217391304348,2.8015992003998003,11.15,0.11131735027070579,0.10986391724772518,1.3774362818590704,0.24969434726757092
main_c11_v0_D08,7,1.6096951524237881,2.8075962018990506,11.1,0.11426616677745359,0.11971494411524372,1.3663168415792104,0.22583421096537318
main_c11_v0_D08,8,1.5622188905547227,2.7136431784107944,10.43,0.1108077613256478,0.10637578036378625,1.3781859070464768,0.2966247863164456
main_c11_v0_label,0,1.6476761619190405,2.8650674662668667,11.19,0.11419367394953342,0.11792298295296769,1.3849325337331335,
main_c11_v0_label,1,1.6356821589205397,2.914542728635682,11.12,0.11348812300919095,0.12717787931431096,1.3879310344827587,
main_c11_v0_label,2,1.5887056471764118,2.9325337331334334,10.95,0.11073765204586243,0.11884395104035274,1.3996751624187906,
main_c11_v0_label,3,1.5377311344327835,2.624687656171914,10.48,0.10726594167552997,0.08944139041590299,1.4124187906046977,
main_c11_v0_label,4,1.6036981509245378,2.8050974512743627,10.73,0.11171526596870683,0.1010748593956989,1.395927036481759,
main_c11_v0_label,5,1.591704147926037,2.6921539230384806,11.21,0.11050224369030828,0.09003930574395327,1.3989255372313842,
main_c11_v0_label,6,1.5342328835582209,2.8490754622688654,11.25,0.10731626709548657,0.10260742644550727,1.4132933533233383,
main_c11_v0_label,7,1.6366816591704147,2.8660669665167418,11.06,0.1130716621547344,0.1367879552287346,1.3876811594202898,
main_c11_v0_label,8,1.5987006496751623,2.8040979510244877,11.1,0.11170917041064725,0.11610424946256999,1.397176411794103,
main_c11_v1_A,0,1.657671164417791,2.953023488255872,11.66,0.11712937885828255,0.15234426437574838,1.3485757121439281,0.14270089516448772
main_c11_v1_A,1,1.607696151924038,2.763618190904548,11.22,0.11394470188969226,0.12757510133821962,1.3610694652673663,0.07498979663458945
main_c11_v1_A,2,1.4162918540729634,2.5142428785607196,10.17,0.10220053296044158,0.07059585286721722,1.408920539730135,0.07515794133875318
main_c11_v1_A,3,1.5882058970514743,2.782608695652174,11.29,0.11182190868467282,0.12204631811078577,1.3659420289855073,0.10550083205234166
main_c11_v1_A,4,1.6501749125437282,2.9880059970014994,11.18,0.11601386418063772,0.11679953673956656,1.3504497751124438,0.05181347544232511
main_c11_v1_A,5,1.527736131934033,2.6946526736631684,10.85,0.10842742931873686,0.09953019521985026,1.3810594702648675,0.06399904181187992
main_c11_v1_A,6,1.5712143928035982,2.79960019990005,11.12,0.11129760404521412,0.10707642210640707,1.3701899050474762,0.11438950301349128
main_c11_v1_A,7,1.5002498750624689,2.6136931534232883,10.25,0.10682382616522387,0.0954215352641139,1.3879310344827587,0.13690319467989356
main_c11_v1_A,8,1.5847076461769116,2.679160419790105,11.21,0.11234075389709827,0.10861077397809014,1.366816591704148,0.1342106756854727
main_c11_v1_D00,0,1.6101949025487257,2.8205897051474262,11.06,0.1066850125937326,0.08878219620348544,1.4831334332833583,0.025789882610551915
main_c11_v1_D00,1,1.6721639180409795,2.8585707146426786,11.76,0.11173844207237527,0.10440533701403248,1.4676411794102948,0.024747885598041794
main_c11_v1_D00,2,1.5947026486756621,2.751624187906047,10.47,0.10577945747942204,0.084697928813371,1.487006496751624,0.03616387515841647
main_c11_v1_D00,3,1.6491754122938531,2.8330834582708646,10.44,0.10948529581323262,0.1023093611924196,1.4733883058470765,0.02635236550175694
main_c11_v1_D00,4,1.7501249375312344,2.8800599700149925,11.64,0.11454852765382413,0.13791953229734336,1.448150924537731,0.061540323265709435
main_c11_v1_D00,5,1.713143428285857,2.8805597201399302,11.76,0.11381334434321853,0.1263830386394103,1.4573963018490754,0.06589293924622623
main_c11_v1_D00,6,1.6441779110444779,2.9950024987506247,10.9,0.10949098992520158,0.10519958274830823,1.4746376811594204,0.025718956446870066
main_c11_v1_D00,7,1.7746126936531734,3.0349825087456272,11.73,0.11705238584109405,0.14628558736504754,1.4420289855072463,0.04036664560468355
main_c11_v1_D00,8,1.6771614192903548,2.8905547226386807,11.47,0.1114065442778992,0.10401743572658105,1.4663918040979511,0.04906045192460897
main_c11_v1_D01,0,1.7081459270364818,2.87856071964018,11.95,0.11829877100960547,0.14455292195172223,1.3739380309845077,0.04891683364527937
main_c11_v1_D01,1,1.6061969015492255,2.9095452273863067,11.39,0.11048549688104378,0.12282925997318787,1.3994252873563218,0.04395563134782316
main_c11_v1_D01,2,1.6201899050474762,2.6786606696651676,11.16,0.11095164341333391,0.10616378318777099,1.395927036481759,0.03994704846153498
main_c11_v1_D01,3,1.541729135432284,2.789105447276362,11.15,0.10824022497223049,0.0886915669149551,1.4155422288855573,0.05893810017229675
main_c11_v1_D01,4,1.7161419290354822,2.8875562218890556,11.36,0.11821639579685653,0.14181500519581447,1.3719390304847576,0.05223866530535435
main_c11_v1_D01,5,1.622688655672164,2.6456771614192904,10.97,0.11251142648832824,0.10757855199384424,1.3953023488255871,0.06161378925748037
main_c11_v1_D01,6,1.5312343828085957,2.8025987006496753,10.56,0.10719199173846845,0.1015184867883516,1.4181659170414793,0.04585411097253078
main_c11_v1_D01,7,1.5297351324337831,2.7236381809095453,11.12,0.10679577340634686,0.09174480220207351,1.4185407296351824,0.038773854594660616
main_c11_v1_D01,8,1.5317341329335332,2.5402298850574714,10.55,0.10730827629378627,0.09510562179227837,1.4180409795102449,0.037544785869963154
main_c11_v1_D02,0,1.6616691654172913,2.782608695652174,11.14,0.11464431040857591,0.11900121367887463,1.3850574712643677,0.05565535566271095
main_c11_v1_D02,1,1.6091954022988506,2.7481259370314843,11.05,0.11209461712168702,0.11760429309154917,1.398175912043978,0.06815679340135135
main_c11_v1_D02,2,1.583208395802099,2.7811094452773615,10.87,0.11122368922659726,0.11396623117012904,1.404672663668166,0.058237580903996104
main_c11_v1_D02,3,1.537231384307846,2.63968015992004,10.81,0.10693959460155786,0.08877466028890303,1.4161669165417292,0.06751072758226499
main_c11_v1_D02,4,1.5982008995502248,2.7436281859070464,11.18,0.11002135355538602,0.10865638609266767,1.4009245377311343,0.08143073545771569
main_c11_v1_D02,5,1.697151424287856,2.948525737131434,11.75,0.11687039769565277,0.1432033983008495,1.3761869065467267,0.055031543170628416
main_c11_v1_D02,6,1.7286356821589206,3.1094452773613193,11.73,0.11873655686610571,0.1521602294091047,1.3683158420789605,0.056322283229385116
main_c11_v1_D02,7,1.4832583708145928,2.730134932533733,10.52,0.1039572184314856,0.08054127698055726,1.4296601699150424,0.06445773098391265
main_c11_v1_D02,8,1.5052473763118441,2.60519740129935,10.77,0.10551226209295192,0.07609231098736335,1.4241629185407296,0.03173084645550255
main_c11_v1_D03,0,1.5642178910544728,2.635182408795602,10.82,0.10701579707942606,0.08308127682190647,1.4431534232883558,0.06333871611404387
main_c11_v1_D03,1,1.7026486756621688,2.9655172413793105,11.71,0.11533936967628208,0.14048293313660606,1.408545727136432,0.06070863863648729
main_c11_v1_D03,2,1.6386806596701649,2.8855572213893055,11.13,0.11121268072675887,0.11377009907744517,1.4245377311344327,0.053273604678617525
main_c11_v1_D03,3,1.6041979010494753,2.8450774612693652,11.02,0.11005673725820571,0.10389705940680437,1.433158420789605,0.02007690099782318
main_c11_v1_D03,4,1.615192403798101,2.8215892053973013,10.83,0.11051890900836815,0.11059430602159213,1.4304097951024488,0.06311120531466723
main_c11_v1_D03,5,1.6656671664167917,2.8815592203898053,11.32,0.11302948075234856,0.1171707796895201,1.417791104447776,0.02824755719352084
main_c11_v1_D03,6,1.6196901549225386,2.9390304847576214,11.31,0.11001840215184062,0.11759973188009151,1.4292853573213393,0.05917850090829205
main_c11_v1_D03,7,1.6511744127936032,2.6901549225387305,11.07,0.11257042528500083,0.10224788399451047,1.4214142928535731,0.05171084997823939
main_c11_v1_D03,8,1.6121939030484758,2.7316341829085458,11.13,0.11023819806176922,0.11115592997152192,1.431159420289855,0.07877174273605726
main_c11_v1_D04,0,1.5697151424287856,2.734632683658171,10.59,0.10650543818560851,0.09272665254674235,1.4416541729135433,0.023251123484167007
main_c11_v1_D04,1,1.5792103948025986,2.7521239380309845,11.06,0.10882263314006722,0.0950873769464473,1.43928035982009,0.014863848838608423
main_c11_v1_D04,2,1.6791604197901049,2.923538230884558,11.56,0.11386546898388222,0.13030012771392063,1.4142928535732133,0.019387775782324007
main_c11_v1_D04,3,1.6126936531734133,2.795102448775612,11.01,0.11090672559824907,0.09948636792714739,1.4309095452273863,0.02009836143270943
main_c11_v1_D04,4,1.672663668165917,2.9300349825087455,11.22,0.11367557978604571,0.12701010605808183,1.4159170414792603,0.012942020999001665
main_c11_v1_D04,5,1.7896051974012994,3.0124937531234384,12.24,0.12126727594257844,0.17681139588935668,1.3866816591704147,0.01880362147581883
main_c11_v1_D04,6,1.5677161419290355,2.846576711644178,10.26,0.10663755457195814,0.0912767822437986,1.4421539230384808,0.02818997689175808
main_c11_v1_D04,7,1.568215892053973,2.7496251874062967,10.84,0.1071123895361232,0.09111495839381886,1.4420289855072463,0.028200705881433055
main_c11_v1_D04,8,1.6336831584207896,2.7741129435282357,11.17,0.1112069342554875,0.09618623228068492,1.4256621689155422,0.01839940552706185
main_c11_v1_D05,0,1.5812093953023487,2.9070464767616193,11.12,0.10973987347538935,0.11405705877220089,1.4064217891054474,0.06452388184345473
main_c11_v1_D05,1,1.6026986506746628,2.813593203398301,11.05,0.11164624625780721,0.10647870509189836,1.4010494752623688,0.07301091410218641
main_c11_v1_D05,2,1.5332333833083458,2.63368315842079,10.57,0.10618576879560561,0.09354648072788986,1.418415792103948,0.09269915405295069
main_c11_v1_D05,3,1.6166916541729135,2.818590704647676,11.13,0.11245899182840768,0.11589840000634584,1.397551224387806,0.16011797740429048
main_c11_v1_D05,4,1.6016991504247875,2.681159420289855,11.21,0.11069116402061162,0.10239443770178387,1.4012993503248377,0.09324498750335004
main_c11_v1_D05,5,1.5497251374312844,2.8960519740129933,10.09,0.10800667805237607,0.10705817726057587,1.4142928535732133,0.12389970237481591
main_c11_v1_D05,6,1.5837081459270366,2.783608195902049,11.48,0.1095141148615249,0.10159424256125889,1.4057971014492754,0.061070490106686075
main_c11_v1_D05,7,1.6771614192903548,2.8025987006496753,11.62,0.11625293536261992,0.1257821486082353,1.3824337831084457,0.08989824602712232
main_c11_v1_D05,8,1.6676661669165418,2.8650674662668667,11.78,0.11550422734565752,0.13319034926980927,1.384807596201899,0.046950962306305806
main_c11_v1_D06,0,1.688655672163918,2.8725637181409294,11.34,0.11824397047890266,0.14386437733514185,1.3626936531734133,0.03885156856724073
main_c11_v1_D06,1,1.6116941529235382,2.789105447276362,11.0,0.1136095310585306,0.12324670997834405,1.3819340329835081,0.023947081954925994
main_c11_v1_D06,2,1.5142428785607196,2.810094952523738,10.49,0.10608295050527085,0.09710918350348628,1.406296851574213,0.026292983259030983
main_c11_v1_D06,3,1.550224887556222,2.736631684157921,11.03,0.10885690504602884,0.09892494229075921,1.3973013493253372,0.015174040030113056
main_c11_v1_D06,4,1.5247376311844079,2.7216391804097952,10.73,0.10675366064515415,0.08119035720235122,1.4036731634182908,0.020480030107997482
main_c11_v1_D06,5,1.5802098950524737,2.7511244377811095,10.87,0.11071607991999412,0.11337248042645325,1.3898050974512743,0.016462804190308353
main_c11_v1_D06,6,1.6141929035482259,2.870064967516242,11.27,0.11321184577255144,0.1197716617881536,1.3813093453273364,0.037772449198725654
main_c11_v1_D06,7,1.5592203898050974,2.7226386806596703,10.91,0.10792202956938808,0.10347147854644105,1.3950524737631185,0.018215145818750177
main_c11_v1_D06,8,1.6356821589205397,2.8745627186406795,11.71,0.11460302700417932,0.11904880892886875,1.3759370314842578,0.03269349799178333
main_c11_v1_D07,0,1.5707146426786607,2.733633183408296,10.67,0.10887773693172714,0.09680140088685785,1.4225387306346826,0.010825477032272927
main_c11_v1_D07,1,1.6296851574212894,2.948525737131434,11.59,0.11269287153036316,0.11641659329065622,1.4077961019490255,0.023471735160285764
main_c11_v1_D07,2,1.7086456771614194,2.8970514742628684,11.7,0.1171961756930509,0.1457126595432439,1.3880559720139931,0.025920487217490223
main_c11_v1_D07,3,1.712143928035982,3.0134932533733134,11.81,0.11697166708752363,0.14704235183995273,1.3871814092953523,0.011866801350765793
main_c11_v1_D07,4,1.5622188905547227,2.753623188405797,10.95,0.10678197568222128,0.08740609853803255,1.4246626686656672,0.029279398807104926
main_c11_v1_D07,5,1.654672663668166,2.868065967016492,11.33,0.11409469786845391,0.10673988402624057,1.4015492253873063,0.023862726607792012
main_c11_v1_D07,6,1.5712143928035982,2.887056471764118,11.11,0.10813203260807688,0.09892831362096724,1.4224137931034482,0.03486416371941272
main_c11_v1_D07,7,1.497751124437781,2.7811094452773615,10.83,0.10353569609016769,0.08535355338203918,1.4407796101949026,0.01701268570267228
main_c11_v1_D07,8,1.6146926536731634,2.7306346826586707,10.52,0.11171714650841545,0.1155991448720082,1.411544227886057,0.030490270594899047
main_c11_v1_D08,0,1.6006996501749124,2.7916041979010493,10.77,0.1126657562311794,0.1332847465156309,1.3753123438280859,0.019870915042394677
main_c11_v1_D08,1,1.5897051474262869,2.68215892053973,11.2,0.11258998842853281,0.10828712627813065,1.3780609695152424,0.017910422170395016
main_c11_v1_D08,2,1.4802598700649676,2.681159420289855,10.21,0.10482887390654504,0.0954090415109905,1.4054222888555723,0.035902475324694115
main_c11_v1_D08,3,1.5302348825587206,2.796601699150425,10.86,0.10752379192705601,0.09805474247003468,1.392928535732134,0.036410927965157124
main_c11_v1_D08,4,1.6361819090454772,2.8505747126436782,11.11,0.11486848456659772,0.11787042986443276,1.3664417791104448,0.027691690540307835
main_c11_v1_D08,5,1.6021989005497252,2.8490754622688654,11.22,0.11237919945958053,0.13207166258140757,1.3749375312343828,0.029041843070565936
main_c11_v1_D08,6,1.5977011494252873,2.784607696151924,11.15,0.11238443763756657,0.10605431411278471,1.3760619690154923,0.014006253380816062
main_c11_v1_D08,7,1.5977011494252873,2.847576211894053,11.0,0.11235063949481723,0.11176871881519547,1.3760619690154923,0.02491556000869131
main_c11_v1_D08,8,1.569215392303848,2.6911544227886055,10.79,0.11040882834812467,0.09719921785139159,1.383183408295852,0.021813869964917562
main_c11_v1_label,0,1.6501749125437282,2.9880059970014994,11.18,0.11601386418063771,0.11679953673956656,1.3504497751124438,
main_c11_v1_label,1,1.5847076461769116,2.679160419790105,11.21,0.11234075389709818,0.10861077397809014,1.366816591704148,
main_c11_v1_label,2,1.657671164417791,2.953023488255872,11.66,0.11712937885828258,0.15234426437574838,1.3485757121439281,
main_c11_v1_label,3,1.5882058970514743,2.782608695652174,11.29,0.11182190868467283,0.12204631811078577,1.3659420289855073,
main_c11_v1_label,4,1.527736131934033,2.6946526736631684,10.85,0.10842742931873692,0.09953019521985026,1.3810594702648675,
main_c11_v1_label,5,1.4162918540729634,2.5142428785607196,10.17,0.10220053296044161,0.07059585286721722,1.408920539730135,
main_c11_v1_label,6,1.5712143928035982,2.79960019990005,11.12,0.1112976040452141,0.10707642210640707,1.3701899050474762,
main_c11_v1_label,7,1.607696151924038,2.763618190904548,11.22,0.11394470188969219,0.12757510133821962,1.3610694652673663,
main_c11_v1_label,8,1.5002498750624689,2.6136931534232883,10.25,0.10682382616522391,0.0954215352641139,1.3879310344827587,
main_c12_v0_A,0,1.5472263868065967,2.762118940529735,11.23,0.10693092106693694,0.09480101219231651,1.4320339830084958,0.023796959565899032
main_c12_v0_A,1,1.584207896051974,2.7786106946526736,10.99,0.10893282938683563,0.10675455922832225,1.4227886056971515,0.03874891079759733
main_c12_v0_A,2,1.6991504247876061,3.07696151924038,11.56,0.115984432690354,0.14524364801726114,1.3940529735132434,0.05983859401981718
main_c12_v0_A,3,1.6336831584207896,2.8115942028985508,11.49,0.11124870934368514,0.10161546211021456,1.4104197901049476,0.020385254154328635
main_c12_v0_A,4,1.6636681659170416,2.8215892053973013,11.67,0.11436750175992291,0.13793896702442432,1.4029235382308844,0.027155784723275678
main_c12_v0_A,5,1.5567216391804097,2.7251374312843577,10.89,0.10745036893789289,0.09272228964882628,1.4296601699150424,0.055334194051893354
main_c12_v0_A,6,1.488255872063968,2.6506746626686657,10.42,0.10262330003365432,0.06975401188294737,1.446776611694153,0.035196227375802844
main_c12_v0_A,7,1.6551724137931034,2.861569215392304,11.25,0.11426159737320171,0.12275965192007153,1.405047476261869,0.041139245761003196
main_c12_v0_A,8,1.72263868065967,2.8530734632683656,11.57,0.1182003394075166,0.12841039797561535,1.3881809095452273,0.020009029918485525
main_c12_v0_D00,0,1.6241879060469766,2.7501249375312344,11.15,0.11388086336111013,0.11677772224998599,1.3743128435782108,0.011717375055441702
main_c12_v0_D00,1,1.5812093953023487,2.8555722138930535,11.46,0.1110704281759187,0.10806660161982487,1.3850574712643677,0.009148433490108729
main_c12_v0_D00,2,1.5667166416791605,2.6461769115442277,10.87,0.11009322342311563,0.10621574133568108,1.3886806596701649,0.010755265193902264
main_c12_v0_D00,3,1.4727636181909045,2.6126936531734133,10.72,0.10386324679677292,0.08665409358812635,1.4121689155422288,0.014372182393233008
main_c12_v0_D00,4,1.725137431284358,2.92303848075962,11.47,0.11996913951364464,0.153778269595361,1.3490754622688657,0.010674406398962935
main_c12_v0_D00,5,1.5497251374312844,2.819590204897551,10.99,0.1084393498885118,0.09905563091470135,1.392928535732134,0.011287642349021893
main_c12_v0_D00,6,1.498750624687656,2.6796601699150426,10.96,0.1060125116726078,0.09325258005917675,1.405672163918041,0.009740054655494731
main_c12_v0_D00,7,1.5527236381809095,2.7306346826586707,11.15,0.10933466213404944,0.09678652737123472,1.3921789105447275,0.0165459083739796
main_c12_v0_D00,8,1.671664167916042,3.0049975012493753,11.52,0.11733657503426903,0.1394128332659066,1.3624437781109446,0.011588593987145348
main_c12_v0_D01,0,1.5737131434282858,2.731134432783608,10.9,0.10906904163317103,0.09869033737099685,1.4142928535732133,0.02351876557225364
main_c12_v0_D01,1,1.6701649175412294,2.79960019990005,11.07,0.11539712325583877,0.12631878505191824,1.3901799100449774,0.01978132731644287
main_c12_v0_D01,2,1.5862068965517242,2.738630684657671,11.35,0.10992791374667124,0.11203426064745388,1.4111694152923537,0.024378426130974896
main_c12_v0_D01,3,1.615192403798101,2.7701149425287355,11.19,0.1114736216332065,0.11760171501550798,1.4039230384807597,0.0196661704293209
main_c12_v0_D01,4,1.5222388805597202,2.8850574712643677,10.99,0.10603974074410887,0.09481548908085627,1.4271614192903548,0.02459692322450277
main_c12_v0_D01,5,1.6221889055472263,2.7801099450274864,11.05,0.11148858647133927,0.11317297700356145,1.4021739130434783,0.01824629135590321
main_c12_v0_D01,6,1.6596701649175412,2.857071464267866,11.4,0.1145334011515729,0.12622002490818052,1.3928035982008995,0.03502771100855102
main_c12_v0_D01,7,1.582208895552224,2.7661169415292353,11.23,0.10949012111899531,0.08750009915677065,1.4121689155422288,0.01899315149320586
main_c12_v0_D01,8,1.630184907546227,2.863568215892054,11.11,0.11258045024509615,0.12364631176475233,1.4001749125437282,0.03393043930662575
main_c12_v0_D02,0,1.6646676661669166,2.7741129435282357,11.53,0.11492211844266406,0.1135114982191442,1.381559220389805,0.025503880205324514
main_c12_v0_D02,1,1.6186906546726636,2.8285857071464267,11.33,0.11265571069864874,0.1228288633461045,1.3930534732633684,0.016735155545222872
main_c12_v0_D02,2,1.5902048975512244,2.7841079460269866,10.55,0.11026053912135572,0.11340619372853226,1.4001749125437282,0.014210736150520991
main_c12_v0_D02,3,1.6356821589205397,2.790104947526237,11.54,0.11356756468087391,0.12814168312669033,1.3888055972013993,0.014097839487002536
main_c12_v0_D02,4,1.618190904547726,2.71464267866067,11.63,0.11294982632306548,0.11863155723725419,1.3931784107946028,0.03728777557963164
main_c12_v0_D02,5,1.4472763618190905,2.5127436281859072,10.41,0.10146863256293834,0.07926850067029968,1.4359070464767616,0.022175894754504547
main_c12_v0_D02,6,1.5687156421789106,2.705647176411794,11.07,0.10945745157148674,0.10555773700451337,1.4055472263868065,0.011557921780285363
main_c12_v0_D02,7,1.5797101449275361,2.8885557221389306,11.32,0.10978281215289547,0.10445174238277663,1.4027986006996502,0.013332593681180916
main_c12_v0_D02,8,1.658670664667666,2.837081459270365,11.54,0.11493534444607158,0.11420222428468277,1.3830584707646176,0.01263870148478607
main_c12_v0_D03,0,1.5247376311844079,2.738130934532734,10.53,0.10655660272527537,0.08441493538944812,1.4165417291354323,0.010629135646326284
main_c12_v0_D03,1,1.6341829085457271,2.8540729635182407,11.82,0.11324302646967865,0.11972942100378361,1.3891804097951024,0.020139022665054428
main_c12_v0_D03,2,1.5997001499250374,2.818590704647676,11.09,0.11183261323147456,0.09936043882820476,1.3978010994502748,0.01078305270629929
main_c12_v0_D03,3,1.6051974012993504,2.8030984507746126,11.16,0.11173328354957014,0.11798327026962675,1.3964267866066966,0.007540053758641959
main_c12_v0_D03,4,1.539230384807596,2.744127936031984,11.02,0.10668477226359457,0.1030068299183741,1.4129185407296352,0.013576679506032453
main_c12_v0_D03,5,1.6116941529235382,2.733133433283358,11.07,0.1115957393585343,0.11251160134218578,1.3948025987006496,0.016843047203899928
main_c12_v0_D03,6,1.5497251374312844,2.807096451774113,10.99,0.10813446900173114,0.09783263130339571,1.4102948525737131,0.017358164873200427
main_c12_v0_D03,7,1.6761619190404797,2.781609195402299,11.83,0.11624033250375225,0.13073820232740738,1.3786856571714143,0.010365605984630122
main_c12_v0_D03,8,1.6411794102948525,2.9025487256371814,11.58,0.11397916089638893,0.13442266961757188,1.3874312843578211,0.017357800831514638
main_c12_v0_D04,0,1.5912043978010995,2.5592203898050974,11.01,0.10918568682633922,0.09379635579035865,1.4379060469765117,0.04666660219686227
main_c12_v0_D04,1,1.5447276361819091,2.866566716641679,11.05,0.10567728196884064,0.09984511712397763,1.4495252373813095,0.05002926451156097
main_c12_v0_D04,2,1.5517241379310345,2.6751624187906047,10.83,0.10634497007123353,0.08058212957013554,1.447776111944028,0.02244290332479304
main_c12_v0_D04,3,1.6146926536731634,2.8845577211394304,10.85,0.11035101051329567,0.11001741192895605,1.4320339830084958,0.04877308497804808
main_c12_v0_D04,4,1.6326836581709145,2.834582708645677,11.21,0.11177533513380782,0.09623620729317868,1.4275362318840579,0.017877124744831288
main_c12_v0_D04,5,1.6251874062968517,2.788605697151424,11.24,0.11012169953424161,0.10596289157008781,1.4294102948525738,0.03230693733861708
main_c12_v0_D04,6,1.6486756621689156,2.7661169415292353,11.47,0.11234137251111481,0.11530286444079532,1.4235382308845577,0.02510171901898804
main_c12_v0_D04,7,1.7916041979010495,2.9870064967516243,12.11,0.12045518321045004,0.17566078072075045,1.3878060969515242,0.049076196076110246
main_c12_v0_D04,8,1.6851574212893554,2.800599700149925,11.83,0.1137474602306768,0.1225962415617586,1.4144177911044478,0.02017474872962569
main_c12_v0_D05,0,1.6766616691654173,2.8205897051474262,11.47,0.11233127125495125,0.11843106224665423,1.4469015492253874,0.06133793153247227
main_c12_v0_D05,1,1.6861569215392305,2.84207896051974,11.28,0.11295865688570517,0.1252597907395508,1.444527736131934,0.057126340681568126
main_c12_v0_D05,2,1.6976511744127936,2.945527236381809,11.5,0.11382798091976204,0.12832016531416804,1.4416541729135433,0.06901464574286742
main_c12_v0_D05,3,1.7096451774112944,2.897551224387806,11.15,0.11433566418597453,0.12172762824936717,1.438655672163918,0.016739891579880324
main_c12_v0_D05,4,1.6006996501749124,2.7116441779110443,10.97,0.1071590299861775,0.09345604975290124,1.4658920539730136,0.020913215118851483
main_c12_v0_D05,5,1.605697151424288,2.7246376811594204,11.27,0.10757319611654029,0.09334836549978971,1.4646426786606697,0.01699399220483371
main_c12_v0_D05,6,1.6751624187906047,2.8770614692653673,11.15,0.1119380813578239,0.10765787741050095,1.4472763618190905,0.030988365654549394
main_c12_v0_D05,7,1.5792103948025986,2.687656171914043,11.11,0.10674484555166844,0.09811443484606888,1.471264367816092,0.02973067802700617
main_c12_v0_D05,8,1.6976511744127936,2.893553223388306,11.65,0.11313127374139685,0.1136846259409976,1.4416541729135433,0.025643796658244084
main_c12_v0_D06,0,1.5357321339330334,2.7576211894052975,11.18,0.1118708178359623,0.10710954046786082,1.3350824587706147,0.02861647336652973
main_c12_v0_D06,1,1.4247876061969016,2.6241879060469766,10.27,0.10425643510451389,0.0860361485923703,1.3628185907046477,0.027203637513889198
main_c12_v0_D06,2,1.6326836581709145,2.8895552223888057,11.81,0.11735401518256575,0.13844803788581853,1.3108445777111444,0.020459914162634135
main_c12_v0_D06,3,1.4857571214392804,2.784607696151924,10.46,0.1085468230936355,0.1101199400299848,1.347576211894053,0.04639673390901078
main_c12_v0_D06,4,1.5587206396801598,2.785607196401799,10.99,0.11320505925367434,0.11188274910163944,1.329335332333833,0.030268991403550122
main_c12_v0_D06,5,1.5812093953023487,2.6646676661669164,11.13,0.11478479257882698,0.12592810737488375,1.3237131434282858,0.0389972362270935
main_c12_v0_D06,6,1.550224887556222,2.7486256871564216,10.83,0.11265115860847516,0.11984126984126953,1.3314592703648176,0.027752219591053714
main_c12_v0_D06,7,1.4677661169415293,2.739130434782609,10.79,0.10677297173383286,0.09396432736012918,1.3520739630184908,0.02476427207046343
main_c12_v0_D06,8,1.5152423788105946,2.6716641679160418,11.06,0.1105579266085134,0.10666987934604107,1.3402048975512244,0.041684285505581536
main_c12_v0_D07,0,1.5647176411794104,2.7201399300349824,10.77,0.10659578363416104,0.10028438161871413,1.4399050474762618,0.13397891001634007
main_c12_v0_D07,1,1.5557221389305347,2.736631684157921,11.21,0.10625825663187041,0.09013885914185744,1.4421539230384808,0.058260900853735885
main_c12_v0_D07,2,1.6256871564217892,2.733133433283358,11.31,0.11066398992378682,0.1221543989909804,1.4246626686656672,0.021186531429860645
main_c12_v0_D07,3,1.6246876561719141,2.7226386806596703,11.17,0.11050746489301715,0.10939827705195,1.424912543728136,0.07029613620560844
main_c12_v0_D07,4,1.6541729135432284,2.6921539230384806,11.73,0.11364463558508457,0.10166523880916657,1.4175412293853074,0.08146022883657437
main_c12_v0_D07,5,1.6991504247876061,2.984007996001999,11.3,0.11615048483744614,0.14674686466290657,1.406296851574213,0.06689326969268265
main_c12_v0_D07,6,1.5722138930534733,2.6991504247876064,11.08,0.10710237852810722,0.08950941196068618,1.4380309845077461,0.09250294763981354
main_c12_v0_D07,7,1.6841579210394804,2.822088955522239,11.28,0.11529957751354959,0.11823790485709491,1.4100449775112445,0.1219787610444742
main_c12_v0_D07,8,1.6681659170414793,2.8405797101449277,11.72,0.11377742845297703,0.12186466290664169,1.4140429785107447,0.08946002059725366
main_c12_v0_D08,0,1.6901549225387307,2.9035482258870564,11.45,0.11441179637964705,0.12191205984309408,1.4247876061969016,0.08262967208485757
main_c12_v0_D08,1,1.7031484257871063,2.866566716641679,11.68,0.11516223186939444,0.12207150393057416,1.4215392303848076,0.12279579462302247
main_c12_v0_D08,2,1.6391804097951024,2.861569215392304,11.2,0.1107356320577156,0.11565923387512575,1.4375312343828086,0.08029598341943239
main_c12_v0_D08,3,1.6506746626686657,2.8270864567716143,11.3,0.1111518817071223,0.11017031166956191,1.434657671164418,0.021038746458540675
main_c12_v0_D08,4,1.615192403798101,2.8000999500249875,11.2,0.10971210344157104,0.10958548503525993,1.443528235882059,0.09283689003167338
main_c12_v0_D08,5,1.63968015992004,2.7541229385307346,10.99,0.11143271851574331,0.1189064198059698,1.4374062968515742,0.048034391535755845
main_c12_v0_D08,6,1.5947026486756621,2.6761619190404797,10.67,0.10761270418016795,0.08674392962249018,1.4486506746626686,0.051135601609831945
main_c12_v0_D08,7,1.654672663668166,2.9290354822588704,10.99,0.11193059368853976,0.12011890879956832,1.4336581709145426,0.051196787130165455
main_c12_v0_D08,8,1.5912043978010995,2.7721139430284856,10.51,0.10785033816009848,0.0948321474183541,1.4495252373813095,0.0354145079007532
main_c12_v0_label,0,1.584207896051974,2.7786106946526736,10.99,0.10893282938683556,0.10675455922832225,1.4227886056971515,
main_c12_v0_label,1,1.488255872063968,2.6506746626686657,10.42,0.10262330003365432,0.06975401188294737,1.446776611694153,
main_c12_v0_label,2,1.5472263868065967,2.762118940529735,11.23,0.10693092106693694,0.09480101219231651,1.4320339830084958,
main_c12_v0_label,3,1.6636681659170416,2.8215892053973013,11.67,0.11436750175992295,0.13793896702442432,1.4029235382308844,
main_c12_v0_label,4,1.6336831584207896,2.8115942028985508,11.49,0.11124870934368501,0.10161546211021456,1.4104197901049476,
main_c12_v0_label,5,1.6991504247876061,3.07696151924038,11.56,0.11598443269035402,0.14524364801726114,1.3940529735132434,
main_c12_v0_label,6,1.5567216391804097,2.7251374312843577,10.89,0.10745036893789295,0.09272228964882628,1.4296601699150424,
main_c12_v0_label,7,1.72263868065967,2.8530734632683656,11.57,0.1182003394075166,0.12841039797561535,1.3881809095452273,
main_c12_v0_label,8,1.6551724137931034,2.861569215392304,11.25,0.11426159737320161,0.12275965192007153,1.405047476261869,
main_c12_v1_A,0,1.553223388305847,2.7711144427786105,11.07,0.11000970508491124,0.10212691273410901,1.3765617191404298,0.0742993267898782
main_c12_v1_A,1,1.5397301349325336,2.8225887056471763,11.05,0.10846105856152795,0.10418838199947626,1.379935032483758,0.11798080661161726
main_c12_v1_A,2,1.4907546226886557,2.734132933533233,10.74,0.10568617544355483,0.08919290354822577,1.3921789105447275,0.09952252328060306
main_c12_v1_A,3,1.6356821589205397,2.837081459270365,11.09,0.1152604944270332,0.12558185193117716,1.3559470264867566,0.04071844440627156
main_c12_v1_A,4,1.5367316341829085,2.8255872063968015,10.87,0.1084539386942615,0.11201125627662345,1.3806846576711644,0.025080061550802144
main_c12_v1_A,5,1.6261869065467267,2.9430284857571216,11.26,0.11528099324478373,0.12893315247138326,1.35832083958021,0.03888608674682382
main_c12_v1_A,6,1.6296851574212894,2.8505747126436782,11.69,0.11477347303097951,0.122053854025368,1.3574462768615692,0.028876297515985472
main_c12_v1_A,7,1.5052473763118441,2.71664167916042,10.67,0.10818380051478035,0.08987768020751517,1.3885557221389306,0.04735525329354176
main_c12_v1_A,8,1.6016991504247875,2.8535732133933034,11.47,0.11389036099816767,0.12603400680612056,1.3644427786106947,0.022935618584713616
main_c12_v1_D00,0,1.6231884057971016,2.731134432783608,11.25,0.11299887744226153,0.1181361700102328,1.3858070964517741,0.02230951427155374
main_c12_v1_D00,1,1.5887056471764118,2.849575212393803,11.05,0.11079011555771316,0.10725708574284269,1.3944277861069465,0.05878868552296015
main_c12_v1_D00,2,1.6031984007996003,2.75912043978011,11.15,0.11195566930159388,0.10906213559886706,1.3908045977011494,0.025545501318816156
main_c12_v1_D00,3,1.537231384307846,2.812093953023488,10.78,0.10752076235555456,0.09518455058185193,1.407296351824088,0.027289241391220093
main_c12_v1_D00,4,1.646176911544228,2.813093453273363,11.48,0.11459106435447783,0.12693831655600743,1.3800599700149925,0.02346610848572096
main_c12_v1_D00,5,1.695152423788106,3.017991004497751,11.82,0.11746458408168635,0.13602365483924692,1.367816091954023,0.059742033452492016
main_c12_v1_D00,6,1.5397301349325336,2.719640179910045,10.6,0.10755622247682865,0.09908200661573963,1.406671664167916,0.07081021604217728
main_c12_v1_D00,7,1.6046976511744129,3.017991004497751,11.65,0.11236138095008007,0.10733264320220838,1.3904297851074463,0.02231900555147785
main_c12_v1_D00,8,1.4947526236881559,2.7106446776611692,10.87,0.10476132347980396,0.10098343685300201,1.4179160419790104,0.03632048405716823
main_c12_v1_D01,0,1.7036481759120439,3.0374812593703147,11.74,0.11613276950168915,0.13137716855857764,1.4041729135432284,0.011671471862197094
main_c12_v1_D01,1,1.7556221889055472,2.9100449775112445,11.44,0.11986129275395231,0.14685990338164245,1.3911794102948525,0.010707582045119133
main_c12_v1_D01,2,1.4657671164417791,2.6996501749125437,10.91,0.09964144297233271,0.06874241450703222,1.4636431784107946,0.013418407678758756
main_c12_v1_D01,3,1.5447276361819091,2.7001499250374814,10.66,0.10606966151619214,0.09401727707574782,1.4439030484757622,0.01152058502112555
main_c12_v1_D01,4,1.605697151424288,2.7426286856571713,11.02,0.10812724897603755,0.11002831917374616,1.4286606696651674,0.012042450042858616
main_c12_v1_D01,5,1.6251874062968517,2.903048475762119,11.48,0.11192319457844734,0.12319376026272558,1.4237881059470265,0.01882189974405915
main_c12_v1_D01,6,1.6421789105447275,2.84407796101949,11.24,0.11329900385930759,0.10188596178101407,1.4195402298850575,0.01224953412291112
main_c12_v1_D01,7,1.6096951524237881,2.8725637181409294,11.12,0.1103739171802862,0.10935960591132984,1.4276611694152923,0.016085995157598367
main_c12_v1_D01,8,1.6881559220389806,2.922538730634683,11.68,0.11457146866175505,0.11453558934818281,1.4080459770114941,0.017435409943834888
main_c12_v1_D02,0,1.6391804097951024,2.8215892053973013,11.79,0.11419018991140334,0.11108969324861362,1.3963018490754622,0.024853970667763306
main_c12_v1_D02,1,1.550224887556222,2.7521239380309845,11.16,0.10812543473642784,0.08905071273886857,1.4185407296351824,0.01813728678419881
main_c12_v1_D02,2,1.656671664167916,2.8630684657671166,11.13,0.11477773838206586,0.11654113419480722,1.3919290354822589,0.017218926437462673
main_c12_v1_D02,3,1.5942028985507246,2.849575212393803,11.25,0.1105151985174684,0.1186478189476688,1.4075462268865566,0.03156484232719408
main_c12_v1_D02,4,1.6516741629185407,2.8260869565217392,11.48,0.11354937725002023,0.12910687513386146,1.3931784107946028,0.011638448859426243
main_c12_v1_D02,5,1.6526736631684158,2.8030984507746126,11.42,0.11478066241183237,0.12701030437162344,1.392928535732134,0.015757962874745735
main_c12_v1_D02,6,1.5762118940529735,2.8310844577711145,11.09,0.10863485384507099,0.10238987649032606,1.4120439780109946,0.018824144911622466
main_c12_v1_D02,7,1.645177411294353,2.862568715642179,11.36,0.1124555825397478,0.11956640727255388,1.3948025987006496,0.015326340281295979
main_c12_v1_D02,8,1.4827586206896552,2.7491254372813594,10.65,0.10297096240596323,0.08659717760167525,1.435407296351824,0.023078591139276714
main_c12_v1_D03,0,1.6231884057971016,2.843578210894553,11.02,0.11091889385276264,0.10424926425676026,1.4295352323838082,0.014297369479278581
main_c12_v1_D03,1,1.593703148425787,2.825087456271864,10.63,0.10826726594674688,0.09392823429555047,1.4369065467266366,0.03109476360426634
main_c12_v1_D03,2,1.5817091454272865,2.7791104447776114,11.2,0.10806541366550795,0.0989929638355424,1.4399050474762618,0.03148646115452376
main_c12_v1_D03,3,1.6096951524237881,2.9060469765117443,10.86,0.10919782824419243,0.12148052957648144,1.4329085457271364,0.033380826624117683
main_c12_v1_D03,4,1.7096451774112944,2.9075462268865566,12.17,0.11588879522571492,0.1301970046722667,1.40792103948026,0.029513211079970746
main_c12_v1_D03,5,1.6351824087956022,2.866566716641679,11.11,0.11230161937630068,0.09744730809198561,1.4265367316341828,0.025590857917524718
main_c12_v1_D03,6,1.6631684157921038,2.990504747626187,11.33,0.11285920290000305,0.12401497663866445,1.4195402298850575,0.02827074378056298
main_c12_v1_D03,7,1.583208395802099,2.719640179910045,10.92,0.10838328607890542,0.09362183987371384,1.4395302348825587,0.034466675565064456
main_c12_v1_D03,8,1.683158420789605,2.893053473263368,11.62,0.11411769470986594,0.13606787875903287,1.4145427286356822,0.028322837645953624
main_c12_v1_D04,0,1.6486756621689156,2.926536731634183,11.58,0.11116623603667827,0.11322315032959691,1.4291604197901049,0.015622534703093388
main_c12_v1_D04,1,1.6511744127936032,2.76311844077961,11.42,0.11210584805047685,0.10875574117703037,1.428535732133933,0.018136169814633365
main_c12_v1_D04,2,1.5922038980509745,2.867066466766617,10.87,0.10848427129646036,0.1123634611265794,1.4432783608195903,0.018093108818895167
main_c12_v1_D04,3,1.7211394302848575,2.991504247876062,11.81,0.11578925914502768,0.13848670902643895,1.4110444777611195,0.010526471467344376
main_c12_v1_D04,4,1.5817091454272865,2.636681659170415,10.72,0.1078416115644171,0.09287499107589049,1.4459020489755123,0.019235313234302488
main_c12_v1_D04,5,1.5902048975512244,2.6686656671664166,10.91,0.10871935046281517,0.09358713500392649,1.4437781109445278,0.014558732803715212
main_c12_v1_D04,6,1.6601699150424787,2.8480759620189904,11.28,0.11276884231215781,0.11863770495704512,1.4262868565717142,0.015330879412902183
main_c12_v1_D04,7,1.6106946526736632,2.7821089455272365,11.22,0.10999093195667212,0.09862568715642157,1.438655672163918,0.012796011730652411
main_c12_v1_D04,8,1.6746626686656672,2.846576711644178,11.42,0.11313364917529448,0.12344542014706911,1.422663668165917,0.017362967842951067
main_c12_v1_D05,0,1.6201899050474762,2.729135432283858,10.84,0.10915554451773377,0.10777012287507026,1.447151424287856,0.014939434659132457
main_c12_v1_D05,1,1.7431284357821089,2.9110444777611195,11.73,0.11703830611056394,0.14664830283271046,1.4164167916041979,0.02621416813778683
main_c12_v1_D05,2,1.615192403798101,2.7016491754122938,11.01,0.10875124854728888,0.09535668673599688,1.4484007996002,0.01506141275847582
main_c12_v1_D05,3,1.5962018990504747,2.857071464267866,10.61,0.10862922467651556,0.10156905674147042,1.4531484257871063,0.021913172533621666
main_c12_v1_D05,4,1.6411794102948525,2.8160919540229883,11.14,0.11135810824642434,0.10625778380650931,1.441904047976012,0.03170633879497086
main_c12_v1_D05,5,1.608695652173913,2.695152423788106,10.7,0.10936420031657075,0.105916287887802,1.450024987506247,0.011044544555574555
main_c12_v1_D05,6,1.600199900049975,2.6796601699150426,10.56,0.10827390861742792,0.09257593425509465,1.4521489255372313,0.023209839820867023
main_c12_v1_D05,7,1.711144427786107,2.944527736131934,11.62,0.11491733597998835,0.12164413824833599,1.4244127936031985,0.02639344778017627
main_c12_v1_D05,8,1.6816591704147925,2.809095452273863,11.62,0.11251212298748653,0.12226168661700867,1.431784107946027,0.019618523524804737
main_c12_v1_D06,0,1.696151924037981,2.898550724637681,11.4,0.11718730587899397,0.12591977820613498,1.3839330334832585,0.02838100449018237
main_c12_v1_D06,1,1.5547226386806596,2.814092953523238,10.97,0.1075744019921615,0.09495311867875576,1.4192903548225888,0.03532793341867652
main_c12_v1_D06,2,1.5717141429285357,2.6976511744127936,11.03,0.10899946431191392,0.10177232812165336,1.4150424787606197,0.03195223593424979
main_c12_v1_D06,3,1.5487256371814093,2.813593203398301,11.12,0.10731298949489505,0.09425822802884265,1.4207896051974014,0.0323522322000643
main_c12_v1_D06,4,1.721639180409795,3.026986506746627,11.84,0.11804095366831194,0.1529015254277621,1.3775612193903048,0.04699262073577263
main_c12_v1_D06,5,1.6126936531734133,2.8350824587706147,11.41,0.11147297163528509,0.1177411294352822,1.4047976011994003,0.02477182408833245
main_c12_v1_D06,6,1.5447276361819091,2.6451774112943527,10.74,0.10787678943138326,0.09072547059803415,1.4217891054472764,0.04194584342590831
main_c12_v1_D06,7,1.5722138930534733,2.8310844577711145,10.95,0.10860033604124933,0.10836962471145371,1.4149175412293853,0.0277425686605192
main_c12_v1_D06,8,1.6411794102948525,2.8000999500249875,11.74,0.11293478754580587,0.11335879679208008,1.3976761619190405,0.03130151057892844
main_c12_v1_D07,0,1.6601699150424787,2.8520739630184906,11.52,0.11370167635237785,0.12131652427754354,1.4042978510744628,0.047858040161943616
main_c12_v1_D07,1,1.6071964017991005,2.8835582208895554,11.02,0.11023911260082175,0.10810110817607048,1.4175412293853074,0.045055478798010244
main_c12_v1_D07,2,1.5772113943028485,2.762118940529735,11.21,0.10883405018010589,0.09550740502764475,1.4250374812593702,0.030535183036577106
main_c12_v1_D07,3,1.5432283858070965,2.793103448275862,10.64,0.10675100019341402,0.09922340417093024,1.4335332333833084,0.02417290467737733
main_c12_v1_D07,4,1.687656171914043,2.892553723138431,11.63,0.11502363800718876,0.13488711993209715,1.3974262868565717,0.031153350493492618
main_c12_v1_D07,5,1.6921539230384808,2.7976011994003,11.65,0.11554335475014926,0.12063234255887906,1.3963018490754622,0.03243260120215641
main_c12_v1_D07,6,1.5922038980509745,2.717641179410295,10.83,0.1096420774551256,0.10221298081118152,1.421289355322339,0.052357377629845846
main_c12_v1_D07,7,1.6116941529235382,2.842578710644678,10.82,0.11109138421721736,0.12152237373376779,1.4164167916041979,0.0249289765955359
main_c12_v1_D07,8,1.583208395802099,2.7711144427786105,10.76,0.10917370624359947,0.09659674131188364,1.4235382308845577,0.035243739889494946
main_c12_v1_D08,0,1.6381809095452273,2.9090454772613694,11.51,0.11361549789965089,0.11424109373884472,1.3865567216391803,0.08226542178370146
main_c12_v1_D08,1,1.5707146426786607,2.7201399300349824,11.2,0.10948575536489728,0.09492158682563469,1.4034232883558222,0.12432974745445158
main_c12_v1_D08,2,1.542728635682159,2.739630184907546,10.84,0.10825134091325271,0.10215487494348056,1.4104197901049476,0.09650576153796782
main_c12_v1_D08,3,1.6476761619190405,2.9385307346326837,11.47,0.11399406244283908,0.13102972323362114,1.3841829085457271,0.1074291042845531
main_c12_v1_D08,4,1.6156921539230384,2.7231384307846076,11.17,0.11224902212945519,0.10111253896861082,1.3921789105447275,0.12002336999083867
main_c12_v1_D08,5,1.5632183908045978,2.8660669665167418,10.43,0.10920221206093791,0.10973322862378324,1.4052973513243379,0.1059868131329799
main_c12_v1_D08,6,1.5332333833083458,2.734132933533233,10.75,0.1071061079288407,0.10326384426834184,1.4127936031984007,0.09794203635576045
main_c12_v1_D08,7,1.6191904047976011,2.7796101949025487,11.09,0.11241107932035131,0.12265950358154236,1.391304347826087,0.1106821203794544
main_c12_v1_D08,8,1.6381809095452273,2.920039980009995,11.15,0.11368492193977486,0.12088360581613947,1.3865567216391803,0.09914327479380296
main_c12_v1_label,0,1.6356821589205397,2.837081459270365,11.09,0.1152604944270332,0.12558185193117716,1.3559470264867566,
main_c12_v1_label,1,1.6296851574212894,2.8505747126436782,11.69,0.11477347303097946,0.122053854025368,1.3574462768615692,
main_c12_v1_label,2,1.4907546226886557,2.734132933533233,10.74,0.10568617544355481,0.08919290354822577,1.3921789105447275,
main_c12_v1_label,3,1.5397301349325336,2.8225887056471763,11.05,0.10846105856152796,0.10418838199947626,1.379935032483758,
main_c12_v1_label,4,1.5367316341829085,2.8255872063968015,10.87,0.10845393869426147,0.11201125627662345,1.3806846576711644,
main_c12_v1_label,5,1.5052473763118441,2.71664167916042,10.67,0.10818380051478041,0.08987768020751517,1.3885557221389306,
main_c12_v1_label,6,1.553223388305847,2.7711144427786105,11.07,0.11000970508491126,0.10212691273410901,1.3765617191404298,
main_c12_v1_label,7,1.6261869065467267,2.9430284857571216,11.26,0.11528099324478369,0.12893315247138326,1.35832083958021,
main_c12_v1_label,8,1.6016991504247875,2.8535732133933034,11.47,0.11389036099816766,0.12603400680612056,1.3644427786106947,
main_c13_v0_A,0,1.7181409295352323,2.891554222888556,11.84,0.11707129316335778,0.1462346207848457,1.3863068465767117,0.03430755742692227
main_c13_v0_A,1,1.6661669165417292,2.8510744627686155,10.94,0.11456604056010648,0.14049463363556308,1.3993003498250876,0.06687967402392075
main_c13_v0_A,2,1.6346826586706646,2.813093453273363,11.63,0.11053328922956077,0.1095773541800526,1.4071714142928535,0.06089142857978149
main_c13_v0_A,3,1.5472263868065967,2.608695652173913,10.45,0.10777527848234696,0.09090216796363709,1.4290354822588707,0.03571971342011524
main_c13_v0_A,4,1.5987006496751623,2.7831084457771116,11.04,0.1101661055701996,0.09781597296589778,1.4161669165417292,0.029340989160335427
main_c13_v0_A,5,1.461769115442279,2.712143928035982,10.59,0.1011283821696333,0.07677530282477793,1.45039980009995,0.030174196913870226
main_c13_v0_A,6,1.5517241379310345,2.5752123938030986,10.83,0.10782672736933603,0.08017122391185351,1.4279110444777612,0.045871542094377445
main_c13_v0_A,7,1.6651674162918542,2.7841079460269866,11.29,0.1150865117444548,0.1252457104780941,1.3995502248875562,0.0570168328937062
main_c13_v0_A,8,1.683158420789605,3.1414292853573214,11.74,0.11584637171100423,0.13278301325527697,1.3950524737631185,0.042602986585374814
main_c13_v0_D00,0,1.5147426286856571,2.7681159420289854,10.72,0.10422190276941858,0.07407784203136522,1.4577711144427785,0.015069854207433911
main_c13_v0_D00,1,1.5742128935532234,2.6426786606696653,11.02,0.10723525829468782,0.09646426786606684,1.442903548225887,0.015321850271139028
main_c13_v0_D00,2,1.6671664167916043,2.8885557221389306,11.6,0.11303473449153209,0.13190904547726115,1.419665167416292,0.013188679012844895
main_c13_v0_D00,3,1.6266866566716642,2.7011494252873565,11.77,0.11057354728482895,0.104510839818186,1.4297851074462768,0.015144833856802051
main_c13_v0_D00,4,1.654672663668166,2.791104447776112,11.08,0.11238965599710836,0.12181706765664753,1.4227886056971515,0.01582936985349827
main_c13_v0_D00,5,1.7076461769115443,2.7731134432783606,11.75,0.11605460712466989,0.13188346303038928,1.409545227386307,0.012927302768496731
main_c13_v0_D00,6,1.7166416791604198,2.886056971514243,11.4,0.11696620485555279,0.13211846457723508,1.407296351824088,0.010345790921882727
main_c13_v0_D00,7,1.606696651674163,2.8040979510244877,10.97,0.10809909667851547,0.11108612360486417,1.434782608695652,0.014080484807684751
main_c13_v0_D00,8,1.6231884057971016,2.7246376811594204,11.37,0.11142499250368598,0.0961328859379832,1.4306596701649175,0.012255687856581045
main_c13_v0_D01,0,1.4692653673163418,2.6456771614192904,10.72,0.10276601230866235,0.07378314810848537,1.4369065467266366,0.03854890955479206
main_c13_v0_D01,1,1.617191404297851,2.769615192403798,10.73,0.11259398164327664,0.10283766846735344,1.3999250374812593,0.0231437354702892
main_c13_v0_D01,2,1.5067466266866567,2.6716641679160418,10.73,0.10530039393878311,0.07560188159888298,1.4275362318840579,0.025550794712953868
main_c13_v0_D01,3,1.6391804097951024,2.839080459770115,10.99,0.11303736256583669,0.11146787717252467,1.3944277861069465,0.02500091930093382
main_c13_v0_D01,4,1.7106446776611695,2.867066466766617,11.07,0.11766798534093019,0.1552204056701807,1.3765617191404298,0.0487481153142815
main_c13_v0_D01,5,1.590704647676162,2.751624187906047,10.79,0.10900160376702679,0.10870913749474446,1.4065467266366816,0.038005263512834876
main_c13_v0_D01,6,1.4982508745627185,2.63968015992004,10.7,0.10457721887493986,0.08215753234493854,1.4296601699150424,0.027877449291704354
main_c13_v0_D01,7,1.7041479260369816,2.9575212393803096,11.44,0.11773398879738796,0.15787562567922378,1.3781859070464768,0.02677089090632097
main_c13_v0_D01,8,1.6976511744127936,2.9515242378810593,11.37,0.11732145276315646,0.1323467234636649,1.3798100949525238,0.04896815533360092
main_c13_v0_D02,0,1.5657171414292854,2.6706646676661667,10.94,0.10977097176628335,0.10486542443064166,1.3914292853573214,0.05064103800242018
main_c13_v0_D02,1,1.5827086456771615,2.5997001499250376,10.87,0.11056969883573994,0.10368863187453875,1.3871814092953523,0.023026466765530235
main_c13_v0_D02,2,1.5317341329335332,2.7811094452773615,10.77,0.10811847723364698,0.0930094476571236,1.3999250374812593,0.01954775052769335
main_c13_v0_D02,3,1.4942528735632183,2.5937031484257873,10.48,0.10562448734340779,0.0847308488612835,1.409295352323838,0.02759295277974408
main_c13_v0_D02,4,1.6486756621689156,2.819090454772614,11.41,0.11510530847464129,0.13184717165226903,1.3706896551724137,0.0396866119854677
main_c13_v0_D02,5,1.655672163918041,2.834582708645677,11.2,0.1152721043946557,0.137023155089122,1.3689405297351325,0.035091487796873565
main_c13_v0_D02,6,1.5667166416791605,2.7806096951524237,10.99,0.10957375046941124,0.10336736393707885,1.3911794102948525,0.017800800798817958
main_c13_v0_D02,7,1.5722138930534733,2.8360819590204898,11.39,0.11066538149005996,0.1191416196663571,1.3898050974512743,0.019750155467126395
main_c13_v0_D02,8,1.645177411294353,2.8470764617691153,10.97,0.11529981999215377,0.12232633683158388,1.3715642178910545,0.028182098310779478
main_c13_v0_D03,0,1.5727136431784108,2.8525737131434283,10.46,0.10937424208113813,0.0987490381793229,1.405047476261869,0.015341873111525522
main_c13_v0_D03,1,1.550224887556222,2.7761119440279862,11.11,0.1076097116254794,0.09631573102337705,1.4106696651674162,0.015415282116858038
main_c13_v0_D03,2,1.623688155922039,2.824087956021989,11.11,0.11382207783437509,0.1160171898177892,1.392303848075962,0.018269626309928347
main_c13_v0_D03,3,1.6041979010494753,2.7521239380309845,10.57,0.1110295650100161,0.10509526982540471,1.397176411794103,0.025076771560816682
main_c13_v0_D03,4,1.6231884057971016,2.8300849575212395,11.61,0.113693757781929,0.11632358423962608,1.3924287856071964,0.016832234462429017
main_c13_v0_D03,5,1.6816591704147925,2.9185407296351826,11.32,0.11615748016240716,0.13454245099672363,1.3778110944527737,0.02195233569324317
main_c13_v0_D03,6,1.5627186406796603,2.8160919540229883,10.83,0.10837082980340781,0.10250965786947787,1.4075462268865566,0.012576726571298562
main_c13_v0_D03,7,1.5252373813093454,2.8045977011494254,10.92,0.10620186198748434,0.09829450354187978,1.4169165417291354,0.02834376651184745
main_c13_v0_D03,8,1.6421789105447275,2.7961019490254873,11.4,0.1137404737137629,0.1321525745063975,1.3876811594202898,0.025088912995742965
main_c13_v0_D04,0,1.5802098950524737,2.8760619690154923,10.77,0.11037631898403653,0.11338021465457725,1.4006746626686657,0.040028069445155204
main_c13_v0_D04,1,1.7406296851574212,2.9620189905047476,11.81,0.12020876510491582,0.14848349634706437,1.3605697151424287,0.025501423882262213
main_c13_v0_D04,2,1.6366816591704147,2.7721139430284856,11.22,0.11290891297726845,0.1117215201922845,1.3865567216391803,0.023671033131223856
main_c13_v0_D04,3,1.592703648175912,2.7776111944027986,11.01,0.1121001238952008,0.10458699221817652,1.397551224387806,0.027891760419706573
main_c13_v0_D04,4,1.5597201399300349,2.763618190904548,10.92,0.1087338138904362,0.09283453511339554,1.4057971014492754,0.014430710395613255
main_c13_v0_D04,5,1.5162418790604697,2.812593703148426,10.63,0.10592701940696705,0.09087420575426568,1.4166666666666667,0.03895721876309844
main_c13_v0_D04,6,1.6346826586706646,2.84207896051974,11.48,0.11265137280252485,0.12590430974988676,1.3870564717641178,0.025071151787493057
main_c13_v0_D04,7,1.5412293853073464,2.72063968015992,11.23,0.10793634964964309,0.09481628233502282,1.4104197901049476,0.039934404315379236
main_c13_v0_D04,8,1.5637181409295353,2.835582208895552,10.81,0.10915732328900711,0.117398443635325,1.4047976011994003,0.04497261610530181
main_c13_v0_D05,0,1.554222888555722,2.9310344827586206,10.36,0.10865303946918893,0.11724137931034452,1.3928035982008995,0.011781269383206158
main_c13_v0_D05,1,1.5897051474262869,2.815592203898051,11.07,0.11239952485371574,0.10797220437400341,1.3839330334832585,0.014406667396207808
main_c13_v0_D05,2,1.68015992003998,2.7716141929035483,11.98,0.11730915620550506,0.1275017253278119,1.3613193403298351,0.010558696480027685
main_c13_v0_D05,3,1.5897051474262869,2.8770614692653673,11.28,0.11144808884547126,0.10412055876823477,1.3839330334832585,0.017138309537445395
main_c13_v0_D05,4,1.4832583708145928,2.7971014492753623,10.72,0.10504274888800699,0.09104495371361922,1.410544727636182,0.011607377130305343
main_c13_v0_D05,5,1.535232383808096,2.8340829585207397,10.73,0.10801965381255862,0.08833202446395842,1.397551224387806,0.008561050106069711
main_c13_v0_D05,6,1.5857071464267867,2.785607196401799,11.28,0.11088974506628531,0.11802967563837097,1.3849325337331335,0.006288116653725202
main_c13_v0_D05,7,1.615192403798101,2.946526736631684,11.21,0.11222845537466167,0.12291770781276018,1.3775612193903048,0.015254505182335476
main_c13_v0_D05,8,1.6176911544227885,2.9005497251374313,11.17,0.1140095874846063,0.12283977059089468,1.3769365317341329,0.011665634442649231
main_c13_v0_D06,0,1.6336831584207896,2.809095452273863,10.93,0.11384563530339188,0.1280984507746125,1.3983008495752125,0.13116746384343378
main_c13_v0_D06,1,1.5677161419290355,2.845577211394303,10.93,0.10823968708979813,0.10038314176245189,1.4147926036981509,0.08873206423811907
main_c13_v0_D06,2,1.6601699150424787,2.8820589705147426,11.74,0.11353567045551012,0.13258906261155118,1.39167916041979,0.1295016253003277
main_c13_v0_D06,3,1.5802098950524737,2.728135932033983,11.2,0.10983103895733061,0.09863163656267074,1.4116691654172913,0.07453982095327914
main_c13_v0_D06,4,1.6946526736631684,2.9205397301349327,11.48,0.11649748743053208,0.13121177506484819,1.3830584707646176,0.09303454563025619
main_c13_v0_D06,5,1.4917541229385307,2.6426786606696653,10.27,0.10420480179407444,0.08242664382094654,1.433783108445777,0.11572862300613039
main_c13_v0_D06,6,1.542728635682159,2.788105947026487,10.46,0.10755665090326948,0.09301599200399788,1.42103948025987,0.14078345700057304
main_c13_v0_D06,7,1.68215892053973,2.809095452273863,11.57,0.11584840349192405,0.13220473096784902,1.3861819090454772,0.08539989590197505
main_c13_v0_D06,8,1.6006996501749124,2.665167416291854,11.11,0.1104406245741693,0.10143856643106994,1.4065467266366816,0.0982997249937375
main_c13_v0_D07,0,1.5497251374312844,2.8375812093953026,10.95,0.10848545599764847,0.10218025907681072,1.4017991004497752,0.021109329348304545
main_c13_v0_D07,1,1.5497251374312844,2.754622688655672,10.69,0.10796146507106581,0.09982369926148023,1.4017991004497752,0.019395776581184947
main_c13_v0_D07,2,1.6206896551724137,2.868565717141429,11.64,0.11267776599207688,0.11605546433132619,1.3840579710144927,0.011728173330743177
main_c13_v0_D07,3,1.6126936531734133,2.7371314342828588,11.14,0.11321880873383515,0.1107355052632413,1.3860569715142428,0.022735659232794126
main_c13_v0_D07,4,1.5642178910544728,2.899050474762619,10.89,0.1091869801208781,0.11432299723154286,1.398175912043978,0.009493382735708617
main_c13_v0_D07,5,1.6186906546726636,2.8160919540229883,11.42,0.11248940516829595,0.12516281541768776,1.3845577211394302,0.015131073788175534
main_c13_v0_D07,6,1.5222388805597202,2.733633183408296,10.65,0.10714718719802237,0.08398697476658493,1.408670664667666,0.019097532941356878
main_c13_v0_D07,7,1.6201899050474762,2.833583208395802,10.92,0.11342456805032528,0.12665790120812587,1.3841829085457271,0.008112469862429049
main_c13_v0_D07,8,1.655672163918041,2.83808095952024,11.47,0.11540836366785197,0.12107438344319889,1.3753123438280859,0.014182557877252588
main_c13_v0_D08,0,1.6671664167916043,2.8270864567716143,11.29,0.11502527735103574,0.12887663311201517,1.3870564717641178,0.015185311133907258
main_c13_v0_D08,1,1.528735632183908,2.808095952023988,10.84,0.10662161701167969,0.09740010946907479,1.421664167916042,0.01414419902604227
main_c13_v0_D08,2,1.6041979010494753,2.8830584707646176,11.4,0.11083219069415644,0.1062962566335878,1.4027986006996502,0.0330574138291947
main_c13_v0_D08,3,1.6336831584207896,2.9395302348825587,11.48,0.11296035419253818,0.1170123271697483,1.3954272863568216,0.01896302150025431
main_c13_v0_D08,4,1.7081459270364818,2.9385307346326837,11.71,0.11723454412773485,0.13230111134908712,1.3768115942028984,0.01989664416453567
main_c13_v0_D08,5,1.5332333833083458,2.7821089455272365,10.58,0.10708175561244711,0.09061838128554763,1.4205397301349325,0.012551173751109907
main_c13_v0_D08,6,1.6126936531734133,2.8640679660169917,10.88,0.11205395732529207,0.11220639680159895,1.4006746626686657,0.03399212788408642
main_c13_v0_D08,7,1.566216891554223,2.897551224387806,11.26,0.10914100504110395,0.106606220699174,1.4122938530734632,0.02395945243724487
main_c13_v0_D08,8,1.576711644177911,2.870064967516242,11.04,0.109049298644012,0.10868256348016461,1.4096701649175412,0.0109688281212477
main_c13_v0_label,0,1.5472263868065967,2.608695652173913,10.45,0.10777527848234682,0.09090216796363709,1.4290354822588707,
main_c13_v0_label,1,1.6651674162918542,2.7841079460269866,11.29,0.11508651174445492,0.1252457104780941,1.3995502248875562,
main_c13_v0_label,2,1.683158420789605,3.1414292853573214,11.74,0.11584637171100427,0.13278301325527697,1.3950524737631185,
main_c13_v0_label,3,1.461769115442279,2.712143928035982,10.59,0.10112838216963324,0.07677530282477793,1.45039980009995,
main_c13_v0_label,4,1.6346826586706646,2.813093453273363,11.63,0.11053328922956081,0.1095773541800526,1.4071714142928535,
main_c13_v0_label,5,1.7181409295352323,2.891554222888556,11.84,0.11707129316335792,0.1462346207848457,1.3863068465767117,
main_c13_v0_label,6,1.5517241379310345,2.5752123938030986,10.83,0.10782672736933609,0.08017122391185351,1.4279110444777612,
main_c13_v0_label,7,1.5987006496751623,2.7831084457771116,11.04,0.11016610557019961,0.09781597296589778,1.4161669165417292,
main_c13_v0_label,8,1.6661669165417292,2.8510744627686155,10.94,0.1145660405601064,0.14049463363556308,1.3993003498250876,
main_c13_v1_A,0,1.578710644677661,2.787106446776612,10.98,0.10908219027585797,0.09901140699491505,1.4211644177911045,0.00863871783064967
main_c13_v1_A,1,1.5687156421789106,2.8360819590204898,11.13,0.10877037004164261,0.10005255308853493,1.423663168415792,0.01172708785143313
main_c13_v1_A,2,1.6261869065467267,2.7251374312843577,11.14,0.11241694682011366,0.10719778999389175,1.409295352323838,0.010402957952803825
main_c13_v1_A,3,1.5182408795602198,2.6381809095452273,10.39,0.10412278368351993,0.08878140294931884,1.4362818590704647,0.009577733455751447
main_c13_v1_A,4,1.7006496751624187,2.899050474762619,11.57,0.11711739192601829,0.15335506849749708,1.390679660169915,0.00902905208514798
main_c13_v1_A,5,1.6126936531734133,2.8970514742628684,11.18,0.11002225432480209,0.11068533193720592,1.4126686656671663,0.013416165025006916
main_c13_v1_A,6,1.6351824087956022,2.913543228385807,10.84,0.11273634600216599,0.11525804558038429,1.407046476761619,0.009848834951941367
main_c13_v1_A,7,1.607696151924038,2.758120939530235,11.45,0.10964710202910959,0.09816956601064525,1.4139180409795102,0.013074965993499485
main_c13_v1_A,8,1.6786606696651674,2.9160419790104948,11.82,0.11608461489676984,0.1274888349476053,1.396176911544228,0.01377352016795174
main_c13_v1_D00,0,1.5957021489255372,2.825087456271864,10.6,0.11018140442503402,0.1152784718751734,1.4069215392303849,0.03091883293176213
main_c13_v1_D00,1,1.5597201399300349,2.7136431784107944,10.85,0.10811999976328474,0.09364286110912788,1.4159170414792603,0.013709536322158392
main_c13_v1_D00,2,1.63968015992004,2.9250374812593702,11.33,0.11300345127513482,0.11814965533106446,1.395927036481759,0.035835468806264176
main_c13_v1_D00,3,1.646176911544228,2.7906046976511742,11.46,0.11341292007093752,0.12810479680794487,1.394302848575712,0.032376797849908316
main_c13_v1_D00,4,1.566216891554223,2.727136431784108,11.01,0.10917790404251466,0.10263836335800333,1.4142928535732133,0.024347096687758713
main_c13_v1_D00,5,1.5862068965517242,2.8255872063968015,11.05,0.11018569976569545,0.10730745738241976,1.409295352323838,0.02816473582726046
main_c13_v1_D00,6,1.633183408295852,2.7461269365317342,11.59,0.11269837310120441,0.11279578464735865,1.397551224387806,0.03440833442320428
main_c13_v1_D00,7,1.6756621689155422,2.8845577211394304,11.26,0.11532401737981793,0.12803221405170406,1.3869315342328836,0.029835038724474284
main_c13_v1_D00,8,1.5442278860569716,2.6946526736631684,11.02,0.10789623017637637,0.09405039543720198,1.4197901049475263,0.04412828557422715
main_c13_v1_D01,0,1.5967016491754122,2.788605697151424,11.29,0.1115540432468723,0.11316742422439552,1.3931784107946028,0.18207145584691317
main_c13_v1_D01,1,1.6501749125437282,2.938030984507746,11.08,0.11422117465500121,0.13679846584644148,1.3798100949525238,0.13827910980150346
main_c13_v1_D01,2,1.584207896051974,2.83808095952024,10.91,0.11056721514168943,0.11350297073685373,1.3963018490754622,0.19445031697032797
main_c13_v1_D01,3,1.5412293853073464,2.714142928535732,10.87,0.1081165364006285,0.08688651705893075,1.407046476761619,0.14633298233876169
main_c13_v1_D01,4,1.5837081459270366,2.809095452273863,11.43,0.11086139373892746,0.0990732808199073,1.3964267866066966,0.20650631996151958
main_c13_v1_D01,5,1.7011494252873562,2.941529235382309,11.86,0.11746513705061751,0.13702632810578824,1.3670664667666166,0.13031668324227827
main_c13_v1_D01,6,1.5812093953023487,2.7501249375312344,11.31,0.10956679710393422,0.10178323536644368,1.3970514742628686,0.16257180441172836
main_c13_v1_D01,7,1.5282358820589705,2.652173913043478,10.68,0.10736980536074443,0.09459159309234254,1.4102948525737131,0.10522242106870917
main_c13_v1_D01,8,1.5722138930534733,2.8415792103948028,11.4,0.1102778973015849,0.11717018474889518,1.3993003498250876,0.15439419570286989
main_c13_v1_D02,0,1.5677161419290355,2.7731134432783606,10.86,0.10763636147453708,0.10434881765466462,1.431784107946027,0.014133635530737265
main_c13_v1_D02,1,1.5577211394302848,2.6676661669165416,11.19,0.10679427132407832,0.08235683745428864,1.4342828585707146,0.0075762881306068374
main_c13_v1_D02,2,1.5802098950524737,2.7736131934032984,10.84,0.1093909507742786,0.11301472279733137,1.4286606696651674,0.011927213644762699
main_c13_v1_D02,3,1.6231884057971016,2.846576711644178,11.34,0.11146092301853772,0.12046932882764937,1.4179160419790104,0.013019859969802169
main_c13_v1_D02,4,1.7561219390304847,2.9330334832583707,12.01,0.11922148050826806,0.14940664588340732,1.3846826586706646,0.010227632922909891
main_c13_v1_D02,5,1.6096951524237881,2.708645677161419,10.88,0.11102947022419296,0.10128011391129821,1.421289355322339,0.011137992114589134
main_c13_v1_D02,6,1.697151424287856,2.785607196401799,11.34,0.11554665073618545,0.14140171977503294,1.3994252873563218,0.01706166041111622
main_c13_v1_D02,7,1.5982008995502248,2.769615192403798,11.05,0.10928330197618766,0.09747011414927448,1.4241629185407296,0.011668267457508206
main_c13_v1_D02,8,1.5997001499250374,2.690654672663668,11.17,0.10963658996373411,0.09025169954705173,1.4237881059470265,0.010318519795462546
main_c13_v1_D03,0,1.6341829085457271,2.7751124437781107,11.29,0.11423561220264826,0.11800191174254117,1.3725637181409296,0.010430124289257237
main_c13_v1_D03,1,1.6701649175412294,2.9580209895052474,11.39,0.11667051230717947,0.14953733450734927,1.363568215892054,0.009529044903489032
main_c13_v1_D03,2,1.6091954022988506,2.8575712143928036,11.13,0.11240636981796193,0.11698634809579327,1.3788105947026488,0.012034046033975931
main_c13_v1_D03,3,1.5052473763118441,2.783608195902049,10.34,0.10698424230514525,0.09126944464275796,1.4047976011994003,0.006725755781535547
main_c13_v1_D03,4,1.656671664167916,2.9515242378810593,11.4,0.11555324069719956,0.1358043200621911,1.3669415292353824,0.014506858582579241
main_c13_v1_D03,5,1.5052473763118441,2.672663668165917,10.56,0.10702604548478356,0.0873755582526197,1.4047976011994003,0.009163390405155616
main_c13_v1_D03,6,1.576711644177911,2.7991004497751124,11.2,0.11037567636689187,0.10243172064761256,1.3869315342328836,0.00893173674436349
main_c13_v1_D03,7,1.541729135432284,2.711144427786107,11.03,0.10775210312904679,0.1078950604063046,1.3956771614192904,0.013212709015267008
main_c13_v1_D03,8,1.5497251374312844,2.672663668165917,10.73,0.10899619768914325,0.09069830164282917,1.3936781609195403,0.010887560807847927
main_c13_v1_D04,0,1.6436781609195403,2.8085957021489256,11.7,0.11377067123747714,0.13409346913844641,1.39167916041979,0.058668154866717136
main_c13_v1_D04,1,1.511744127936032,2.679160419790105,10.49,0.10484890424096908,0.09060509427825766,1.4246626686656672,0.04548391028244564
main_c13_v1_D04,2,1.541729135432284,2.6326836581709148,10.68,0.10835029474398168,0.0824032428230328,1.4171664167916043,0.04089973063228932
main_c13_v1_D04,3,1.6026986506746628,2.6861569215392302,11.36,0.11107126696836801,0.10816774152606212,1.4019240379810094,0.041815189634635985
main_c13_v1_D04,4,1.5947026486756621,2.791104447776112,10.67,0.10999377314126932,0.10152403956751765,1.4039230384807597,0.03965946271752388
main_c13_v1_D04,5,1.6656671664167917,2.8075962018990506,11.18,0.11554747003163361,0.12835110222666415,1.3861819090454772,0.027108343122506567
main_c13_v1_D04,6,1.5657171414292854,2.6926536731634183,10.98,0.10820911354875665,0.09412535795594242,1.4111694152923537,0.04334806254743376
main_c13_v1_D04,7,1.5957021489255372,2.7031484257871066,10.97,0.11080597821267037,0.10695227782933907,1.4036731634182908,0.07897095483809242
main_c13_v1_D04,8,1.6991504247876061,2.9865067466266866,11.24,0.11740252787487425,0.15377767465473594,1.3778110944527737,0.05702645193875689
main_c13_v1_D05,0,1.6871564217891055,2.968015992003998,12.05,0.11877465190441695,0.15102587595091327,1.3370814592703648,0.025260164567443854
main_c13_v1_D05,1,1.4877561219390305,2.728135932033983,10.67,0.10564777201787721,0.08251191864385268,1.3869315342328836,0.01926578216013827
main_c13_v1_D05,2,1.6016991504247875,2.892053973013493,11.37,0.11389366223746539,0.1283217518225012,1.3584457771114442,0.03758520857007277
main_c13_v1_D05,3,1.5402298850574712,2.665167416291854,10.99,0.11037100832672504,0.09812554040440086,1.3738130934532733,0.019966618009759702
main_c13_v1_D05,4,1.6141929035482259,2.9920039980009996,11.46,0.11384108018796495,0.1254392644947366,1.3553223388305846,0.05014399372829223
main_c13_v1_D05,5,1.5047476261869066,2.8875562218890556,10.8,0.10679473598663439,0.10842515250311338,1.3826836581709145,0.0625144671778337
main_c13_v1_D05,6,1.5657171414292854,2.892553723138431,11.3,0.11098091595213276,0.12032277512037617,1.36744127936032,0.04532346713781912
main_c13_v1_D05,7,1.5487256371814093,2.656671664167916,10.89,0.11116079299175353,0.09639307330461738,1.3716891554222888,0.037034173672340964
main_c13_v1_D05,8,1.5207396301849077,2.709145427286357,11.0,0.10853538039502983,0.0894346477554872,1.3786856571714143,0.034352376182925436
main_c13_v1_D06,0,1.5992003998000999,2.6416791604197902,10.94,0.10856395124358215,0.09665821850979259,1.4535232383808097,0.0236223890436851
main_c13_v1_D06,1,1.6766616691654173,2.8205897051474262,11.67,0.11299153618160163,0.11986387758501693,1.4341579210394804,0.02440595287788255
main_c13_v1_D06,2,1.6791604197901049,2.7406296851574212,11.49,0.11276072164073461,0.11438030984507724,1.4335332333833084,0.011397776028179823
main_c13_v1_D06,3,1.630184907546227,2.753623188405797,11.08,0.11008673130069926,0.10875514623640536,1.445777111444278,0.018674389556742044
main_c13_v1_D06,4,1.6466766616691655,2.7041479260369816,11.63,0.11080967507120035,0.10353394731205807,1.4416541729135433,0.019986555846970403
main_c13_v1_D06,5,1.5752123938030984,2.719640179910045,11.0,0.10697455037402467,0.08158420789605185,1.45952023988006,0.014324551878553964
main_c13_v1_D06,6,1.6911544227886057,2.766616691654173,11.37,0.11329905978604767,0.12299683491587507,1.4305347326336832,0.015488944579476097
main_c13_v1_D06,7,1.6806596701649175,2.856071964017991,11.36,0.11320679410867264,0.15009400061873823,1.433158420789605,0.029408067602532163
main_c13_v1_D06,8,1.6476761619190405,2.786606696651674,11.43,0.11130698029343697,0.10213345708098318,1.4414042978510744,0.020511920653445783
main_c13_v1_D07,0,1.696151924037981,2.9150424787606197,11.03,0.11485037834014557,0.12924509967238565,1.4069215392303849,0.009812235383066269
main_c13_v1_D07,1,1.5782108945527236,2.7006496751624187,10.7,0.10825310942867729,0.0982022877450162,1.4364067966016991,0.009062618797017648
main_c13_v1_D07,2,1.5317341329335332,2.6451774112943527,10.75,0.10617222676200487,0.07580931756344042,1.4480259870064967,0.015333793531458558
main_c13_v1_D07,3,1.7006496751624187,2.922538730634683,11.91,0.11610379040663024,0.12993166115354995,1.4057971014492754,0.016441185874614458
main_c13_v1_D07,4,1.6646676661669166,2.7216391804097952,11.44,0.11367845613281177,0.11201859387766419,1.4147926036981509,0.026414229996927305
main_c13_v1_D07,5,1.6901549225387307,2.818090954522739,11.6,0.11386026417891555,0.13343407661248705,1.4084207896051975,0.038890199471133834
main_c13_v1_D07,6,1.5727136431784108,2.794102948525737,10.86,0.10752596710257241,0.09471355592045237,1.4377811094452773,0.015883483162054252
main_c13_v1_D07,7,1.5717141429285357,2.737631184407796,10.82,0.10764011731878716,0.10263281057883736,1.4380309845077461,0.013081088384092226
main_c13_v1_D07,8,1.64167916041979,2.832583708145927,11.4,0.11191569032945524,0.1240125968761649,1.4205397301349325,0.014890833183212026
main_c13_v1_D08,0,1.5997001499250374,2.664167916041979,11.15,0.11055607694187747,0.10737171096991172,1.4131684157921038,0.025401012852336185
main_c13_v1_D08,1,1.7266366816591705,3.075462268865567,11.47,0.1173303690441099,0.14114470542506516,1.3814342828585706,0.024429447729010526
main_c13_v1_D08,2,1.6111944027986007,2.8085957021489256,11.08,0.11057809891772251,0.10824984333230202,1.4102948525737131,0.05961631842708426
main_c13_v1_D08,3,1.672663668165917,2.9310344827586206,11.43,0.11524256050711673,0.12967484511712385,1.394927536231884,0.0611234430443916
main_c13_v1_D08,4,1.6561719140429785,2.8480759620189904,11.7,0.11426131474149573,0.11506548313145004,1.3990504747626187,0.06774379109238078
main_c13_v1_D08,5,1.5667166416791605,2.807096451774113,10.77,0.10918509906406336,0.09870580582724502,1.4214142928535731,0.04487147043588809
main_c13_v1_D08,6,1.498750624687656,2.6626686656671663,10.36,0.10397217444472867,0.07971351625774413,1.4384057971014492,0.08581710832465496
main_c13_v1_D08,7,1.6201899050474762,2.8060969515242378,11.34,0.11091740129172663,0.10986332230710026,1.4080459770114941,0.06271593640379518
main_c13_v1_D08,8,1.5527236381809095,2.734132933533233,10.8,0.10795690504715906,0.11021076763205685,1.424912543728136,0.021214286595648033
main_c13_v1_label,0,1.6351824087956022,2.913543228385807,10.84,0.11273634600216603,0.11525804558038429,1.407046476761619,
main_c13_v1_label,1,1.5182408795602198,2.6381809095452273,10.39,0.10412278368351989,0.08878140294931884,1.4362818590704647,
main_c13_v1_label,2,1.7006496751624187,2.899050474762619,11.57,0.11711739192601828,0.15335506849749708,1.390679660169915,
main_c13_v1_label,3,1.607696151924038,2.758120939530235,11.45,0.1096471020291096,0.09816956601064525,1.4139180409795102,
main_c13_v1_label,4,1.6126936531734133,2.8970514742628684,11.18,0.11002225432480206,0.11068533193720592,1.4126686656671663,
main_c13_v1_label,5,1.6261869065467267,2.7251374312843577,11.14,0.11241694682011365,0.10719778999389175,1.409295352323838,
main_c13_v1_label,6,1.6786606696651674,2.9160419790104948,11.82,0.1160846148967698,0.1274888349476053,1.396176911544228,
main_c13_v1_label,7,1.578710644677661,2.787106446776612,10.98,0.10908219027585803,0.09901140699491505,1.4211644177911045,
main_c13_v1_label,8,1.5687156421789106,2.8360819590204898,11.13,0.10877037004164265,0.10005255308853493,1.423663168415792,
main_c14_v0_A,0,1.6261869065467267,2.8330834582708646,11.55,0.11216470066262135,0.10201764197266426,1.4067966016991504,0.03538840055416976
main_c14_v0_A,1,1.6046976511744129,2.923538230884558,11.1,0.11028777260266347,0.13474711057169814,1.4121689155422288,0.043514256844436085
main_c14_v0_A,2,1.6601699150424787,2.9100449775112445,11.4,0.11380425476923922,0.12270967690757778,1.3983008495752125,0.02090115948998375
main_c14_v0_A,3,1.622688655672164,2.7991004497751124,11.13,0.11168014012624836,0.12009074827665514,1.407671164417791,0.01684896116855487
main_c14_v0_A,4,1.6196901549225386,2.767616191904048,11.19,0.11182890672707327,0.11301214472128997,1.4084207896051975,0.03371726066791234
main_c14_v0_A,5,1.6231884057971016,2.8225887056471763,10.9,0.11173027945384836,0.1154573506897343,1.4075462268865566,0.030570410487429134
main_c14_v0_A,6,1.5347326336831584,2.734132933533233,10.64,0.10630137331344106,0.08867193387433268,1.4296601699150424,0.03278109534822154
main_c14_v0_A,7,1.6221889055472263,2.8095952023988007,11.24,0.11207867046104246,0.1042813910505064,1.4077961019490255,0.02370298619119803
main_c14_v0_A,8,1.5932033983008496,2.6976511744127936,11.57,0.11012390188382262,0.09901200193554018,1.4150424787606197,0.03488665870172953
main_c14_v0_D00,0,1.6156921539230384,2.8035982008995504,10.73,0.11191351032808479,0.11552576886160087,1.4020489755122438,0.02709485321619104
main_c14_v0_D00,1,1.592703648175912,2.7701149425287355,11.06,0.11055184346349024,0.09899831830116677,1.4077961019490255,0.01952915305383582
main_c14_v0_D00,2,1.537231384307846,2.7051474262868567,10.93,0.1068885157187246,0.08260294455946633,1.421664167916042,0.06457336058442832
main_c14_v0_D00,3,1.6256871564217892,2.784607696151924,11.31,0.11243197883262432,0.11508729762103057,1.3995502248875562,0.04486356516572095
main_c14_v0_D00,4,1.6291854072963519,2.8725637181409294,11.74,0.111881792528683,0.11829700229250444,1.3986756621689156,0.023240609905793668
main_c14_v0_D00,5,1.6486756621689156,2.978510744627686,11.35,0.11386294277562978,0.14013132322727512,1.3938030984507745,0.0636446207187205
main_c14_v0_D00,6,1.6111944027986007,2.7811094452773615,11.51,0.11143160438485271,0.11230059573387882,1.4031734132933533,0.016512011650353844
main_c14_v0_D00,7,1.5812093953023487,2.7766116941529235,11.15,0.10950890046713505,0.1132179941775143,1.4106696651674162,0.025136068535163012
main_c14_v0_D00,8,1.6061969015492255,2.632183908045977,10.99,0.11152891150077553,0.10383875522556166,1.4044227886056972,0.07182889761874671
main_c14_v0_D01,0,1.6581709145427286,2.9080459770114944,11.62,0.11494449290440797,0.12241537961178126,1.3894302848575713,0.06504496214950607
main_c14_v0_D01,1,1.6906546726636682,2.9665167416291855,11.34,0.11699688640333468,0.14183959607497829,1.3813093453273364,0.02886687833452685
main_c14_v0_D01,2,1.5317341329335332,2.685157421289355,11.03,0.10601059518306932,0.09095491936571387,1.42103948025987,0.07368621523132035
main_c14_v0_D01,3,1.568215892053973,2.7006496751624187,11.08,0.10903753544061455,0.09617314358693652,1.4119190404797601,0.04217208740204504
main_c14_v0_D01,4,1.6306846576711644,2.9325337331334334,11.29,0.11197803454946208,0.12124275164005274,1.3963018490754622,0.04949489013757651
main_c14_v0_D01,5,1.5952023988005997,2.717641179410295,11.04,0.11081895625806706,0.09907466901469893,1.4051724137931034,0.01767188297987293
main_c14_v0_D01,6,1.6371814092953523,2.8540729635182407,11.31,0.11400530756769976,0.11060283350388284,1.3946776611694154,0.03891522554120901
main_c14_v0_D01,7,1.5667166416791605,2.8505747126436782,11.17,0.10816936841030876,0.12382300913035534,1.4122938530734632,0.06779359110598439
main_c14_v0_D01,8,1.553223388305847,2.68415792103948,10.88,0.10803882328303568,0.09387369807159897,1.4156671664167917,0.04427118374423305
main_c14_v0_D02,0,1.5132433783108445,2.7991004497751124,10.72,0.10730182090534988,0.10120733284151569,1.3928035982008995,0.015223260956819959
main_c14_v0_D02,1,1.553223388305847,2.76511744127936,10.92,0.10969816845308802,0.09198277845204368,1.382808595702149,0.011921160109857337
main_c14_v0_D02,2,1.6721639180409795,2.911544227886057,11.32,0.11746726643288681,0.13201276345953977,1.3530734632683659,0.039666273299446254
main_c14_v0_D02,3,1.6991504247876061,2.861569215392304,11.8,0.1191772399026492,0.1402467417085107,1.3463268365817092,0.03132836403829994
main_c14_v0_D02,4,1.5222388805597202,2.807096451774113,10.56,0.10779608634433509,0.09964025923546152,1.3905547226386807,0.03182993658067254
main_c14_v0_D02,5,1.6111944027986007,2.8540729635182407,11.18,0.11307752458291079,0.12882804629431302,1.3683158420789605,0.04406144132227278
main_c14_v0_D02,6,1.5197401299350324,2.72063968015992,10.79,0.10715593968923368,0.10078492499781842,1.3911794102948525,0.014023025009337324
main_c14_v0_D02,7,1.569215392303848,2.714142928535732,11.19,0.11118497354932667,0.10406304784115873,1.3788105947026488,0.023630328102535018
main_c14_v0_D02,8,1.5087456271864068,2.734132933533233,10.72,0.10714098014021986,0.10123410516963718,1.393928035982009,0.02285586013388659
main_c14_v0_D03,0,1.5317341329335332,2.707646176911544,11.02,0.10766407003557182,0.09264435242696104,1.4052973513243379,0.02537496894343104
main_c14_v0_D03,1,1.6861569215392305,2.9585207396301847,11.36,0.11679022410594671,0.13666936373083274,1.3666916541729135,0.017858456512108056
main_c14_v0_D03,2,1.5717141429285357,2.7726136931534233,11.14,0.11022350665802848,0.11096197932779624,1.3953023488255871,0.017504293139881305
main_c14_v0_D03,3,1.5242378810594703,2.7806096951524237,10.53,0.10660452899319081,0.07873166591307522,1.4071714142928535,0.020548143019249166
main_c14_v0_D03,4,1.685657171414293,2.915542228885557,11.75,0.11773306935416614,0.14177692899581912,1.366816591704148,0.01878668149197635
main_c14_v0_D03,5,1.4982508745627185,2.734632683658171,10.68,0.10507275944512605,0.08878318777119372,1.4136681659170416,0.020104379938335044
main_c14_v0_D03,6,1.6611694152923537,2.834582708645677,11.18,0.11561741379604697,0.13354533050934814,1.3729385307346327,0.01951751921532226
main_c14_v0_D03,7,1.5597201399300349,2.71864067966017,10.71,0.10872870899203647,0.10249240459135493,1.3983008495752125,0.030016478143282344
main_c14_v0_D03,8,1.5872063968015993,2.738630684657671,11.13,0.11156571861988643,0.1143947867336172,1.3914292853573214,0.030406950607404185
main_c14_v0_D04,0,1.6326836581709145,2.705647176411794,11.65,0.1097114753869992,0.10073653649365774,1.4575212393803099,0.017877534428621205
main_c14_v0_D04,1,1.6986506746626686,2.9395302348825587,11.93,0.11362676034397297,0.12397908188762745,1.4410294852573713,0.01854383069928134
main_c14_v0_D04,2,1.5807096451774112,2.8640679660169917,11.19,0.10664779621975048,0.09923788105947003,1.4705147426286858,0.028263051755919328
main_c14_v0_D04,3,1.6796601699150424,2.7586206896551726,11.1,0.1128903582175192,0.1206325408724207,1.445777111444278,0.019089930987353974
main_c14_v0_D04,4,1.6041979010494753,2.736631684157921,11.04,0.10810280352724695,0.09207420099474063,1.4646426786606697,0.016736172618574283
main_c14_v0_D04,5,1.7076461769115443,2.941529235382309,11.8,0.11310242387738025,0.13534482758620667,1.4387806096951525,0.03744662698399116
main_c14_v0_D04,6,1.68215892053973,2.8105947026486757,11.43,0.11186768860113364,0.12356916779705354,1.445152423788106,0.028143443298581216
main_c14_v0_D04,7,1.6921539230384808,2.7991004497751124,11.39,0.11272087948362959,0.09935032483758109,1.4426536731634183,0.014780423759991336
main_c14_v0_D04,8,1.6476761619190405,2.6656671664167915,11.52,0.1113298143423677,0.10507543847124028,1.4537731134432783,0.01506367085473903
main_c14_v0_D05,0,1.5087456271864068,2.753623188405797,10.61,0.10848677207089395,0.10399403472866735,1.371064467766117,0.025466421488011492
main_c14_v0_D05,1,1.6061969015492255,2.9440279860069967,11.46,0.11451339077747956,0.12115093247027256,1.3467016491754122,0.025291153416852372
main_c14_v0_D05,2,1.607696151924038,2.8630684657671166,11.48,0.11470656267029943,0.12063273918596223,1.3463268365817092,0.04344163727784794
main_c14_v0_D05,3,1.496751624187906,2.6756621689155424,10.69,0.10757161955041254,0.09502351998603857,1.3740629685157422,0.02699757047267103
main_c14_v0_D05,4,1.5397301349325336,2.6411794102948525,10.73,0.110787528376515,0.11044557086536072,1.3633183408295853,0.04739950052240708
main_c14_v0_D05,5,1.5877061469265368,2.7296351824087957,11.14,0.11334951559097874,0.12531075731975255,1.3513243378310844,0.03810988871461311
main_c14_v0_D05,6,1.552223888055972,2.709145427286357,11.15,0.11067308900720181,0.10976555373107084,1.3601949025487257,0.040902177144529935
main_c14_v0_D05,7,1.5577211394302848,2.7851074462768617,11.14,0.11063109554772607,0.11742779403948789,1.3588205897051475,0.025911430128942727
main_c14_v0_D05,8,1.5292353823088456,2.661169415292354,11.11,0.10928042640849277,0.09624909767338534,1.3659420289855073,0.038186279723630985
main_c14_v0_D06,0,1.616191904047976,2.690654672663668,11.22,0.11185448507853146,0.10573740907324104,1.4235382308845577,0.021194082729375174
main_c14_v0_D06,1,1.5272363818090955,2.660169915042479,10.49,0.10465636829630359,0.0857105177569944,1.445777111444278,0.019841881102589935
main_c14_v0_D06,2,1.6786606696651674,2.8770614692653673,11.69,0.11426034868329157,0.1270065364143322,1.40792103948026,0.03610186873667046
main_c14_v0_D06,3,1.6221889055472263,2.7201399300349824,10.97,0.1112271956084201,0.11057011176951194,1.422038980509745,0.028262038172461285
main_c14_v0_D06,4,1.63968015992004,2.8545727136431784,11.25,0.11247073491524419,0.11541292845640654,1.4176661669165418,0.027332424461242354
main_c14_v0_D06,5,1.6871564217891055,2.9525237381309344,11.61,0.11574781181181036,0.12179128689623427,1.4057971014492754,0.03446640015571569
main_c14_v0_D06,6,1.642678660669665,2.8270864567716143,10.94,0.11099213973884611,0.12768893331112202,1.4169165417291354,0.02111307178772863
main_c14_v0_D06,7,1.6506746626686657,2.8505747126436782,11.35,0.11216461040612544,0.12247130403052425,1.4149175412293853,0.03150139362716798
main_c14_v0_D06,8,1.5562218890554722,2.7506246876561717,11.03,0.10662630546142722,0.08361097229163182,1.4385307346326837,0.027130081390019645
main_c14_v0_D07,0,1.5582208895552223,2.71464267866067,11.4,0.10956626081628484,0.10786095047714218,1.3780609695152424,0.015327112834227496
main_c14_v0_D07,1,1.6206896551724137,2.8640679660169917,11.03,0.11388315753722629,0.1301456414649816,1.3624437781109446,0.012545857742475096
main_c14_v0_D07,2,1.5242378810594703,2.6786606696651676,10.81,0.10797964098484213,0.08407224958949093,1.3865567216391803,0.011573343583870027
main_c14_v0_D07,3,1.6216891554222888,2.823088455772114,11.2,0.11495733739251424,0.14185645272601782,1.3621939030484758,0.012544813805072186
main_c14_v0_D07,4,1.6211894052973512,2.8970514742628684,11.15,0.11487739860126106,0.13342852383332135,1.3623188405797102,0.016789615929134066
main_c14_v0_D07,5,1.5222388805597202,2.630184907546227,10.88,0.10751474249039178,0.09880595416577417,1.3870564717641178,0.012344429910104204
main_c14_v0_D07,6,1.5262368815592204,2.5922038980509745,10.91,0.10791597582020855,0.07890340544013702,1.3860569715142428,0.015327497643381843
main_c14_v0_D07,7,1.5497251374312844,2.702648675662169,10.87,0.11034778640086863,0.10537409866495302,1.380184907546227,0.013578672565969058
main_c14_v0_D07,8,1.5967016491754122,2.899050474762619,11.07,0.1129576999564025,0.11955272363818065,1.368440779610195,0.015535308722156296
main_c14_v0_D08,0,1.6326836581709145,2.8320839580209896,11.12,0.11162603083946254,0.11939883232986652,1.4120439780109946,0.012692791928738944
main_c14_v0_D08,1,1.543728135932034,2.710144927536232,10.73,0.10655279545850703,0.09661320133583981,1.4342828585707146,0.018489219809956523
main_c14_v0_D08,2,1.6446776611694154,2.9130434782608696,11.6,0.11298711502012482,0.11632893870525034,1.4090454772613694,0.027715912928928305
main_c14_v0_D08,3,1.600199900049975,2.942528735632184,10.98,0.10999747419218626,0.10232284651325113,1.4201649175412294,0.010858090814277086
main_c14_v0_D08,4,1.633183408295852,2.8970514742628684,11.15,0.11236692264641686,0.11554837660534799,1.4119190404797601,0.02425105339557095
main_c14_v0_D08,5,1.632183908045977,2.7991004497751124,10.87,0.11216015268687335,0.11826428055813341,1.4121689155422288,0.015889521974764172
main_c14_v0_D08,6,1.6386806596701649,2.787606196901549,11.2,0.11258351985200135,0.1299524840754222,1.410544727636182,0.015882724517114314
main_c14_v0_D08,7,1.575712143928036,2.745127436281859,10.75,0.10790025966205707,0.08751001483385275,1.4262868565717142,0.016698120667994882
main_c14_v0_D08,8,1.6606696651674162,2.8905547226386807,11.01,0.11382572964237066,0.1140610250430338,1.405047476261869,0.01437010953320172
main_c14_v0_label,0,1.6196901549225386,2.767616191904048,11.19,0.11182890672707331,0.11301214472128997,1.4084207896051975,
main_c14_v0_label,1,1.6046976511744129,2.923538230884558,11.1,0.11028777260266344,0.13474711057169814,1.4121689155422288,
main_c14_v0_label,2,1.5347326336831584,2.734132933533233,10.64,0.106301373313441,0.08867193387433268,1.4296601699150424,
main_c14_v0_label,3,1.5932033983008496,2.6976511744127936,11.57,0.11012390188382258,0.09901200193554018,1.4150424787606197,
main_c14_v0_label,4,1.6231884057971016,2.8225887056471763,10.9,0.11173027945384834,0.1154573506897343,1.4075462268865566,
main_c14_v0_label,5,1.622688655672164,2.7991004497751124,11.13,0.11168014012624836,0.12009074827665514,1.407671164417791,
main_c14_v0_label,6,1.6221889055472263,2.8095952023988007,11.24,0.11207867046104257,0.1042813910505064,1.4077961019490255,
main_c14_v0_label,7,1.6601699150424787,2.9100449775112445,11.4,0.11380425476923918,0.12270967690757778,1.3983008495752125,
main_c14_v0_label,8,1.6261869065467267,2.8330834582708646,11.55,0.11216470066262134,0.10201764197266426,1.4067966016991504,
main_c14_v1_A,0,1.6626686656671663,2.9495252373813092,11.62,0.11590172320519089,0.13198757763975136,1.3689405297351325,0.02642006366957252
main_c14_v1_A,1,1.5237381309345328,2.6986506746626686,10.61,0.10704639524117374,0.09465921801004246,1.4036731634182908,0.04050981316185648
main_c14_v1_A,2,1.5472263868065967,2.744127936031984,10.83,0.10826340786979426,0.1022536350872183,1.3978010994502748,0.05558831472034875
main_c14_v1_A,3,1.5237381309345328,2.6861569215392302,10.86,0.107554497224376,0.08475583636753037,1.4036731634182908,0.030675233825444948
main_c14_v1_A,4,1.582208895552224,2.901049475262369,11.44,0.11086125371229494,0.11287629994526527,1.3890554722638682,0.044627499588473514
main_c14_v1_A,5,1.552223888055972,2.8060969515242378,10.73,0.1089000309887173,0.0968099283691486,1.396551724137931,0.054958901072381015
main_c14_v1_A,6,1.6276861569215393,2.9105447276361818,11.69,0.11377935274850098,0.1219961447847501,1.3776861569215393,0.02860609158805492
main_c14_v1_A,7,1.6361819090454772,2.943528235882059,11.2,0.11470750778106484,0.1383992527545748,1.3755622188905547,0.033970178797528006
main_c14_v1_A,8,1.6211894052973512,2.765617191404298,11.02,0.11298583122888714,0.11626210704171712,1.3793103448275863,0.03707614118758879
main_c14_v1_D00,0,1.648175912043978,2.7476261869065466,10.86,0.11218039044294735,0.11491436821271894,1.4231634182908546,0.008260968890870477
main_c14_v1_D00,1,1.5697151424287856,2.7031484257871066,10.73,0.10698721511704047,0.08601929194133089,1.4427786106946527,0.01190116687756775
main_c14_v1_D00,2,1.6766616691654173,2.947026486756622,11.69,0.11403682433566646,0.1382996993566706,1.4160419790104948,0.007904269542555714
main_c14_v1_D00,3,1.6686656671664168,2.823088455772114,11.3,0.11319252169320843,0.12468924268024707,1.4180409795102449,0.009213085824693124
main_c14_v1_D00,4,1.6411794102948525,2.8035982008995504,11.7,0.11143856593203094,0.11494590006583986,1.424912543728136,0.00976455408333094
main_c14_v1_D00,5,1.5992003998000999,2.738630684657671,11.01,0.10998598420061974,0.09562163362763043,1.435407296351824,0.008660722071424954
main_c14_v1_D00,6,1.7351324337831084,3.0934532733633184,11.75,0.11763051881889865,0.14055452432513882,1.4014242878560719,0.011469056922059845
main_c14_v1_D00,7,1.5967016491754122,2.8245877061469264,11.22,0.10856419126070521,0.0914088590625321,1.436031984007996,0.009865291446196404
main_c14_v1_D00,8,1.5462268865567217,2.745127436281859,11.06,0.10598378819888273,0.09354648072789003,1.4486506746626686,0.012609657386863135
main_c14_v1_D01,0,1.497751124437781,2.684657671164418,10.49,0.10368501349269683,0.07456470177609599,1.4475262368815591,0.040878769618677556
main_c14_v1_D01,1,1.7006496751624187,2.8960519740129933,11.24,0.11587461199595045,0.12563083537596256,1.3968015992003997,0.03823081825132038
main_c14_v1_D01,2,1.654672663668166,2.8610694652673665,11.25,0.11219389172186678,0.12332782021687545,1.408295852073963,0.0809539692641515
main_c14_v1_D01,3,1.567216391804098,2.784607696151924,10.9,0.10806083761350993,0.08951020521485276,1.43015992003998,0.08608375544982204
main_c14_v1_D01,4,1.6216891554222888,2.902048975512244,11.12,0.11081474808397059,0.13163735592521186,1.4165417291354323,0.05086993720990093
main_c14_v1_D01,5,1.6276861569215393,2.8960519740129933,11.16,0.11180261243388119,0.12357948010121894,1.4150424787606197,0.06401579395656475
main_c14_v1_D01,6,1.623688155922039,2.660669665167416,11.18,0.11233386986407602,0.10715019474389754,1.4160419790104948,0.02886421642849661
main_c14_v1_D01,7,1.6721639180409795,2.820089955022489,11.19,0.11464219352114785,0.1267511085726975,1.4039230384807597,0.09331601258407678
main_c14_v1_D01,8,1.6101949025487257,2.8650674662668667,11.37,0.11059222127290048,0.09784829807318554,1.419415292353823,0.08137611748766223
main_c14_v1_D02,0,1.566216891554223,2.83808095952024,11.06,0.11074656602016308,0.1104322838580707,1.366566716641679,0.041991756267314134
main_c14_v1_D02,1,1.5697151424287856,2.6861569215392302,11.36,0.11189743866670203,0.09484483948501929,1.3656921539230384,0.01936414282972095
main_c14_v1_D02,2,1.6036981509245378,2.9420289855072466,10.98,0.11369016126557269,0.1287612146307796,1.3571964017991005,0.03155614693565059
main_c14_v1_D02,3,1.4622688655672165,2.72063968015992,10.45,0.10437329685645827,0.08679767259227511,1.3925537231384308,0.028932285777411585
main_c14_v1_D02,4,1.569215392303848,2.8460769615192403,11.0,0.11211585447385286,0.11698258013850187,1.3658170914542729,0.031196162946624386
main_c14_v1_D02,5,1.535232383808096,2.783608195902049,10.89,0.10916661372654633,0.11420301753884937,1.3743128435782108,0.0622259823604816
main_c14_v1_D02,6,1.5537231384307846,2.9330334832583707,10.95,0.11064822601034052,0.10169022631541359,1.3696901549225386,0.025507093496302938
main_c14_v1_D02,7,1.5577211394302848,2.818590704647676,11.12,0.11090250750685214,0.11274303324528195,1.3686906546726636,0.05499911732529051
main_c14_v1_D02,8,1.647176411794103,2.968015992003998,11.6,0.11645933547351213,0.13354513219580666,1.3463268365817092,0.03613360899658429
main_c14_v1_D03,0,1.5792103948025986,2.8060969515242378,10.96,0.10698696636568698,0.09643789216502847,1.4531484257871063,0.016254855932499795
main_c14_v1_D03,1,1.6281859070464768,2.8295852073963017,11.16,0.11033338764228755,0.10537687505453602,1.4409045477261369,0.012695612800004181
main_c14_v1_D03,2,1.6016991504247875,2.7256371814092955,11.12,0.10869049534277478,0.09204306576870284,1.4475262368815591,0.009879377778672574
main_c14_v1_D03,3,1.7021489255372313,2.894052973513243,11.43,0.11493588894495559,0.13317547575418612,1.4224137931034482,0.012127697674192894
main_c14_v1_D03,4,1.7151424287856072,2.9140429785107447,11.73,0.115130084850579,0.13952170740026787,1.4191654172913544,0.016637260523534907
main_c14_v1_D03,5,1.5627186406796603,2.638680659670165,11.24,0.10553943372502074,0.0792375637578036,1.457271364317841,0.012772748632409786
main_c14_v1_D03,6,1.630184907546227,2.68215892053973,11.05,0.11091109550829735,0.10990556309146987,1.4404047976011993,0.011084044911626246
main_c14_v1_D03,7,1.648175912043978,2.785607196401799,11.43,0.11157270478298612,0.11931395413404375,1.4359070464767616,0.01490631282812241
main_c14_v1_D03,8,1.7161419290354822,2.8055972013993005,11.38,0.11589994283741192,0.1249879028739595,1.4189155422288855,0.013831050334262874
main_c14_v1_D04,0,1.6401799100449774,2.7106446776611692,11.32,0.11259549017645731,0.11019926544664155,1.4065467266366816,0.05254092955419367
main_c14_v1_D04,1,1.565217391304348,2.6531734132933535,10.79,0.10821131083141754,0.09592961455780033,1.4252873563218391,0.0507478492181982
main_c14_v1_D04,2,1.6581709145427286,2.877561219390305,11.58,0.11326046761674528,0.11843026899248776,1.4020489755122438,0.022224083699187384
main_c14_v1_D04,3,1.6116941529235382,2.791104447776112,11.47,0.11118629349942172,0.10854354568747349,1.4136681659170416,0.06070206646389655
main_c14_v1_D04,4,1.5567216391804097,2.67816091954023,11.01,0.10705480750844036,0.0938253095674385,1.4274112943528237,0.04521393588756373
main_c14_v1_D04,5,1.6751624187906047,2.8845577211394304,11.54,0.11480360837547582,0.1284698920381078,1.3978010994502748,0.04854198632239754
main_c14_v1_D04,6,1.6581709145427286,2.820089955022489,11.55,0.1141535913227345,0.1398380174991867,1.4020489755122438,0.0334867033227351
main_c14_v1_D04,7,1.618190904547726,2.7711144427786105,11.18,0.11176309201615496,0.10564915954721019,1.4120439780109946,0.06030658253000291
main_c14_v1_D04,8,1.5492253873063468,2.758120939530235,10.48,0.10697133865315242,0.09911492666365221,1.4292853573213393,0.05438510620888664
main_c14_v1_D05,0,1.578710644677661,2.6516741629185407,11.0,0.10851204014191024,0.09496680231312903,1.419415292353823,0.03074593535900497
main_c14_v1_D05,1,1.6676661669165418,2.9340329835082457,11.53,0.11485330336124999,0.12508031698436478,1.397176411794103,0.026085766583089882
main_c14_v1_D05,2,1.5792103948025986,2.798600699650175,11.2,0.1091314535224639,0.09817055757835365,1.4192903548225888,0.026544637720989122
main_c14_v1_D05,3,1.6391804097951024,2.892553723138431,11.31,0.11347680258804607,0.1162240308417218,1.4042978510744628,0.025269067059445927
main_c14_v1_D05,4,1.6111944027986007,2.9345327336331835,11.26,0.110100663986021,0.10321208443397326,1.4112943528235882,0.02423215689978388
main_c14_v1_D05,5,1.713143428285857,2.9350324837581208,11.83,0.11756939503984086,0.15448228266818936,1.3858070964517741,0.024038414822123867
main_c14_v1_D05,6,1.553223388305847,2.629185407296352,11.12,0.10764298437583479,0.09147628566669039,1.4257871064467766,0.028913363313959075
main_c14_v1_D05,7,1.6276861569215393,2.728135932033983,11.43,0.1118676292366549,0.11658932438542619,1.4071714142928535,0.02550996390323337
main_c14_v1_D05,8,1.542728635682159,2.6966516741629185,11.27,0.10684572774797821,0.09979831512815021,1.4284107946026987,0.03307104957383894
main_c14_v1_D06,0,1.6111944027986007,2.825087456271864,11.1,0.11130328842968931,0.12928218430467273,1.3919290354822589,0.015599222177219957
main_c14_v1_D06,1,1.6261869065467267,2.8375812093953026,11.01,0.11249002995558255,0.11517197750331153,1.3881809095452273,0.03301107540835854
main_c14_v1_D06,2,1.593703148425787,2.6786606696651676,11.06,0.1121849937027518,0.10418996850780934,1.3963018490754622,0.017252965854068505
main_c14_v1_D06,3,1.6986506746626686,2.899050474762619,11.66,0.11777568531936582,0.14964759683650203,1.370064967516242,0.018490969265981785
main_c14_v1_D06,4,1.5332333833083458,2.6196901549225386,10.88,0.10749091150385885,0.09312645264669242,1.4114192903548226,0.027352983225374477
main_c14_v1_D06,5,1.5317341329335332,2.6616691654172913,11.0,0.10776541185733907,0.08281791643860599,1.4117941029485257,0.017325867761674534
main_c14_v1_D06,6,1.6941529235382309,2.902048975512244,12.05,0.11741120720113385,0.14264276591862768,1.3711894052973512,0.021025562986494977
main_c14_v1_D06,7,1.5432283858070965,2.6926536731634183,10.83,0.10725391227386018,0.08984476015960256,1.408920539730135,0.013145305943962812
main_c14_v1_D06,8,1.525737131434283,2.661169415292354,10.82,0.10632455975641862,0.09327637768417356,1.4132933533233383,0.020893920960876406
main_c14_v1_D07,0,1.5932033983008496,2.784607696151924,11.06,0.11069708234846622,0.10446086480569226,1.408670664667666,0.038780922960175455
main_c14_v1_D07,1,1.6061969015492255,2.7716141929035483,11.38,0.11087424845076427,0.12350491420956171,1.4054222888555723,0.04749263216675411
main_c14_v1_D07,2,1.6601699150424787,2.902048975512244,11.45,0.11501649936248651,0.12519930510934973,1.3919290354822589,0.0654794972356399
main_c14_v1_D07,3,1.5527236381809095,2.7216391804097952,10.64,0.1073108617400282,0.09258168534780212,1.4187906046976513,0.03818155235119589
main_c14_v1_D07,4,1.6146926536731634,2.8275862068965516,11.26,0.11133580693546133,0.11926893696009114,1.4032983508245878,0.06082568040537173
main_c14_v1_D07,5,1.648175912043978,2.7861069465267367,11.44,0.11365636193195894,0.11728837961971365,1.394927536231884,0.012057516610734209
main_c14_v1_D07,6,1.6511744127936032,2.7831084457771116,11.39,0.11438660290670982,0.11693260512600819,1.3941779110444779,0.05385060942717195
main_c14_v1_D07,7,1.568215892053973,2.7006496751624187,10.64,0.10870217616080466,0.10030282477808702,1.4149175412293853,0.03199432092818661
main_c14_v1_D07,8,1.5612193903048475,2.7031484257871066,10.8,0.10802036016332012,0.10046048404369225,1.4166666666666667,0.06599325740333668
main_c14_v1_D08,0,1.6126936531734133,2.8275862068965516,11.11,0.11178230271673673,0.11176376097665439,1.3889305347326337,0.12013522029662761
main_c14_v1_D08,1,1.5687156421789106,2.8825587206396803,11.05,0.1092434396870479,0.11614252397610708,1.3999250374812593,0.12874389301109598
main_c14_v1_D08,2,1.6791604197901049,2.8630684657671166,11.58,0.1168623472475535,0.13930653720758643,1.3723138430784607,0.12212059470014787
main_c14_v1_D08,3,1.5142428785607196,2.6816591704147927,10.56,0.10587581680051618,0.08638299897670196,1.4135432283858071,0.13827473991781805
main_c14_v1_D08,4,1.5867066466766617,2.7491254372813594,10.79,0.11094105853206773,0.09845017967206847,1.3954272863568216,0.10797132592304765
main_c14_v1_D08,5,1.6166916541729135,2.920039980009995,11.4,0.11285874905659861,0.12799255134337564,1.3879310344827587,0.1549309735706974
main_c14_v1_D08,6,1.5397301349325336,2.652673663168416,10.89,0.10809928666372044,0.08345529616144305,1.4071714142928535,0.11021430628730962
main_c14_v1_D08,7,1.5977011494252873,2.787106446776612,11.12,0.11183364660416556,0.1106363484924202,1.392678660669665,0.1133268490444631
main_c14_v1_D08,8,1.6211894052973512,2.976511744127936,11.32,0.11250335269159338,0.12586980319364108,1.3868065967016492,0.12458471629295426
main_c14_v1_label,0,1.5237381309345328,2.6986506746626686,10.61,0.10704639524117388,0.09465921801004246,1.4036731634182908,
main_c14_v1_label,1,1.5237381309345328,2.6861569215392302,10.86,0.10755449722437609,0.08475583636753037,1.4036731634182908,
main_c14_v1_label,2,1.6626686656671663,2.9495252373813092,11.62,0.11590172320519095,0.13198757763975136,1.3689405297351325,
main_c14_v1_label,3,1.5472263868065967,2.744127936031984,10.83,0.10826340786979416,0.1022536350872183,1.3978010994502748,
main_c14_v1_label,4,1.6276861569215393,2.9105447276361818,11.69,0.11377935274850098,0.1219961447847501,1.3776861569215393,
main_c14_v1_label,5,1.6211894052973512,2.765617191404298,11.02,0.11298583122888713,0.11626210704171712,1.3793103448275863,
main_c14_v1_label,6,1.552223888055972,2.8060969515242378,10.73,0.10890003098871723,0.0968099283691486,1.396551724137931,
main_c14_v1_label,7,1.582208895552224,2.901049475262369,11.44,0.11086125371229491,0.11287629994526527,1.3890554722638682,
main_c14_v1_label,8,1.6361819090454772,2.943528235882059,11.2,0.1147075077810648,0.1383992527545748,1.3755622188905547,
main_c15_v0_A,0,1.6221889055472263,2.7201399300349824,11.21,0.11530064373525203,0.12490897408438625,1.3589455272363817,0.11487298236950627
main_c15_v0_A,1,1.5737131434282858,2.8820589705147426,10.82,0.11154896282286328,0.10763130339592096,1.371064467766117,0.18107984964686782
main_c15_v0_A,2,1.5487256371814093,2.8810594702648675,11.09,0.11077273624070226,0.11947538135694055,1.377311344327836,0.13189349804793568
main_c15_v0_A,3,1.4822588705647177,2.6196901549225386,10.47,0.10488335671600806,0.08811903572023509,1.393928035982009,0.10185925425839705
main_c15_v0_A,4,1.6441779110444779,2.8580709645177413,11.66,0.11675159215383528,0.13049368173056314,1.353448275862069,0.15443479891883413
main_c15_v0_A,5,1.592703648175912,2.7496251874062967,11.12,0.1118876165663637,0.11152162014230957,1.3663168415792104,0.1463192779766802
main_c15_v0_A,6,1.5597201399300349,2.7436281859070464,11.32,0.10956309109686857,0.10404857095261887,1.3745627186406797,0.1386581569082993
main_c15_v0_A,7,1.5912043978010995,2.7426286856571713,11.16,0.11312740487685082,0.11505913709811744,1.3666916541729135,0.13353540025086966
main_c15_v0_A,8,1.501249375312344,2.8055972013993005,10.39,0.106164595791256,0.09874229551890713,1.3891804097951024,0.1556459446974885
main_c15_v0_D00,0,1.504247876061969,2.6461769115442277,10.39,0.10542659923123257,0.08446411714777509,1.4271614192903548,0.0637871337667764
main_c15_v0_D00,1,1.6016991504247875,2.751624187906047,11.76,0.110717278291965,0.10832421091041745,1.4027986006996502,0.08226238431660288
main_c15_v0_D00,2,1.539230384807596,2.649175412293853,10.58,0.10767453903804354,0.10321426588293123,1.418415792103948,0.03214571125657976
main_c15_v0_D00,3,1.5627186406796603,2.5907046476761617,11.33,0.10918053503998464,0.09906812466782465,1.412543728135932,0.07148669627076142
main_c15_v0_D00,4,1.5782108945527236,2.758120939530235,11.21,0.1091226972775555,0.1040608663922004,1.408670664667666,0.033528604119867016
main_c15_v0_D00,5,1.683158420789605,2.8555722138930535,11.8,0.1162979504806561,0.1294053370140323,1.3824337831084457,0.08282833201561235
main_c15_v0_D00,6,1.6926536731634183,2.847576211894053,11.84,0.11627733267668262,0.13484487914772744,1.3800599700149925,0.03172672507833239
main_c15_v0_D00,7,1.6771614192903548,2.75712143928036,11.31,0.11512714442859047,0.1296230852827551,1.3839330334832585,0.0562644714180782
main_c15_v0_D00,8,1.5867066466766617,2.687656171914043,11.5,0.11017592353528959,0.10699511355433368,1.4065467266366816,0.03476871262901558
main_c15_v0_D01,0,1.5667166416791605,2.7741129435282357,10.88,0.11071210559350195,0.10634325694295695,1.3826836581709145,0.023479840191075175
main_c15_v0_D01,1,1.4917541229385307,2.694152923538231,10.31,0.10613616037073877,0.09370136360391215,1.4014242878560719,0.03266309963846689
main_c15_v0_D01,2,1.5332333833083458,2.572713643178411,10.88,0.10836874603553001,0.09380607315389909,1.3910544727636183,0.026834958554374594
main_c15_v0_D01,3,1.4897551224387806,2.6976511744127936,10.86,0.10570234910086282,0.0818685895147662,1.4019240379810094,0.023330582726477044
main_c15_v0_D01,4,1.6191904047976011,2.898050974512744,11.3,0.11308497891531467,0.13118024321172714,1.3695652173913044,0.027297766082582293
main_c15_v0_D01,5,1.6421789105447275,2.8305847076461768,11.86,0.11471743707811574,0.1324480616834435,1.3638180909545228,0.046812896931819704
main_c15_v0_D01,6,1.5702148925537232,2.735632183908046,11.11,0.1116299479023554,0.10694712167725647,1.381809095452274,0.03392991472964448
main_c15_v0_D01,7,1.5732133933033483,2.703648175912044,10.71,0.11063376513057264,0.10537052902120335,1.3810594702648675,0.034941268405217926
main_c15_v0_D01,8,1.7086456771614194,2.898050974512744,11.66,0.11901450987300795,0.14833476119083322,1.3472013993003498,0.02231370460258797
main_c15_v0_D02,0,1.605697151424288,2.823088455772114,11.18,0.11016159942655632,0.11932248161633444,1.421664167916042,0.1341877060623936
main_c15_v0_D02,1,1.6776611694152923,2.9005497251374313,11.5,0.1141290176083265,0.13039908617119983,1.4036731634182908,0.03598305867203988
main_c15_v0_D02,2,1.6261869065467267,2.786606696651674,11.48,0.11126933369472324,0.1107791342424024,1.4165417291354323,0.0944555987479816
main_c15_v0_D02,3,1.5742128935532234,2.656671664167916,10.99,0.10813916224229916,0.0918451488541442,1.4295352323838082,0.05539050214049063
main_c15_v0_D02,4,1.6201899050474762,2.819590204897551,11.18,0.11073211689917808,0.11445408248256797,1.4180409795102449,0.10220891866775483
main_c15_v0_D02,5,1.5337331334332833,2.63968015992004,11.12,0.10597058992438978,0.08420373146759949,1.4396551724137931,0.07091179840488526
main_c15_v0_D02,6,1.618190904547726,2.6476761619190405,11.19,0.11201658345014513,0.10253801670593254,1.4185407296351824,0.08087167687622508
main_c15_v0_D02,7,1.7036481759120439,2.9835082458770614,11.83,0.11606652577330212,0.13302277432712195,1.397176411794103,0.07754321512649119
main_c15_v0_D02,8,1.6251874062968517,2.8620689655172415,11.15,0.11151507098107966,0.11343554413269544,1.416791604197901,0.03624087651742459
main_c15_v0_D03,0,1.6766616691654173,2.87856071964018,11.62,0.11776924219619798,0.1294632445681919,1.363568215892054,0.09739267643949358
main_c15_v0_D03,1,1.7326336831584208,2.9400299850074965,11.85,0.12039768312083188,0.14949073082506342,1.3495752123938032,0.04116387314934807
main_c15_v0_D03,2,1.496751624187906,2.704647676161919,10.58,0.10463614285368428,0.08640203707669968,1.408545727136432,0.03497935538370312
main_c15_v0_D03,3,1.5307346326836582,2.869065467266367,10.59,0.10814001484454873,0.09937590728445277,1.4000499750124937,0.05971872117793817
main_c15_v0_D03,4,1.5997001499250374,2.792103948025987,11.03,0.11279659899878491,0.11502463054187168,1.382808595702149,0.07196071727779509
main_c15_v0_D03,5,1.591704147926037,2.822088955522239,11.35,0.11176292414180858,0.12408855096261387,1.384807596201899,0.037905359379344104
main_c15_v0_D03,6,1.543728135932034,2.72063968015992,11.09,0.10735223698110552,0.09342888079769619,1.3968015992003997,0.06320097895025888
main_c15_v0_D03,7,1.5762118940529735,2.879560219890055,10.87,0.11103088701273868,0.10815544608648048,1.3886806596701649,0.053526459966974436
main_c15_v0_D03,8,1.513743128435782,2.7606196901549227,10.68,0.10611426985029952,0.09457057185692849,1.4042978510744628,0.03606023688853884
main_c15_v0_D04,0,1.6091954022988506,2.8015992003998003,11.15,0.11467979242266921,0.11354759128372298,1.3395802098950524,0.07593705184141085
main_c15_v0_D04,1,1.5172413793103448,2.7716141929035483,11.23,0.10886807229403932,0.10741851296573914,1.3625687156421789,0.07529963565716417
main_c15_v0_D04,2,1.5507246376811594,2.7221389305347325,11.05,0.11053992767732312,0.11315552541189705,1.3541979010494753,0.09578772808957163
main_c15_v0_D04,3,1.5197401299350324,2.727136431784108,10.38,0.10868111014017562,0.11116009455589647,1.3619440279860069,0.064650516648275
main_c15_v0_D04,4,1.6126936531734133,2.8540729635182407,11.57,0.11578460352825752,0.12567664580408192,1.3387056471764118,0.0442733028245356
main_c15_v0_D04,5,1.5792103948025986,2.8715642178910543,11.16,0.11370473714792671,0.1125248883494758,1.3470764617691156,0.04850719887242067
main_c15_v0_D04,6,1.582208895552224,2.9015492253873063,10.81,0.11423606115516435,0.12200645708891573,1.3463268365817092,0.04556261505617662
main_c15_v0_D04,7,1.5212393803098452,2.8395802098950527,10.87,0.10921677822205739,0.10151967666960146,1.3615692153923038,0.02253834843343591
main_c15_v0_D04,8,1.4427786106946527,2.67816091954023,10.46,0.10428891741238693,0.09299060787066775,1.381184407796102,0.04427925554035303
main_c15_v0_D05,0,1.6631684157921038,2.9375312343828086,11.16,0.11412737084937524,0.12426029048967573,1.3863068465767117,0.01560923679549229
main_c15_v0_D05,1,1.5642178910544728,2.8350824587706147,10.89,0.10925541975738781,0.10710101298557063,1.4110444777611195,0.01663071270222481
main_c15_v0_D05,2,1.7001499250374812,2.918040979510245,11.35,0.11693835345097804,0.1552929884264214,1.3770614692653673,0.01396221031367522
main_c15_v0_D05,3,1.5247376311844079,2.6421789105447275,10.94,0.10600139654305671,0.08996077358146311,1.4209145427286356,0.012268868800606925
main_c15_v0_D05,4,1.6211894052973512,2.783608195902049,11.39,0.11236005878848154,0.11377029739098685,1.3968015992003997,0.00962569979563172
main_c15_v0_D05,5,1.551224387806097,2.6446776611694154,10.81,0.10857879975187375,0.08719073003180934,1.4142928535732133,0.011853291459603397
main_c15_v0_D05,6,1.6121939030484758,2.7201399300349824,11.15,0.11125175618322272,0.10693621443246618,1.3990504747626187,0.010157099268221578
main_c15_v0_D05,7,1.6306846576711644,2.8000999500249875,11.3,0.1137443314906601,0.12573693312074097,1.3944277861069465,0.010366498145219121
main_c15_v0_D05,8,1.5492253873063468,2.6761619190404797,11.09,0.10774251318496415,0.08975075954086441,1.4147926036981509,0.012109681133071745
main_c15_v0_D06,0,1.5967016491754122,2.8020989505247376,11.14,0.11263002860006445,0.11880587484035736,1.3669415292353824,0.02091732822445209
main_c15_v0_D06,1,1.5462268865567217,2.820089955022489,10.38,0.10978163486523869,0.11258636554738476,1.379560219890055,0.04081551544800547
main_c15_v0_D06,2,1.5167416291854072,2.5947026486756624,10.74,0.10861960684002292,0.0982429420210528,1.3869315342328836,0.01971918056361467
main_c15_v0_D06,3,1.5627186406796603,2.7741129435282357,10.96,0.11066035380433611,0.11475670894711357,1.3754372813593203,0.02932603681863862
main_c15_v0_D06,4,1.5402298850574712,2.598200899550225,10.76,0.1089439913901263,0.10177034498623694,1.3810594702648675,0.02261485673477247
main_c15_v0_D06,5,1.60119940029985,2.767616191904048,11.61,0.11265764102334119,0.11403385608782887,1.3658170914542729,0.02523486784309567
main_c15_v0_D06,6,1.711144427786107,3.0429785107446277,11.47,0.11943832376688379,0.14780685054298234,1.3383308345827087,0.024801604347872822
main_c15_v0_D06,7,1.5302348825587206,2.7506246876561717,10.88,0.10896178904883698,0.09313954134044074,1.3835582208895552,0.042627570347907345
main_c15_v0_D06,8,1.5237381309345328,2.6391804097951024,10.72,0.10830663066114955,0.098857515686601,1.3851824087956022,0.022880190143038198
main_c15_v0_D07,0,1.5387306346826586,2.7906046976511742,10.81,0.10598570600483827,0.08188604110643093,1.4422788605697152,0.014978145048904051
main_c15_v0_D07,1,1.5772113943028485,2.7751124437781107,11.47,0.10749394718331377,0.09856996105122041,1.4326586706646676,0.03874193101394663
main_c15_v0_D07,2,1.7146426786606697,3.0604697651174413,11.74,0.11607081149758343,0.141500281605229,1.3983008495752125,0.03235601207391942
main_c15_v0_D07,3,1.7011494252873562,2.87856071964018,11.5,0.11654228774147125,0.1388974163711793,1.4016741629185407,0.024709171971813482
main_c15_v0_D07,4,1.5627186406796603,2.709145427286357,10.79,0.10732667166918203,0.09306140580503384,1.4362818590704647,0.019304101608304824
main_c15_v0_D07,5,1.7011494252873562,2.9250374812593702,11.43,0.11633190985565678,0.13804189175253623,1.4016741629185407,0.025728932064853965
main_c15_v0_D07,6,1.6016991504247875,2.8530734632683656,11.52,0.10946410005014959,0.10447177205048262,1.4265367316341828,0.018693855886329127
main_c15_v0_D07,7,1.6251874062968517,2.6891554222888554,10.9,0.11152978965555876,0.09563928353283675,1.420664667666167,0.013074106743046784
main_c15_v0_D07,8,1.5932033983008496,2.84007996001999,11.05,0.10925477634224628,0.1079319467250499,1.4286606696651674,0.024142020415111032
main_c15_v0_D08,0,1.5852073963018491,2.8360819590204898,11.26,0.11096038596387363,0.11496870612312866,1.383183408295852,0.035409663468698414
main_c15_v0_D08,1,1.6131934032983508,2.7736131934032984,11.3,0.11272222922311483,0.12057602151305283,1.3761869065467267,0.023236530158713548
main_c15_v0_D08,2,1.6466766616691655,2.984007996001999,11.46,0.11527228313660866,0.13953975393255727,1.367816091954023,0.11768924904593786
main_c15_v0_D08,3,1.5302348825587206,2.6736631684157923,11.19,0.10791654177401315,0.09203433997287065,1.3969265367316341,0.026718770998650426
main_c15_v0_D08,4,1.6186906546726636,2.8105947026486757,11.07,0.11364650362976594,0.1221561838128554,1.3748125937031483,0.025738661109525135
main_c15_v0_D08,5,1.5892053973013494,2.8460769615192403,11.15,0.1120249715725429,0.10040812926869891,1.382183908045977,0.06477815246052453
main_c15_v0_D08,6,1.5852073963018491,2.8235882058970514,11.06,0.11108732891574759,0.11910294852573702,1.383183408295852,0.0914817040892598
main_c15_v0_D08,7,1.4877561219390305,2.5912043978010995,10.32,0.10529682364410409,0.07462340258442211,1.4075462268865566,0.028844855239741497
main_c15_v0_D08,8,1.5797101449275361,2.843578210894553,10.8,0.11107293214022933,0.11659051426667605,1.3845577211394302,0.044494652788208
main_c15_v0_label,0,1.5912043978010995,2.7426286856571713,11.16,0.11312740487685088,0.11505913709811744,1.3666916541729135,
main_c15_v0_label,1,1.6221889055472263,2.7201399300349824,11.21,0.11530064373525209,0.12490897408438625,1.3589455272363817,
main_c15_v0_label,2,1.5487256371814093,2.8810594702648675,11.09,0.11077273624070222,0.11947538135694055,1.377311344327836,
main_c15_v0_label,3,1.501249375312344,2.8055972013993005,10.39,0.10616459579125591,0.09874229551890713,1.3891804097951024,
main_c15_v0_label,4,1.5737131434282858,2.8820589705147426,10.82,0.11154896282286324,0.10763130339592096,1.371064467766117,
main_c15_v0_label,5,1.6441779110444779,2.8580709645177413,11.66,0.11675159215383527,0.13049368173056314,1.353448275862069,
main_c15_v0_label,6,1.5597201399300349,2.7436281859070464,11.32,0.10956309109686865,0.10404857095261887,1.3745627186406797,
main_c15_v0_label,7,1.592703648175912,2.7496251874062967,11.12,0.1118876165663637,0.11152162014230957,1.3663168415792104,
main_c15_v0_label,8,1.4822588705647177,2.6196901549225386,10.47,0.10488335671600806,0.08811903572023509,1.393928035982009,
main_c15_v1_A,0,1.537231384307846,2.683658170914543,10.94,0.11067464247106913,0.11406618119511652,1.34007996001999,0.014683144048604496
main_c15_v1_A,1,1.4747626186906546,2.7191404297851074,10.66,0.10705330511240975,0.0938982889507625,1.355697151424288,0.017080427431365276
main_c15_v1_A,2,1.5167416291854072,2.844577711144428,10.69,0.10978350588603578,0.11744068441969467,1.3452023988005997,0.014521956987307114
main_c15_v1_A,3,1.502248875562219,2.6496751624187906,10.91,0.10975348208650403,0.09237881059470253,1.3488255872063968,0.014644826119694752
main_c15_v1_A,4,1.5412293853073464,2.8620689655172415,11.1,0.11172634524455408,0.11388948382951354,1.339080459770115,0.007082179307845355
main_c15_v1_A,5,1.5217391304347827,2.8850574712643677,10.73,0.11017604881883573,0.10478689226815145,1.343953023488256,0.013423693288239958
main_c15_v1_A,6,1.536231884057971,2.6946526736631684,11.19,0.11230787329050598,0.10706075533661719,1.3403298350824588,0.021094964022368
main_c15_v1_A,7,1.5062468765617192,2.785607196401799,10.42,0.10911735770126725,0.10656516979605424,1.3478260869565217,0.014886500910893765
main_c15_v1_A,8,1.658670664667666,2.967016491754123,11.39,0.1194074393888182,0.14991373360938554,1.3097201399300349,0.018328910206738495
main_c15_v1_D00,0,1.5947026486756621,2.764617691154423,10.87,0.11010570057066008,0.10389884422867908,1.4114192903548226,0.018040942481658228
main_c15_v1_D00,1,1.593703148425787,2.742128935532234,10.95,0.11031923744798473,0.10620899867526541,1.4116691654172913,0.015305749501876013
main_c15_v1_D00,2,1.6166916541729135,2.900049975012494,10.94,0.11153155509578903,0.12148766886398049,1.4059220389805098,0.02719642632475862
main_c15_v1_D00,3,1.512743628185907,2.5442278860569716,10.58,0.10502698833694003,0.08668542712770584,1.4319090454772614,0.01559635884102555
main_c15_v1_D00,4,1.6026986506746628,2.6971514242878563,11.18,0.11115418855815189,0.10962752750608806,1.4094202898550725,0.020654088735714515
main_c15_v1_D00,5,1.5707146426786607,2.7811094452773615,11.03,0.10892142663121102,0.10577112237531995,1.417416291854073,0.02451467458660452
main_c15_v1_D00,6,1.6786606696651674,2.798600699650175,11.71,0.11513533938966769,0.13174623005957303,1.3904297851074463,0.025216340169628305
main_c15_v1_D00,7,1.6911544227886057,2.843078460769615,11.56,0.11560859476169658,0.12328676931375547,1.3873063468265867,0.023955857964804442
main_c15_v1_D00,8,1.6196901549225386,2.891554222888556,11.27,0.112196969207899,0.11128741184963058,1.4051724137931034,0.018142334555563133
main_c15_v1_D01,0,1.616191904047976,2.7806096951524237,11.02,0.11191744714419377,0.10611420480236045,1.4052973513243379,0.008683683029345059
main_c15_v1_D01,1,1.5887056471764118,2.7136431784107944,11.15,0.11057535354229617,0.09924323552509426,1.4121689155422288,0.00710847830420228
main_c15_v1_D01,2,1.6241879060469766,2.7861069465267367,11.25,0.11175539756997449,0.12754753575593122,1.4032983508245878,0.011765055994116555
main_c15_v1_D01,3,1.6261869065467267,2.687656171914043,11.19,0.11234037279082507,0.11218378905785172,1.4027986006996502,0.007374057842689442
main_c15_v1_D01,4,1.5407296351824087,2.6486756621689156,10.76,0.10612147269025439,0.0852924728112132,1.4241629185407296,0.01041810010502832
main_c15_v1_D01,5,1.474262868565717,2.603698150924538,10.4,0.10230133968763575,0.0779110444777609,1.4407796101949026,0.007235210665559225
main_c15_v1_D01,6,1.688655672163918,2.836581709145427,11.35,0.11547457216597751,0.1464035839223245,1.3871814092953523,0.01132639502967867
main_c15_v1_D01,7,1.6776611694152923,2.8835582208895554,11.77,0.11596105159781646,0.12042133695057197,1.3899300349825088,0.010238301121050437
main_c15_v1_D01,8,1.6381809095452273,2.91904047976012,10.82,0.11355299281102631,0.1248827966968895,1.399800099950025,0.008308943684522762
main_c15_v1_D02,0,1.683158420789605,2.8270864567716143,11.51,0.11457688454411251,0.12651590871231014,1.4189155422288855,0.014294777998079648
main_c15_v1_D02,1,1.5992003998000999,2.8590704647676164,11.2,0.10745061234744915,0.09840734394707398,1.4399050474762618,0.011731386769003033
main_c15_v1_D02,2,1.6251874062968517,2.638680659670165,10.95,0.11059380822807116,0.09619356988172556,1.433408295852074,0.012875923891338131
main_c15_v1_D02,3,1.6881559220389806,2.890054972513743,11.42,0.1146675970885471,0.13238916256157632,1.4176661669165418,0.01587459716016408
main_c15_v1_D02,4,1.7061469265367317,2.948025987006497,11.87,0.11515064712679861,0.13354334737393184,1.4131684157921038,0.012695443692118684
main_c15_v1_D02,5,1.5537231384307846,2.656671664167916,10.86,0.10522828821346554,0.09110444777611174,1.4512743628185907,0.01833108250784767
main_c15_v1_D02,6,1.6071964017991005,2.6636681659170414,10.76,0.1101407576918346,0.09770471906903676,1.4379060469765117,0.020102455969717044
main_c15_v1_D02,7,1.592703648175912,2.6881559220389803,11.02,0.10905811613456476,0.10751766973656014,1.4415292353823088,0.010953901798872083
main_c15_v1_D02,8,1.6621689155422288,2.9130434782608696,11.33,0.11313328862515656,0.11662383094167167,1.4241629185407296,0.014866346231058604
main_c15_v1_D03,0,1.618190904547726,2.7841079460269866,11.51,0.11406925803683088,0.11347937142539802,1.3743128435782108,0.10889493475896544
main_c15_v1_D03,1,1.6046976511744129,2.754622688655672,11.52,0.11313896064558449,0.12069778602762077,1.3776861569215393,0.135721276890648
main_c15_v1_D03,2,1.671664167916042,2.9045477261369315,11.86,0.11692073808192821,0.13463129546337907,1.3609445277361318,0.15265027429919253
main_c15_v1_D03,3,1.6241879060469766,2.9060469765117443,10.95,0.11324837110187984,0.10957061151963671,1.3728135932033982,0.09542763029397801
main_c15_v1_D03,4,1.487256371814093,2.6971514242878563,10.77,0.10478313408387739,0.08273046016674195,1.407046476761619,0.12283609508143456
main_c15_v1_D03,5,1.6051974012993504,2.752623688155922,11.17,0.11260381967064953,0.11957810777151064,1.3775612193903048,0.09385768517124592
main_c15_v1_D03,6,1.5802098950524737,2.8025987006496753,10.97,0.1111062190229901,0.10933442009154126,1.383808095952024,0.1248547444536978
main_c15_v1_D03,7,1.5612193903048475,2.783608195902049,11.21,0.10952597489636366,0.11985118551835164,1.3885557221389306,0.07993677693343888
main_c15_v1_D03,8,1.4782608695652173,2.6861569215392302,10.15,0.10460352445989583,0.0901267620158174,1.409295352323838,0.11067121525370895
main_c15_v1_D04,0,1.6421789105447275,2.6966516741629185,11.31,0.11050977047521864,0.10194585247058997,1.458895552223888,0.014980303394215619
main_c15_v1_D04,1,1.7221389305347325,2.823088455772114,11.8,0.11467177353076295,0.11664802519375202,1.4389055472263867,0.026387168694225565
main_c15_v1_D04,2,1.688655672163918,2.844577711144428,11.29,0.11268610586726913,0.119441271427778,1.4472763618190905,0.027372360706151396
main_c15_v1_D04,3,1.6121939030484758,2.730134932533733,10.99,0.10775644897709406,0.10300008725795816,1.4663918040979511,0.03424824627557549
main_c15_v1_D04,4,1.6351824087956022,2.7201399300349824,10.89,0.1093139467903906,0.102674654736124,1.4606446776611695,0.032144760380794564
main_c15_v1_D04,5,1.6806596701649175,2.8330834582708646,11.43,0.11211936744284752,0.13527621110079877,1.4492753623188406,0.013757519041169897
main_c15_v1_D04,6,1.711144427786107,2.7681159420289854,11.9,0.1143374999565839,0.11420698380968242,1.4416541729135433,0.023890619903840143
main_c15_v1_D04,7,1.6431784107946028,2.8660669665167418,11.23,0.10969552755134879,0.11777186803423659,1.4586456771614194,0.0167204809945775
main_c15_v1_D04,8,1.6201899050474762,2.752623688155922,10.95,0.10890955940848442,0.08903504596907896,1.464392803598201,0.02259383335844199
main_c15_v1_D05,0,1.539230384807596,2.731134432783608,10.45,0.10664928529455346,0.11778456010090176,1.424912543728136,0.036747747851385786
main_c15_v1_D05,1,1.5497251374312844,2.7481259370314843,10.87,0.10726093621412197,0.09599485971300056,1.422288855572214,0.040845853027829386
main_c15_v1_D05,2,1.6621689155422288,2.7741129435282357,11.17,0.11440648470931288,0.11578793936365131,1.3941779110444779,0.04090667363748573
main_c15_v1_D05,3,1.592703648175912,2.713143428285857,10.96,0.11039045273552549,0.09948537635943915,1.411544227886057,0.04694149595383534
main_c15_v1_D05,4,1.6231884057971016,2.8530734632683656,11.08,0.1119659063096392,0.12168261107541453,1.4039230384807597,0.017266921444181977
main_c15_v1_D05,5,1.681159420289855,2.8855572213893055,11.36,0.11564729588776823,0.12203243616287075,1.3894302848575713,0.03775897192830089
main_c15_v1_D05,6,1.6216891554222888,2.867566216891554,10.94,0.1121107463428071,0.11159955736417486,1.4042978510744628,0.022715141026923943
main_c15_v1_D05,7,1.688655672163918,2.9305347326336832,11.67,0.11578964480389468,0.12791758882463505,1.3875562218890554,0.03850315093011994
main_c15_v1_D05,8,1.5192403798100949,2.8050974512743627,10.1,0.105779247702377,0.08771507103591045,1.4299100449775113,0.024219683349998137
main_c15_v1_D06,0,1.5807096451774112,2.787606196901549,11.42,0.10944724929917476,0.11383970713056153,1.4084207896051975,0.06015587157554158
main_c15_v1_D06,1,1.5712143928035982,2.6391804097951024,11.05,0.10921983098378299,0.08455672957172197,1.4107946026986506,0.048300050222858014
main_c15_v1_D06,2,1.5092453773113443,2.7006496751624187,10.71,0.10524384487822028,0.08083775572531197,1.4262868565717142,0.02587385740581768
main_c15_v1_D06,3,1.6371814092953523,2.817091454272864,11.85,0.11369614020243082,0.11333995700562413,1.394302848575712,0.04520842703548969
main_c15_v1_D06,4,1.6366816591704147,2.825087456271864,11.52,0.11363616904561955,0.11244100172136147,1.3944277861069465,0.04718495646740568
main_c15_v1_D06,5,1.6786606696651674,2.8580709645177413,11.72,0.11561033404266854,0.13821382959313971,1.3839330334832585,0.05090772854179937
main_c15_v1_D06,6,1.5497251374312844,2.7241379310344827,10.77,0.10783427524085001,0.09886743136368316,1.4161669165417292,0.047256618126408766
main_c15_v1_D06,7,1.618190904547726,2.904047976011994,11.44,0.11164053073765887,0.12336589641687074,1.3990504747626187,0.025455405270037937
main_c15_v1_D06,8,1.647176411794103,2.8905547226386807,11.42,0.11367162556959425,0.13453769147172423,1.3918040979510244,0.05389095292453571
main_c15_v1_D07,0,1.7106446776611695,2.847576211894053,11.91,0.11497288973959961,0.13783167939839605,1.423913043478261,0.009922511158364252
main_c15_v1_D07,1,1.6506746626686657,2.835582208895552,10.99,0.11157309098396488,0.13688334404226438,1.4389055472263867,0.010039211586063057
main_c15_v1_D07,2,1.6431784107946028,2.7831084457771116,11.44,0.1103940071934225,0.11582185097927238,1.4407796101949026,0.00803566927653643
main_c15_v1_D07,3,1.591704147926037,2.636681659170415,10.96,0.10770750270320091,0.09363770495704517,1.4536481759120439,0.012368505069684552
main_c15_v1_D07,4,1.6346826586706646,2.8075962018990506,10.87,0.11024711480389564,0.10485352561814332,1.442903548225887,0.010394790014378793
main_c15_v1_D07,5,1.6991504247876061,2.733133433283358,11.68,0.113920434671346,0.11461947597629749,1.4267866066966517,0.009741179319064852
main_c15_v1_D07,6,1.6211894052973512,2.634182908545727,11.5,0.11012924826404612,0.091367411532329,1.4462768615692154,0.011763103159323008
main_c15_v1_D07,7,1.6841579210394804,2.8055972013993005,11.45,0.11356879314755078,0.13281692487089755,1.4305347326336832,0.008520131754086889
main_c15_v1_D07,8,1.5772113943028485,2.6271864067966018,10.76,0.1074869184929735,0.07216808262535392,1.457271364317841,0.009485649005475163
main_c15_v1_D08,0,1.6571714142928535,2.9090454772613694,11.6,0.11484385043805921,0.13686886715372434,1.3819340329835081,0.05799417030406192
main_c15_v1_D08,1,1.6326836581709145,2.7806096951524237,11.63,0.11395533263196814,0.1208036854588575,1.3880559720139931,0.0381467321078981
main_c15_v1_D08,2,1.646176911544228,2.8800599700149925,11.73,0.11436663005802712,0.11605843903445077,1.3846826586706646,0.023967806972175126
main_c15_v1_D08,3,1.5912043978010995,2.7221389305347325,11.31,0.11043829290725495,0.09928289823342268,1.3984257871064467,0.04442963177688907
main_c15_v1_D08,4,1.486256871564218,2.6916541729135433,11.03,0.10408668189382735,0.07413594789906633,1.4246626686656672,0.03340665029609748
main_c15_v1_D08,5,1.6966516741629185,2.947026486756622,11.82,0.11678936463256259,0.1479823580273352,1.372063968015992,0.030088527408915808
main_c15_v1_D08,6,1.5577211394302848,2.739630184907546,11.03,0.10853342766347157,0.09301757851233101,1.4067966016991504,0.03918676779828243
main_c15_v1_D08,7,1.5487256371814093,2.7906046976511742,11.0,0.10827581556565753,0.11875233018411398,1.4090454772613694,0.051288581567571094
main_c15_v1_D08,8,1.553223388305847,2.7316341829085458,10.49,0.10871060420917153,0.09309789549669596,1.40792103948026,0.04753192275436608
main_c15_v1_label,0,1.5062468765617192,2.785607196401799,10.42,0.10911735770126735,0.10656516979605424,1.3478260869565217,
main_c15_v1_label,1,1.5412293853073464,2.8620689655172415,11.1,0.11172634524455395,0.11388948382951354,1.339080459770115,
main_c15_v1_label,2,1.4747626186906546,2.7191404297851074,10.66,0.10705330511240985,0.0938982889507625,1.355697151424288,
main_c15_v1_label,3,1.502248875562219,2.6496751624187906,10.91,0.10975348208650403,0.09237881059470253,1.3488255872063968,
main_c15_v1_label,4,1.658670664667666,2.967016491754123,11.39,0.11940743938881827,0.14991373360938554,1.3097201399300349,
main_c15_v1_label,5,1.5217391304347827,2.8850574712643677,10.73,0.11017604881883572,0.10478689226815145,1.343953023488256,
main_c15_v1_label,6,1.5167416291854072,2.844577711144428,10.69,0.10978350588603587,0.11744068441969467,1.3452023988005997,
main_c15_v1_label,7,1.537231384307846,2.683658170914543,10.94,0.11067464247106909,0.11406618119511652,1.34007996001999,
main_c15_v1_label,8,1.536231884057971,2.6946526736631684,11.19,0.11230787329050593,0.10706075533661719,1.3403298350824588,
size27_c00_v0_A,0,1.8750624687656172,3.67816091954023,12.28,0.03580786080767186,0.03460059292143253,1.8820589705147426,
size27_c00_v0_A,1,2.0134932533733134,3.8765617191404296,12.75,0.03793178543071267,0.04786008871466145,1.871410448621843,
size27_c00_v0_A,2,1.8660669665167415,3.7786106946526736,12.6,0.0355771441656697,0.02758867680157038,1.8827509322261946,
size27_c00_v0_A,3,2.027986006996502,3.8270864567716143,13.06,0.038071983740382516,0.03692515214254347,1.8702956214200592,
size27_c00_v0_A,4,2.0304847576211893,3.7711144427786105,12.72,0.03795662334534319,0.04020733694646741,1.8701034098335447,
size27_c00_v0_A,5,1.7926036981509246,3.248375812093953,12.31,0.03442367203170143,0.013339289950984094,1.888401952869719,
size27_c00_v0_A,6,1.9475262368815591,3.754622688655672,13.15,0.03705610527496752,0.03313527773797644,1.876484834505824,
size27_c00_v0_A,7,2.031984007996002,3.739130434782609,12.95,0.03851072302850897,0.040160138323556666,1.8699880828816362,
size27_c00_v0_A,8,2.150424787606197,4.064467766116942,13.4,0.04043552589261626,0.06668343872241925,1.8608772536808518,
size27_c00_v0_A,9,2.0504747626186908,3.730134932533733,13.02,0.0385473850007491,0.0405644940877325,1.8685657171414294,
size27_c00_v0_A,10,1.9385307346326837,3.6736631684157923,12.74,0.03701926901133619,0.036505814691721754,1.877176796217276,
size27_c00_v0_A,11,1.9720139930034983,3.8025987006496753,13.13,0.03721697999994257,0.03435095777674491,1.8746011609579825,
size27_c00_v0_A,12,1.8450774612693652,3.3783108445777112,12.34,0.035210749763442115,0.021230528314486338,1.884365509552916,
size27_c00_v0_A,13,1.928535732133933,3.6691654172913544,12.75,0.03644851477646723,0.03708237872405793,1.8779456425633336,
size27_c00_v0_A,14,1.909545227386307,3.6061969015492252,12.85,0.03616964196414781,0.03589641520676009,1.8794064506208434,
size27_c00_v0_A,15,1.935032483758121,3.6931534232883556,12.56,0.03679368024889719,0.04124810444150776,1.877445892438396,
size27_c00_v0_A,16,2.105447276361819,3.9930034982508746,13.55,0.039649421663216035,0.05193031190032691,1.8643370622381117,
size27_c00_v0_A,17,1.8180909545227386,3.5462268865567217,11.58,0.03475585992807562,0.03448317882350869,1.8864413946872718,
size27_c00_v0_A,18,1.7941029485257372,3.263368315842079,12.17,0.03429099447986891,0.019384625868883756,1.8882866259178104,
size27_c00_v0_A,19,2.0419790104947526,4.006496751624188,13.04,0.03895600205359812,0.0497412244038931,1.8692192365355784,
size27_c00_v0_A,20,1.857071464267866,3.505247376311844,12.2,0.0350690061070576,0.029682404607442106,1.8834428939376466,
size27_c00_v0_A,21,1.9495252373813095,3.6136931534232883,12.72,0.03726552038260848,0.032399318156439656,1.8763310652366125,
size27_c00_v0_A,22,1.958520739630185,3.729135432283858,12.78,0.037163383079662715,0.0415040551097523,1.8756391035251605,
size27_c00_v0_A,23,1.8905547226386807,3.4227886056971513,12.62,0.03643642107495155,0.03097607040635529,1.880867258678353,
size27_c00_v0_A,24,1.9325337331334334,3.7736131934032984,12.56,0.036962354020474,0.03866803971751501,1.8776381040249106,
size27_c00_v0_A,25,1.8535732133933034,3.5902048975512244,12.2,0.03523934456349774,0.026626585697050474,1.8837119901587667,
size27_c00_v0_A,26,2.167416291854073,4.295852073963019,13.47,0.04103404816443296,0.05722549980421044,1.8595702148925537,
size27_c00_v0_D00,0,2.15992003998001,4.15792103948026,13.46,0.0400775821981594,0.06394242106386035,1.8871333563987238,
size27_c00_v0_D00,1,2.156921539230385,4.099950024987506,13.13,0.040364819190243144,0.057606406032193164,1.887364010302541,
size27_c00_v0_D00,2,2.1124437781109444,4.070464767616192,13.26,0.03922109330385266,0.05038878468413706,1.890785376542498,
size27_c00_v0_D00,3,2.0314842578710643,3.709145427286357,12.97,0.03804932553504782,0.0431284413293409,1.8970130319455656,
size27_c00_v0_D00,4,1.9715142428785608,3.717641179410295,12.98,0.03733880309480346,0.03317490438929722,1.901626110021912,
size27_c00_v0_D00,5,1.8845577211394302,3.4247876061969014,12.08,0.035126542051990076,0.02922226865255353,1.9083150732326144,
size27_c00_v0_D00,6,1.9505247376311845,3.730134932533733,12.52,0.03667512661352295,0.03211706944840382,1.9032406873486334,
size27_c00_v0_D00,7,1.8905547226386807,3.4067966016991504,12.67,0.035751843726511565,0.016164746187234937,1.9078537654249799,
size27_c00_v0_D00,8,2.0129935032483757,3.875062468765617,12.85,0.03773704454793396,0.04405279877543748,1.8984353976857724,
size27_c00_v0_D00,9,1.910544727636182,3.6691654172913544,12.42,0.03566960128163081,0.030940518196890057,1.9063160727328643,
size27_c00_v0_D00,10,1.9400299850074962,3.576711644177911,12.54,0.03664602096089604,0.03968095872143853,1.904047976011994,
size27_c00_v0_D00,11,2.0059970014992503,3.580209895052474,13.06,0.03762192797934218,0.037320228774501675,1.898973590128013,
size27_c00_v0_D00,12,1.9100449775112445,3.628685657171414,12.66,0.03547270610241294,0.0338513518798377,1.9063545150501673,
size27_c00_v0_D00,13,1.9260369815092453,3.6711644177911045,12.48,0.03593590510422904,0.0330919607906115,1.9051243608964747,
size27_c00_v0_D00,14,1.9795102448775612,3.702648675662169,12.98,0.03704540193430876,0.02679199721928362,1.901011032945066,
size27_c00_v0_D00,15,1.9485257371314342,3.573713143428286,12.79,0.03688530066841629,0.026128000490819103,1.903394456617845,
size27_c00_v0_D00,16,1.9150424787606197,3.8255872063968015,12.39,0.03596161877861438,0.028752878527991018,1.9059700918771383,
size27_c00_v0_D00,17,1.9930034982508746,3.7806096951524237,12.13,0.036875541380973216,0.0426069072245984,1.899973090377888,
size27_c00_v0_D00,18,2.0904547726136933,3.896551724137931,13.65,0.039111706017340604,0.048877154274455666,1.892476838503825,
size27_c00_v0_D00,19,2.08095952023988,3.708145927036482,13.45,0.03874573982734516,0.04298209148284115,1.8932072425325799,
size27_c00_v0_D00,20,1.8020989505247376,3.258870564717641,12.37,0.034016647686409864,0.01780480611065319,1.9146580555875907,
size27_c00_v0_D00,21,2.032983508245877,4.035982008995502,12.74,0.038049179016554455,0.05191908568970042,1.896897704993657,
size27_c00_v0_D00,22,1.9805097451274363,3.605697151424288,12.55,0.036972629448227455,0.039604259919102526,1.9009341483104603,
size27_c00_v0_D00,23,1.9485257371314342,3.5387306346826586,12.33,0.036353820967701914,0.026466119532086566,1.903394456617845,
size27_c00_v0_D00,24,2.0334832583708145,3.84207896051974,12.99,0.038603652433438586,0.044407172593079663,1.896859262676354,
size27_c00_v0_D00,25,1.9405297351324338,3.552223888055972,12.54,0.036185581992050825,0.03845876484557145,1.9040095336946912,
size27_c00_v0_D00,26,1.776111944027986,3.317341329335332,11.68,0.03350483815804248,0.020517903164080083,1.916657056087341,
size27_c00_v0_D26,0,1.9710144927536233,3.8235882058970514,12.42,0.037669619136286046,0.04159188998019584,1.8733325644869874,
size27_c00_v0_D26,1,2.0659670164917543,3.708645677161419,13.05,0.03933251331094482,0.04780901951066871,1.8660285241994388,
size27_c00_v0_D26,2,1.9245377311344327,3.7231384307846076,12.57,0.03626971877605793,0.03286373241395733,1.8769076999961558,
size27_c00_v0_D26,3,2.0344827586206895,3.9890054972513744,13.23,0.03858014319896735,0.04494515562731458,1.8684503901895206,
size27_c00_v0_D26,4,1.905047476261869,3.683158420789605,12.83,0.036266602266809625,0.031826186473862685,1.8784069503709684,
size27_c00_v0_D26,5,1.9550224887556222,3.7511244377811095,12.71,0.037055838422293826,0.0374154428502255,1.8745627186406797,
size27_c00_v0_D26,6,1.9975012493753124,3.72063968015992,12.6,0.038634480535422434,0.03871361577508509,1.8712951216699343,
size27_c00_v0_D26,7,1.8760619690154923,3.6916541729135433,12.4,0.0356263566541071,0.03026367962649825,1.8806366047745358,
size27_c00_v0_D26,8,1.866566716641679,3.500249875062469,12.49,0.03554458391938136,0.028634131707595007,1.8813670088032906,
size27_c00_v0_D26,9,1.92103948025987,3.4962518740629687,12.51,0.0364124594005928,0.027973783670935125,1.877176796217276,
size27_c00_v0_D26,10,1.8015992003998,3.4842578710644676,12.14,0.03376675789048908,0.022750150898576696,1.886364510052666,
size27_c00_v0_D26,11,1.9430284857571214,3.7551224387806097,12.89,0.03688400697441645,0.038224526043116804,1.875485334255949,
size27_c00_v0_D26,12,2.072463768115942,3.8065967016491755,13.19,0.039868574504200956,0.045023339701000906,1.8655287740745012,
size27_c00_v0_D26,13,1.8500749625187407,3.731134432783608,12.72,0.03514904231819762,0.03262498093832428,1.8826356052742859,
size27_c00_v0_D26,14,1.870064967516242,3.571214392803598,12.01,0.035362552522572525,0.026750315318531222,1.8810979125821705,
size27_c00_v0_D26,15,2.1399300349825086,4.244377811094453,13.78,0.04027303128559002,0.056190014660779324,1.8603390612386115,
size27_c00_v0_D26,16,1.8890554722638682,3.6921539230384806,12.48,0.03597814552533337,0.0377162609171605,1.8796371045246607,
size27_c00_v0_D26,17,1.8535732133933034,3.5662168915542227,12.08,0.035248519144268194,0.03928856278931244,1.8823665090531658,
size27_c00_v0_D26,18,1.8800599700149925,3.4932533733133435,12.49,0.03535369800734426,0.02264063328531096,1.8803290662361127,
size27_c00_v0_D26,19,1.9375312343828086,3.6216891554222888,12.54,0.03695177750991702,0.029717506104312744,1.8759081997462808,
size27_c00_v0_D26,20,1.7456271864067967,3.3333333333333335,12.22,0.03305052325297298,0.025488451800295894,1.8906700495905893,
size27_c00_v0_D26,21,1.9400299850074962,3.6146926536731634,12.53,0.036629288134063895,0.033755633006007854,1.8757159881597663,
size27_c00_v0_D26,22,2.0444777611194405,3.7746126936531734,13.26,0.03848300423099384,0.04335002412213811,1.8676815438434629,
size27_c00_v0_D26,23,2.052973513243378,3.7491254372813594,13.29,0.039226745635721656,0.04178507787953069,1.8670280244493138,
size27_c00_v0_D26,24,2.1159420289855073,4.179410294852573,13.22,0.04010714619364309,0.05786832413519072,1.86218429246915,
size27_c00_v0_D26,25,1.894552723638181,3.684657671164418,12.67,0.03631575105799789,0.02802587356560373,1.879214239034329,
size27_c00_v0_D26,26,2.100449775112444,4.181409295352323,12.85,0.039959120191413976,0.056763687198469776,1.8633760043055396,
size27_c00_v1_A,0,1.8425787106446776,3.427286356821589,12.39,0.035293643983957394,0.020807583286637888,1.8794833352554492,
size27_c00_v1_A,1,2.0124937531234384,3.999000499750125,12.83,0.037859614509942796,0.044764381943586465,1.8664129473724675,
size27_c00_v1_A,2,2.0359820089955023,3.8610694652673665,13.08,0.038616215804744274,0.044826288154624,1.864606158459232,
size27_c00_v1_A,3,1.983008495752124,4.016491754122939,12.78,0.037649851967710854,0.04410442498677793,1.868681044093338,
size27_c00_v1_A,4,1.9160419790104948,3.754622688655672,12.73,0.03686603144158421,0.03337989353511009,1.873832314611925,
size27_c00_v1_A,5,2.052473763118441,3.815592203898051,13.3,0.03918306117762851,0.04427936298251143,1.8633375619882366,
size27_c00_v1_A,6,1.8370814592703648,3.5452273863068466,12.19,0.03504766164789632,0.02303336621177702,1.879906200745781,
size27_c00_v1_A,7,1.893553223388306,3.4342828585707146,12.41,0.03548590821458967,0.030286725112106574,1.8755622188905547,
size27_c00_v1_A,8,1.8185907046476761,3.365317341329335,12.1,0.034718351181419,0.023695581789329057,1.8813285664859878,
size27_c00_v1_A,9,2.1969015492253874,4.47376311844078,13.62,0.04179773906846237,0.0629535196979416,1.8522277322877023,
size27_c00_v1_A,10,2.0589705147426285,3.6806596701649177,13.5,0.0387584203230535,0.04076666385291491,1.862837811863299,
size27_c00_v1_A,11,1.9420289855072463,3.8565717141429285,12.84,0.03697723935943243,0.040283373751933596,1.8718333141121746,
size27_c00_v1_A,12,2.096951524237881,4.012493753123438,13.03,0.0399391099244025,0.057483691554156315,1.8599161957482797,
size27_c00_v1_A,13,1.8930534732633684,3.476761619190405,12.6,0.03643893342921169,0.030815869121716244,1.8756006612078575,
size27_c00_v1_A,14,1.8385807096451774,3.3898050974512746,11.95,0.03500039940597995,0.027437031632727923,1.8797908737938722,
size27_c00_v1_A,15,2.0334832583708145,3.6506746626686657,12.75,0.03832780173825531,0.04307855458309645,1.8647983700457464,
size27_c00_v1_A,16,1.9180409795102449,3.474762618690655,12.48,0.037003218615490954,0.03427687123118822,1.8736785453427132,
size27_c00_v1_A,17,1.790104947526237,3.44127936031984,11.39,0.033852858762728893,0.030015637924183672,1.8835197785722524,
size27_c00_v1_A,18,1.920039980009995,3.7776111944027986,12.33,0.03620695870351265,0.04093818703793132,1.8735247760735017,
size27_c00_v1_A,19,2.0124937531234384,3.9320339830084956,13.03,0.03869113236924506,0.046848891636791824,1.8664129473724675,
size27_c00_v1_A,20,1.8940529735132434,3.739130434782609,12.47,0.0363043872703749,0.024943588811654798,1.8755237765732518,
size27_c00_v1_A,21,2.053473263368316,3.835582208895552,12.91,0.0390810470175346,0.04744248012393356,1.8632606773536309,
size27_c00_v1_A,22,2.0934532733633184,3.9505247376311843,13.34,0.03979216532488664,0.05073069338216177,1.8601852919694,
size27_c00_v1_A,23,1.735632183908046,3.3588205897051475,11.77,0.03353742533518874,0.02339371994544411,1.887709991158267,
size27_c00_v1_A,24,1.9015492253873063,3.7136431784107944,12.51,0.036309699072127395,0.03202160803139728,1.8749471418137085,
size27_c00_v1_A,25,1.9670164917541229,3.8895552223888057,12.6,0.03705428887112958,0.033694900523986,1.8699111982470302,
size27_c00_v1_A,26,1.8140929535232384,3.532233883058471,12.43,0.03420683547951009,0.023697109154380537,1.8816745473417138,
size27_c00_v1_D00,0,1.879560219890055,3.6861569215392302,12.28,0.03526190466315973,0.028754205703231214,1.8965901664552338,
size27_c00_v1_D00,1,2.001499250374813,3.7736131934032984,13.34,0.03783125195076507,0.04350403469593873,1.8872102410333296,
size27_c00_v1_D00,2,1.9855072463768115,3.7226386806596703,12.92,0.037387387540809496,0.03703684981795931,1.888440395187022,
size27_c00_v1_D00,3,1.8765617191404298,3.454272863568216,12.49,0.035248118388428805,0.023605909887768967,1.8968208203590513,
size27_c00_v1_D00,4,1.934032983508246,3.6701649175412294,12.51,0.036468700516338035,0.03769279196565555,1.8923999538692193,
size27_c00_v1_D00,5,1.9035482258870564,3.585207396301849,12.38,0.03565843918300604,0.026216262498121593,1.8947449352246954,
size27_c00_v1_D00,6,1.9090454772613694,3.63568215892054,12.57,0.036164675847626726,0.024208968886630076,1.8943220697343637,
size27_c00_v1_D00,7,1.9930034982508746,3.9430284857571216,12.81,0.03752233899847511,0.04924652087320754,1.8878637604274786,
size27_c00_v1_D00,8,1.855072463768116,3.3898050974512746,12.21,0.03496274604094033,0.023907880392138276,1.8984738400030754,
size27_c00_v1_D00,9,2.097951024487756,4.083958020989505,13.16,0.039462574668016906,0.051934559693180365,1.8797908737938722,
size27_c00_v1_D00,10,2.2518740629685157,4.1744127936031985,13.66,0.04222089629306319,0.07137596286771694,1.8679506400645831,
size27_c00_v1_D00,11,2.0424787606196904,3.905047476261869,12.84,0.03821598905587662,0.040868213356968996,1.8840579710144927,
size27_c00_v1_D00,12,1.9645177411294352,3.834582708645677,12.96,0.03730568764215168,0.03582234717916882,1.8900549725137432,
size27_c00_v1_D00,13,1.935032483758121,3.8255872063968015,12.29,0.036509913738231335,0.03940843292417508,1.8923230692346134,
size27_c00_v1_D00,14,1.8915542228885558,3.712143928035982,12.71,0.035635692227807825,0.03400003849778965,1.8956675508399647,
size27_c00_v1_D00,15,2.1219390304847576,4.229385307346327,13.3,0.04007226259806013,0.058872162320438175,1.8779456425633336,
size27_c00_v1_D00,16,1.9805097451274363,3.7006496751624187,12.51,0.037319533664792334,0.035252147208668955,1.8888248183600507,
size27_c00_v1_D00,17,1.9560219890054973,3.63968015992004,12.47,0.03711959090846493,0.026877775453487632,1.8907084919078923,
size27_c00_v1_D00,18,1.9320339830084958,3.6431784107946026,12.68,0.036114286055345515,0.03555189049941676,1.8925537231384308,
size27_c00_v1_D00,19,1.8920539730134933,3.7006496751624187,12.35,0.035833879846696046,0.029396220138349104,1.8956291085226618,
size27_c00_v1_D00,20,1.9235382308845577,3.535232383808096,12.22,0.03674264408163481,0.029301078176640426,1.8932072425325799,
size27_c00_v1_D00,21,2.0684657671164417,4.087956021989005,12.9,0.03861987511971862,0.044259429004556435,1.8820589705147426,
size27_c00_v1_D00,22,2.0369815092453774,3.918040979510245,13.0,0.038178497149013474,0.047065956698640346,1.8844808365048245,
size27_c00_v1_D00,23,1.9280359820089954,3.572713643178411,12.41,0.03647374736682714,0.032795579122415756,1.8928612616768539,
size27_c00_v1_D00,24,1.8970514742628686,3.529735132433783,12.32,0.035415732432990836,0.026211863543197895,1.895244685349633,
size27_c00_v1_D00,25,1.9575212393803099,3.5972013993003498,12.9,0.037074747100922095,0.037959386385173516,1.8905931649559835,
size27_c00_v1_D00,26,1.855072463768116,3.5667166416791605,12.19,0.03517888692083724,0.028873532209364318,1.8984738400030754,
size27_c00_v1_D26,0,1.8980509745127436,3.6326836581709148,12.59,0.03652305463782297,0.03290185715223198,1.8436166532118556,
size27_c00_v1_D26,1,1.8220889555222388,3.4837581209395303,12.19,0.03578461421892889,0.029500563571028385,1.8494598854418944,
size27_c00_v1_D26,2,2.0994502748625687,3.945527236381809,13.19,0.040403691026706885,0.055691057790008346,1.8281243993387921,
size27_c00_v1_D26,3,1.6756621689155422,3.3098450774612695,11.89,0.03196036143307282,0.019413741902497533,1.8607234844116403,
size27_c00_v1_D26,4,1.9395302348825587,3.7201399300349824,12.87,0.03758065513190222,0.03839431294453787,1.840425940875716,
size27_c00_v1_D26,5,1.8335832083958021,3.6126936531734133,12.38,0.034854574351862455,0.03246215997340436,1.8485757121439281,
size27_c00_v1_D26,6,1.9325337331334334,3.5697151424287856,12.56,0.03752018120877421,0.03710469801174451,1.8409641333179565,
size27_c00_v1_D26,7,2.1274362818590706,4.348325837081459,13.64,0.04088885436371347,0.06397933789238137,1.8259716295698305,
size27_c00_v1_D26,8,1.8600699650174912,3.5912043978010995,12.18,0.03616023381838914,0.03939936597357889,1.846538269326875,
size27_c00_v1_D26,9,1.8190904547726137,3.3343328335832085,12.1,0.035490131227064556,0.026530007002270886,1.8496905393457117,
size27_c00_v1_D26,10,1.8615692153923038,3.5972013993003498,12.38,0.03624253364072824,0.028971228671378618,1.8464229423749663,
size27_c00_v1_D26,11,2.002998500749625,3.8375812093953026,13.75,0.03843661883979162,0.03766533039396612,1.8355437665782492,
size27_c00_v1_D26,12,1.9685157421289354,3.7751124437781107,12.67,0.03812469383067839,0.0491589883269044,1.8381962864721486,
size27_c00_v1_D26,13,2.0964517741129436,3.872063968015992,13.63,0.04022497756264804,0.055817744086109955,1.8283550532426094,
size27_c00_v1_D26,14,1.9560219890054973,3.7946026986506745,12.86,0.03788452009019766,0.0360149831289262,1.8391573444047207,
size27_c00_v1_D26,15,1.8565717141429285,3.7216391804097952,12.33,0.036021011352934555,0.025738357372540304,1.8468073655479953,
size27_c00_v1_D26,16,2.0184907546226887,3.922038980509745,13.21,0.038935111376307875,0.046691553213292374,1.83435205474186,
size27_c00_v1_D26,17,1.8360819590204898,3.3588205897051475,11.97,0.034957641727879005,0.023938643953636464,1.8483835005574136,
size27_c00_v1_D26,18,1.9655172413793103,3.7416291854072963,13.05,0.03771623189946186,0.04256367487252047,1.8384269403759659,
size27_c00_v1_D26,19,1.8495752123938032,3.6686656671664166,12.39,0.03601698770167695,0.029670301934170043,1.8473455579902356,
size27_c00_v1_D26,20,1.894552723638181,3.744127936031984,12.34,0.037119398835225664,0.03322445919897197,1.843885749432976,
size27_c00_v1_D26,21,1.8790604697651174,3.68015992003998,12.37,0.036180386892310894,0.03695834261801282,1.8450774612693652,
size27_c00_v1_D26,22,1.8680659670164919,3.465767116441779,12.41,0.035772318529441446,0.030111188994247515,1.8459231922500288,
size27_c00_v1_D26,23,1.9020489755122438,3.4772613693153422,12.6,0.03693681472806951,0.030575639308772783,1.8433091146734326,
size27_c00_v1_D26,24,1.856071964017991,3.6681659170414793,12.76,0.03638295559565942,0.03218708106264331,1.846845807865298,
size27_c00_v1_D26,25,1.9425287356321839,3.6686656671664166,12.88,0.03784771286258831,0.04456009729622925,1.8401952869718987,
size27_c00_v1_D26,26,1.9685157421289354,3.973513243378311,12.66,0.03803373311616308,0.04077528335399405,1.8381962864721486,
size27_c01_v0_A,0,1.897551224387806,3.585207396301849,12.64,0.03628192145209052,0.025904129464849115,1.8832122400338291,
size27_c01_v0_A,1,2.157421289355322,4.289355322338831,13.64,0.040920523574968906,0.06009957336793919,1.863222235036328,
size27_c01_v0_A,2,1.791104447776112,3.4087956021989005,11.96,0.03358060300150875,0.021171827506160347,1.8914004536193443,
size27_c01_v0_A,3,1.7626186906546726,3.468765617191404,12.0,0.033405968537206475,0.023635644437743398,1.8935916657056087,
size27_c01_v0_A,4,1.9420289855072463,3.5922038980509745,12.21,0.03666537420956605,0.031172099875248337,1.8797908737938722,
size27_c01_v0_A,5,2.102448775612194,3.7276361819090456,12.65,0.03949473594900412,0.05553282161228191,1.8674508899396456,
size27_c01_v0_A,6,1.9530234882558721,3.733633183408296,12.66,0.03731945452770521,0.03353568525982324,1.8789451428132087,
size27_c01_v0_A,7,1.8900549725137432,3.5857071464267865,12.69,0.035983130090598,0.031087023365883988,1.8837888747933726,
size27_c01_v0_A,8,2.023488255872064,3.8275862068965516,12.61,0.03846343469354846,0.04269982613310955,1.8735247760735017,
size27_c01_v0_A,9,2.053473263368316,3.687656171914043,12.54,0.03839218655945324,0.039649697295874246,1.8712182370353285,
size27_c01_v0_A,10,1.9000499750124937,3.4377811094452775,12.26,0.03572388253700121,0.030718028431671637,1.8830200284473149,
size27_c01_v0_A,11,1.9315342328835583,3.7226386806596703,12.72,0.036353200672298,0.039923148094062666,1.880598162457233,
size27_c01_v0_A,12,1.8405797101449275,3.6411794102948525,12.14,0.03556644822079226,0.030609123787534612,1.8875946642063584,
size27_c01_v0_A,13,2.0849575212393803,3.937031484257871,13.1,0.03971957756299858,0.04243118894543185,1.8687963710452467,
size27_c01_v0_A,14,1.8495752123938032,3.660169915042479,12.33,0.03478719196818244,0.029560688631153426,1.8869027024949063,
size27_c01_v0_A,15,2.0314842578710643,3.7946026986506745,12.83,0.03849232991230239,0.04691254661269657,1.8729096989966556,
size27_c01_v0_A,16,2.050974512743628,3.9865067466266866,12.97,0.03934692934496482,0.05306238128576961,1.871410448621843,
size27_c01_v0_A,17,2.1114442778610694,4.379310344827586,13.1,0.04023325930340981,0.05507266762888953,1.8667589282281936,
size27_c01_v0_A,18,1.8615692153923038,3.3118440779610197,12.3,0.03528111869627279,0.02430927948169329,1.885980086879637,
size27_c01_v0_A,19,2.0139930034982507,3.658170914542729,12.83,0.0375487286470141,0.03743433117496092,1.8742551801022567,
size27_c01_v0_A,20,2.1679160419790104,4.068465767116442,13.51,0.0405285797874691,0.056164618046177284,1.8624149463729673,
size27_c01_v0_A,21,1.777111444277861,3.284857571214393,11.96,0.0340149642609394,0.02610013535800646,1.892476838503825,
size27_c01_v0_A,22,2.0434782608695654,3.8815592203898053,13.13,0.038789782581690205,0.04497082821670528,1.8719870833813863,
size27_c01_v0_A,23,1.9055472263868065,3.6401799100449774,12.79,0.0357683114392906,0.03181828998920456,1.882597162956983,
size27_c01_v0_A,24,1.8460769615192403,3.316341829085457,12.12,0.034884615242920254,0.02639798981628068,1.8871717987160266,
size27_c01_v0_A,25,1.839080459770115,3.2928535732133932,12.23,0.03529326544908386,0.02691612346784764,1.887709991158267,
size27_c01_v0_A,26,1.9300349825087457,3.5662168915542227,12.28,0.03716048177772044,0.033110302713001395,1.8807134894091415,
size27_c01_v0_D00,0,2.0194902548725637,4.0344827586206895,12.6,0.03824630144995782,0.044668664946026275,1.8740629685157422,
size27_c01_v0_D00,1,1.881559220389805,3.6156921539230384,12.8,0.035264276067699246,0.029087115893712618,1.884673048091339,
size27_c01_v0_D00,2,1.9775112443778111,3.8650674662668667,12.55,0.03750832975753156,0.04025707758841194,1.8772921231691846,
size27_c01_v0_D00,3,2.0174912543728136,3.936031984007996,12.7,0.0385174906938825,0.04355590963536995,1.8742167377849537,
size27_c01_v0_D00,4,2.0359820089955023,3.8610694652673665,12.83,0.03864994364810414,0.04436278086952753,1.8727943720447469,
size27_c01_v0_D00,5,1.9410294852573713,3.55872063968016,12.59,0.036498698816509405,0.028639653976985344,1.8800984123322955,
size27_c01_v0_D00,6,1.9020489755122438,3.4592703648175913,12.38,0.03568560854700861,0.02610429994238092,1.8830969130819206,
size27_c01_v0_D00,7,1.9845077461269365,3.768615692153923,12.92,0.03788617364782898,0.03559423390757726,1.8767539307269443,
size27_c01_v0_D00,8,1.8150924537731135,3.576711644177911,12.41,0.03461209700979241,0.027512109745992837,1.889785876292623,
size27_c01_v0_D00,9,1.8755622188905547,3.768615692153923,12.54,0.035611754875163694,0.032208756871425576,1.8851343558989735,
size27_c01_v0_D00,10,1.9240379810094952,3.6561719140429787,12.5,0.03666406108461365,0.03242437222946973,1.8814054511205935,
size27_c01_v0_D00,11,2.0164917541229386,3.8265867066466766,12.82,0.03781091494858819,0.04072236969538322,1.8742936224195594,
size27_c01_v0_D00,12,1.864567716141929,3.7251374312843577,12.43,0.03572946204563841,0.03125646772573313,1.885980086879637,
size27_c01_v0_D00,13,2.006496751624188,3.9625187406296853,12.69,0.03812872982285749,0.040882192381442764,1.8750624687656172,
size27_c01_v0_D00,14,1.8685657171414294,3.791104447776112,12.76,0.03584618366326737,0.03310258651338115,1.885672548341214,
size27_c01_v0_D00,15,2.1124437781109444,3.872063968015992,13.66,0.03977626787918519,0.05394332609475042,1.866912697497405,
size27_c01_v0_D00,16,1.99800099950025,3.929535232383808,13.21,0.03806907594174476,0.03731273446415879,1.8757159881597663,
size27_c01_v0_D00,17,1.9080459770114941,3.4927536231884058,12.63,0.03606605281707537,0.02868060919035435,1.8826356052742859,
size27_c01_v0_D00,18,2.100949525237381,4.177411294352823,13.44,0.03958866491894831,0.053922569739661225,1.8677968707953716,
size27_c01_v0_D00,19,1.864567716141929,3.421289355322339,12.11,0.03551005997619107,0.030558932432995414,1.885980086879637,
size27_c01_v0_D00,20,1.817591204397801,3.365817091454273,12.17,0.03450367562382448,0.023650301611321128,1.8895936647061085,
size27_c01_v0_D00,21,2.102448775612194,3.9815092453773113,13.46,0.03951022313778493,0.051783258942179514,1.8676815438434629,
size27_c01_v0_D00,22,1.8915542228885558,3.571214392803598,12.22,0.03585963099551286,0.03624245430842136,1.8839042017452812,
size27_c01_v0_D00,23,1.9950024987506247,3.6381809095452273,12.92,0.037494045556976566,0.03531440101904875,1.8759466420635835,
size27_c01_v0_D00,24,1.9080459770114941,3.662168915542229,12.91,0.03631381338257135,0.03781920922100834,1.8826356052742859,
size27_c01_v0_D00,25,1.9725137431284359,3.717641179410295,12.92,0.037207857524556145,0.042160689274632325,1.8776765463422136,
size27_c01_v0_D00,26,1.9630184907546226,3.68415792103948,12.88,0.03744060616718544,0.03823292177864894,1.8784069503709684,
size27_c01_v0_D26,0,1.7671164417791105,3.3493253373313343,12.2,0.03329110488764549,0.020274001083596303,1.9068927074924076,
size27_c01_v0_D26,1,1.9715142428785608,3.7016491754122938,13.13,0.03720870598699583,0.03905057405807034,1.8911697997155268,
size27_c01_v0_D26,2,1.9975012493753124,3.7486256871564216,12.74,0.03732172897499568,0.03662638932504002,1.8891707992157767,
size27_c01_v0_D26,3,2.0079960019990004,3.944527736131934,12.65,0.03818665332945293,0.04232353520209594,1.8883635105524161,
size27_c01_v0_D26,4,2.0589705147426285,3.873063468265867,13.27,0.03888990473305843,0.04597981700680353,1.8844423941875217,
size27_c01_v0_D26,5,1.8790604697651174,3.5057471264367814,12.6,0.03553902518544952,0.024077523065529093,1.898281628416561,
size27_c01_v0_D26,6,1.9935032483758122,3.752623688155922,12.79,0.03748570505158181,0.04541584380414968,1.8894783377542,
size27_c01_v0_D26,7,1.9995002498750625,3.76311844077961,12.94,0.03743071225635766,0.04235072218580465,1.8890170299465652,
size27_c01_v0_D26,8,2.1474262868565717,4.304347826086956,13.37,0.04068119257096836,0.06192719491070318,1.8776381040249106,
size27_c01_v0_D26,9,2.0444777611194405,3.665167416291854,12.69,0.03794857350998366,0.05135052631304505,1.8855572213893053,
size27_c01_v0_D26,10,1.9100449775112445,3.72063968015992,12.3,0.03587488092351162,0.035256601635912016,1.895898204743782,
size27_c01_v0_D26,11,2.136431784107946,4.390304847576212,13.52,0.04033920605955167,0.056064704078197344,1.8784838350055741,
size27_c01_v0_D26,12,1.8065967016491755,3.4227886056971513,12.02,0.03429142275559863,0.01924061418064417,1.9038557644254797,
size27_c01_v0_D26,13,1.9600199900049975,3.5037481259370313,12.62,0.03670498691411434,0.035241565863754785,1.8920539730134933,
size27_c01_v0_D26,14,1.8875562218890554,3.659670164917541,12.56,0.03506294040019094,0.028235196975826694,1.8976281090224119,
size27_c01_v0_D26,15,2.102448775612194,3.790104947526237,13.34,0.03931744275253994,0.038693627711618724,1.8810979125821705,
size27_c01_v0_D26,16,2.1039480259870067,4.185907046476761,13.3,0.03973238351236136,0.05303409456332994,1.8809825856302618,
size27_c01_v0_D26,17,1.9805097451274363,3.7426286856571713,12.75,0.03761385365099351,0.04062883088370348,1.890477838004075,
size27_c01_v0_D26,18,1.9380309845077461,3.5417291354322837,13.02,0.03619468842918058,0.03079618754281427,1.8937454349748202,
size27_c01_v0_D26,19,2.077461269365317,3.9590204897551224,13.09,0.039189523050938355,0.046818281113633446,1.8830200284473149,
size27_c01_v0_D26,20,1.8800599700149925,3.6671664167916043,12.22,0.03506492203357369,0.02756742674283908,1.8982047437819551,
size27_c01_v0_D26,21,1.935032483758121,3.648175912043978,12.81,0.036887335156764275,0.02786388745908989,1.8939760888786377,
size27_c01_v0_D26,22,1.9995002498750625,3.7566216891554225,13.33,0.03817406830477411,0.038499028041756735,1.8890170299465652,
size27_c01_v0_D26,23,1.9575212393803099,3.7251374312843577,12.85,0.03720818380686497,0.034133732334631905,1.8922461846000076,
size27_c01_v0_D26,24,1.8990504747626187,3.8020989505247376,12.7,0.03537740770501662,0.026923664929661972,1.8967439357244456,
size27_c01_v0_D26,25,1.8430784607696151,3.2593703148425788,12.4,0.034791938623544544,0.02645739373625435,1.9010494752623688,
size27_c01_v0_D26,26,1.8290854572713644,3.314342828585707,12.1,0.03419150943399148,0.025169035251494037,1.9021258601468496,
size27_c01_v1_A,0,1.8760619690154923,3.913543228385807,12.44,0.03650827863998376,0.03350090134198085,1.855418444623842,
size27_c01_v1_A,1,2.100949525237381,4.130934532733633,13.48,0.04060332898475362,0.05166528041340636,1.8381194018375429,
size27_c01_v1_A,2,1.8415792103948025,3.364817591204398,12.3,0.03491041569232901,0.03225085204095703,1.8580709645177411,
size27_c01_v1_A,3,1.9985007496251874,3.898550724637681,12.55,0.03869210428671123,0.04736850411513079,1.8460000768846345,
size27_c01_v1_A,4,1.8345827086456772,3.428785607196402,12.04,0.035190701533099895,0.023745779180561807,1.8586091569599816,
size27_c01_v1_A,5,1.8205897051474262,3.420289855072464,12.36,0.03433849815775632,0.025317624792887187,1.8596855418444624,
size27_c01_v1_A,6,2.0099950024987505,3.9185407296351826,13.25,0.038904357266474184,0.045883916461127855,1.8451159035866682,
size27_c01_v1_A,7,1.8620689655172413,3.6476761619190405,12.95,0.03628208832206234,0.03354535408508425,1.8564948295083228,
size27_c01_v1_A,8,2.0444777611194405,3.7716141929035483,13.0,0.03952987060675669,0.05034880855720435,1.842463383692769,
size27_c01_v1_A,9,1.999000499750125,3.7006496751624187,13.0,0.03849157800043523,0.03500413601613007,1.8459616345673318,
size27_c01_v1_A,10,1.9965017491254373,3.8820589705147426,12.53,0.03798422528852143,0.04227994782717422,1.8461538461538463,
size27_c01_v1_A,11,1.8500749625187407,3.6441779110444776,12.76,0.035345306509197656,0.03262217403896567,1.857417445123592,
size27_c01_v1_A,12,1.9205397301349325,3.762118940529735,12.3,0.03667855008088173,0.03717797001155325,1.851997078383885,
size27_c01_v1_A,13,1.9480259870064967,3.732633683158421,12.71,0.03801403406631549,0.04111749902604478,1.8498827509322262,
size27_c01_v1_A,14,1.896551724137931,3.5957021489255374,12.81,0.03671797400332451,0.03513478858306447,1.8538423096144236,
size27_c01_v1_A,15,1.909545227386307,3.68215892053973,12.11,0.03701328388216446,0.03000917678578852,1.8528428093645486,
size27_c01_v1_A,16,1.969015492253873,3.687656171914043,13.23,0.03793778061158415,0.042526583306193515,1.8482681736055049,
size27_c01_v1_A,17,1.8625687156421789,3.4887556221889056,12.46,0.035801867135794564,0.024296556905252575,1.8564563871910198,
size27_c01_v1_A,18,1.88055972013993,3.7496251874062967,12.74,0.036217539592224894,0.039578225372828096,1.855072463768116,
size27_c01_v1_A,19,1.9215392303848076,3.6216891554222888,12.4,0.03721350458617563,0.03493054366367712,1.8519201937492793,
size27_c01_v1_A,20,1.8195902048975512,3.443778110944528,12.4,0.03506818205091942,0.028590886874245214,1.8597624264790682,
size27_c01_v1_A,21,1.9005497251374313,3.649175412293853,12.63,0.036418499961474095,0.03135195777624566,1.8535347710760004,
size27_c01_v1_A,22,2.157421289355322,4.082458770614693,13.5,0.04141705384753993,0.05877432024358561,1.8337754199823166,
size27_c01_v1_A,23,1.8565717141429285,3.546726636681659,12.49,0.035413163530218374,0.038103423035956784,1.8569176949986546,
size27_c01_v1_A,24,1.9740129935032484,3.656671664167916,12.91,0.03810943957951198,0.041728701361385026,1.847883750432476,
size27_c01_v1_A,25,1.9240379810094952,3.740129935032484,12.29,0.036559694356865464,0.0443430327238423,1.8517279821627648,
size27_c01_v1_A,26,1.8180909545227386,3.52023988005997,12.19,0.034638679426924,0.018803055459727127,1.8598777534309767,
size27_c01_v1_D00,0,2.0394802598700648,4.016991504247876,12.42,0.03795248059218422,0.04877514553301661,1.9081228616461001,
size27_c01_v1_D00,1,2.0589705147426285,3.766616691654173,12.79,0.038026643161114745,0.04129278808814045,1.9066236112712875,
size27_c01_v1_D00,2,2.0194902548725637,3.7776111944027986,12.67,0.037921357682307116,0.03870852826999756,1.9096605543382155,
size27_c01_v1_D00,3,2.2503748125937033,4.048975512243878,13.57,0.04169267269850789,0.06967356869905598,1.8919002037442818,
size27_c01_v1_D00,4,2.055472263868066,3.947526236881559,13.38,0.038028567427655736,0.04434065642836263,1.9068927074924076,
size27_c01_v1_D00,5,1.9280359820089954,3.7351324337831087,12.83,0.03590496433435117,0.030500943750568957,1.9166954984046438,
size27_c01_v1_D00,6,2.129935032483758,4.184407796101949,13.36,0.04004633651448718,0.054187266312453714,1.9011648022142775,
size27_c01_v1_D00,7,2.0379810094952524,3.765617191404298,13.15,0.03781386574663232,0.043674212677211235,1.9082381885980086,
size27_c01_v1_D00,8,2.098950524737631,3.7361319340329837,12.75,0.038915964147110634,0.047368471525143195,1.9035482258870564,
size27_c01_v1_D00,9,1.8445777111444277,3.511744127936032,12.6,0.03406868697041623,0.01873488968691368,1.923115365394226,
size27_c01_v1_D00,10,1.9505247376311845,3.640679660169915,12.43,0.036373234373379734,0.03847724960918367,1.914965594126014,
size27_c01_v1_D00,11,1.9645177411294352,3.63568215892054,12.79,0.036664642627583885,0.0284133477161963,1.9138892092415332,
size27_c01_v1_D00,12,1.7061469265367317,3.2138930534732633,11.52,0.03177293449388223,0.01438588065274722,1.9337638872871257,
size27_c01_v1_D00,13,1.7981009495252374,3.440279860069965,12.19,0.034109564964381334,0.02289364877445837,1.9266905009033946,
size27_c01_v1_D00,14,2.099950024987506,3.875062468765617,13.21,0.03912405993472198,0.04300125370215329,1.9034713412524507,
size27_c01_v1_D00,15,1.8105947026486757,3.4697651174412796,12.03,0.0336117143788654,0.02248160940064991,1.9257294429708223,
size27_c01_v1_D00,16,1.854072963518241,3.395302348825587,12.58,0.034184994230729245,0.02227795942188748,1.922384961365471,
size27_c01_v1_D00,17,2.0324837581209394,3.816591704147926,13.07,0.0384696305962132,0.04432182912317845,1.9086610540883404,
size27_c01_v1_D00,18,1.909545227386307,3.5892053973013494,12.54,0.03557876745671607,0.029246785337490012,1.9181178641448506,
size27_c01_v1_D00,19,2.002998500749625,3.6431784107946026,12.75,0.03742017592284313,0.03382829689051581,1.9109291508092108,
size27_c01_v1_D00,20,2.001499250374813,3.8820589705147426,12.9,0.037013791076078946,0.0322456556714428,1.9110444777611195,
size27_c01_v1_D00,21,1.8780609695152424,3.3788105947026486,12.64,0.034945477332950024,0.021400894208240543,1.9205397301349325,
size27_c01_v1_D00,22,1.9900049975012495,4.044977511244378,13.01,0.036998801760269734,0.03788851980381219,1.9119286510590858,
size27_c01_v1_D00,23,1.9785107446276862,3.6426786606696653,13.22,0.0368245102423053,0.03003430643985367,1.9128128243570521,
size27_c01_v1_D00,24,2.04047976011994,3.898050974512744,12.91,0.03804880250766973,0.049808086577202065,1.9080459770114941,
size27_c01_v1_D00,25,2.0664667666166916,3.7361319340329837,12.92,0.03841144995074991,0.04396605462947294,1.906046976511744,
size27_c01_v1_D00,26,2.142928535732134,4.058470764617691,13.27,0.04007590887589296,0.04807215107065184,1.9001653019644025,
size27_c01_v1_D26,0,1.9005497251374313,3.6541729135432286,12.41,0.03602879296660935,0.028502102040332943,1.8882866259178104,
size27_c01_v1_D26,1,1.8630684657671164,3.525737131434283,12.55,0.0352521885587702,0.02363808383298639,1.8911697997155268,
size27_c01_v1_D26,2,2.005497251374313,3.8260869565217392,12.8,0.03772497013644748,0.0457043900072386,1.880213739284204,
size27_c01_v1_D26,3,1.8640679660169914,3.554222888555722,12.38,0.035655676713587166,0.03191305335233375,1.891092915080921,
size27_c01_v1_D26,4,1.9090454772613694,3.6196901549225386,12.65,0.036013763879408266,0.03247608907279076,1.8876331065236613,
size27_c01_v1_D26,5,1.9920039980009996,3.685657171414293,12.84,0.03740249274825004,0.034450612411631935,1.881251681851382,
size27_c01_v1_D26,6,2.0794602698650673,3.8660669665167418,12.75,0.03932108428314514,0.050577258823135914,1.8745242763233767,
size27_c01_v1_D26,7,1.9400299850074962,3.6751624187906047,12.95,0.03647457863694087,0.03074928847042793,1.8852496828508822,
size27_c01_v1_D26,8,2.000999500249875,3.8000999500249875,13.26,0.037505520698738186,0.039874716598854526,1.88055972013993,
size27_c01_v1_D26,9,1.92103948025987,3.6121939030484755,12.83,0.03641865096058707,0.03478743340062684,1.886710490908392,
size27_c01_v1_D26,10,2.111944027986007,4.04247876061969,13.16,0.03999316492488499,0.052248291716057826,1.872025525698689,
size27_c01_v1_D26,11,2.1529235382308847,4.170414792603698,13.21,0.04068405669615996,0.0597155717845373,1.8688732556798524,
size27_c01_v1_D26,12,1.910544727636182,3.604697651174413,12.77,0.036237522319825376,0.03177859677110055,1.8875177795717526,
size27_c01_v1_D26,13,1.9275362318840579,3.687656171914043,12.6,0.03643973127286043,0.03214263941400376,1.8862107407834545,
size27_c01_v1_D26,14,2.0539730134932532,3.972013993003498,13.08,0.03841649024435654,0.04818683593046413,1.876484834505824,
size27_c01_v1_D26,15,1.9940029985007497,3.7756121939030485,13.05,0.037857883978954586,0.041338636653479276,1.8810979125821705,
size27_c01_v1_D26,16,1.7851074462768615,3.475262368815592,12.1,0.03412045964685843,0.030705293373959053,1.8971668012147773,
size27_c01_v1_D26,17,2.052473763118441,3.9560219890054973,12.71,0.038689144136537734,0.05112574692784592,1.8766001614577326,
size27_c01_v1_D26,18,1.8780609695152424,3.44527736131934,12.47,0.03590408738517003,0.030258841053443796,1.8900165301964402,
size27_c01_v1_D26,19,1.8835582208895552,3.472263868065967,12.55,0.035775673125234934,0.022879889559049998,1.8895936647061085,
size27_c01_v1_D26,20,1.9770114942528736,3.8105947026486757,13.11,0.036948722601305176,0.03765680845890743,1.8824049513704686,
size27_c01_v1_D26,21,1.9275362318840579,3.4717641179410297,12.45,0.03664162920249182,0.028508765652693703,1.8862107407834545,
size27_c01_v1_D26,22,1.9280359820089954,3.632183908045977,12.73,0.0367031157543263,0.032452875293954804,1.8861722984661515,
size27_c01_v1_D26,23,1.791104447776112,3.419290354822589,12.55,0.03387198072857972,0.023315596891309052,1.8967054934071426,
size27_c01_v1_D26,24,2.1114442778610694,3.8850574712643677,12.97,0.03996177534450968,0.05245106523217471,1.872063968015992,
size27_c01_v1_D26,25,1.906046976511744,3.5527236381809097,12.65,0.03600652648647406,0.03510820902125252,1.8878637604274786,
size27_c01_v1_D26,26,2.0294852573713142,3.660669665167416,12.68,0.037950316568986606,0.03745330825540724,1.8783685080536654,
size27_c02_v0_A,0,1.8060969515242378,3.4037981009495253,11.95,0.03407717807961342,0.024413676999883907,1.8862491831007573,
size27_c02_v0_A,1,1.999000499750125,3.967016491754123,12.99,0.037890765233275586,0.04591992423701571,1.871410448621843,
size27_c02_v0_A,2,2.107946026986507,4.104947526236882,13.5,0.039538623709278534,0.05605101489659212,1.8630300234498136,
size27_c02_v0_A,3,1.968015992003998,3.9055472263868065,12.54,0.037529052467284975,0.03496136131068668,1.873793872294622,
size27_c02_v0_A,4,1.8900549725137432,3.685657171414293,13.26,0.0355747003264588,0.03243372902293444,1.8797908737938722,
size27_c02_v0_A,5,1.9570214892553723,3.7521239380309845,12.8,0.037380275607387575,0.04061637110737566,1.8746396032752854,
size27_c02_v0_A,6,2.046976511744128,3.8405797101449277,13.2,0.039111986469026444,0.048993730046953454,1.8677199861607658,
size27_c02_v0_A,7,1.984007996001999,3.6461769115442277,12.96,0.03774304268017631,0.034982499731375336,1.8725637181409296,
size27_c02_v0_A,8,1.936031984007996,3.6121939030484755,12.58,0.03694178110520706,0.03130158405645666,1.8762541806020068,
size27_c02_v0_A,9,2.0599700149925035,3.702648675662169,13.21,0.038989314255721615,0.053255965812187736,1.8667204859108908,
size27_c02_v0_A,10,1.943528235882059,3.6116941529235382,12.36,0.036784954663984425,0.036668101735568025,1.8756775458424635,
size27_c02_v0_A,11,2.0229885057471266,3.732133933033483,13.46,0.03832951681085954,0.04629612502551034,1.8695652173913044,
size27_c02_v0_A,12,1.8310844577711145,3.396301849075462,12.07,0.034822252797438724,0.018820468914172068,1.884327067235613,
size27_c02_v0_A,13,1.9790104947526237,3.845577211394303,12.6,0.037980727165624305,0.032106538721981034,1.8729481413139584,
size27_c02_v0_A,14,1.863568215892054,3.548725637181409,12.26,0.03555703658479498,0.03121226183445078,1.8818283166109253,
size27_c02_v0_A,15,1.8750624687656172,3.754622688655672,12.01,0.03565527011551978,0.037077664270317966,1.880944143312959,
size27_c02_v0_A,16,2.0219890054972516,3.9555222388805595,13.25,0.03833196463954961,0.04191915586218437,1.8696421020259102,
size27_c02_v0_A,17,1.8875562218890554,3.696151924037981,12.82,0.03557677918341328,0.030937714764551368,1.8799830853803867,
size27_c02_v0_A,18,1.8040979510244877,3.3973013493253372,12.18,0.03416397160256323,0.023803844830831367,1.8864029523699688,
size27_c02_v0_A,19,1.9815092453773113,3.662168915542229,12.96,0.03805069069144449,0.03851613154461734,1.8727559297274439,
size27_c02_v0_A,20,1.936031984007996,3.5412293853073464,12.48,0.03691806526547292,0.033595891448215336,1.8762541806020068,
size27_c02_v0_A,21,1.8740629685157422,3.552223888055972,12.31,0.035779568813462746,0.03060768497425173,1.8810210279475648,
size27_c02_v0_A,22,2.108445777111444,3.902048975512244,13.26,0.03992155121717268,0.05026214345929492,1.8629915811325106,
size27_c02_v0_A,23,1.8340829585207397,3.4582708645677163,11.96,0.034606568162219485,0.024514465350297457,1.8840964133317957,
size27_c02_v0_A,24,2.0389805097451275,3.640679660169915,13.31,0.0390312636534887,0.0440971703902739,1.868335063237612,
size27_c02_v0_A,25,1.9835082458770614,3.5827086456771613,12.91,0.03751449824340944,0.04253194470585779,1.8726021604582324,
size27_c02_v0_A,26,1.9140429785107447,3.6721639180409795,12.58,0.03619860045615144,0.034102834946163334,1.8779456425633336,
size27_c02_v0_D00,0,1.734632683658171,3.339330334832584,11.52,0.0335416137471349,0.01656251461348912,1.8927074924076424,
size27_c02_v0_D00,1,2.053473263368316,3.8300849575212395,12.71,0.03864903033084888,0.04776441699230307,1.8681812939684004,
size27_c02_v0_D00,2,2.0389805097451275,3.900049975012494,12.99,0.03809661774144588,0.055957385942393446,1.8692961211701842,
size27_c02_v0_D00,3,1.9245377311344327,3.7841079460269866,12.62,0.03683206834111451,0.03263108011983579,1.8780994118325454,
size27_c02_v0_D00,4,2.0374812593703147,4.092453773113443,12.77,0.03862245204366376,0.049117510286925604,1.8694114481220927,
size27_c02_v0_D00,5,1.904047976011994,3.7296351824087957,12.17,0.03622064787571974,0.031289115959280904,1.8796755468419637,
size27_c02_v0_D00,6,1.937031484257871,3.7251374312843577,12.77,0.03670602292814923,0.04073783121759138,1.877138353899973,
size27_c02_v0_D00,7,1.8930534732633684,3.549725137431284,12.38,0.035808623671706265,0.03470056097492384,1.8805212778226272,
size27_c02_v0_D00,8,1.8905547226386807,3.549225387306347,11.99,0.03590070934461374,0.025592144820030905,1.8807134894091415,
size27_c02_v0_D00,9,2.234382808595702,4.340829585207397,13.8,0.042024353849157585,0.06356723541880963,1.8542651751047554,
size27_c02_v0_D00,10,2.1134432783608195,4.273863068465767,13.55,0.040229537539946056,0.060796632985538515,1.863568215892054,
size27_c02_v0_D00,11,1.904047976011994,3.6616691654172913,12.57,0.03670987787317577,0.029623373738816055,1.8796755468419637,
size27_c02_v0_D00,12,2.0594702648675662,3.8150924537731132,13.16,0.039471796826774645,0.04938826235677809,1.8677199861607658,
size27_c02_v0_D00,13,1.857071464267866,3.4032983508245875,12.37,0.035207539166813524,0.020807062336297717,1.8832891246684351,
size27_c02_v0_D00,14,1.8505747126436782,3.5452273863068466,12.01,0.03469802394928482,0.02228195620249595,1.8837888747933726,
size27_c02_v0_D00,15,1.9710144927536233,3.8055972013993005,12.81,0.037401346720367476,0.041674640812571884,1.8745242763233767,
size27_c02_v0_D00,16,1.8405797101449275,3.7021489255372315,12.48,0.034789616280984155,0.031040461287837644,1.8845577211394302,
size27_c02_v0_D00,17,1.881559220389805,3.6271864067966018,12.36,0.035507413458887534,0.02724647083717551,1.8814054511205935,
size27_c02_v0_D00,18,2.0059970014992503,3.7736131934032984,13.2,0.038568265980399065,0.0453724367142658,1.8718333141121746,
size27_c02_v0_D00,19,1.7801099450274862,3.3883058470764618,12.6,0.03378764163746975,0.016254991329953842,1.8892092415330797,
size27_c02_v0_D00,20,1.9280359820089954,3.577711144427786,12.45,0.03653320665626672,0.029288734198779223,1.877830315611425,
size27_c02_v0_D00,21,1.9575212393803099,3.5657171414292854,12.55,0.03751886617043782,0.02951094798920891,1.8755622188905547,
size27_c02_v0_D00,22,2.0184907546226887,4.00599700149925,12.9,0.03862364383816731,0.04802186402636179,1.8708722561796025,
size27_c02_v0_D00,23,1.9250374812593702,3.52223888055972,12.75,0.0362098007184067,0.03905691454417094,1.8780609695152424,
size27_c02_v0_D00,24,2.028485757121439,3.738130934532734,13.21,0.03839901546188269,0.037504869776234157,1.8701034098335447,
size27_c02_v0_D00,25,1.8680659670164919,3.519240379810095,12.52,0.03518738898655302,0.02823195739237722,1.8824433936877716,
size27_c02_v0_D00,26,2.0419790104947526,3.8520739630184906,13.07,0.038754878860628485,0.04597862712555367,1.869065467266367,
size27_c02_v0_D26,0,1.934032983508246,3.664167916041979,12.31,0.03720640829774518,0.03885683420915806,1.8386191519624804,
size27_c02_v0_D26,1,1.9185407296351824,3.68415792103948,12.67,0.03729608114519317,0.03256806495187309,1.8398108637988697,
size27_c02_v0_D26,2,1.8835582208895552,3.7306346826586707,12.76,0.03643332783820207,0.03374685867189619,1.8425018260100718,
size27_c02_v0_D26,3,1.864567716141929,3.7241379310344827,12.54,0.03634450895221998,0.03175122950235398,1.8439626340675817,
size27_c02_v0_D26,4,1.9635182408795602,3.7501249375312344,13.06,0.03800932412137879,0.04042288573772834,1.83635105524161,
size27_c02_v0_D26,5,1.9955022488755623,3.8825587206396803,13.57,0.03859107816526848,0.046824459343199995,1.8338907469342252,
size27_c02_v0_D26,6,1.9925037481259371,3.982008995502249,12.57,0.038574703033726836,0.04369444065845868,1.8341214008380424,
size27_c02_v0_D26,7,1.905047476261869,3.831584207896052,12.69,0.03693065107393694,0.0362350751031411,1.8408488063660478,
size27_c02_v0_D26,8,1.9805097451274363,3.9630184907546226,13.27,0.03831174420319495,0.054024436333281904,1.8350440164533117,
size27_c02_v0_D26,9,1.985007496251874,3.7201399300349824,13.08,0.038503423819456525,0.047176615654876575,1.834698035597586,
size27_c02_v0_D26,10,1.9255372313843078,3.766616691654173,12.8,0.037024867513816215,0.04019170068645333,1.8392726713566294,
size27_c02_v0_D26,11,1.816591704147926,3.6966516741629185,12.25,0.034883908067021616,0.024620283653267176,1.8476530965286588,
size27_c02_v0_D26,12,1.8100949525237382,3.531734132933533,12.24,0.03500047047175919,0.02581688953503048,1.8481528466535964,
size27_c02_v0_D26,13,1.896551724137931,3.814092953523238,12.65,0.037065025744826556,0.03353251224315695,1.8415023257601968,
size27_c02_v0_D26,14,1.8270864567716143,3.445777111444278,12.08,0.03512572183761092,0.02712062078628797,1.846845807865298,
size27_c02_v0_D26,15,1.847576211894053,3.6156921539230384,12.24,0.03599065547178232,0.032067155455461335,1.8452696728558797,
size27_c02_v0_D26,16,2.0334832583708145,3.925537231384308,13.13,0.039158379359449276,0.051032113813223264,1.8309691308192058,
size27_c02_v0_D26,17,1.9635182408795602,3.785607196401799,12.83,0.03799367364829343,0.042239666602485224,1.83635105524161,
size27_c02_v0_D26,18,2.033983008495752,3.8845577211394304,12.97,0.039475885705494346,0.05258702372645403,1.830930688501903,
size27_c02_v0_D26,19,1.8365817091454273,3.6176911544227885,12.26,0.03563118090364507,0.029136465455805817,1.8461154038365433,
size27_c02_v0_D26,20,1.897551224387806,3.6451774112943527,12.64,0.036786190582586864,0.034829037640132114,1.841425441125591,
size27_c02_v0_D26,21,1.8090954522738631,3.3553223388305846,12.0,0.03515348437326461,0.02486159517643778,1.8482297312882021,
size27_c02_v0_D26,22,1.9030484757621189,3.5452273863068466,12.58,0.036872308005225854,0.030450305150455097,1.8410025756352593,
size27_c02_v0_D26,23,2.105447276361819,4.111944027986007,13.75,0.04029746673962454,0.05779908219938205,1.82543343712759,
size27_c02_v0_D26,24,1.7336331834082959,3.4557721139430284,11.66,0.03339322291066271,0.019138668538968395,1.854034521200938,
size27_c02_v0_D26,25,1.9705147426286858,3.833583208395802,12.71,0.03802360907315242,0.044138325997396484,1.8358128627993695,
size27_c02_v0_D26,26,1.839080459770115,3.444277861069465,12.07,0.03592269894146112,0.025137653173635206,1.8459231922500288,
size27_c02_v1_A,0,1.8870564717641178,3.4927536231884058,12.26,0.03637727735041953,0.036729431238426764,1.8697958712951217,
size27_c02_v1_A,1,2.008495752123938,3.7761119440279862,13.07,0.03831161725835772,0.037147067075852705,1.8604543881905202,
size27_c02_v1_A,2,1.9375312343828086,3.7246376811594204,12.56,0.03708177481072648,0.042153306602332095,1.86591319724753,
size27_c02_v1_A,3,2.2043978010994505,4.335332333833083,13.45,0.041952402878688254,0.06413869183734254,1.8453849998077885,
size27_c02_v1_A,4,2.1144427786106945,4.045977011494253,13.27,0.04020766797535754,0.048007534832872206,1.852304616922308,
size27_c02_v1_A,5,1.871064467766117,3.650174912543728,12.83,0.035856715808529095,0.029751955108027105,1.871026025448814,
size27_c02_v1_A,6,1.8865567216391803,3.4427786106946527,12.12,0.035534246484392365,0.03154822508270787,1.8698343136124245,
size27_c02_v1_A,7,1.9080459770114941,3.9355322338830585,12.9,0.03632495444833932,0.03818906397617046,1.8681812939684004,
size27_c02_v1_A,8,1.974512743628186,3.8025987006496753,12.44,0.03760609982778349,0.04632049956262853,1.8630684657671164,
size27_c02_v1_A,9,1.9720139930034983,3.649175412293853,12.48,0.03749416874311899,0.03654336251787528,1.8632606773536309,
size27_c02_v1_A,10,1.934032983508246,3.8790604697651174,12.7,0.0369138579385693,0.03939250612788846,1.8661822934686503,
size27_c02_v1_A,11,1.975512243878061,3.60119940029985,12.59,0.03803873174331093,0.03470805389845873,1.8629915811325106,
size27_c02_v1_A,12,1.879560219890055,3.6506746626686657,12.49,0.035494920245972374,0.03714538834478868,1.870372506054665,
size27_c02_v1_A,13,1.9895052473763117,3.8375812093953026,12.86,0.03842712369935664,0.03394122397120901,1.8619151962480298,
size27_c02_v1_A,14,2.033983008495752,3.9630184907546226,12.97,0.0386610342683857,0.04886170731373136,1.858493830008073,
size27_c02_v1_A,15,1.9935032483758122,3.664167916041979,12.75,0.03818548744975359,0.04138067357707541,1.8616076577096068,
size27_c02_v1_A,16,1.9600199900049975,3.733633183408296,12.8,0.037313283744371005,0.04451361634644995,1.8641832929689002,
size27_c02_v1_A,17,1.8950524737631185,3.707646176911544,12.82,0.03607177057894953,0.03272170940836612,1.8691807942182754,
size27_c02_v1_A,18,1.826086956521739,3.5057471264367814,12.18,0.03522604100147178,0.019020536767913092,1.874485834006074,
size27_c02_v1_A,19,1.7291354322838581,3.2593703148425788,11.75,0.03286384010486777,0.01674591650228832,1.881943643562834,
size27_c02_v1_A,20,1.9280359820089954,3.6676661669165416,12.67,0.036561429475819286,0.03894817562358797,1.866643601276285,
size27_c02_v1_A,21,2.0,3.6796601699150426,13.25,0.03771895194865124,0.0385341801571187,1.8611079075846693,
size27_c02_v1_A,22,1.8405797101449275,3.715142428785607,12.54,0.03505569658049299,0.032748245285726583,1.8733710068042901,
size27_c02_v1_A,23,1.8865567216391803,3.7226386806596703,12.36,0.036505730233407904,0.03375540972992249,1.8698343136124245,
size27_c02_v1_A,24,2.0229885057471266,3.792103948025987,13.35,0.03872463416808942,0.04543235236638539,1.8593395609887364,
size27_c02_v1_A,25,1.949025487256372,3.7496251874062967,12.86,0.03697637426763271,0.03260495681785042,1.8650290239495637,
size27_c02_v1_A,26,1.7811094452773613,3.2968515742128934,11.69,0.034514166965184986,0.019016209927004535,1.8779456425633336,
size27_c02_v1_D00,0,1.7831084457771114,3.4072963518240877,11.47,0.0339835315272687,0.02508967377782972,1.894860262176604,
size27_c02_v1_D00,1,1.8995502248875562,3.5897051474262867,12.73,0.03594372741823569,0.031919567189432306,1.8859032022450313,
size27_c02_v1_D00,2,1.8890554722638682,3.503248375812094,12.73,0.03595168236630618,0.03661898515721607,1.886710490908392,
size27_c02_v1_D00,3,2.0934532733633184,3.9280359820089954,13.07,0.03968637946048266,0.04745088328296725,1.8709875831315113,
size27_c02_v1_D00,4,1.7986006996501749,3.315342328835582,12.16,0.03388113757883925,0.02532104466137451,1.8936685503402144,
size27_c02_v1_D00,5,1.9950024987506247,3.7981009495252374,12.98,0.03754494342786044,0.045412009280075244,1.87856071964018,
size27_c02_v1_D00,6,2.0659670164917543,4.175412293853073,13.35,0.03900549690133041,0.05219872026468727,1.8731019105831699,
size27_c02_v1_D00,7,1.8445777111444277,3.6251874062968517,12.21,0.034805592495447846,0.02787575021458083,1.890131857148349,
size27_c02_v1_D00,8,1.9375312343828086,3.7961019490254873,12.51,0.03669243532678622,0.03428431887952132,1.8829815861300119,
size27_c02_v1_D00,9,1.8555722138930535,3.497751124437781,12.31,0.03502202700028939,0.025150393778579732,1.8892861261676854,
size27_c02_v1_D00,10,1.9925037481259371,3.6541729135432286,13.14,0.03754943573342035,0.03693628127661113,1.8787529312266944,
size27_c02_v1_D00,11,2.052473763118441,3.848575712143928,13.51,0.038909780449522445,0.04997069120007653,1.874139853150348,
size27_c02_v1_D00,12,2.0129935032483757,3.648175912043978,13.12,0.03794293082788637,0.04515320456100067,1.877176796217276,
size27_c02_v1_D00,13,1.9065467266366816,3.47976011994003,12.8,0.03631254420922989,0.027561609083348263,1.885365009802791,
size27_c02_v1_D00,14,2.08095952023988,4.0944527736131935,13.48,0.03913978207909673,0.04617313665289678,1.8719486410640833,
size27_c02_v1_D00,15,2.073463268365817,3.705647176411794,12.89,0.039513619556051593,0.03797507811750693,1.8725252758236266,
size27_c02_v1_D00,16,1.9185407296351824,3.742128935532234,12.65,0.03638973048802413,0.030561312195495138,1.8844423941875217,
size27_c02_v1_D00,17,2.0144927536231885,3.842578710644678,12.94,0.03795100368816354,0.04512945547428308,1.8770614692653673,
size27_c02_v1_D00,18,1.8610694652673663,3.4557721139430284,12.38,0.03510726414118871,0.020924097835642072,1.8888632606773537,
size27_c02_v1_D00,19,1.9785107446276862,3.739630184907546,12.67,0.03716324404790714,0.042305800701602815,1.8798293161111752,
size27_c02_v1_D00,20,1.9820089955022488,3.626686656671664,12.73,0.03735622365929977,0.037107840518635145,1.879560219890055,
size27_c02_v1_D00,21,1.9920039980009996,3.842578710644678,12.34,0.03799507216401579,0.051634157668640435,1.8787913735439972,
size27_c02_v1_D00,22,1.9380309845077461,3.4557721139430284,12.22,0.036902209854602186,0.029502930852256228,1.882943143812709,
size27_c02_v1_D00,23,2.1499250374812595,4.1699150424787605,13.75,0.04079794503934337,0.05230360316567213,1.866643601276285,
size27_c02_v1_D00,24,1.8350824587706147,3.584207896051974,12.16,0.034704752926498925,0.029488670305761796,1.8908622611771038,
size27_c02_v1_D00,25,1.9440279860069964,3.5652173913043477,12.41,0.03727791001498101,0.031221683807890768,1.8824818360050743,
size27_c02_v1_D00,26,1.9375312343828086,3.5197401299350326,12.85,0.03646959761792122,0.03472910009641648,1.8829815861300119,
size27_c02_v1_D26,0,1.9875062468765616,3.708145927036482,12.6,0.037171211412941746,0.043185892623673734,1.889785876292623,
size27_c02_v1_D26,1,1.950024987506247,3.604697651174413,12.57,0.03734197415888517,0.038303719713015084,1.8926690500903394,
size27_c02_v1_D26,2,1.9175412293853074,3.450274862568716,12.42,0.036014448958138955,0.028197306608101245,1.895167800715027,
size27_c02_v1_D26,3,1.9855072463768115,3.5992003998001,12.64,0.03732008726253234,0.03339312139911844,1.8899396455618345,
size27_c02_v1_D26,4,1.9165417291354323,3.730134932533733,12.71,0.03594847652859392,0.033778889775891295,1.895244685349633,
size27_c02_v1_D26,5,1.7731134432783608,3.426286856571714,12.29,0.03320387846598775,0.02496713403759882,1.9062776304155615,
size27_c02_v1_D26,6,2.174912543728136,4.049475262368816,13.41,0.04093152282201686,0.06070920722345012,1.8753700073040402,
size27_c02_v1_D26,7,2.1694152923538232,3.9430284857571216,13.38,0.041203971703430556,0.05973693001429136,1.875792872794372,
size27_c02_v1_D26,8,2.0369815092453774,3.9015492253873063,13.22,0.03821857694931271,0.039911357452586865,1.885980086879637,
size27_c02_v1_D26,9,2.0429785107446277,4.086956521739131,13.27,0.03867940235861311,0.04949064068254476,1.8855187790720025,
size27_c02_v1_D26,10,1.726136931534233,3.2503748125937033,12.02,0.0322363155872703,0.022161826734540382,1.9098912082420327,
size27_c02_v1_D26,11,2.099950024987506,4.020489755122439,12.69,0.0396822688831358,0.05585771882623458,1.8811363548994733,
size27_c02_v1_D26,12,1.9495252373813095,3.5657171414292854,12.83,0.03667291565708127,0.028120775609531266,1.8927074924076424,
size27_c02_v1_D26,13,2.072463768115942,3.9590204897551224,13.19,0.039313291175155404,0.041993054699201664,1.8832506823511321,
size27_c02_v1_D26,14,1.945527236381809,3.578210894552724,12.59,0.036499415491891035,0.03468908236524431,1.8930150309460654,
size27_c02_v1_D26,15,1.9515242378810596,3.569215392303848,12.73,0.03676562075377654,0.02942927886706002,1.8925537231384308,
size27_c02_v1_D26,16,1.8485757121439281,3.3798100949525236,12.7,0.0349698930020726,0.026254356726620614,1.9004728405028255,
size27_c02_v1_D26,17,2.0399800099950025,3.787606196901549,12.77,0.03838155058040975,0.03910299539984701,1.8857494329758198,
size27_c02_v1_D26,18,1.9310344827586208,3.873063468265867,12.88,0.03671227361172342,0.03704825076639174,1.8941298581478492,
size27_c02_v1_D26,19,1.91904047976012,3.5632183908045976,12.36,0.03634476618817891,0.02831944972124883,1.8950524737631185,
size27_c02_v1_D26,20,1.91904047976012,3.7821089455272365,12.68,0.03597697738313623,0.04077411150124796,1.8950524737631185,
size27_c02_v1_D26,21,2.0069965017491254,3.9250374812593702,13.06,0.03777281960151632,0.03985771017255277,1.8882866259178104,
size27_c02_v1_D26,22,1.8200899550224887,3.4342828585707146,12.34,0.034040396730481745,0.02763003973648654,1.90266405258909,
size27_c02_v1_D26,23,2.001499250374813,3.6006996501749127,12.42,0.03785868354906429,0.03322826876050267,1.8887094914081421,
size27_c02_v1_D26,24,1.9265367316341828,3.6721639180409795,12.99,0.03595827681877008,0.03212531540867376,1.8944758390035752,
size27_c02_v1_D26,25,2.0379810094952524,3.9185407296351826,13.08,0.03777163923100293,0.043115058632300036,1.8859032022450313,
size27_c02_v1_D26,26,1.9590204897551224,3.6976511744127936,12.68,0.03700934513488047,0.028618506542044803,1.8919770883788876,
size27_c03_v0_A,0,2.003498250874563,3.861569215392304,12.51,0.03812810579685888,0.04692540093589571,1.8603775035559142,
size27_c03_v0_A,1,2.0249875062468767,3.997001499250375,13.47,0.03862689933226705,0.045955701802778255,1.8587244839118902,
size27_c03_v0_A,2,1.9505247376311845,3.6231884057971016,13.0,0.037079363086688445,0.04225683875234102,1.8644523891900204,
size27_c03_v0_A,3,1.9265367316341828,3.578710644677661,12.58,0.036815837801639044,0.03960872197378947,1.866297620420559,
size27_c03_v0_A,4,2.055472263868066,4.032483758120939,13.02,0.03926037268209866,0.05089924374032321,1.856379502556414,
size27_c03_v0_A,5,1.864567716141929,3.4292853573213393,12.38,0.035724202856395056,0.026215995537584767,1.871064467766117,
size27_c03_v0_A,6,1.8480759620189906,3.535232383808096,12.44,0.03524828084122542,0.02746342377151974,1.8723330642371123,
size27_c03_v0_A,7,1.9130434782608696,3.5132433783108445,12.86,0.03681763026200568,0.033042560610026916,1.8673355629877368,
size27_c03_v0_A,8,1.8105947026486757,3.4037981009495253,12.7,0.034789973388482096,0.02657332048261585,1.8752162380348287,
size27_c03_v0_A,9,1.9535232383808097,3.44327836081959,12.61,0.037243288666952944,0.03190845955088838,1.8642217352862032,
size27_c03_v0_A,10,1.9785107446276862,3.707646176911544,12.93,0.037949561465981094,0.04431351243570138,1.8622996194210586,
size27_c03_v0_A,11,2.051474262868566,4.028485757121439,13.45,0.039378621886815374,0.044307481901185074,1.8566870410948373,
size27_c03_v0_A,12,1.9835082458770614,3.6466766616691655,12.61,0.038037660128942,0.03211706736819183,1.8619151962480298,
size27_c03_v0_A,13,1.8345827086456772,3.366816591704148,12.42,0.03513099099989354,0.024911092433581212,1.8733710068042901,
size27_c03_v0_A,14,1.8995502248875562,3.628185907046477,12.16,0.03638611826468049,0.04024568704103939,1.8683735055549149,
size27_c03_v0_A,15,1.9970014992503748,3.663168415792104,12.75,0.038315177409200867,0.03888795140669206,1.8608772536808518,
size27_c03_v0_A,16,1.829585207396302,3.5037481259370313,12.42,0.035057534281081854,0.025807388513535468,1.8737554299773191,
size27_c03_v0_A,17,2.045977011494253,3.8800599700149925,13.06,0.03925207461150032,0.04931983863767974,1.857109906585169,
size27_c03_v0_A,18,1.9780109945027486,3.6701649175412294,12.95,0.03758515215572156,0.04157964307889351,1.8623380617383616,
size27_c03_v0_A,19,1.784607696151924,3.2038980509745127,12.1,0.034084425108240626,0.02297082879916464,1.8772152385345788,
size27_c03_v0_A,20,1.8435782108945526,3.6026986506746628,12.49,0.03518401515500422,0.034446404142805954,1.8726790450928381,
size27_c03_v0_A,21,2.001499250374813,3.9890054972513744,13.1,0.03840198552664817,0.034496298027032704,1.860531272825126,
size27_c03_v0_A,22,1.9945027486256872,3.8160919540229883,12.71,0.03780211172633674,0.04649403292581702,1.8610694652673663,
size27_c03_v0_A,23,1.9770114942528736,3.704647676161919,12.8,0.037266958219104654,0.04386453057742415,1.8624149463729673,
size27_c03_v0_A,24,1.8495752123938032,3.4127936031984007,12.26,0.03495817093577984,0.02575637686207405,1.8722177372852036,
size27_c03_v0_A,25,1.9270364817591203,3.5847076461769114,12.3,0.03673665959388445,0.029981654194547756,1.866259178103256,
size27_c03_v0_A,26,2.049975012493753,3.952023988005997,13.1,0.03873882781657083,0.049650544496871354,1.8568023680467458,
size27_c03_v0_D00,0,1.9635182408795602,3.7781109445277363,12.84,0.03790587894130874,0.038445297553243614,1.855725983162265,
size27_c03_v0_D00,1,1.7566216891554223,3.457271364317841,12.08,0.03396569125566225,0.023419235825532705,1.8716411025256603,
size27_c03_v0_D00,2,1.7836081959020489,3.463768115942029,11.91,0.03409479054054998,0.023716093168866803,1.8695652173913044,
size27_c03_v0_D00,3,1.8960519740129935,3.7171414292853573,12.64,0.0364363820732349,0.03305251442432855,1.8609156959981548,
size27_c03_v0_D00,4,1.9950024987506247,3.84207896051974,12.49,0.03821469895185539,0.047634593736542795,1.8533041171721831,
size27_c03_v0_D00,5,2.025987006496752,3.739130434782609,13.19,0.03855249575354058,0.045241291830497264,1.8509206934994042,
size27_c03_v0_D00,6,2.052973513243378,3.7361319340329837,13.41,0.03906548521793827,0.04106584874950697,1.8488448083650482,
size27_c03_v0_D00,7,2.0104947526236883,3.8450774612693652,12.63,0.038238102241096174,0.04774701948614996,1.8521124053357936,
size27_c03_v0_D00,8,1.9205397301349325,3.8815592203898053,11.95,0.03728173782092162,0.03467509224630669,1.8590320224503134,
size27_c03_v0_D00,9,1.9410294852573713,3.6571714142928538,12.54,0.037289657653401434,0.03047824239728292,1.8574558874408948,
size27_c03_v0_D00,10,1.9655172413793103,3.7261369315342328,12.82,0.0378332117696785,0.03871425231994949,1.8555722138930535,
size27_c03_v0_D00,11,1.9175412293853074,3.636681659170415,12.78,0.03609813332064657,0.035829385229685116,1.8592626763541307,
size27_c03_v0_D00,12,1.9885057471264367,3.9060469765117443,13.24,0.038126130395439044,0.04566037688226598,1.8538038672971207,
size27_c03_v0_D00,13,1.9345327336331835,3.739630184907546,13.09,0.036940920104324024,0.028772560106892976,1.8579556375658324,
size27_c03_v0_D00,14,1.912543728135932,3.702648675662169,12.22,0.03650177861998298,0.034977592511325664,1.8596470995271595,
size27_c03_v0_D00,15,1.950024987506247,3.679160419790105,12.75,0.03752809610632453,0.03574540845905166,1.856763925729443,
size27_c03_v0_D00,16,2.077961019490255,4.081459270364817,13.2,0.03983169417705588,0.0578590144931974,1.8469226924999038,
size27_c03_v0_D00,17,1.976511744127936,3.8330834582708646,12.58,0.0380646322022074,0.04445702834008684,1.85472648291239,
size27_c03_v0_D00,18,2.024487756121939,3.9870064967516243,12.97,0.03865157918641267,0.056787971593069045,1.8510360204513128,
size27_c03_v0_D00,19,1.7456271864067967,3.341329335332334,12.07,0.033361774078116774,0.018830873441068336,1.8724868335063238,
size27_c03_v0_D00,20,1.9700149925037482,3.895552223888056,12.53,0.03770439115600486,0.03819585517486571,1.8552262330373275,
size27_c03_v0_D00,21,1.8615692153923038,3.440279860069965,12.52,0.03576305752943744,0.030744067138370027,1.863568215892054,
size27_c03_v0_D00,22,1.8405797101449275,3.4567716141929035,12.51,0.0353625218681372,0.02333344511005682,1.8651827932187752,
size27_c03_v0_D00,23,1.946526736631684,3.8295852073963017,12.64,0.037569452441790885,0.03693638390040192,1.857033021950563,
size27_c03_v0_D00,24,1.9975012493753124,3.6986506746626686,12.91,0.03807726345182345,0.03798858701407431,1.8531119055856686,
size27_c03_v0_D00,25,1.9035482258870564,3.685657171414293,12.46,0.03676849343092919,0.035184000851167296,1.8603390612386115,
size27_c03_v0_D00,26,1.8170914542728636,3.413793103448276,11.9,0.03477194971217937,0.03450796801621393,1.8669895821320108,
size27_c03_v0_D26,0,1.7966016991504248,3.579710144927536,11.74,0.03411209108097248,0.02846993364234746,1.8678353131126744,
size27_c03_v0_D26,1,2.003498250874563,4.086456771614193,12.83,0.03842784074445184,0.04067569944631418,1.8519201937492793,
size27_c03_v0_D26,2,1.8460769615192403,3.5452273863068466,12.49,0.03466974725843094,0.031098231548006696,1.8640295236996887,
size27_c03_v0_D26,3,1.88255872063968,3.5927036481759123,12.49,0.03655259990214524,0.031108891940975946,1.8612232345365778,
size27_c03_v0_D26,4,1.9450274862568715,3.708645677161419,12.36,0.03724356299505926,0.03645921100943593,1.856417944873717,
size27_c03_v0_D26,5,2.054472763618191,3.7446276861569214,12.97,0.03914534655425574,0.06257338502465941,1.8479990773843846,
size27_c03_v0_D26,6,1.975512243878061,3.7956021989005495,12.53,0.03758380472965555,0.039895984686089674,1.854072963518241,
size27_c03_v0_D26,7,1.9145427286356822,3.547726136931534,12.61,0.03702505702613499,0.03501689464957834,1.8587629262291931,
size27_c03_v0_D26,8,1.7851074462768615,3.394302848575712,12.09,0.03451398727405945,0.018213133692893818,1.868719486410641,
size27_c03_v0_D26,9,1.7511244377811095,3.552223888055972,12.35,0.03387381825060477,0.023601931135664292,1.871333563987237,
size27_c03_v0_D26,10,1.8770614692653673,3.4962518740629687,12.07,0.03623195069911762,0.03589898773556949,1.8616461000269096,
size27_c03_v0_D26,11,1.9000499750124937,3.475262368815592,12.68,0.036546532353595174,0.03269319524941718,1.8598777534309767,
size27_c03_v0_D26,12,1.9600199900049975,3.6156921539230384,12.91,0.03739254867865931,0.03650855502429721,1.8552646753546305,
size27_c03_v0_D26,13,2.0164917541229386,4.071464267866067,12.99,0.03863549001060218,0.04426126236471069,1.8509206934994042,
size27_c03_v0_D26,14,1.950024987506247,3.5697151424287856,12.7,0.037513630945675516,0.04002115104064134,1.856033521700688,
size27_c03_v0_D26,15,1.8605697151424287,3.570214892553723,12.63,0.03533172002253903,0.0249467257713135,1.8629146964979049,
size27_c03_v0_D26,16,1.9700149925037482,3.6181909045477263,12.77,0.0382117884975255,0.04196792851215643,1.8544958290085727,
size27_c03_v0_D26,17,1.951024487756122,3.67816091954023,12.93,0.03741010378622138,0.03843814578447264,1.8559566370660823,
size27_c03_v0_D26,18,1.866566716641679,3.5867066466766615,12.87,0.03544995682779428,0.033307246088355585,1.8624533886902703,
size27_c03_v0_D26,19,2.0924537731134434,3.918040979510245,13.07,0.039935462209141515,0.06051655463199693,1.8450774612693652,
size27_c03_v0_D26,20,2.1254372813593205,4.248875562218891,13.4,0.04068185413990955,0.04501511870327468,1.8425402683273748,
size27_c03_v0_D26,21,2.032983508245877,3.6911544227886055,13.13,0.03906058003964555,0.043754601775591324,1.849652097028409,
size27_c03_v0_D26,22,1.8865567216391803,3.5677161419290355,12.57,0.03640002475206377,0.03610548621793004,1.8609156959981548,
size27_c03_v0_D26,23,2.008495752123938,3.925537231384308,13.42,0.038431853809136024,0.03519618257249446,1.8515357705762503,
size27_c03_v0_D26,24,1.894552723638181,3.55872063968016,12.67,0.036614536594650283,0.029059135655837353,1.8603006189213085,
size27_c03_v0_D26,25,1.9430284857571214,3.789105447276362,13.18,0.037083368982268786,0.044316189668513556,1.8565717141429285,
size27_c03_v0_D26,26,1.8670664667666166,3.7741129435282357,12.1,0.035920741835684326,0.03088023642746287,1.8624149463729673,
size27_c03_v1_A,0,1.9540229885057472,3.604697651174413,12.99,0.03651003913113408,0.028684941578494848,1.893899204244032,
size27_c03_v1_A,1,1.88255872063968,3.6111944027986005,12.67,0.03578841296064454,0.027607798110047047,1.8993964556183447,
size27_c03_v1_A,2,1.8670664667666166,3.505247376311844,12.11,0.03528243567654911,0.029509649936936336,1.9005881674547342,
size27_c03_v1_A,3,2.0324837581209394,3.745127436281859,13.12,0.03815968949506248,0.04165080713056727,1.8878637604274786,
size27_c03_v1_A,4,1.8020989505247376,3.4012993503248374,12.16,0.03393007580607231,0.021602070814964385,1.9055856687041095,
size27_c03_v1_A,5,1.9560219890054973,3.6136931534232883,12.61,0.03686858448221057,0.030812809823304612,1.8937454349748202,
size27_c03_v1_A,6,2.0079960019990004,3.868565717141429,13.02,0.0380331991255815,0.040021120530865664,1.88974743397532,
size27_c03_v1_A,7,2.026486756621689,3.7721139430284856,13.27,0.037783372274700806,0.04252340474229529,1.8883250682351131,
size27_c03_v1_A,8,1.9600199900049975,3.523238380809595,12.77,0.03694825912915225,0.03948903281736866,1.8934378964363971,
size27_c03_v1_A,9,1.9515242378810596,3.422288855572214,12.07,0.036748635412989936,0.03180289226016367,1.8940914158305462,
size27_c03_v1_A,10,1.8985507246376812,3.55672163918041,12.33,0.03596988693109194,0.037677198696688965,1.8981663014646524,
size27_c03_v1_A,11,1.9925037481259371,3.556221889055472,12.74,0.03695895587712182,0.03490957651377446,1.8909391458117095,
size27_c03_v1_A,12,2.105447276361819,3.9395302348825587,13.63,0.039390896403163754,0.04985608400151129,1.882251182101257,
size27_c03_v1_A,13,1.9440279860069964,3.569215392303848,12.68,0.036781368102690185,0.026119750370125237,1.8946680505900895,
size27_c03_v1_A,14,2.0909545227386306,4.019990004997501,13.06,0.039052088674068404,0.05300989476401768,1.8833660093030409,
size27_c03_v1_A,15,1.9805097451274363,3.810094952523738,13.09,0.03726634543963275,0.038490680844503945,1.8918617614269788,
size27_c03_v1_A,16,2.002998500749625,3.6806596701649177,13.25,0.03790433161865633,0.043347949457394744,1.890131857148349,
size27_c03_v1_A,17,1.9925037481259371,3.6751624187906047,13.24,0.03727542297280061,0.033765637438800906,1.8909391458117095,
size27_c03_v1_A,18,1.8200899550224887,3.3083458270864567,11.87,0.03458792359456192,0.029296257632089755,1.9042017452812054,
size27_c03_v1_A,19,2.1509245377311346,4.371814092953524,13.37,0.04048465827517662,0.06245763509631575,1.8787529312266944,
size27_c03_v1_A,20,1.976511744127936,3.6761619190404797,12.6,0.03729204461110135,0.03793801706095562,1.8921692999654018,
size27_c03_v1_A,21,2.020489755122439,3.751624187906047,12.94,0.038035140384977885,0.03969145685787368,1.888786376042748,
size27_c03_v1_A,22,1.9385307346326837,3.607696151924038,12.51,0.03627386075530993,0.032418175971399406,1.8950909160804212,
size27_c03_v1_A,23,1.9280359820089954,3.8245877061469264,12.6,0.03653745199261305,0.027379750018430696,1.895898204743782,
size27_c03_v1_A,24,2.076461769115442,3.7246376811594204,13.14,0.03878577970288689,0.04956509146913944,1.8844808365048245,
size27_c03_v1_A,25,1.9415292353823088,3.6996501749125437,12.39,0.03685949734855028,0.0408900278465496,1.894860262176604,
size27_c03_v1_A,26,1.8490754622688657,3.4077961019490255,12.14,0.03449164382149854,0.02948228821542169,1.901972090877638,
size27_c03_v1_D00,0,1.9885057471264367,3.499250374812594,12.3,0.03714617438019543,0.0360924377416132,1.9133510167992926,
size27_c03_v1_D00,1,1.9895052473763117,3.6241879060469766,12.96,0.03717850623117289,0.031251876004499725,1.913274132164687,
size27_c03_v1_D00,2,1.8925537231384308,3.6191904047976013,12.28,0.03541551930407821,0.03022790414094765,1.920731941721447,
size27_c03_v1_D00,3,2.058470764617691,3.923538230884558,13.08,0.03821222638944243,0.04780031729057215,1.9079690923768884,
size27_c03_v1_D00,4,2.181909045477261,4.292853573213393,13.82,0.040771970662691996,0.06281435816668197,1.8984738400030754,
size27_c03_v1_D00,5,2.0144927536231885,3.705647176411794,13.14,0.037261389077983265,0.040869320029739836,1.9113520162995425,
size27_c03_v1_D00,6,1.9175412293853074,3.4887556221889056,12.54,0.03535871572467345,0.029196765253736795,1.9188098258563027,
size27_c03_v1_D00,7,1.9540229885057472,3.4642678660669666,12.6,0.03637686396482968,0.032579709978510646,1.9160035366931918,
size27_c03_v1_D00,8,1.872063968015992,3.536231884057971,12.22,0.034905256690546456,0.026999372164289732,1.9223080767308653,
size27_c03_v1_D00,9,2.086456771614193,4.1589205397301345,13.19,0.03900532553783421,0.048138838506154864,1.9058163226079268,
size27_c03_v1_D00,10,1.896551724137931,3.529735132433783,12.53,0.035469329619754,0.027294450232981,1.9204244031830238,
size27_c03_v1_D00,11,1.9420289855072463,3.568215892053973,12.68,0.0362741658937326,0.027850137257933394,1.916926152308461,
size27_c03_v1_D00,12,1.9750124937531235,3.7181409295352323,12.75,0.036921183346950534,0.035222088145626426,1.9143889593664707,
size27_c03_v1_D00,13,2.0399800099950025,3.874062968515742,13.2,0.03771288333584789,0.039628591465173196,1.9093914581170952,
size27_c03_v1_D00,14,2.07896051974013,3.8255872063968015,13.04,0.038372268342635775,0.051741137423296356,1.90639295736747,
size27_c03_v1_D00,15,2.1944027986006995,4.040979510244878,13.62,0.040940628591777724,0.060027344247734024,1.8975127820705031,
size27_c03_v1_D00,16,1.817591204397801,3.3568215892053974,12.02,0.03366293767778005,0.01040669447715924,1.92649828931688,
size27_c03_v1_D00,17,2.055472263868066,3.7616191904047978,12.96,0.03818202347589168,0.03573626107359244,1.9081997462807059,
size27_c03_v1_D00,18,1.9805097451274363,3.729135432283858,12.83,0.03684305588193343,0.0426554995895326,1.913966093876139,
size27_c03_v1_D00,19,1.9010494752623688,3.5592203898050974,12.03,0.03546282195258944,0.02586899052416295,1.920078422327298,
size27_c03_v1_D00,20,1.937031484257871,3.7566216891554225,12.74,0.03598944579098381,0.03832309896777667,1.91731057548149,
size27_c03_v1_D00,21,2.074462768615692,3.942528735632184,12.88,0.038718874298201124,0.05223391051726885,1.906738938223196,
size27_c03_v1_D00,22,2.001499250374813,3.470264867566217,12.76,0.03709431521913265,0.03668139290328201,1.9123515165494176,
size27_c03_v1_D00,23,1.9385307346326837,3.7461269365317342,12.18,0.03611159133289544,0.03093495848368417,1.9171952485295813,
size27_c03_v1_D00,24,2.0294852573713142,3.6541729135432286,13.09,0.03805273782514119,0.03588742453060298,1.910198746780456,
size27_c03_v1_D00,25,2.058470764617691,3.7406296851574212,13.33,0.03834015327936037,0.044150392613660994,1.9079690923768884,
size27_c03_v1_D00,26,1.847576211894053,3.229385307346327,12.14,0.034219636171944075,0.019386728269786754,1.9241917502787067,
size27_c03_v1_D26,0,1.95952023988006,3.8875562218890556,12.92,0.03796411756200143,0.03446260275345737,1.8553031176719332,
size27_c03_v1_D26,1,1.9150424787606197,3.5592203898050974,12.92,0.03630957590812832,0.030444211516175573,1.8587244839118902,
size27_c03_v1_D26,2,1.8895552223888057,3.7946026986506745,12.26,0.03643245096736479,0.029607292313439268,1.8606850420943375,
size27_c03_v1_D26,3,1.7776111944027986,3.496751624187906,12.03,0.03391507096867956,0.02630255939851144,1.8692961211701842,
size27_c03_v1_D26,4,1.974512743628186,3.615192403798101,12.78,0.037872630727725426,0.0396760494211769,1.8541498481528467,
size27_c03_v1_D26,5,2.0414792603698153,4.000499750124938,13.06,0.03965354606833242,0.04026307553294064,1.84899857763426,
size27_c03_v1_D26,6,1.9560219890054973,3.8575712143928036,12.31,0.03716945249659958,0.04076801786696841,1.8555722138930535,
size27_c03_v1_D26,7,2.0119940029985006,3.91904047976012,13.53,0.038971960800600704,0.04532600222255398,1.85126667435513,
size27_c03_v1_D26,8,1.7881059470264868,3.2978510744627685,12.09,0.034501297016259556,0.022111797636535292,1.8684888325068234,
size27_c03_v1_D26,9,1.8430784607696151,3.536231884057971,12.12,0.03554398427361702,0.02830298415006065,1.864260177603506,
size27_c03_v1_D26,10,1.8480759620189906,3.466766616691654,12.4,0.034977401650694136,0.02446222776057862,1.8638757544304771,
size27_c03_v1_D26,11,1.8730634682658671,3.552223888055972,12.33,0.03594012463531784,0.02502765572480717,1.8619536385653328,
size27_c03_v1_D26,12,1.8605697151424287,3.75712143928036,12.2,0.035605106377831604,0.03560746682935591,1.8629146964979049,
size27_c03_v1_D26,13,2.0089955022488755,3.6496751624187906,13.18,0.03882881531343142,0.04428945339739946,1.8514973282589475,
size27_c03_v1_D26,14,1.8375812093953023,3.5282358820589703,12.38,0.03537919127229899,0.028759087267333186,1.8646830430938377,
size27_c03_v1_D26,15,1.824087956021989,3.495752123938031,11.85,0.035449557584986524,0.027984907257770853,1.8657209856610157,
size27_c03_v1_D26,16,1.9400299850074962,3.6191904047976013,13.18,0.03734763793351255,0.038181161944280416,1.8568023680467458,
size27_c03_v1_D26,17,1.958520739630185,3.572713643178411,12.59,0.03770603542061095,0.03608641206092483,1.855380002306539,
size27_c03_v1_D26,18,2.051974012993503,4.094952523738131,12.92,0.0386274274927225,0.05754905736165108,1.8481912889708991,
size27_c03_v1_D26,19,2.137431284357821,4.0144927536231885,13.52,0.041004036895191,0.06377219038388454,1.8416176527121055,
size27_c03_v1_D26,20,1.9055472263868065,3.5957021489255374,12.63,0.036442976296549495,0.03426886845177704,1.859454887940645,
size27_c03_v1_D26,21,1.8580709645177411,3.5572213893053473,12.36,0.03562768279871026,0.03545280029537904,1.8631069080844194,
size27_c03_v1_D26,22,1.8640679660169914,3.4877561219390305,12.72,0.03541529811073952,0.029866091485281923,1.8626456002767846,
size27_c03_v1_D26,23,1.9160419790104948,3.895552223888056,12.85,0.03683779646070543,0.03806316538700349,1.8586475992772844,
size27_c03_v1_D26,24,2.088455772113943,3.9260369815092453,13.2,0.03992307404553508,0.05141089267775927,1.8453849998077885,
size27_c03_v1_D26,25,2.0484757621189407,3.8805597201399302,12.95,0.03926083302769993,0.05263306297789058,1.8484603851920194,
size27_c03_v1_D26,26,1.9790104947526237,3.8075962018990506,12.6,0.037292917894153954,0.039320905925103886,1.8538038672971207,
size27_c04_v0_A,0,1.9295352323838082,3.6361819090454772,12.65,0.03703172358245224,0.042179956197947205,1.8688732556798524,
size27_c04_v0_A,1,1.8920539730134933,3.5742128935532236,12.55,0.0363459840228535,0.026594891587395378,1.8717564294775688,
size27_c04_v0_A,2,2.0474762618690656,4.04447776111944,12.97,0.03898301791727201,0.052558664889999225,1.859800868796371,
size27_c04_v0_A,3,2.0349825087456272,3.734632683658171,13.28,0.03878434959182695,0.04478384905671263,1.8607619267289432,
size27_c04_v0_A,4,1.9185407296351824,3.742128935532234,12.64,0.03645861781037514,0.03424898855933343,1.869718986660516,
size27_c04_v0_A,5,1.975512243878061,3.8525737131434283,12.78,0.037839966204863164,0.03939637878918239,1.8653365624879867,
size27_c04_v0_A,6,1.9855072463768115,3.6976511744127936,12.88,0.0377944703713476,0.041472739598676645,1.864567716141929,
size27_c04_v0_A,7,1.9405297351324338,3.800599700149925,12.65,0.036931008903236764,0.03477608792451374,1.8680275246991889,
size27_c04_v0_A,8,2.0219890054972516,3.472263868065967,12.96,0.038816856920656326,0.03236781681309423,1.8617614269788183,
size27_c04_v0_A,9,1.946526736631684,3.68015992003998,12.73,0.036882048705968826,0.04096749078008449,1.8675662168915543,
size27_c04_v0_A,10,1.7926036981509246,3.2983508245877062,12.2,0.03400117208387613,0.02145202651199655,1.8794064506208434,
size27_c04_v0_A,11,1.9205397301349325,3.649175412293853,12.7,0.03665026513074508,0.041606655324796266,1.8695652173913044,
size27_c04_v0_A,12,1.9525237381309346,3.652673663168416,12.47,0.03737457419607209,0.0365389150246722,1.8671049090839196,
size27_c04_v0_A,13,1.8485757121439281,3.6671664167916043,12.01,0.035257942409956985,0.028756076507200985,1.87510091108292,
size27_c04_v0_A,14,1.9330334832583709,3.8205897051474262,12.75,0.036838592878221076,0.03992486634915421,1.8686041594587322,
size27_c04_v0_A,15,1.8535732133933034,3.4852573713143427,12.22,0.03512221799003235,0.03244505647054376,1.8747164879098912,
size27_c04_v0_A,16,1.9375312343828086,3.648175912043978,12.91,0.03696358219499458,0.03529687731336913,1.8682581786030061,
size27_c04_v0_A,17,1.9715142428785608,4.000499750124938,12.69,0.03773029097250016,0.045166960309389104,1.8656441010264098,
size27_c04_v0_A,18,1.8920539730134933,3.453273363318341,12.4,0.03594805492081123,0.03152390809812103,1.8717564294775688,
size27_c04_v0_A,19,1.9715142428785608,3.729135432283858,12.87,0.03759759185997989,0.034204416550743404,1.8656441010264098,
size27_c04_v0_A,20,1.8425787106446776,3.3993003498250873,12.16,0.03523051942946004,0.030470154533123087,1.8755622188905547,
size27_c04_v0_A,21,2.075962018990505,4.007496251874063,13.62,0.03949733065314435,0.04566091773737951,1.8576096567101066,
size27_c04_v0_A,22,2.0164917541229386,3.8095952023988007,12.85,0.03872168264526688,0.04703405872821163,1.86218429246915,
size27_c04_v0_A,23,1.9800099950024987,3.983008495752124,12.79,0.03754065085900989,0.047497968187623335,1.8649905816322607,
size27_c04_v0_A,24,1.9865067466266866,3.579710144927536,13.01,0.03763588043836707,0.03579288999079109,1.8644908315073232,
size27_c04_v0_A,25,1.8580709645177411,3.498750624687656,12.57,0.03534341296043093,0.028035423125378177,1.8743705070541652,
size27_c04_v0_A,26,1.9240379810094952,3.6441779110444776,12.79,0.036678194346278746,0.02924596504056776,1.8692961211701842,
size27_c04_v0_D00,0,1.9320339830084958,3.7541229385307346,12.37,0.03658270173927083,0.031785916343637526,1.8604159458732172,
size27_c04_v0_D00,1,2.0219890054972516,3.845577211394303,12.94,0.03860401978858492,0.04083755380606958,1.8534963287586976,
size27_c04_v0_D00,2,1.9930034982508746,3.9440279860069967,13.0,0.03801196724065001,0.04150742643996019,1.855725983162265,
size27_c04_v0_D00,3,1.8770614692653673,3.5707146426786607,12.04,0.03596484188294962,0.028118852106858137,1.8646446007765347,
size27_c04_v0_D00,4,1.9010494752623688,3.624687656171914,12.69,0.036549148356614734,0.031737936947832036,1.8627993695459963,
size27_c04_v0_D00,5,1.910544727636182,3.584207896051974,12.48,0.0362475982013374,0.03609209658684924,1.8620689655172413,
size27_c04_v0_D00,6,2.051474262868566,4.250374812593703,13.26,0.039062541895113136,0.04986097527326915,1.8512282320378273,
size27_c04_v0_D00,7,1.9265367316341828,3.709645177411294,12.46,0.03676152410920378,0.03472277209158771,1.860838811363549,
size27_c04_v0_D00,8,1.8870564717641178,3.548725637181409,12.51,0.03661599344802441,0.025851846803870804,1.8638757544304771,
size27_c04_v0_D00,9,1.8615692153923038,3.4357821089455274,12.29,0.03554750662122588,0.027967389099323153,1.8658363126129243,
size27_c04_v0_D00,10,1.8595702148925537,3.6216891554222888,12.13,0.03578668826899589,0.026711667753646792,1.8659900818821358,
size27_c04_v0_D00,11,1.9785107446276862,3.7576211894052975,13.12,0.03769676862442989,0.03704958487567188,1.8568408103640488,
size27_c04_v0_D00,12,1.9075462268865566,3.657671164417791,12.74,0.036624927181944544,0.03529095841689548,1.8622996194210586,
size27_c04_v0_D00,13,1.9885057471264367,3.867566216891554,12.7,0.03844003216835293,0.04186773163534788,1.856071964017991,
size27_c04_v0_D00,14,1.8820589705147426,3.727136431784108,12.75,0.035784839310093235,0.03631694808606356,1.864260177603506,
size27_c04_v0_D00,15,1.841079460269865,3.7061469265367317,12.44,0.035415577201492576,0.025135285892407357,1.8674124476223426,
size27_c04_v0_D00,16,2.004497751124438,3.8735632183908044,12.86,0.038421046076807186,0.048177131048195515,1.8548418098642987,
size27_c04_v0_D00,17,1.9575212393803099,3.75712143928036,12.75,0.03779661993372088,0.04198693610237841,1.85845538769077,
size27_c04_v0_D00,18,2.058470764617691,3.7266366816591705,12.98,0.03955931091702006,0.056431728358265106,1.8506900395955868,
size27_c04_v0_D00,19,1.910544727636182,3.628185907046477,12.44,0.03656610714611768,0.03470470059675461,1.8620689655172413,
size27_c04_v0_D00,20,2.0389805097451275,3.7481259370314843,12.88,0.03900376887513051,0.04588436856053053,1.8521892899703993,
size27_c04_v0_D00,21,1.8605697151424287,3.5987006496751626,12.2,0.03558251169433924,0.037760099304327215,1.86591319724753,
size27_c04_v0_D00,22,2.051974012993503,3.974512743628186,13.18,0.03910727571158167,0.052889024740598964,1.8511897897205243,
size27_c04_v0_D00,23,1.9265367316341828,3.972013993003498,12.46,0.037070452740937676,0.037971346217223305,1.860838811363549,
size27_c04_v0_D00,24,1.8810594702648675,3.5732133933033485,12.64,0.03591569318854134,0.03439274784851999,1.8643370622381117,
size27_c04_v0_D00,25,1.7546226886556722,3.369315342328836,11.77,0.03361353554177514,0.021759989413662577,1.8740629685157422,
size27_c04_v0_D00,26,1.9705147426286858,3.814592703648176,12.66,0.03766700213574488,0.03718698565025405,1.8574558874408948,
size27_c04_v0_D26,0,2.000999500249875,3.8295852073963017,12.68,0.03792804414670772,0.037698093732576494,1.882212739783954,
size27_c04_v0_D26,1,1.8455772113943028,3.449775112443778,12.51,0.03502604231974356,0.023915068217916818,1.894168300465152,
size27_c04_v0_D26,2,1.9385307346326837,3.6986506746626686,12.88,0.03684994270589906,0.02966186459439836,1.887018029446815,
size27_c04_v0_D26,3,1.8630684657671164,3.291854072963518,12.52,0.03490273008251495,0.01862687537350206,1.892822819359551,
size27_c04_v0_D26,4,1.906046976511744,3.6196901549225386,12.46,0.03589193339262387,0.029550129475166994,1.8895167800715027,
size27_c04_v0_D26,5,1.9225387306346826,3.820089955022489,12.78,0.03627194119899348,0.041234534525389124,1.8882481836005074,
size27_c04_v0_D26,6,2.021489255372314,3.8060969515242378,13.26,0.038047720442624056,0.03658855997686584,1.8806366047745358,
size27_c04_v0_D26,7,1.856071964017991,3.414792603698151,12.58,0.03483361528242487,0.030001460586168278,1.8933610118017914,
size27_c04_v0_D26,8,1.9845077461269365,3.8585707146426786,12.71,0.037553295018658325,0.04318635443073226,1.8834813362549494,
size27_c04_v0_D26,9,1.960519740129935,3.6006996501749127,12.93,0.037235645261812465,0.042089795650515266,1.885326567485488,
size27_c04_v0_D26,10,1.969015492253873,3.5872063968015993,13.01,0.03702665821363484,0.03670852164105542,1.884673048091339,
size27_c04_v0_D26,11,1.8095952023988007,3.4237881059470263,12.34,0.0341942064234615,0.025924963481185403,1.8969361473109598,
size27_c04_v0_D26,12,1.9660169915042478,3.8300849575212395,12.95,0.03751033330064334,0.037755635169428266,1.8849037019951562,
size27_c04_v0_D26,13,2.1704147926036983,4.250874562718641,13.51,0.040786723406766076,0.0611135921105936,1.8691807942182754,
size27_c04_v0_D26,14,2.074462768615692,3.9960019990005,13.36,0.03916669727638172,0.04955248399776139,1.8765617191404298,
size27_c04_v0_D26,15,2.0119940029985006,3.616191904047976,12.57,0.038323542539958726,0.046973421935940673,1.8813670088032906,
size27_c04_v0_D26,16,1.869065467266367,3.463768115942029,12.13,0.0354322049923617,0.030633552410164123,1.8923615115519163,
size27_c04_v0_D26,17,2.0134932533733134,3.8895552223888057,13.41,0.03783793029558396,0.042181800652565306,1.881251681851382,
size27_c04_v0_D26,18,1.8555722138930535,3.4117941029485257,12.25,0.03524432899387302,0.027674726850139192,1.8933994541190944,
size27_c04_v0_D26,19,1.9030484757621189,3.2983508245877062,12.32,0.03580848167123195,0.02178469955831276,1.88974743397532,
size27_c04_v0_D26,20,2.073463268365817,4.071964017991005,13.24,0.03882365547865087,0.056973064694204135,1.8766386037750356,
size27_c04_v0_D26,21,2.0129935032483757,4.066966516741629,12.71,0.03844243521669445,0.04921848238939697,1.8812901241686848,
size27_c04_v0_D26,22,1.870064967516242,3.498750624687656,12.83,0.03506660063731565,0.026840823954767022,1.8922846269173106,
size27_c04_v0_D26,23,2.1894052973513243,4.274862568715642,13.26,0.04146680797817421,0.06203853895008323,1.8677199861607658,
size27_c04_v0_D26,24,1.9540229885057472,3.733633183408296,12.8,0.036815760279135426,0.028709730771200072,1.8858263176104255,
size27_c04_v0_D26,25,1.8755622188905547,3.5637181409295353,12.54,0.03564976519816891,0.02710820469441162,1.8918617614269788,
size27_c04_v0_D26,26,2.0219890054972516,3.7006496751624187,12.56,0.037862958245961226,0.03625502017555995,1.880598162457233,
size27_c04_v1_A,0,2.0049975012493753,3.630684657671164,12.59,0.038180128454031924,0.03955088306662523,1.8714488909391458,
size27_c04_v1_A,1,1.937031484257871,3.63368315842079,12.71,0.03681340023506133,0.037953930682566396,1.8766770460923385,
size27_c04_v1_A,2,1.8780609695152424,3.6516741629185407,12.68,0.0354351124640056,0.03225532449670383,1.881213239534079,
size27_c04_v1_A,3,1.8455772113943028,3.6696651674162917,12.52,0.03465886148296066,0.02876523498712407,1.8837119901587667,
size27_c04_v1_A,4,1.8930534732633684,3.685657171414293,12.8,0.036182362889455456,0.028829957315714493,1.8800599700149925,
size27_c04_v1_A,5,1.9015492253873063,3.7501249375312344,12.92,0.035561385872401895,0.029962111296444154,1.8794064506208434,
size27_c04_v1_A,6,1.8845577211394302,3.6931534232883556,12.28,0.035836703606299904,0.029170407581202214,1.8807134894091415,
size27_c04_v1_A,7,1.9600199900049975,3.529735132433783,12.84,0.03694826431639721,0.04052480086962848,1.8749086994964057,
size27_c04_v1_A,8,1.9005497251374313,3.6516741629185407,12.62,0.03596724988960337,0.02871248358504735,1.8794833352554492,
size27_c04_v1_A,9,1.9225387306346826,3.4867566216891555,12.1,0.036705714005611886,0.030209287630577033,1.8777918732941221,
size27_c04_v1_A,10,1.909545227386307,3.7486256871564216,12.72,0.03656304476961705,0.03454961385995873,1.8787913735439972,
size27_c04_v1_A,11,2.0304847576211893,3.8085957021489256,12.61,0.038325726678206856,0.04218010597320944,1.8694883327566987,
size27_c04_v1_A,12,2.1639180409795102,4.395802098950525,13.41,0.041037073852746415,0.06737010837460612,1.8592242340368277,
size27_c04_v1_A,13,2.0494752623688157,3.9045477261369315,13.01,0.039098359862786994,0.048985283692929885,1.8680275246991889,
size27_c04_v1_A,14,1.909545227386307,3.5902048975512244,12.98,0.03622476663186665,0.027536453773335367,1.8787913735439972,
size27_c04_v1_A,15,1.960519740129935,3.769615192403798,12.95,0.0368819706163931,0.03823869089986036,1.8748702571791027,
size27_c04_v1_A,16,1.9655172413793103,3.6646676661669164,12.86,0.03749564569850418,0.03186925656940654,1.874485834006074,
size27_c04_v1_A,17,1.9470264867566216,3.792103948025987,12.83,0.03678759065712794,0.03308849377065274,1.8759081997462808,
size27_c04_v1_A,18,1.8060969515242378,3.3303348325837083,12.05,0.034343410798515654,0.02718667722415854,1.8867489332256948,
size27_c04_v1_A,19,1.802598700649675,3.549725137431284,11.98,0.034554566869015126,0.023940663146060463,1.887018029446815,
size27_c04_v1_A,20,2.07896051974013,3.8025987006496753,13.25,0.03955582236009886,0.05230125391294809,1.8657594279783185,
size27_c04_v1_A,21,2.0719640179910046,3.765617191404298,13.28,0.039037472699681865,0.049485682844003696,1.866297620420559,
size27_c04_v1_A,22,1.9150424787606197,3.649175412293853,12.46,0.036831788105981214,0.032281568450983775,1.8783685080536654,
size27_c04_v1_A,23,2.079960019990005,4.008995502248876,13.14,0.03931473091074765,0.05169864562668162,1.8656825433437128,
size27_c04_v1_A,24,1.9450274862568715,3.6806596701649177,12.56,0.03706385187617751,0.03605800468619062,1.8760619690154923,
size27_c04_v1_A,25,1.88055972013993,3.5382308845577213,12.81,0.03578325482501287,0.025671873797810867,1.8810210279475648,
size27_c04_v1_A,26,2.023488255872064,3.798600699650175,12.8,0.03881173957169077,0.05162320188557073,1.870026525198939,
size27_c04_v1_D00,0,2.0239880059970017,3.8265867066466766,13.13,0.0390534156566013,0.048143592483922346,1.8573021181716833,
size27_c04_v1_D00,1,1.9805097451274363,3.7701149425287355,12.64,0.03738972412844706,0.04051764910085754,1.8606465997770345,
size27_c04_v1_D00,2,1.8485757121439281,3.608695652173913,12.34,0.03572329399016527,0.024431422594840924,1.8707953715449968,
size27_c04_v1_D00,3,2.0174912543728136,3.944527736131934,12.82,0.03868243697985762,0.050652042443646655,1.8578018682966209,
size27_c04_v1_D00,4,1.815592203898051,3.524737631184408,11.93,0.035027798909701834,0.024539112395184377,1.8733325644869874,
size27_c04_v1_D00,5,2.0994502748625687,3.9095452273863067,13.39,0.039819531521160266,0.052190823780029184,1.8514973282589475,
size27_c04_v1_D00,6,1.8395802098950524,3.3833083458270865,12.27,0.034926449211662075,0.02376553426028692,1.8714873332564488,
size27_c04_v1_D00,7,1.8545727136431784,3.548225887056472,11.86,0.03547802266258257,0.032885330561492516,1.870334063737362,
size27_c04_v1_D00,8,2.0649675162418792,3.952023988005997,13.04,0.039251155928052325,0.04267090147899746,1.8541498481528467,
size27_c04_v1_D00,9,1.865567216391804,3.55872063968016,12.11,0.03583890302968097,0.034386762385263184,1.8694883327566987,
size27_c04_v1_D00,10,1.8450774612693652,3.5142428785607196,12.25,0.03545189908384021,0.029971744064697634,1.871064467766117,
size27_c04_v1_D00,11,1.8905547226386807,3.584207896051974,12.96,0.035913041143977115,0.034913663436901866,1.8675662168915543,
size27_c04_v1_D00,12,1.9900049975012495,3.976511744127936,13.04,0.037869955839654496,0.03950643032352181,1.8599161957482797,
size27_c04_v1_D00,13,1.8780609695152424,3.6506746626686657,12.36,0.03585847661860351,0.03666654435020256,1.8685272748241264,
size27_c04_v1_D00,14,2.0089955022488755,3.7116441779110443,13.09,0.03828145062997113,0.03945108281689995,1.85845538769077,
size27_c04_v1_D00,15,2.0294852573713142,4.014992503748126,13.46,0.03846732244226382,0.03584475660937434,1.8568792526813516,
size27_c04_v1_D00,16,1.9835082458770614,3.7256371814092955,13.13,0.03765712637589356,0.04458956696587884,1.8604159458732172,
size27_c04_v1_D00,17,1.9700149925037482,3.8025987006496753,12.91,0.03751809568170591,0.03547368839722668,1.8614538884403953,
size27_c04_v1_D00,18,1.9400299850074962,3.625687156421789,12.34,0.03737548038333716,0.044292565394514476,1.8637604274785684,
size27_c04_v1_D00,19,1.9460269865067465,3.8875562218890556,12.79,0.03708797491791866,0.041018186932729676,1.8632991196709339,
size27_c04_v1_D00,20,1.9660169915042478,3.6326836581709148,13.09,0.03763660206802207,0.03875347679695507,1.8617614269788183,
size27_c04_v1_D00,21,1.7221389305347325,3.2283858070964517,11.45,0.03298463565949075,0.018133579452919792,1.8805212778226272,
size27_c04_v1_D00,22,1.817591204397801,3.315342328835582,12.37,0.03522030380412222,0.018223036888704056,1.8731787952177756,
size27_c04_v1_D00,23,1.8535732133933034,3.5732133933033485,12.55,0.03535616575021357,0.03598432773845073,1.8704109483719678,
size27_c04_v1_D00,24,2.0229885057471266,3.843578210894553,13.14,0.038781581825589,0.03948557689187378,1.857379002806289,
size27_c04_v1_D00,25,1.904047976011994,3.4952523738130936,12.46,0.03632578541136034,0.036831788068669664,1.8665282743243763,
size27_c04_v1_D00,26,2.1594202898550723,4.049475262368816,13.52,0.041023370346125264,0.056676813385958806,1.846884250182601,
size27_c04_v1_D26,0,2.063968015992004,3.791104447776112,13.27,0.03898081455868779,0.04391977892727519,1.8902087417829547,
size27_c04_v1_D26,1,1.8485757121439281,3.4407796101949026,11.99,0.03454225347669982,0.0297105956401309,1.906777380540499,
size27_c04_v1_D26,2,1.9300349825087457,3.5957021489255374,12.38,0.03639288849630463,0.04207645455771394,1.9005112828201285,
size27_c04_v1_D26,3,2.0,3.7766116941529235,12.5,0.037101076237113485,0.04075147879495709,1.8951293583977242,
size27_c04_v1_D26,4,2.1494252873563218,3.978510744627686,13.43,0.040525629875206574,0.06439558553501581,1.883635105524161,
size27_c04_v1_D26,5,1.935032483758121,3.549725137431284,12.39,0.03592745584943876,0.02397841483298755,1.9001268596470995,
size27_c04_v1_D26,6,2.000999500249875,3.5947026486756624,12.8,0.03752383963735332,0.035987597831675835,1.8950524737631185,
size27_c04_v1_D26,7,2.0669665167416293,3.8295852073963017,13.72,0.03838665525958353,0.04576467732389773,1.8899780878791375,
size27_c04_v1_D26,8,1.9415292353823088,3.9160419790104948,12.69,0.03663036713333981,0.027353848605722708,1.899627109522162,
size27_c04_v1_D26,9,2.1094452773613193,4.053973013493254,12.79,0.03993305298617398,0.05298392123729458,1.886710490908392,
size27_c04_v1_D26,10,1.8880559720139931,3.47976011994003,12.2,0.03486853823879742,0.026759527883965687,1.903740437473571,
size27_c04_v1_D26,11,1.9685157421289354,3.8630684657671166,12.88,0.03720909078412596,0.03515032360609576,1.897551224387806,
size27_c04_v1_D26,12,1.88255872063968,3.5837081459270363,12.66,0.03554442580091462,0.031534719653160445,1.9041633029639027,
size27_c04_v1_D26,13,1.9820089955022488,3.8045977011494254,12.82,0.036895187683160344,0.04592729442804407,1.896513281820628,
size27_c04_v1_D26,14,1.750624687656172,3.3553223388305846,11.91,0.032608938329744624,0.017844876540528718,1.914312074731865,
size27_c04_v1_D26,15,2.107446276861569,4.151424287856072,13.28,0.03967825313088237,0.04897060155680848,1.8868642601776036,
size27_c04_v1_D26,16,2.0229885057471266,3.781609195402299,13.01,0.03813400326442478,0.0374461869964119,1.8933610118017914,
size27_c04_v1_D26,17,2.045977011494253,3.9750124937531233,12.9,0.038643753534130396,0.04391439395187523,1.8915926652058586,
size27_c04_v1_D26,18,1.9215392303848076,3.6486756621689156,12.83,0.03605152340489062,0.03042089372674083,1.9011648022142775,
size27_c04_v1_D26,19,2.049975012493753,3.7916041979010493,13.3,0.03851154256242413,0.04605067596072099,1.8912851266674355,
size27_c04_v1_D26,20,1.973513243378311,3.519240379810095,12.53,0.03727260157847193,0.03669024628544872,1.8971668012147773,
size27_c04_v1_D26,21,2.04047976011994,3.9895052473763117,13.29,0.03881194849535457,0.038371566519992344,1.8920155306961903,
size27_c04_v1_D26,22,1.8800599700149925,3.549725137431284,12.67,0.03496189357140028,0.02718763828209107,1.9043555145504172,
size27_c04_v1_D26,23,2.049975012493753,3.831584207896052,13.15,0.038672955380552675,0.04283879538752103,1.8912851266674355,
size27_c04_v1_D26,24,1.8910544727636183,3.476261869065467,12.52,0.0351115750393849,0.028986414218798072,1.9035097835697536,
size27_c04_v1_D26,25,1.9535232383808097,3.652673663168416,12.55,0.036609161506115075,0.03626003764684426,1.8987044939068927,
size27_c04_v1_D26,26,1.8190904547726137,3.3793103448275863,11.8,0.034470574185323566,0.018723454068281648,1.9090454772613694,
size27_c05_v0_A,0,1.896551724137931,3.5947026486756624,12.51,0.03586422817429588,0.03011787063511205,1.888786376042748,
size27_c05_v0_A,1,1.968015992003998,3.8840579710144927,12.92,0.03728381869036645,0.03664014507342845,1.8832891246684351,
size27_c05_v0_A,2,2.050974512743628,4.055472263868066,13.12,0.03888058862298246,0.05812914804668926,1.8769076999961558,
size27_c05_v0_A,3,2.015992003998001,4.052973513243378,13.04,0.03840996802014758,0.040396299241876474,1.879598662207358,
size27_c05_v0_A,4,2.15992003998001,4.223888055972014,13.23,0.040864450635865766,0.06304005284515028,1.8685272748241264,
size27_c05_v0_A,5,1.8770614692653673,3.5612193903048475,12.35,0.035768390350546096,0.028420229057410495,1.8902856264175605,
size27_c05_v0_A,6,1.9280359820089954,3.444777611194403,12.37,0.03658761114939552,0.02961762819334038,1.886364510052666,
size27_c05_v0_A,7,2.106946526736632,4.075962018990505,13.41,0.03945979408883187,0.05436420151562582,1.8726021604582324,
size27_c05_v0_A,8,1.9270364817591203,3.5412293853073464,12.31,0.03612800102522335,0.03594590899688355,1.8864413946872718,
size27_c05_v0_A,9,2.0324837581209394,4.064967516241879,13.39,0.038359481509275324,0.046005183111629905,1.8783300657363626,
size27_c05_v0_A,10,1.8855572213893053,3.623688155922039,12.58,0.03619846552179829,0.028015862198770763,1.8896321070234114,
size27_c05_v0_A,11,2.156921539230385,4.043978010994503,12.98,0.0402532802021774,0.0438209577639863,1.8687579287279437,
size27_c05_v0_A,12,2.0174912543728136,3.8350824587706147,13.16,0.03790198149378306,0.03999775558995953,1.8794833352554492,
size27_c05_v0_A,13,1.7871064467766118,3.475262368815592,12.05,0.033771240167307995,0.0132400790946518,1.89720524353208,
size27_c05_v0_A,14,2.0124937531234384,3.893553223388306,12.99,0.038125247934768174,0.04439870613034034,1.879867758428478,
size27_c05_v0_A,15,1.8760619690154923,3.5892053973013494,12.19,0.03501926620870996,0.0283686439608479,1.8903625110521662,
size27_c05_v0_A,16,2.017991004497751,3.6776611694152925,12.87,0.038636905732283545,0.04584347436671276,1.8794448929381462,
size27_c05_v0_A,17,2.0644677661169415,3.7586206896551726,13.06,0.03921823407638794,0.041726207880630695,1.8758697574289778,
size27_c05_v0_A,18,1.726136931534233,3.31584207896052,12.04,0.03273948596267851,0.019036603631806037,1.9018952062430323,
size27_c05_v0_A,19,1.9005497251374313,3.4607696151924037,12.4,0.035637896691175876,0.030193692974802455,1.8884788375043247,
size27_c05_v0_A,20,1.9485257371314342,3.6061969015492252,12.38,0.03630670115057441,0.03865983674829255,1.8847883750432477,
size27_c05_v0_A,21,2.050974512743628,3.825087456271864,13.2,0.03906245384835816,0.04231063234061739,1.8769076999961558,
size27_c05_v0_A,22,1.9565217391304348,3.5922038980509745,12.75,0.037234071732417946,0.040464333267931474,1.8841732979664014,
size27_c05_v0_A,23,1.8835582208895552,3.450774612693653,12.17,0.035578168187253255,0.03309300644383107,1.889785876292623,
size27_c05_v0_A,24,1.8910544727636183,3.7406296851574212,12.04,0.0361602105806959,0.029058335467630862,1.8892092415330797,
size27_c05_v0_A,25,1.9150424787606197,3.7361319340329837,12.51,0.03577743447239521,0.027612660258837185,1.887364010302541,
size27_c05_v0_A,26,1.8480759620189906,3.7226386806596703,12.52,0.03477262377030418,0.03148254516320486,1.8925152808211279,
size27_c05_v0_D00,0,1.9750124937531235,3.71664167916042,12.5,0.037474238886675115,0.030998647640326837,1.9003959558682197,
size27_c05_v0_D00,1,1.9725137431284359,3.6411794102948525,12.62,0.037198249457709276,0.039142212942812664,1.9005881674547342,
size27_c05_v0_D00,2,1.9120439780109946,3.4672663668165917,12.47,0.03575576852231217,0.033256153308627086,1.9052396878483835,
size27_c05_v0_D00,3,1.855072463768116,3.605697151424288,12.44,0.03519524299792909,0.02496680952453069,1.9096221120209127,
size27_c05_v0_D00,4,2.0369815092453774,3.7286356821589206,12.86,0.0378783376819145,0.04165387197621082,1.8956291085226618,
size27_c05_v0_D00,5,1.8600699650174912,3.39480259870065,11.98,0.03456669800357617,0.028385879210466928,1.9092376888478837,
size27_c05_v0_D00,6,1.8580709645177411,3.352823588205897,12.51,0.03473776664819408,0.023414488781805142,1.9093914581170952,
size27_c05_v0_D00,7,2.0399800099950025,3.629185407296352,13.21,0.03802854841001712,0.033250925042529286,1.8953984546188445,
size27_c05_v0_D00,8,1.8995502248875562,3.5372313843078462,12.38,0.03579479730262453,0.026652660460756428,1.9062007457809558,
size27_c05_v0_D00,9,2.002998500749625,3.7751124437781107,12.63,0.03738063008181771,0.03818833728878709,1.8982431860992581,
size27_c05_v0_D00,10,2.0594702648675662,4.005497251374313,13.16,0.03902101385940422,0.04154342936202009,1.893899204244032,
size27_c05_v0_D00,11,2.027986006996502,3.8855572213893055,12.98,0.03834344830512838,0.03792496442421484,1.8963210702341138,
size27_c05_v0_D00,12,2.0494752623688157,3.713143428285857,13.05,0.03796857028534564,0.04581822198014102,1.8946680505900895,
size27_c05_v0_D00,13,2.0569715142428784,3.888055972013993,13.38,0.038307359435863116,0.05068829221752762,1.8940914158305462,
size27_c05_v0_D00,14,1.9890054972513742,3.9195402298850577,13.5,0.03705669420669213,0.03749880665173023,1.899319570983739,
size27_c05_v0_D00,15,1.9325337331334334,3.6121939030484755,12.68,0.03628132045825707,0.0415822752404462,1.9036635528389652,
size27_c05_v0_D00,16,2.0249875062468767,3.6956521739130435,12.41,0.03805826130368317,0.03751309770800026,1.896551724137931,
size27_c05_v0_D00,17,2.2063968015992006,3.91704147926037,13.54,0.041220640087775054,0.060655368563914284,1.882597162956983,
size27_c05_v0_D00,18,1.9470264867566216,3.8305847076461768,12.67,0.036616015357231566,0.03928838250427458,1.9025487256371814,
size27_c05_v0_D00,19,2.12143928035982,3.951024487756122,13.21,0.03988102154665111,0.049026556485327125,1.889132356898474,
size27_c05_v0_D00,20,1.8455772113943028,3.264367816091954,12.01,0.034945879453506704,0.019249724122287835,1.9103525160496675,
size27_c05_v0_D00,21,1.9725137431284359,3.6686656671664166,12.48,0.03687918861844659,0.0480130480880106,1.9005881674547342,
size27_c05_v0_D00,22,1.9475262368815591,3.708145927036482,12.72,0.036490608454868845,0.027978020369324764,1.9025102833198786,
size27_c05_v0_D00,23,1.897551224387806,3.576711644177911,12.57,0.035649836313566864,0.027058734480023848,1.9063545150501673,
size27_c05_v0_D00,24,1.9400299850074962,3.5097451274362816,12.67,0.035995553408563925,0.040181027812212236,1.9030869180794219,
size27_c05_v0_D00,25,2.0434782608695654,4.025987006496751,12.82,0.038208569139745026,0.047917815983783016,1.8951293583977242,
size27_c05_v0_D00,26,1.8860569715142428,3.511744127936032,12.49,0.03506574177250089,0.028152247829909015,1.9072386883481336,
size27_c05_v0_D26,0,1.8915542228885558,4.006996501749126,12.7,0.03706596844116864,0.03364668675763132,1.8285857071464269,
size27_c05_v0_D26,1,1.8100949525237382,3.5127436281859072,12.25,0.034998078377911815,0.03092741147463789,1.8348518048667974,
size27_c05_v0_D26,2,1.904047976011994,3.817591204397801,12.41,0.03712147701675518,0.04074885911467623,1.8276246492138546,
size27_c05_v0_D26,3,1.9355322338830585,3.5932033983008496,12.33,0.03770434647399921,0.03427687865468977,1.8252027832237727,
size27_c05_v0_D26,4,1.9940029985007497,3.9025487256371814,12.8,0.03872640832063338,0.04985801305141633,1.820705032099335,
size27_c05_v0_D26,5,2.0719640179910046,3.9900049975012495,13.87,0.04037470640285652,0.057177363699102826,1.8147080306000847,
size27_c05_v0_D26,6,1.879560219890055,3.743128435782109,12.63,0.036430042433194657,0.03648234157979287,1.8295083227616962,
size27_c05_v0_D26,7,1.897551224387806,3.39480259870065,13.0,0.036897682250320134,0.03293532360249004,1.8281243993387921,
size27_c05_v0_D26,8,1.907046476761619,3.936031984007996,12.53,0.03753744325253423,0.03788585505227184,1.8273939953100373,
size27_c05_v0_D26,9,1.9820089955022488,3.714142928535732,12.63,0.03905783961218407,0.04958853545810069,1.8216276477146043,
size27_c05_v0_D26,10,1.9470264867566216,3.975512243878061,12.56,0.03818326536937883,0.040321295118896316,1.8243186099258064,
size27_c05_v0_D26,11,1.9805097451274363,3.744127936031984,13.33,0.03840022998199664,0.04713777671049039,1.8217429746665128,
size27_c05_v0_D26,12,2.016991504247876,3.9350324837581208,13.12,0.03912420877358239,0.05575192201878858,1.8189366855034022,
size27_c05_v0_D26,13,1.8345827086456772,3.4942528735632186,12.54,0.03550942826100297,0.024366225977920153,1.8329681313189559,
size27_c05_v0_D26,14,1.84207896051974,3.7561219390304847,12.76,0.03600754126482193,0.03984655052870947,1.8323914965594126,
size27_c05_v0_D26,15,1.8095952023988007,3.376311844077961,12.43,0.03545728141849794,0.024058641674833587,1.8348902471841002,
size27_c05_v0_D26,16,2.0109945027486256,3.5402298850574714,12.85,0.039156799713797104,0.03885496479199628,1.8193979933110367,
size27_c05_v0_D26,17,1.7886056971514244,3.4292853573213393,12.37,0.03443325681571751,0.022299335680145294,1.8365048245108215,
size27_c05_v0_D26,18,1.7986006996501749,3.4117941029485257,12.41,0.03480945749048757,0.032824857412563566,1.8357359781647637,
size27_c05_v0_D26,19,1.8595702148925537,3.4827586206896552,12.42,0.036502343834681504,0.03039295647991301,1.8310460154538115,
size27_c05_v0_D26,20,2.0344827586206895,4.095452273863068,12.9,0.03948373920306703,0.046099569262987555,1.817591204397801,
size27_c05_v0_D26,21,1.905047476261869,3.75912043978011,12.68,0.037024026880884985,0.037785874517508714,1.8275477645792488,
size27_c05_v0_D26,22,1.7986006996501749,3.3268365817091454,12.33,0.03508702559498223,0.024439769792093648,1.8357359781647637,
size27_c05_v0_D26,23,1.8650674662668665,3.6716641679160418,12.36,0.036770789758440205,0.03499933488689115,1.8306231499634797,
size27_c05_v0_D26,24,1.8850574712643677,3.6221889055472265,12.48,0.037069956471965114,0.03158720062768044,1.8290854572713644,
size27_c05_v0_D26,25,1.8850574712643677,3.6201899050474764,12.86,0.03652891620245531,0.037176253143269646,1.8290854572713644,
size27_c05_v0_D26,26,1.791104447776112,3.554222888555722,11.87,0.0345377403826829,0.02853020293050282,1.836312612924307,
size27_c05_v1_A,0,1.7916041979010495,3.3808095952023987,12.15,0.033698873160429084,0.021949378845930585,1.8829047014954061,
size27_c05_v1_A,1,1.8780609695152424,3.471264367816092,12.38,0.03555085917898794,0.024558343261491727,1.8762541806020068,
size27_c05_v1_A,2,2.029985007496252,4.152423788105947,13.3,0.039055780847483915,0.04529004090473354,1.864567716141929,
size27_c05_v1_A,3,1.9760119940029985,3.742128935532234,13.32,0.03780618948499361,0.036616028482595236,1.868719486410641,
size27_c05_v1_A,4,1.9225387306346826,3.6711644177911045,12.74,0.03629542011155938,0.04022572602032875,1.8728328143620498,
size27_c05_v1_A,5,1.9215392303848076,3.6996501749125437,12.6,0.03638687737244477,0.033170157345569676,1.8729096989966556,
size27_c05_v1_A,6,1.9970014992503748,3.6936531734132934,12.95,0.03808132593863074,0.04460885191769753,1.8671049090839196,
size27_c05_v1_A,7,1.8800599700149925,3.4072963518240877,12.53,0.0357327112929192,0.029325656574532184,1.876100411332795,
size27_c05_v1_A,8,2.1489255372313845,4.335832083958021,13.19,0.0407765524211542,0.06348850494277782,1.855418444623842,
size27_c05_v1_A,9,1.9170414792603698,3.502248875562219,13.0,0.036716815160673356,0.03226043211050711,1.8732556798523814,
size27_c05_v1_A,10,1.976511744127936,3.6416791604197902,13.09,0.03721711066571692,0.03761512101092315,1.868681044093338,
size27_c05_v1_A,11,1.9835082458770614,3.6116941529235382,12.78,0.037445932157836016,0.031235614294085105,1.8681428516510976,
size27_c05_v1_A,12,1.9375312343828086,3.7061469265367317,12.62,0.036936495152826314,0.02692644131924494,1.871679544842963,
size27_c05_v1_A,13,1.906046976511744,3.614192903548226,12.55,0.036423377822813074,0.03150803053351784,1.874101410833045,
size27_c05_v1_A,14,2.0144927536231885,4.072463768115942,13.08,0.03800114102926488,0.050476403212535166,1.8657594279783185,
size27_c05_v1_A,15,2.1174412793603197,4.070464767616192,13.62,0.040065316601043274,0.055660095914968497,1.8578403106139239,
size27_c05_v1_A,16,1.8950524737631185,3.7926036981509244,12.75,0.036403822503297524,0.03119806092069964,1.8749471418137085,
size27_c05_v1_A,17,1.8425787106446776,3.3608195902048976,12.19,0.035492248329222556,0.020330154325656578,1.8789835851305117,
size27_c05_v1_A,18,1.8620689655172413,3.5127436281859072,12.18,0.03520419603121521,0.03449984964227847,1.877484334755699,
size27_c05_v1_A,19,1.854072963518241,3.572713643178411,12.56,0.03494227581705782,0.030038521642719574,1.8780994118325454,
size27_c05_v1_A,20,2.1724137931034484,4.295352323838081,13.44,0.041576215795484886,0.06387400843922583,1.8536116557106062,
size27_c05_v1_A,21,1.9065467266366816,3.67816091954023,12.79,0.0367942805834178,0.036133376313286406,1.8740629685157422,
size27_c05_v1_A,22,1.8640679660169914,3.768615692153923,12.66,0.03582974414778238,0.02962670901201639,1.8773305654864876,
size27_c05_v1_A,23,2.1199400299850075,3.896551724137931,13.19,0.04045493299216964,0.0524398625972839,1.8576480990274093,
size27_c05_v1_A,24,1.8765617191404298,3.4727636181909047,12.33,0.03590291105471844,0.02928500229849558,1.8763695075539153,
size27_c05_v1_A,25,1.9155422288855573,3.8310844577711145,12.26,0.03645127957813166,0.044510650657577186,1.8733710068042901,
size27_c05_v1_A,26,1.831584207896052,3.3363318340829586,11.84,0.03475731476872541,0.0231489774593223,1.8798293161111752,
size27_c05_v1_D00,0,2.0939530234882557,3.9005497251374313,13.41,0.040343135958930916,0.053592839499886,1.8571483489024718,
size27_c05_v1_D00,1,1.7896051974012994,3.4172913543228387,12.15,0.033737919257477225,0.022447908579842624,1.88055972013993,
size27_c05_v1_D00,2,1.904047976011994,3.548725637181409,12.74,0.0366513233797536,0.036368125461079,1.8717564294775688,
size27_c05_v1_D00,3,2.00199900049975,3.762618690654673,12.74,0.038187379459025284,0.03950515584698497,1.8642217352862032,
size27_c05_v1_D00,4,1.9175412293853074,3.7256371814092955,12.64,0.03705219683431328,0.03667289038353508,1.870718486910391,
size27_c05_v1_D00,5,1.893553223388306,3.5632183908045976,12.52,0.03574475540672478,0.031919314790379294,1.8725637181409296,
size27_c05_v1_D00,6,1.8115942028985508,3.4372813593203397,12.42,0.03442059321920257,0.028271517476914813,1.878868258178603,
size27_c05_v1_D00,7,1.9460269865067465,3.9005497251374313,12.93,0.03713036854695699,0.03395143365158359,1.8685272748241264,
size27_c05_v1_D00,8,1.9460269865067465,3.875062468765617,12.45,0.037058970298418856,0.04004481553207192,1.8685272748241264,
size27_c05_v1_D00,9,1.8670664667666166,3.6216891554222888,12.78,0.03572728364561545,0.031987961785563006,1.8746011609579825,
size27_c05_v1_D00,10,2.0114942528735633,3.7316341829085458,12.84,0.038381964458873145,0.048905495082406616,1.8634913312574481,
size27_c05_v1_D00,11,2.003498250874563,3.8765617191404296,12.89,0.03814968072207285,0.04213563520160222,1.8641064083342944,
size27_c05_v1_D00,12,2.0599700149925035,3.969015492253873,12.75,0.03955439603273499,0.04735355987230047,1.8597624264790682,
size27_c05_v1_D00,13,2.0399800099950025,3.893553223388306,12.96,0.03927409053430275,0.046074190676889316,1.8613001191711835,
size27_c05_v1_D00,14,1.7826086956521738,3.3738130934532733,12.08,0.03334675064008375,0.023566378926199033,1.8810979125821705,
size27_c05_v1_D00,15,1.8845577211394302,3.527736131934033,12.47,0.036448653572643,0.03301983568100512,1.8732556798523814,
size27_c05_v1_D00,16,1.9560219890054973,3.661169415292354,12.64,0.0365806844960445,0.036831378960314534,1.8677584284780686,
size27_c05_v1_D00,17,1.9620189905047476,3.553723138430785,12.37,0.037978362260840996,0.04332123260159243,1.867297120670434,
size27_c05_v1_D00,18,1.9380309845077461,3.719640179910045,12.63,0.03713903345972799,0.03794414675224272,1.8691423519009727,
size27_c05_v1_D00,19,1.9170414792603698,3.5392303848075963,12.46,0.03709988909872694,0.039935971907486156,1.8707569292276938,
size27_c05_v1_D00,20,1.894552723638181,3.4972513743128437,12.68,0.03568212333458549,0.027646871424982417,1.8724868335063238,
size27_c05_v1_D00,21,1.9135432283858071,3.5397301349325336,12.31,0.03615089303588398,0.025952487459234105,1.871026025448814,
size27_c05_v1_D00,22,2.130434782608696,4.03648175912044,13.59,0.039905233955825084,0.04998790842119174,1.8543420597393612,
size27_c05_v1_D00,23,1.9805097451274363,3.812093953023488,12.36,0.037689862731214774,0.03955204243809942,1.8658747549302273,
size27_c05_v1_D00,24,1.9665167416291853,3.68015992003998,12.91,0.037545255527005855,0.03643909119921116,1.866951139814708,
size27_c05_v1_D00,25,1.8185907046476761,3.39480259870065,12.77,0.034313680679336205,0.02111579352958665,1.8783300657363626,
size27_c05_v1_D00,26,2.0429785107446277,4.032983508245877,13.0,0.03870551945367877,0.04545601685781599,1.8610694652673663,
size27_c05_v1_D26,0,2.100949525237381,4.136431784107946,13.12,0.03998338838319749,0.05354308082943765,1.8742167377849537,
size27_c05_v1_D26,1,1.87856071964018,3.5827086456771613,12.06,0.03518685789329767,0.024332956454395746,1.8913235689847383,
size27_c05_v1_D26,2,1.8435782108945526,3.4037981009495253,12.26,0.03435151779136486,0.017904882335167193,1.8940145311959404,
size27_c05_v1_D26,3,2.0984507746126937,3.9920039980009996,12.97,0.03964144432825971,0.05306987420930451,1.8744089493714682,
size27_c05_v1_D26,4,1.9335332333833084,3.4312843578210894,12.5,0.03629543542950472,0.029637182185907874,1.8870949140814208,
size27_c05_v1_D26,5,2.0089955022488755,3.704647676161919,12.8,0.03813199344744238,0.04040348706765502,1.8812901241686848,
size27_c05_v1_D26,6,2.0689655172413794,3.684657671164418,13.68,0.039368119339505285,0.03671303986146568,1.8766770460923385,
size27_c05_v1_D26,7,1.8565717141429285,3.431784107946027,12.15,0.03546948630354864,0.02296042288546038,1.8930150309460654,
size27_c05_v1_D26,8,2.201399300349825,4.1189405297351325,13.46,0.04157500379000822,0.07292505650826486,1.8664898320070733,
size27_c05_v1_D26,9,1.9410294852573713,3.568215892053973,12.5,0.036273645861807494,0.034189500044072806,1.8865182793218775,
size27_c05_v1_D26,10,2.003498250874563,3.7721139430284856,12.74,0.03828618211090934,0.04479183429708169,1.8817129896590166,
size27_c05_v1_D26,11,1.7581209395302348,3.2238880559720138,11.7,0.032852505477205446,0.016805149151475983,1.9005881674547342,
size27_c05_v1_D26,12,1.9640179910044977,3.575712143928036,13.08,0.0368247115534761,0.028917328992291543,1.8847499327259447,
size27_c05_v1_D26,13,1.8395802098950524,3.290854572713643,12.41,0.035504336914069685,0.027746671674707665,1.8943220697343637,
size27_c05_v1_D26,14,2.1764117941029486,4.021489255372314,13.35,0.04098845293349178,0.06103443449770287,1.8684119478722176,
size27_c05_v1_D26,15,1.9280359820089954,3.5897051474262867,12.61,0.03593118977514497,0.033425133087801775,1.8875177795717526,
size27_c05_v1_D26,16,1.856071964017991,3.705647176411794,12.34,0.03554946777687095,0.029004556440838335,1.8930534732633684,
size27_c05_v1_D26,17,1.8940529735132434,3.364817591204398,12.48,0.03577036080662312,0.030950289645941865,1.890131857148349,
size27_c05_v1_D26,18,1.8530734632683659,3.622688655672164,12.68,0.0345063413905858,0.029229510563843424,1.8932841271671856,
size27_c05_v1_D26,19,1.9930034982508746,3.7181409295352323,13.0,0.03766534418258103,0.03564132990669725,1.8825202783223773,
size27_c05_v1_D26,20,1.9165417291354323,3.633183408295852,12.56,0.03624423631065713,0.02807055374521643,1.888401952869719,
size27_c05_v1_D26,21,1.9710144927536233,3.848575712143928,12.91,0.03707564730528873,0.04482465310801146,1.8842117402837042,
size27_c05_v1_D26,22,1.8235882058970514,3.497751124437781,12.49,0.03423865426573992,0.019807603690662163,1.895552223888056,
size27_c05_v1_D26,23,2.054472763618191,4.0589705147426285,13.12,0.03956016895886597,0.049154359161855406,1.8777918732941221,
size27_c05_v1_D26,24,1.9885057471264367,3.6146926536731634,12.99,0.03720147940251094,0.04001274282383731,1.8828662591781034,
size27_c05_v1_D26,25,1.9460269865067465,3.666166916541729,12.92,0.03678251427798678,0.03876046492238398,1.8861338561488485,
size27_c05_v1_D26,26,2.0334832583708145,3.9095452273863067,12.65,0.03874151399005591,0.05614390190851961,1.8794064506208434,
size27_c06_v0_A,0,1.9955022488755623,3.821089455272364,12.79,0.03839111259273029,0.049026105772732455,1.8421942874716488,
size27_c06_v0_A,1,1.766616691654173,3.210894552723638,11.92,0.03374470202460456,0.016242809608626698,1.859800868796371,
size27_c06_v0_A,2,1.807096451774113,3.4887556221889056,12.18,0.034722258559770534,0.023602868617861143,1.8566870410948373,
size27_c06_v0_A,3,1.9485257371314342,3.715642178910545,13.15,0.03773666164883189,0.04573206376054952,1.8458078652981202,
size27_c06_v0_A,4,1.9855072463768115,3.7586206896551726,13.18,0.038357371366869876,0.042746657251904636,1.8429631338177066,
size27_c06_v0_A,5,1.910544727636182,3.423288355822089,12.17,0.03662062531247417,0.03342161891637157,1.8487294814131396,
size27_c06_v0_A,6,1.9405297351324338,4.000499750124938,12.8,0.037585678180794266,0.04122699861080674,1.8464229423749663,
size27_c06_v0_A,7,1.855072463768116,3.4822588705647175,12.19,0.035575154904010815,0.0235713853030195,1.85299657863376,
size27_c06_v0_A,8,1.8510744627686158,3.499750124937531,12.16,0.03594591495800232,0.026323995289512556,1.8533041171721831,
size27_c06_v0_A,9,1.9845077461269365,3.6756621689155424,12.84,0.03829679707351979,0.04691181853850523,1.8430400184523124,
size27_c06_v0_A,10,2.120439780109945,4.176911544227886,13.47,0.04106584586049243,0.058895011368774515,1.832583708145927,
size27_c06_v0_A,11,1.9045477261369315,3.5997001499250376,12.54,0.03677632167404748,0.033321620353104625,1.8491907892207742,
size27_c06_v0_A,12,1.9545227386306847,3.9350324837581208,12.66,0.03778281846783351,0.04298447124534085,1.8453465574904855,
size27_c06_v0_A,13,1.9890054972513742,3.8055972013993005,13.15,0.03870794435904427,0.04854040539947585,1.8426940375965863,
size27_c06_v0_A,14,2.024487756121939,3.6806596701649177,13.39,0.03907665404080935,0.0458816767662345,1.8399646330680814,
size27_c06_v0_A,15,1.893553223388306,3.52623688155922,12.6,0.037343952699426856,0.03455141116310534,1.8500365202014377,
size27_c06_v0_A,16,1.8000999500249875,3.431784107946027,12.21,0.03459136714607066,0.020858443572086764,1.8572252335370776,
size27_c06_v0_A,17,1.790104947526237,3.3798100949525236,12.13,0.03428347573660854,0.023486885705776277,1.8579940798831354,
size27_c06_v0_A,18,1.9630184907546226,3.5967016491754125,12.9,0.0375655361634279,0.044016291055271585,1.8446930380963364,
size27_c06_v0_A,19,1.816591704147926,3.7191404297851074,12.46,0.034801333725941165,0.025577067443634176,1.8559566370660823,
size27_c06_v0_A,20,2.0859570214892553,4.193403298350825,13.37,0.04032984025180382,0.05830440313198933,1.8352362280398262,
size27_c06_v0_A,21,1.9255372313843078,3.8095952023988007,12.59,0.037058878523277675,0.03888912325943813,1.847576211894053,
size27_c06_v0_A,22,2.0089955022488755,4.079960019990005,12.81,0.03867590695303974,0.04440934849480576,1.8411563449044708,
size27_c06_v0_A,23,1.8900549725137432,3.6061969015492252,12.68,0.0363442182749564,0.03881272955485853,1.850305616422558,
size27_c06_v0_A,24,1.857071464267866,3.48175912043978,12.42,0.035512219081957265,0.026593851481407728,1.8528428093645486,
size27_c06_v0_A,25,1.8620689655172413,3.4007996001999,12.37,0.03585542716207809,0.03447126198250639,1.8524583861915196,
size27_c06_v0_A,26,1.9570214892553723,3.636681659170415,12.98,0.037251983257576234,0.03159967635230007,1.845154345903971,
size27_c06_v0_D00,0,2.0359820089955023,3.898550724637681,12.8,0.03941782498372714,0.04748370021762739,1.8411563449044708,
size27_c06_v0_D00,1,1.8445777111444277,3.5207396301849077,12.09,0.03549641640417126,0.035991849091549254,1.8558797524314765,
size27_c06_v0_D00,2,1.991504247876062,3.8450774612693652,12.76,0.03853807515102418,0.047835723191795174,1.8445777111444277,
size27_c06_v0_D00,3,1.9295352323838082,3.555222388805597,12.9,0.03693204509905371,0.03540412888238979,1.8493445584899857,
size27_c06_v0_D00,4,1.8150924537731135,3.502248875562219,12.39,0.03489341947693781,0.025194282294776202,1.8581478491523469,
size27_c06_v0_D00,5,1.8515742128935533,3.4622688655672165,12.09,0.03610759291379723,0.026520424852508842,1.8553415599892362,
size27_c06_v0_D00,6,1.8580709645177411,3.5927036481759123,12.37,0.03539320511705472,0.03078685938285553,1.8548418098642987,
size27_c06_v0_D00,7,1.8895552223888057,3.7711144427786105,12.45,0.036288900737322535,0.040231165081240076,1.8524199438742168,
size27_c06_v0_D00,8,1.920039980009995,3.739130434782609,12.76,0.03695807207423562,0.040269185319454316,1.8500749625187407,
size27_c06_v0_D00,9,1.8950524737631185,3.648175912043978,12.53,0.03636978247788113,0.037816176475890785,1.851997078383885,
size27_c06_v0_D00,10,1.9740129935032484,3.7811094452773615,12.96,0.03782816139630816,0.03695826148974579,1.8459231922500288,
size27_c06_v0_D00,11,1.8770614692653673,3.7211394302848575,12.61,0.03612525555467683,0.029364765457013477,1.8533810018067889,
size27_c06_v0_D00,12,2.045977011494253,3.817091454272864,13.19,0.039060915150577816,0.047605021443102434,1.840387498558413,
size27_c06_v0_D00,13,1.975512243878061,3.709145427286357,12.62,0.038133009204386996,0.047502422818808766,1.8458078652981202,
size27_c06_v0_D00,14,1.8930534732633684,3.7701149425287355,12.24,0.0363722125611759,0.03076973577127915,1.8521508476530966,
size27_c06_v0_D00,15,1.9705147426286858,3.6466766616691655,12.63,0.037839492144598384,0.03980352709517541,1.846192288471149,
size27_c06_v0_D00,16,1.84207896051974,3.6506746626686657,12.26,0.035596084317403465,0.026846859547053605,1.856071964017991,
size27_c06_v0_D00,17,1.9885057471264367,3.976511744127936,12.59,0.03856549523463152,0.04538237388687164,1.8448083650482452,
size27_c06_v0_D00,18,2.0349825087456272,3.968015992003998,13.03,0.03902324699674075,0.04474399863984487,1.8412332295390765,
size27_c06_v0_D00,19,1.951024487756122,3.658670664667666,12.59,0.03773406746340137,0.03819827813235524,1.8476915388459616,
size27_c06_v0_D00,20,1.9145427286356822,3.768615692153923,12.49,0.03705480261208949,0.04437074204469922,1.8504978280090725,
size27_c06_v0_D00,21,1.9515242378810596,3.84007996001999,12.79,0.03740142022838149,0.03735862602054511,1.8476530965286588,
size27_c06_v0_D00,22,1.829585207396302,3.4387806096951525,12.3,0.0350712741827399,0.025976402269505747,1.857033021950563,
size27_c06_v0_D00,23,1.9890054972513742,3.628185907046477,13.1,0.038339716264354284,0.041419849026339925,1.8447699227309422,
size27_c06_v0_D00,24,1.832583708145927,3.390304847576212,12.21,0.0354607593977838,0.02768809310942659,1.8568023680467458,
size27_c06_v0_D00,25,2.0099950024987505,3.7551224387806097,12.99,0.038477379974196,0.042620688139472895,1.8431553454042209,
size27_c06_v0_D00,26,1.8310844577711145,3.4417791104447777,12.39,0.035521372881348726,0.025856860318673566,1.8569176949986546,
size27_c06_v0_D26,0,1.991504247876062,3.6936531734132934,12.68,0.03771932197482256,0.037133237133237164,1.8721792949679006,
size27_c06_v0_D26,1,1.9515242378810596,3.6101949025487254,12.32,0.03692843423939296,0.03723915459297771,1.8752546803521317,
size27_c06_v0_D26,2,1.8650674662668665,3.682658670664668,12.45,0.03542479183900929,0.027164448078990825,1.881905201245531,
size27_c06_v0_D26,3,1.8760619690154923,3.5857071464267865,12.24,0.03556798391433534,0.030712277338964037,1.8810594702648675,
size27_c06_v0_D26,4,1.9695152423788107,3.55472263868066,12.61,0.03757829161591022,0.04486890753757321,1.8738707569292277,
size27_c06_v0_D26,5,1.9495252373813095,3.7116441779110443,12.58,0.0366267654923749,0.04140786749482402,1.8754084496213432,
size27_c06_v0_D26,6,2.0664667666166916,3.8555722138930535,13.38,0.03890910982828921,0.04887882537807575,1.8664129473724675,
size27_c06_v0_D26,7,1.9530234882558721,3.832583708145927,12.69,0.037018930160766,0.03948887749487452,1.875139353400223,
size27_c06_v0_D26,8,1.8905547226386807,3.7116441779110443,12.73,0.03581198912381027,0.030098334671048336,1.879944643063084,
size27_c06_v0_D26,9,1.9255372313843078,3.499250374812594,12.73,0.0368049723849534,0.033245498462889815,1.8772536808518818,
size27_c06_v0_D26,10,1.8835582208895552,3.3973013493253372,12.44,0.03566828743238809,0.021076006008539754,1.8804828355053242,
size27_c06_v0_D26,11,1.9230384807596201,3.788105947026487,13.18,0.03676674308772065,0.03623806783476951,1.877445892438396,
size27_c06_v0_D26,12,1.9640179910044977,3.870064967516242,12.64,0.03723101214775093,0.03928594865626355,1.8742936224195594,
size27_c06_v0_D26,13,2.082458770614693,3.7806096951524237,13.32,0.039695547202323614,0.04705129397783071,1.8651827932187752,
size27_c06_v0_D26,14,1.9875062468765616,3.7731134432783606,12.85,0.03775613690819936,0.041241518490394084,1.8724868335063238,
size27_c06_v0_D26,15,1.8985507246376812,3.751624187906047,12.68,0.03626047614366351,0.030225165195180214,1.8793295659862377,
size27_c06_v0_D26,16,2.0454772613693155,3.949025487256372,12.68,0.03870180724859295,0.05393259358776597,1.8680275246991889,
size27_c06_v0_D26,17,1.8760619690154923,3.504247876061969,12.2,0.035790225018821106,0.03629283842927026,1.8810594702648675,
size27_c06_v0_D26,18,1.9395302348825587,3.661169415292354,12.8,0.03674028177661495,0.03378449664056862,1.876177295967401,
size27_c06_v0_D26,19,1.9620189905047476,3.684657671164418,12.94,0.03739127529581053,0.046367923541836616,1.874447391688771,
size27_c06_v0_D26,20,2.020489755122439,3.5082458770614693,13.03,0.038557003687549066,0.035990229993228505,1.8699496405643332,
size27_c06_v0_D26,21,1.9430284857571214,3.501249375312344,12.98,0.03728860562082975,0.029528525780399866,1.8759081997462808,
size27_c06_v0_D26,22,2.0079960019990004,3.789105447276362,13.05,0.038183363891056366,0.043129860033908056,1.8709106984969055,
size27_c06_v0_D26,23,1.896551724137931,3.5962018990504747,12.65,0.035680974860325114,0.03728397345338877,1.8794833352554492,
size27_c06_v0_D26,24,1.9055472263868065,3.556221889055472,12.15,0.03612003398597095,0.0394725977559561,1.8787913735439972,
size27_c06_v0_D26,25,1.894552723638181,3.6466766616691655,12.56,0.036201223594342455,0.02773063324037839,1.8796371045246607,
size27_c06_v0_D26,26,1.990504747626187,3.951024487756122,12.94,0.03757641152437656,0.031130899196866246,1.8722561796025063,
size27_c06_v1_A,0,1.8085957021489256,3.4312843578210894,11.92,0.03520019544576243,0.01968091690509893,1.8503825010571637,
size27_c06_v1_A,1,1.8620689655172413,3.6231884057971016,12.57,0.0357779879604082,0.024442244754882568,1.8462691731057548,
size27_c06_v1_A,2,1.8440779610194902,3.754622688655672,12.59,0.03612125760538597,0.03564301161531961,1.8476530965286588,
size27_c06_v1_A,3,1.9385307346326837,3.7221389305347325,12.69,0.0377391323365483,0.03848685137819986,1.840387498558413,
size27_c06_v1_A,4,1.9110444777611195,3.6436781609195403,12.44,0.0374274793915785,0.036439758253851234,1.8425018260100718,
size27_c06_v1_A,5,2.0379810094952524,3.8790604697651174,13.19,0.03901194998132516,0.04704359947767659,1.8327374774151386,
size27_c06_v1_A,6,2.063968015992004,4.056471764117941,13.42,0.03955014873973051,0.04730381735408638,1.8307384769153885,
size27_c06_v1_A,7,1.8850574712643677,3.6976511744127936,12.09,0.03625799952834129,0.03318035405521077,1.844500826509822,
size27_c06_v1_A,8,1.7651174412793602,3.478760619690155,12.63,0.03389405356342944,0.02339822519512087,1.853726982662515,
size27_c06_v1_A,9,1.8490754622688657,3.6241879060469766,12.34,0.03554018684576851,0.03360583416805309,1.8472686733556298,
size27_c06_v1_A,10,1.8750624687656172,3.5922038980509745,12.6,0.036001223270668285,0.037793685917418246,1.8452696728558797,
size27_c06_v1_A,11,2.0634682658670664,3.9195402298850577,13.41,0.03983391909096288,0.046676383818107084,1.8307769192326913,
size27_c06_v1_A,12,1.7936031984007996,3.554222888555722,11.95,0.03486817463998675,0.024752564332774254,1.8515357705762503,
size27_c06_v1_A,13,1.8995502248875562,3.651174412793603,12.6,0.03645551780256527,0.034004449933985215,1.8433859993080384,
size27_c06_v1_A,14,1.9665167416291853,3.6091954022988504,13.07,0.038472086608892224,0.036325762148145105,1.8382347287894514,
size27_c06_v1_A,15,1.79960019990005,3.4832583708145926,12.41,0.03491084730041497,0.027099563493866365,1.8510744627686158,
size27_c06_v1_A,16,1.9685157421289354,3.9555222388805595,13.23,0.03763393328737329,0.03937890916901417,1.8380809595202399,
size27_c06_v1_A,17,2.134432783608196,4.233883058470765,13.42,0.04130674238580995,0.06624932295626361,1.8253181101756815,
size27_c06_v1_A,18,1.9205397301349325,3.9650174912543728,12.88,0.036913585615841814,0.03932583137759964,1.841771421981317,
size27_c06_v1_A,19,1.968015992003998,3.719640179910045,13.08,0.03848270970809745,0.0484334908247952,1.8381194018375429,
size27_c06_v1_A,20,2.0124937531234384,3.7276361819090456,12.8,0.038903839300076036,0.04262419468345919,1.834698035597586,
size27_c06_v1_A,21,1.8275862068965518,3.496751624187906,11.98,0.03529640729908325,0.03014632467185606,1.848921692999654,
size27_c06_v1_A,22,1.8355822088955522,3.5387306346826586,12.42,0.03547393423664191,0.02683039099830708,1.8483066159228079,
size27_c06_v1_A,23,1.8360819590204898,3.5927036481759123,12.64,0.03564964348375177,0.031982282806870564,1.8482681736055049,
size27_c06_v1_A,24,1.8830584707646176,3.75712143928036,12.37,0.036384096910135375,0.034670951237667905,1.8446545957790335,
size27_c06_v1_A,25,1.9335332333833084,3.971014492753623,12.93,0.03728138710919536,0.03501591368687236,1.840771921731442,
size27_c06_v1_A,26,2.0439780109945027,3.905047476261869,13.2,0.03961156055222513,0.05946536478549889,1.8322761696075038,
size27_c06_v1_D00,0,2.0004997501249377,3.947026486756622,12.62,0.03810298797342734,0.05067531030799399,1.8692961211701842,
size27_c06_v1_D00,1,1.9160419790104948,3.60519740129935,12.34,0.0363048720741532,0.030475466007699924,1.875792872794372,
size27_c06_v1_D00,2,2.0494752623688157,3.9440279860069967,12.78,0.038753660071248835,0.05399902169017615,1.8655287740745012,
size27_c06_v1_D00,3,1.8465767116441778,3.665167416291854,12.45,0.035118861620851406,0.030348197252245274,1.8811363548994733,
size27_c06_v1_D00,4,1.937031484257871,3.5367316341829085,12.62,0.03657974215480458,0.03413590130231814,1.8741782954676507,
size27_c06_v1_D00,5,2.0109945027486256,3.9120439780109946,13.07,0.03802842848144748,0.039465121474117015,1.8684888325068234,
size27_c06_v1_D00,6,1.9780109945027486,3.842578710644678,12.95,0.037528314227813254,0.036988329567040255,1.871026025448814,
size27_c06_v1_D00,7,1.8775612193903048,3.5397301349325336,12.07,0.03561032868486656,0.02598663344540407,1.8787529312266944,
size27_c06_v1_D00,8,1.9565217391304348,3.659670164917541,12.85,0.03749058936555012,0.03792988620574832,1.8726790450928381,
size27_c06_v1_D00,9,1.8505747126436782,3.488255872063968,11.99,0.03542352210843702,0.03258115919285339,1.8808288163610503,
size27_c06_v1_D00,10,1.9975012493753124,3.8105947026486757,12.9,0.03740196706840492,0.03957970371013851,1.8695267750740014,
size27_c06_v1_D00,11,1.8760619690154923,3.7221389305347325,12.2,0.03568691071393958,0.029277514922192605,1.878868258178603,
size27_c06_v1_D00,12,1.8320839580209896,3.3728135932033982,11.86,0.03493524059827707,0.022455635873926735,1.882251182101257,
size27_c06_v1_D00,13,1.9800099950024987,3.8850574712643677,12.76,0.03772473401590145,0.03487662595608623,1.8708722561796025,
size27_c06_v1_D00,14,1.830584707646177,3.438280859570215,12.41,0.035184499514126125,0.031818097222894866,1.8823665090531658,
size27_c06_v1_D00,15,1.9295352323838082,3.60119940029985,12.39,0.03684191983845811,0.027948933458678597,1.8747549302271942,
size27_c06_v1_D00,16,2.1169415292353824,4.166416791604198,13.21,0.0399904464888798,0.05266712298196561,1.8603390612386115,
size27_c06_v1_D00,17,1.95952023988006,3.742128935532234,12.83,0.03726691584505186,0.03484747386546492,1.8724483911890208,
size27_c06_v1_D00,18,1.9300349825087457,3.8735632183908044,12.06,0.036923688582150886,0.03908653537589068,1.8747164879098912,
size27_c06_v1_D00,19,1.937031484257871,3.5882058970514743,12.67,0.03674093704435214,0.02703455825644732,1.8741782954676507,
size27_c06_v1_D00,20,1.7646176911544227,3.556221889055472,11.72,0.033861747911931424,0.0203501839933624,1.8874408949371468,
size27_c06_v1_D00,21,2.083458270864568,3.812593703148426,13.17,0.039283708354032304,0.054036310183236756,1.8629146964979049,
size27_c06_v1_D00,22,1.9925037481259371,3.712143928035982,13.4,0.038045888952107,0.04313535734075465,1.8699111982470302,
size27_c06_v1_D00,23,2.005497251374313,3.923538230884558,12.78,0.03787808051449516,0.052970537153445706,1.8689116979971552,
size27_c06_v1_D00,24,1.893553223388306,3.616191904047976,12.73,0.036081183888844494,0.03213342130133737,1.8775227770730019,
size27_c06_v1_D00,25,2.0434782608695654,3.848575712143928,13.21,0.03882329462820474,0.04782775667333393,1.8659900818821358,
size27_c06_v1_D00,26,2.0069965017491254,3.7946026986506745,13.2,0.038387529278242925,0.037369205285247294,1.8687963710452467,
size27_c06_v1_D26,0,2.08295852073963,3.813593203398301,13.17,0.039591309292928575,0.05484348374153473,1.866605158958982,
size27_c06_v1_D26,1,1.8460769615192403,3.5752123938030986,11.97,0.034851860263326984,0.026854285699862927,1.8848268173605505,
size27_c06_v1_D26,2,2.07696151924038,3.951024487756122,12.96,0.039404065494581426,0.04730715450355635,1.8670664667666166,
size27_c06_v1_D26,3,1.975512243878061,3.6426786606696653,12.65,0.0378107719719953,0.035647129537684286,1.8748702571791027,
size27_c06_v1_D26,4,1.9195402298850575,3.5147426286856573,12.62,0.03633694621818907,0.038453103895382805,1.8791757967170262,
size27_c06_v1_D26,5,1.8270864567716143,3.3898050974512746,12.12,0.03456182084372241,0.035213634164158916,1.8862876254180603,
size27_c06_v1_D26,6,2.0464767616191906,3.7991004497751124,12.65,0.038947947471053665,0.04635943211655358,1.8694114481220927,
size27_c06_v1_D26,7,2.071464267866067,3.920039980009995,13.17,0.039338485455746745,0.052971656307488395,1.8674893322569484,
size27_c06_v1_D26,8,1.8600699650174912,3.606696651674163,12.06,0.03498919291532535,0.032393417288469784,1.8837504324760697,
size27_c06_v1_D26,9,2.0394802598700648,3.8970514742628684,12.87,0.03858605050132065,0.044283305677608534,1.8699496405643332,
size27_c06_v1_D26,10,1.879560219890055,3.469265367316342,12.53,0.03575638436156142,0.021277528623855464,1.882251182101257,
size27_c06_v1_D26,11,1.87856071964018,3.4527736131934033,12.08,0.03596835174752534,0.02484816394111747,1.8823280667358628,
size27_c06_v1_D26,12,1.8125937031484258,3.365817091454273,12.15,0.03453604580130833,0.023486110480113495,1.8874024526198439,
size27_c06_v1_D26,13,1.9730134932533734,3.743128435782109,13.26,0.037616490862869986,0.0382289735363199,1.8750624687656172,
size27_c06_v1_D26,14,1.9900049975012495,3.6956521739130435,12.59,0.03762145951470388,0.035807781534917996,1.8737554299773191,
size27_c06_v1_D26,15,1.9265367316341828,3.609695152423788,12.18,0.036566586487636873,0.033607024049302964,1.8786376042747857,
size27_c06_v1_D26,16,1.9155422288855573,3.5137431284357823,12.47,0.03657724172832883,0.03704823273788796,1.8794833352554492,
size27_c06_v1_D26,17,1.9305347326336832,3.753623188405797,12.68,0.03670292542047349,0.038018148213050794,1.8783300657363626,
size27_c06_v1_D26,18,2.164417791104448,4.24087956021989,13.65,0.040948647330550245,0.05743767726526348,1.8603390612386115,
size27_c06_v1_D26,19,1.9185407296351824,3.663168415792104,12.53,0.035843305789665936,0.030730972897389703,1.879252681351632,
size27_c06_v1_D26,20,2.0904547726136933,3.815592203898051,13.06,0.0396345644624453,0.047307767472685044,1.8660285241994388,
size27_c06_v1_D26,21,1.8415792103948025,3.425287356321839,12.47,0.03476670839524133,0.02416025032216938,1.8851727982162765,
size27_c06_v1_D26,22,1.943528235882059,3.7061469265367317,13.07,0.03677300491192113,0.03301529249805115,1.8773305654864876,
size27_c06_v1_D26,23,1.8940529735132434,3.5632183908045976,13.05,0.03581731351202446,0.031103045158517466,1.8811363548994733,
size27_c06_v1_D26,24,1.8885557221389306,3.4907546226886557,12.51,0.03613153259662072,0.027064894681086606,1.881559220389805,
size27_c06_v1_D26,25,1.9925037481259371,3.6971514242878563,13.15,0.037818676218805324,0.0468134078703794,1.8735632183908046,
size27_c06_v1_D26,26,1.9120439780109946,3.463768115942029,12.39,0.03650231043012712,0.03571812578559208,1.8797524314765695,
size27_c07_v0_A,0,1.88055972013993,3.5272363818090953,12.4,0.03642654365289663,0.026535235268368727,1.8587629262291931,
size27_c07_v0_A,1,1.9985007496251874,3.920039980009995,12.31,0.03881483606971925,0.04806664682976526,1.8496905393457117,
size27_c07_v0_A,2,1.9365317341329336,3.6956521739130435,12.87,0.03735288084057885,0.04072765759422434,1.8544573866912697,
size27_c07_v0_A,3,2.0494752623688157,3.9610194902548725,12.8,0.03944395814759352,0.05348087694414529,1.8457694229808173,
size27_c07_v0_A,4,1.9815092453773113,3.5657171414292854,12.86,0.03808989125322699,0.0398903778214123,1.85099757813401,
size27_c07_v0_A,5,1.778110944527736,3.4472763618190903,12.11,0.03405719810456525,0.020348411652759482,1.866643601276285,
size27_c07_v0_A,6,2.0689655172413794,4.002998500749626,13.17,0.03971990073492242,0.05011293054771316,1.8442701726060047,
size27_c07_v0_A,7,1.8765617191404298,3.4527736131934033,12.58,0.03566587440501168,0.02822980645319479,1.8590704647676162,
size27_c07_v0_A,8,1.8510744627686158,3.5582208895552223,12.45,0.035410711550395525,0.031351808000983424,1.8610310229500635,
size27_c07_v0_A,9,1.830584707646177,3.44327836081959,12.33,0.034891248419552046,0.018069361922435384,1.8626071579594818,
size27_c07_v0_A,10,1.7861069465267367,3.288855572213893,12.14,0.034179392890347715,0.020730165220420097,1.8660285241994388,
size27_c07_v0_A,11,2.128935532233883,4.095952023988006,12.83,0.04102425550010987,0.05332678732228959,1.8396570945296582,
size27_c07_v0_A,12,1.8890554722638682,3.6731634182908546,12.74,0.03603142387066377,0.03618374795286343,1.858109406835044,
size27_c07_v0_A,13,1.9815092453773113,3.7531234382808596,13.14,0.03755726563113824,0.04814302805307303,1.85099757813401,
size27_c07_v0_A,14,2.0129935032483757,4.109945027486257,13.06,0.03847134775832621,0.050802070104918676,1.8485757121439281,
size27_c07_v0_A,15,1.9945027486256872,3.629185407296352,13.42,0.03819820996474289,0.04062299658251684,1.849998077884135,
size27_c07_v0_A,16,1.7411294352823588,3.416791604197901,11.91,0.033227925961444346,0.019927950887471135,1.8694883327566987,
size27_c07_v0_A,17,2.029985007496252,4.179410294852573,13.53,0.03911544506202268,0.053289468319453345,1.8472686733556298,
size27_c07_v0_A,18,1.8490754622688657,3.4357821089455274,12.17,0.03575667174320324,0.03282707491852924,1.861184792219275,
size27_c07_v0_A,19,1.8470764617691156,3.5392303848075963,12.41,0.035420304572035405,0.02457069278658485,1.8613385614884865,
size27_c07_v0_A,20,1.9770114942528736,3.709145427286357,12.56,0.037770089962358755,0.041687747534824016,1.8513435589897358,
size27_c07_v0_A,21,1.8450774612693652,3.5142428785607196,12.47,0.0353301445454796,0.029072031583275995,1.861492330757698,
size27_c07_v0_A,22,1.9770114942528736,3.707646176911544,12.87,0.03818933919881064,0.04170146167897294,1.8513435589897358,
size27_c07_v0_A,23,1.9820089955022488,3.768615692153923,13.02,0.03808606638231114,0.0412011166134105,1.850959135816707,
size27_c07_v0_A,24,1.8930534732633684,3.711144427786107,12.41,0.036511168558810536,0.03403621061042353,1.8578018682966209,
size27_c07_v0_A,25,1.9270364817591203,3.634182908545727,12.91,0.03698055210563683,0.032910949065371904,1.8551877907200247,
size27_c07_v0_A,26,1.975512243878061,3.927536231884058,12.91,0.038277353114096024,0.04215338773059914,1.8514588859416445,
size27_c07_v0_D00,0,1.7826086956521738,3.5092453773113443,11.99,0.03434511607907304,0.02113903365777429,1.8682197362857034,
size27_c07_v0_D00,1,2.287856071964018,4.179910044977511,13.81,0.04377563847212297,0.0826092531489833,1.8293545534924844,
size27_c07_v0_D00,2,1.8920539730134933,3.652173913043478,12.58,0.03633574483541697,0.035014046145980214,1.859800868796371,
size27_c07_v0_D00,3,2.0394802598700648,3.7691154422788604,13.05,0.039215007662564624,0.04951805510276278,1.8484603851920194,
size27_c07_v0_D00,4,1.8940529735132434,3.5372313843078462,12.76,0.03641088779478807,0.03142518401139094,1.8596470995271595,
size27_c07_v0_D00,5,2.04047976011994,3.91704147926037,12.98,0.03879229865003894,0.04412238880005,1.8483835005574136,
size27_c07_v0_D00,6,2.016991504247876,3.8575712143928036,12.98,0.03833349713938381,0.05473099142514436,1.8501902894706492,
size27_c07_v0_D00,7,1.8565717141429285,3.5392303848075963,12.09,0.03560852657706767,0.035125943521745646,1.862530273324876,
size27_c07_v0_D00,8,1.7691154422788606,3.327336331834083,12.14,0.033624009172306804,0.020657961062758672,1.8692576788528812,
size27_c07_v0_D00,9,1.8835582208895552,3.544727636181909,12.83,0.03642686555514598,0.024430863711223542,1.8604543881905202,
size27_c07_v0_D00,10,1.8480759620189906,3.6201899050474764,12.77,0.03540155571234486,0.03057731457281685,1.8631837927190251,
size27_c07_v0_D00,11,1.9295352323838082,3.705647176411794,12.74,0.03722841969668583,0.0378560899925218,1.8569176949986546,
size27_c07_v0_D00,12,2.0154922538730635,4.012993503248376,12.71,0.03904222703523732,0.0408831229295997,1.850305616422558,
size27_c07_v0_D00,13,1.871064467766117,3.468765617191404,12.52,0.03656507099257148,0.026221797248783763,1.8614154461230923,
size27_c07_v0_D00,14,1.8735632183908046,3.4842578710644676,12.55,0.03571783826803438,0.027061853411178758,1.8612232345365778,
size27_c07_v0_D00,15,2.08295852073963,4.070464767616192,13.27,0.03951897899474435,0.049538746277876716,1.8451159035866682,
size27_c07_v0_D00,16,1.9135432283858071,3.866566716641679,12.46,0.03633522585403524,0.03183049389945947,1.8581478491523469,
size27_c07_v0_D00,17,1.9215392303848076,3.7351324337831087,12.68,0.03646491997068513,0.03324980034125462,1.8575327720755006,
size27_c07_v0_D00,18,1.9030484757621189,3.6911544227886055,12.45,0.03634240885065302,0.038935485637134865,1.8589551378157074,
size27_c07_v0_D00,19,1.9400299850074962,3.659670164917541,12.28,0.03683727977830215,0.03648646317311985,1.8561104063352938,
size27_c07_v0_D00,20,1.8875562218890554,3.651174412793603,12.38,0.036440062938961085,0.039095674440502035,1.860146849652097,
size27_c07_v0_D00,21,1.9495252373813095,3.7361319340329837,12.23,0.03736423430772509,0.03843496583376648,1.855380002306539,
size27_c07_v0_D00,22,1.8630684657671164,3.586206896551724,12.15,0.03544194385640688,0.03299683685740659,1.8620305231999386,
size27_c07_v0_D00,23,2.086456771614193,4.069465267366317,13.53,0.039984790668535164,0.05113101818499121,1.844846807365548,
size27_c07_v0_D00,24,1.934032983508246,3.67816091954023,13.03,0.03786166188796435,0.03226046816751468,1.8565717141429285,
size27_c07_v0_D00,25,1.8425787106446776,3.497751124437781,12.39,0.0354837499363956,0.031652222506795266,1.863606658209357,
size27_c07_v0_D00,26,1.8140929535232384,3.3738130934532733,12.47,0.03510203931280911,0.023013925937464187,1.8657978702956215,
size27_c07_v0_D26,0,1.9110444777611195,3.6116941529235382,12.33,0.035001794215258904,0.027486076586526388,1.9242686349133127,
size27_c07_v0_D26,1,2.303848075962019,4.440279860069965,14.01,0.04247280828243257,0.06839484298254907,1.8940529735132434,
size27_c07_v0_D26,2,2.003498250874563,3.655672163918041,13.03,0.0373366259386805,0.03119911905519106,1.9171568062122786,
size27_c07_v0_D26,3,2.0089955022488755,3.712143928035982,12.75,0.03730005026573518,0.040860431977373546,1.9167339407219468,
size27_c07_v0_D26,4,1.8895552223888057,3.542728635682159,12.24,0.03503276504517559,0.023239029835731496,1.9259216545573368,
size27_c07_v0_D26,5,1.9770114942528736,3.714142928535732,12.66,0.03695686606114632,0.03788151018285954,1.9191942490293314,
size27_c07_v0_D26,6,2.1794102948525738,3.8745627186406795,13.65,0.04029560721129848,0.05323736039628095,1.9036251105216622,
size27_c07_v0_D26,7,1.9785107446276862,3.6441779110444776,12.96,0.036455442335528825,0.034771737507869466,1.919078922077423,
size27_c07_v0_D26,8,2.07896051974013,3.9430284857571216,12.77,0.038723510112125555,0.051855078954029486,1.9113520162995425,
size27_c07_v0_D26,9,1.8085957021489256,3.365817091454273,12.01,0.03436278668048908,0.020021554879126095,1.9321493099604043,
size27_c07_v0_D26,10,2.0954522738630685,3.8960519740129933,13.2,0.03878724494594002,0.04521536129482156,1.9100834198285472,
size27_c07_v0_D26,11,2.1474262868565717,3.8835582208895554,13.19,0.039649884619785775,0.059194843415233206,1.906085418829047,
size27_c07_v0_D26,12,1.9540229885057472,3.831584207896052,12.68,0.036115098081231846,0.03352214585348022,1.9209625956252643,
size27_c07_v0_D26,13,1.9330334832583709,3.8055972013993005,12.31,0.03613411008792619,0.026797784368998788,1.9225771729519856,
size27_c07_v0_D26,14,2.029985007496252,4.046976511744128,12.71,0.03770573491132683,0.03881199732024324,1.9151193633952255,
size27_c07_v0_D26,15,2.031984007996002,3.9335332333833084,12.57,0.03792040123108638,0.03854407572548504,1.914965594126014,
size27_c07_v0_D26,16,1.8920539730134933,3.5177411294352825,12.27,0.03548053321209389,0.025982084715218182,1.9257294429708223,
size27_c07_v0_D26,17,1.9380309845077461,3.7861069465267367,12.8,0.036283780036882804,0.03603697790354465,1.9221927497789566,
size27_c07_v0_D26,18,2.051974012993503,3.9080459770114944,12.55,0.038438453578502306,0.04958397424664293,1.9134279014338984,
size27_c07_v0_D26,19,1.8010994502748625,3.2748625687156423,12.04,0.03314232148643272,0.012990564602258751,1.9327259447199476,
size27_c07_v0_D26,20,2.054472763618191,3.8010994502748625,13.58,0.037726319328665645,0.03493909610851141,1.913235689847384,
size27_c07_v0_D26,21,2.0419790104947526,3.84007996001999,13.02,0.03810824355303719,0.04617853410956859,1.9141967477799562,
size27_c07_v0_D26,22,1.946526736631684,3.542728635682159,12.59,0.036105522173523995,0.031848595904068216,1.9215392303848076,
size27_c07_v0_D26,23,1.895552223888056,3.4897551224387806,12.79,0.035506689631963254,0.030593848097596254,1.925460346749702,
size27_c07_v0_D26,24,1.894552723638181,3.4567716141929035,12.55,0.03503708114688851,0.03262261365709644,1.9255372313843078,
size27_c07_v0_D26,25,1.9920039980009996,3.7671164417791103,12.48,0.03695800181072995,0.03320248245285731,1.9180409795102449,
size27_c07_v0_D26,26,2.0134932533733134,3.7016491754122938,12.5,0.036962324016111665,0.034988277866838634,1.9163879598662208,
size27_c07_v1_A,0,1.9400299850074962,3.6706646676661667,12.72,0.03696311305211038,0.03736249313460709,1.8664513896897705,
size27_c07_v1_A,1,1.9000499750124937,3.5952023988005997,12.36,0.03653612389139064,0.03515063563789203,1.8695267750740014,
size27_c07_v1_A,2,1.9385307346326837,3.6616691654172913,13.13,0.03654866455070366,0.03505258553984195,1.866566716641679,
size27_c07_v1_A,3,1.8485757121439281,3.5162418790604697,12.33,0.035435429630119676,0.035521211533205574,1.8734863337561989,
size27_c07_v1_A,4,2.0114942528735633,3.7796101949025487,13.2,0.038245399905910096,0.04832886587009528,1.8609541383154578,
size27_c07_v1_A,5,1.9730134932533734,3.6191904047976013,13.11,0.03780914518345584,0.03208892695399445,1.86391419674778,
size27_c07_v1_A,6,1.934032983508246,3.658670664667666,13.06,0.03696650141279444,0.029033210667393623,1.866912697497405,
size27_c07_v1_A,7,1.88255872063968,3.5157421289355324,12.56,0.03609622334677723,0.027547030957825576,1.8708722561796025,
size27_c07_v1_A,8,2.1529235382308847,4.05047476261869,13.78,0.04124965083367959,0.06453692345746316,1.8500749625187407,
size27_c07_v1_A,9,1.9180409795102449,3.607696151924038,12.39,0.036553350659470525,0.028602803715247527,1.8681428516510976,
size27_c07_v1_A,10,1.8490754622688657,3.3458270864567714,12.48,0.03581501543664067,0.025713555698563203,1.873447891438896,
size27_c07_v1_A,11,2.051974012993503,3.658670664667666,13.09,0.039566779638884136,0.05022380584599478,1.8578403106139239,
size27_c07_v1_A,12,1.9245377311344327,3.819590204897551,12.87,0.03634116102987591,0.035607189467759204,1.86764310152616,
size27_c07_v1_A,13,1.9950024987506247,3.683658170914543,12.67,0.038127873260032,0.04698686565253283,1.8622227347864528,
size27_c07_v1_A,14,1.8450774612693652,3.5217391304347827,12.27,0.0349286969645188,0.019907566196921526,1.8737554299773191,
size27_c07_v1_A,15,1.7906046976511745,3.3758120939530234,12.22,0.03385617747159744,0.015830852749893216,1.8779456425633336,
size27_c07_v1_A,16,1.991504247876062,4.115942028985507,13.23,0.03806383394278668,0.047883428693023915,1.862491831007573,
size27_c07_v1_A,17,1.8380809595202399,3.5357321339330334,12.23,0.03504446954203826,0.02909143025334932,1.8742936224195594,
size27_c07_v1_A,18,1.935032483758121,3.6361819090454772,13.02,0.03669925569441698,0.037837315386041064,1.8668358128627993,
size27_c07_v1_A,19,2.007496251874063,3.7916041979010493,12.86,0.038454492969055426,0.04306466896421922,1.8612616768538808,
size27_c07_v1_A,20,1.8855572213893053,3.709145427286357,12.39,0.03612390898269054,0.038623617484187245,1.8706416022757852,
size27_c07_v1_A,21,1.9365317341329336,3.8065967016491755,12.69,0.037095657832064206,0.03623273694488092,1.8667204859108908,
size27_c07_v1_A,22,1.9485257371314342,3.4927536231884058,12.55,0.037233947052223854,0.03157774121042492,1.8657978702956215,
size27_c07_v1_A,23,1.9655172413793103,4.213393303348326,12.42,0.03749933989662578,0.03807669231207465,1.8644908315073232,
size27_c07_v1_A,24,1.9720139930034983,3.8535732133933034,13.2,0.03763832570628989,0.04494484914275021,1.8639910813823857,
size27_c07_v1_A,25,2.0729635182408797,3.977511244377811,13.08,0.039275359534694916,0.05379501114133797,1.8562257332872025,
size27_c07_v1_A,26,1.8990504747626187,3.5282358820589703,12.59,0.03583210257915233,0.031377985388480197,1.8696036597086072,
size27_c07_v1_D00,0,1.8915542228885558,3.4162918540729637,11.92,0.035016504454861104,0.0313565980357585,1.9269595971245146,
size27_c07_v1_D00,1,1.9320339830084958,3.6156921539230384,12.71,0.03577189918868895,0.02825709259367433,1.923845769422981,
size27_c07_v1_D00,2,2.0749625187406298,3.913543228385807,13.01,0.03880821335935248,0.04266952923249776,1.9128512666743551,
size27_c07_v1_D00,3,1.968015992003998,3.789105447276362,12.98,0.036831980667200837,0.04152882974097366,1.921077922577173,
size27_c07_v1_D00,4,1.928535732133933,3.578710644677661,12.65,0.03595110395218982,0.025490204032183064,1.924114865644101,
size27_c07_v1_D00,5,2.1164417791104446,3.7006496751624187,13.41,0.03962117319131437,0.04209438945196068,1.9096605543382155,
size27_c07_v1_D00,6,1.9290354822588707,3.3728135932033982,12.46,0.03562203539522678,0.027754517540874386,1.9240764233267982,
size27_c07_v1_D00,7,2.1339330334832582,3.924037981009495,13.08,0.03950887749393479,0.06680239079039671,1.9083150732326144,
size27_c07_v1_D00,8,2.0369815092453774,3.8050974512743627,12.99,0.037649857933480524,0.03995167473428345,1.9157728827893745,
size27_c07_v1_D00,9,1.8990504747626187,3.703648175912044,12.33,0.03553767973513614,0.026300482653556154,1.9263829623649713,
size27_c07_v1_D00,10,2.0419790104947526,3.6681659170414793,13.13,0.03763904009258276,0.030902532139413737,1.9153884596163457,
size27_c07_v1_D00,11,1.958520739630185,3.6996501749125437,12.49,0.03649288384419132,0.03531085841805485,1.9218083266059278,
size27_c07_v1_D00,12,2.055472263868066,3.9330334832583707,13.21,0.03814191436665826,0.046699464259434297,1.9143505170491677,
size27_c07_v1_D00,13,2.120439780109945,4.048975512243878,13.3,0.03965701790371399,0.042593030823915405,1.9093530157997924,
size27_c07_v1_D00,14,1.9205397301349325,3.5997001499250376,12.53,0.03570666053250345,0.029721917540508264,1.9247299427209472,
size27_c07_v1_D00,15,1.9965017491254373,4.0099950024987505,12.46,0.03683212755818031,0.0398938032371316,1.9188867104909084,
size27_c07_v1_D00,16,2.054472763618191,4.091454272863568,12.57,0.037687767680544375,0.04824418598781419,1.9144274016837735,
size27_c07_v1_D00,17,1.936031984007996,3.5937031484257873,13.09,0.03597636645496828,0.02984935201951696,1.9235382308845577,
size27_c07_v1_D00,18,2.004497751124438,3.688655672163918,12.45,0.03742921011134985,0.04517954767205142,1.9182716334140621,
size27_c07_v1_D00,19,1.9570214892553723,3.586206896551724,12.46,0.03608306755268411,0.03794390336744162,1.9219236535578366,
size27_c07_v1_D00,20,2.001499250374813,3.6561719140429787,12.63,0.03695306006464599,0.038437271402039036,1.9185022873178794,
size27_c07_v1_D00,21,1.9110444777611195,3.6316841579210393,12.7,0.03543785342933069,0.029073419778067468,1.925460346749702,
size27_c07_v1_D00,22,1.9650174912543728,3.542728635682159,12.72,0.03654469394790373,0.03302768709440378,1.9213085764809903,
size27_c07_v1_D00,23,1.8985507246376812,3.7811094452773615,12.88,0.035299741221618566,0.021918559118709057,1.9264214046822743,
size27_c07_v1_D00,24,2.1254372813593205,3.996501749125437,13.36,0.03915529516729101,0.04994449925109593,1.9089685926267634,
size27_c07_v1_D00,25,2.0414792603698153,3.867566216891554,12.95,0.037615421146505526,0.03940613220973044,1.9154269019336485,
size27_c07_v1_D00,26,1.985007496251874,3.5817091454272862,12.74,0.03702855355394179,0.029648126874513726,1.9197708837888747,
size27_c07_v1_D26,0,1.8470764617691156,3.6506746626686657,12.3,0.03470541618925595,0.031567969761373105,1.8967054934071426,
size27_c07_v1_D26,1,2.051474262868566,3.7821089455272365,13.14,0.038876738412690626,0.04585508333634272,1.8809825856302618,
size27_c07_v1_D26,2,2.100949525237381,3.894052973513243,13.48,0.039351563814906995,0.055995666003162275,1.877176796217276,
size27_c07_v1_D26,3,1.84207896051974,3.499750124937531,12.35,0.034646516452473186,0.029302706289213085,1.8970899165801713,
size27_c07_v1_D26,4,1.871064467766117,3.369815092453773,12.57,0.03463595198202551,0.02176791502128835,1.894860262176604,
size27_c07_v1_D26,5,1.8600699650174912,3.547726136931534,12.61,0.03515826126261399,0.02425016401778022,1.8957059931572675,
size27_c07_v1_D26,6,1.9245377311344327,3.444777611194403,12.85,0.03603266712967266,0.026873707945672,1.890746934225195,
size27_c07_v1_D26,7,1.908545727136432,3.498750624687656,12.69,0.03578793623067484,0.02655481422347991,1.8919770883788876,
size27_c07_v1_D26,8,2.0399800099950025,3.928535732133933,12.99,0.03872177730470052,0.04709381073698918,1.8818667589282283,
size27_c07_v1_D26,9,1.907046476761619,3.7021489255372315,12.34,0.0362852119564771,0.03129057072085562,1.892092415330796,
size27_c07_v1_D26,10,2.131934032983508,4.190404797601199,13.41,0.03975784269289615,0.05045439595664486,1.874793372544497,
size27_c07_v1_D26,11,1.8800599700149925,3.6676661669165416,12.19,0.03526714356112103,0.0403120464964543,1.894168300465152,
size27_c07_v1_D26,12,2.0954522738630685,3.8590704647676164,13.39,0.03943963764016058,0.05556986325352144,1.8775996617076078,
size27_c07_v1_D26,13,1.9250374812593702,3.8310844577711145,12.72,0.036365722975118635,0.03529346299211371,1.8907084919078923,
size27_c07_v1_D26,14,1.9485257371314342,3.6746626686656674,12.44,0.0368730523437347,0.03526836870165207,1.8889017029946564,
size27_c07_v1_D26,15,2.0699650174912545,3.837081459270365,13.08,0.03933996472419673,0.0512248135561479,1.879560219890055,
size27_c07_v1_D26,16,2.0104947526236883,3.690654672663668,12.91,0.03808234924841352,0.04014960967734585,1.8841348556490984,
size27_c07_v1_D26,17,1.8455772113943028,3.5907046476761617,12.37,0.034952824673815525,0.03319057115908693,1.8968208203590513,
size27_c07_v1_D26,18,1.9140429785107447,3.5432283858070965,12.8,0.03661042470898124,0.02739327694350186,1.8915542228885558,
size27_c07_v1_D26,19,1.905047476261869,3.463768115942029,12.65,0.03566322072989841,0.02724444055028766,1.8922461846000076,
size27_c07_v1_D26,20,2.00199900049975,3.71664167916042,12.9,0.03787025781031468,0.041972970945984484,1.8847883750432477,
size27_c07_v1_D26,21,1.9405297351324338,3.7256371814092955,12.54,0.036498526888069406,0.03101842490897967,1.8895167800715027,
size27_c07_v1_D26,22,1.944527736131934,3.630184907546227,12.81,0.03674964001063595,0.03163558219780114,1.8892092415330797,
size27_c07_v1_D26,23,2.0354822588705646,3.7841079460269866,13.41,0.03873978304402999,0.03976207450720196,1.882212739783954,
size27_c07_v1_D26,24,1.893553223388306,3.664167916041979,12.4,0.03554928616266743,0.02708553038388123,1.8931303578979741,
size27_c07_v1_D26,25,2.0879560219890054,4.076461769115443,13.1,0.03967736260180008,0.050580276517308016,1.8781762964671511,
size27_c07_v1_D26,26,2.025487256371814,3.809095452273863,12.59,0.038360919448654565,0.041291883195931176,1.8829815861300119,
wall_c00_v0_A,0,1.4907546226886557,2.533233383308346,10.45,0.107750386748525,0.08652935437043371,1.36944027986007,
wall_c00_v0_A,1,1.4507746126936532,2.525737131434283,10.5,0.10509065661252015,0.09739772970657522,1.3794352823588205,
wall_c00_v0_A,2,1.688655672163918,2.84007996001999,12.12,0.12000015203545619,0.15749387211156293,1.3199650174912543,
wall_c00_v0_A,3,1.5547226386806596,2.630184907546227,10.79,0.11077661646311963,0.10886164060826718,1.353448275862069,
wall_c00_v0_A,4,1.5837081459270366,2.658670664667666,10.85,0.11365685199173797,0.1147253754075342,1.3462018990504747,
wall_c00_v0_A,5,1.584207896051974,2.846576711644178,10.99,0.11179384791863685,0.12735180029033077,1.3460769615192403,
wall_c00_v0_A,6,1.6251874062968517,2.760119940029985,11.37,0.11705774745731233,0.13602781942362138,1.3358320839580209,
wall_c00_v0_A,7,1.4042978510744628,2.499750124937531,10.07,0.10266078117831474,0.07044870421931897,1.3910544727636183,
wall_c00_v0_A,8,1.5547226386806596,2.5967016491754125,11.26,0.1112129595943771,0.10116370386235438,1.353448275862069,
wall_c00_v0_D00,0,1.5727136431784108,2.7136431784107944,10.43,0.11219785882077642,0.12442905531361291,1.365192403798101,
wall_c00_v0_D00,1,1.4682658670664668,2.60519740129935,10.5,0.10524852018026166,0.0867068449902032,1.391304347826087,
wall_c00_v0_D00,2,1.5772113943028485,2.732133933033483,11.59,0.11183774249634713,0.11345537548685958,1.3640679660169914,
wall_c00_v0_D00,3,1.5317341329335332,2.68215892053973,10.65,0.10834370849046694,0.10880472462181578,1.3754372813593203,
wall_c00_v0_D00,4,1.6116941529235382,2.7551224387806097,11.13,0.11413410899095906,0.13195624410017182,1.355447276361819,
wall_c00_v0_D00,5,1.5152423788105946,2.4982508745627188,10.33,0.10825969595278363,0.08950425580860354,1.379560219890055,
wall_c00_v0_D00,6,1.6031984007996003,2.7016491754122938,11.17,0.11357781727791927,0.11598030349904385,1.3575712143928036,
wall_c00_v0_D00,7,1.5327336331834083,2.629685157421289,10.62,0.10954406854220558,0.10020842753226543,1.3751874062968517,
wall_c00_v0_D00,8,1.6541729135432284,2.822088955522239,11.54,0.11685647924828034,0.12895476864742217,1.3448275862068966,
wall_c00_v0_D08,0,1.5272363818090955,2.7161419290354822,10.75,0.1101049425665785,0.11820617469043217,1.3639430284857572,
wall_c00_v0_D08,1,1.5977011494252873,2.719640179910045,10.96,0.11344183985582593,0.13808135614732295,1.3463268365817092,
wall_c00_v0_D08,2,1.5367316341829085,2.764617691154423,10.72,0.1102515884393318,0.11494233042209037,1.3615692153923038,
wall_c00_v0_D08,3,1.5092453773113443,2.527736131934033,10.29,0.10869810316805659,0.0994209244584056,1.368440779610195,
wall_c00_v0_D08,4,1.6561719140429785,2.7821089455272365,11.7,0.11736972038430735,0.13630962296629437,1.3317091454272865,
wall_c00_v0_D08,5,1.5157421289355322,2.60519740129935,10.76,0.10911573752791234,0.09648310765252278,1.366816591704148,
wall_c00_v0_D08,6,1.537231384307846,2.547726136931534,10.7,0.1098520779591882,0.08673619539436617,1.3614442778610694,
wall_c00_v0_D08,7,1.5182408795602198,2.5722138930534735,10.92,0.10947072060718042,0.08446947161339952,1.366191904047976,
wall_c00_v0_D08,8,1.5677161419290355,2.6976511744127936,10.34,0.11169526949161893,0.12535081665516418,1.353823088455772,
wall_c00_v1_A,0,1.5467266366816592,2.6736631684157923,10.91,0.10834857900219005,0.1075718093334283,1.381184407796102,
wall_c00_v1_A,1,1.615192403798101,2.660169915042479,11.18,0.1144933381171471,0.12104959425049351,1.3640679660169914,
wall_c00_v1_A,2,1.583208395802099,2.6531734132933535,11.01,0.1122310004012944,0.11196009138287967,1.372063968015992,
wall_c00_v1_A,3,1.5602198900549724,2.6786606696651676,10.8,0.11170421557055975,0.0990826015563645,1.3778110944527737,
wall_c00_v1_A,4,1.4902548725637181,2.580209895052474,10.69,0.10618775734085098,0.0868678755860163,1.3953023488255871,
wall_c00_v1_A,5,1.7571214392803598,2.8850574712643677,11.99,0.12320202498112721,0.18095238095238086,1.3285857071464269,
wall_c00_v1_A,6,1.5377311344327835,2.7416291854072963,11.15,0.10851176424633695,0.09520180385997454,1.383433283358321,
wall_c00_v1_A,7,1.4847576211894054,2.4962518740629687,10.33,0.10525275072622003,0.08646450584231676,1.3966766616691655,
wall_c00_v1_A,8,1.5677161419290355,2.6861569215392302,10.98,0.1100685696142735,0.11084933723614354,1.3759370314842578,
wall_c00_v1_D00,0,1.6266866566716642,2.656671664167916,11.16,0.11270477040439143,0.10082260457073015,1.3879310344827587,
wall_c00_v1_D00,1,1.5852073963018491,2.8235882058970514,10.1,0.11006098165384397,0.11665575942187609,1.3983008495752125,
wall_c00_v1_D00,2,1.6496751624187906,2.736631684157921,11.59,0.11390006319184388,0.12213040305244163,1.382183908045977,
wall_c00_v1_D00,3,1.4942528735632183,2.469265367316342,10.13,0.1052365137431042,0.07761992019863083,1.42103948025987,
wall_c00_v1_D00,4,1.6051974012993504,2.6531734132933535,11.09,0.11184572001375157,0.11393628582534115,1.393303348325837,
wall_c00_v1_D00,5,1.5722138930534733,2.7416291854072963,11.27,0.11008420690491438,0.10551014175451928,1.4015492253873063,
wall_c00_v1_D00,6,1.52023988005997,2.574712643678161,10.63,0.10670037793429961,0.10015270142706399,1.4145427286356822,
wall_c00_v1_D00,7,1.616191904047976,2.6991504247876064,11.14,0.11299629712845947,0.11730245988117018,1.3905547226386807,
wall_c00_v1_D00,8,1.6871564217891055,2.7791104447776114,11.44,0.11647106902539149,0.1458697238682244,1.3728135932033982,
wall_c00_v1_D08,0,1.47976011994003,2.52423788105947,10.42,0.10680056034515172,0.09073637784282447,1.3980509745127436,
wall_c00_v1_D08,1,1.5862068965517242,2.8255872063968015,10.9,0.11109697075593997,0.12551660677597679,1.37143928035982,
wall_c00_v1_D08,2,1.4527736131934033,2.500249875062469,10.42,0.1039780669351817,0.07892978114117541,1.4047976011994003,
wall_c00_v1_D08,3,1.553223388305847,2.553723138430785,10.72,0.11065955883256738,0.10988156715293117,1.3796851574212894,
wall_c00_v1_D08,4,1.6131934032983508,2.545727136431784,11.5,0.11365524868068883,0.09753535930447454,1.3646926536731634,
wall_c00_v1_D08,5,1.6091954022988506,2.6731634182908546,10.78,0.11410673654377607,0.11790791112380299,1.3656921539230384,
wall_c00_v1_D08,6,1.7056471764117942,2.861569215392304,12.02,0.11865568946635853,0.15162855080396284,1.3415792103948025,
wall_c00_v1_D08,7,1.6341829085457271,2.708145927036482,11.41,0.11441626659883758,0.13104063047841144,1.3594452773613193,
wall_c00_v1_D08,8,1.5097451274362819,2.5927036481759123,10.59,0.10663090184149823,0.0968232153764386,1.3905547226386807,
wall_c01_v0_A,0,1.5192403798100949,2.4007996001999,10.81,0.10907776016611465,0.08614244465069025,1.385432283858071,
wall_c01_v0_A,1,1.6601699150424787,2.6756621689155424,11.34,0.11616180114573563,0.13790465878171987,1.350199900049975,
wall_c01_v0_A,2,1.6196901549225386,2.717641179410295,10.7,0.11388800625920242,0.13269297890737147,1.36031984007996,
wall_c01_v0_A,3,1.3908045977011494,2.427286356821589,9.72,0.10042962872599874,0.06828649167479758,1.4175412293853074,
wall_c01_v0_A,4,1.6356821589205397,2.6686656671664166,11.66,0.11502642468762621,0.12214527656806463,1.3563218390804597,
wall_c01_v0_A,5,1.52023988005997,2.4612693653173414,10.18,0.10819730349651463,0.09441925862465571,1.3851824087956022,
wall_c01_v0_A,6,1.6681659170414793,2.76311844077961,11.22,0.11668654804201453,0.1509517066863392,1.3482008995502248,
wall_c01_v0_A,7,1.5702148925537232,2.652673663168416,10.81,0.11082694398311918,0.11325091422542664,1.372688655672164,
wall_c01_v0_A,8,1.5377311344327835,2.5162418790604697,11.11,0.10970558349367399,0.09420626988093227,1.3808095952023989,
wall_c01_v0_D00,0,1.415792103948026,2.4577711144427785,9.76,0.1036420713096872,0.0843443357686235,1.3618190904547727,
wall_c01_v0_D00,1,1.5112443778110944,2.5677161419290355,10.75,0.11013324419576935,0.1080818717625312,1.3379560219890054,
wall_c01_v0_D00,2,1.5337331334332833,2.710144927536232,11.31,0.11154328126605348,0.12153228941084979,1.3323338330834582,
wall_c01_v0_D00,3,1.552223888055972,2.760119940029985,10.62,0.11344141279952764,0.13519450592164214,1.327711144427786,
wall_c01_v0_D00,4,1.6176911544227885,2.737631184407796,11.67,0.11769473409072974,0.13019343502851694,1.311344327836082,
wall_c01_v0_D00,5,1.5457271364317842,2.63368315842079,11.04,0.11134591661269291,0.11082335816218837,1.329335332333833,
wall_c01_v0_D00,6,1.5292353823088456,2.7221389305347325,10.67,0.1125644475780319,0.11122256332151352,1.3334582708645677,
wall_c01_v0_D00,7,1.5212393803098452,2.577711144427786,11.33,0.11081746757435428,0.0992767505136318,1.3354572713643178,
wall_c01_v0_D00,8,1.4992503748125936,2.581209395302349,10.67,0.10881742457315348,0.09933089011050013,1.3409545227386306,
wall_c01_v0_D08,0,1.5622188905547227,2.6616691654172913,10.9,0.11291117247987816,0.1255955355655504,1.329335332333833,
wall_c01_v0_D08,1,1.486256871564218,2.6371814092953523,10.38,0.10866959151171601,0.10880512124889904,1.3483258370814593,
wall_c01_v0_D08,2,1.5817091454272865,2.7691154422788604,10.9,0.11512364312984938,0.12046119797244208,1.3244627686156922,
wall_c01_v0_D08,3,1.5567216391804097,2.6261869065467267,10.95,0.11144385294923827,0.10050569953118646,1.3307096451774112,
wall_c01_v0_D08,4,1.5337331334332833,2.5977011494252875,10.44,0.1126830767667737,0.09746674281906648,1.3364567716141929,
wall_c01_v0_D08,5,1.550224887556222,2.7841079460269866,10.46,0.11280980352796097,0.12623807144047008,1.3323338330834582,
wall_c01_v0_D08,6,1.5402298850574712,2.7861069465267367,10.34,0.11125514136562845,0.1378340591608953,1.3348325837081458,
wall_c01_v0_D08,7,1.3803098450774614,2.5172413793103448,9.58,0.10121388681938233,0.07476797315627902,1.3748125937031483,
wall_c01_v0_D08,8,1.5677161419290355,2.690654672663668,10.82,0.1138898314495728,0.10832559910520911,1.327961019490255,
wall_c01_v1_A,0,1.4737631184407796,2.4602698650674664,10.54,0.10407445372439815,0.07947038385569105,1.408670664667666,
wall_c01_v1_A,1,1.5897051474262869,2.7016491754122938,11.02,0.11155951716535402,0.11616691654172889,1.3796851574212894,
wall_c01_v1_A,2,1.591704147926037,2.579710144927536,10.92,0.11104691116322969,0.11200828157349882,1.3791854072963519,
wall_c01_v1_A,3,1.5932033983008496,2.7801099450274864,11.33,0.11184429754830798,0.104710144927536,1.3788105947026488,
wall_c01_v1_A,4,1.5782108945527236,2.8265867066466766,10.88,0.11161366198402656,0.110598272292425,1.38255872063968,
wall_c01_v1_A,5,1.5342328835582209,2.4872563718140928,10.58,0.10872615121381157,0.09262511601342174,1.393553223388306,
wall_c01_v1_A,6,1.5972013993003498,2.796601699150425,11.02,0.11230223817366752,0.12067061707241597,1.3778110944527737,
wall_c01_v1_A,7,1.7136431784107946,2.9640179910044977,11.82,0.1195111576632972,0.16465695723566784,1.3487006496751623,
wall_c01_v1_A,8,1.5452273863068466,2.555722138930535,10.83,0.10932161136390738,0.09909331048761312,1.3908045977011494,
wall_c01_v1_D00,0,1.5597201399300349,2.630684657671164,10.64,0.11037435188341532,0.1001824484583103,1.383433283358321,
wall_c01_v1_D00,1,1.4982508745627185,2.494752623688156,10.77,0.10609031756111682,0.09040578916890736,1.39880059970015,
wall_c01_v1_D00,2,1.6926536731634183,2.914542728635682,11.25,0.1181622668012365,0.18076418140136252,1.350199900049975,
wall_c01_v1_D00,3,1.6636681659170416,2.7851074462768617,11.22,0.11699566651619904,0.1304060271451571,1.3574462768615692,
wall_c01_v1_D00,4,1.456271864067966,2.4312843578210894,10.69,0.10366257029767938,0.07642468448315518,1.409295352323838,
wall_c01_v1_D00,5,1.5987006496751623,2.67816091954023,10.95,0.11268056141046524,0.10693502455121623,1.373688155922039,
wall_c01_v1_D00,6,1.5797101449275361,2.6071964017991003,11.18,0.11124410101358023,0.10046088067077551,1.3784357821089455,
wall_c01_v1_D00,7,1.5332333833083458,2.4427786106946527,10.33,0.10750110934134137,0.09622847306505458,1.3900549725137432,
wall_c01_v1_D00,8,1.6046976511744129,2.5707146426786607,11.06,0.11328905517496611,0.11819249105605917,1.3721889055472263,
wall_c01_v1_D08,0,1.640679660169915,2.810094952523738,11.12,0.11631917432659089,0.13739558792032544,1.3284607696151924,
wall_c01_v1_D08,1,1.4262868565717142,2.444277861069465,10.09,0.1034543320646446,0.09030663239808644,1.3820589705147426,
wall_c01_v1_D08,2,1.6266866566716642,2.7796101949025487,11.57,0.11494334213155541,0.13200602079912405,1.3319590204897551,
wall_c01_v1_D08,3,1.5847076461769116,2.6711644177911045,10.94,0.11375005723195364,0.12122153209109708,1.3424537731134434,
wall_c01_v1_D08,4,1.488255872063968,2.5227386306846578,10.75,0.10737609063895232,0.10102032317174725,1.366566716641679,
wall_c01_v1_D08,5,1.471264367816092,2.6191904047976013,10.26,0.10640237026857553,0.08764724780466902,1.3708145927036481,
wall_c01_v1_D08,6,1.6571714142928535,2.834582708645677,11.0,0.11866506450905893,0.1292246733775968,1.3243378310844578,
wall_c01_v1_D08,7,1.5582208895552223,2.7161419290354822,10.74,0.1125651654548877,0.12047071702244108,1.3490754622688657,
wall_c01_v1_D08,8,1.4557721139430284,2.4472763618190903,10.04,0.1065244033737811,0.08070726541491152,1.3746876561719141,
wall_c02_v0_A,0,1.5442278860569716,2.5627186406796603,10.11,0.11152436040166687,0.10931042415300264,1.3503248375812094,
wall_c02_v0_A,1,1.5477261369315343,2.763618190904548,10.59,0.11068133309092056,0.11301154978066504,1.3494502748625687,
wall_c02_v0_A,2,1.4887556221889056,2.6261869065467267,10.14,0.1073766383998777,0.11375463062119712,1.3641929035482259,
wall_c02_v0_A,3,1.4867566216891555,2.5582208895552223,10.42,0.10830052543853631,0.08316813815314554,1.3646926536731634,
wall_c02_v0_A,4,1.5217391304347827,2.5867066466766615,10.42,0.1090925570175993,0.11239757105574155,1.3559470264867566,
wall_c02_v0_A,5,1.6021989005497252,2.6796601699150426,11.59,0.1144412516649703,0.1322275370251379,1.3358320839580209,
wall_c02_v0_A,6,1.5862068965517242,2.822088955522239,10.95,0.11431819072767839,0.1130133346025399,1.3398300849575213,
wall_c02_v0_A,7,1.4942528735632183,2.5472263868065967,10.36,0.10846434304905149,0.10054159428222388,1.3628185907046477,
wall_c02_v0_A,8,1.6191904047976011,2.6816591704147927,11.37,0.11580080020969899,0.12257522032634462,1.331584207896052,
wall_c02_v0_D00,0,1.445777111444278,2.5657171414292854,10.44,0.10293087525562808,0.07169649302332956,1.3920539730134933,
wall_c02_v0_D00,1,1.5517241379310345,2.6616691654172913,10.35,0.11142499164596686,0.11572209926782638,1.365567216391804,
wall_c02_v0_D00,2,1.5992003998000999,2.6626686656671663,11.19,0.1134800685851133,0.11915966619864635,1.3536981509245378,
wall_c02_v0_D00,3,1.5222388805597202,2.6251874062968517,10.38,0.10997772890725684,0.10325392859125988,1.3729385307346327,
wall_c02_v0_D00,4,1.6606696651674162,2.7906046976511742,11.18,0.11894972333806716,0.12698313541641856,1.3383308345827087,
wall_c02_v0_D00,5,1.4952523738130934,2.5917041479260368,10.06,0.10552100640074484,0.09026042534288405,1.3796851574212894,
wall_c02_v0_D00,6,1.5637181409295353,2.710144927536232,11.19,0.11100853568463344,0.11261174968071493,1.3625687156421789,
wall_c02_v0_D00,7,1.5697151424287856,2.861569215392304,10.88,0.11096758752729372,0.12304819812316055,1.3610694652673663,
wall_c02_v0_D00,8,1.6196901549225386,2.8575712143928036,10.9,0.1157394826552958,0.13726430435575848,1.3485757121439281,
wall_c02_v0_D08,0,1.5357321339330334,2.574712643678161,10.89,0.1087145055614484,0.10668514948874736,1.3691904047976011,
wall_c02_v0_D08,1,1.4887556221889056,2.56071964017991,10.63,0.10677853728311795,0.094073003180949,1.380934532733633,
wall_c02_v0_D08,2,1.5157421289355322,2.4327836081959022,10.64,0.10886873332101257,0.09657175380563666,1.3741879060469766,
wall_c02_v0_D08,3,1.6106946526736632,2.734632683658171,12.01,0.11488228600597726,0.1437642289966128,1.3504497751124438,
wall_c02_v0_D08,4,1.511744127936032,2.4622688655672165,10.67,0.10816027208924636,0.0914778721750234,1.3751874062968517,
wall_c02_v0_D08,5,1.5897051474262869,2.5592203898050974,10.86,0.11321560471346788,0.11289097514734686,1.355697151424288,
wall_c02_v0_D08,6,1.5707146426786607,2.63768115942029,10.84,0.11191849247724768,0.10478847877648453,1.3604447776111943,
wall_c02_v0_D08,7,1.5667166416791605,2.6776611694152925,11.16,0.11108636408721052,0.11867677272474847,1.3614442778610694,
wall_c02_v0_D08,8,1.6351824087956022,2.6636681659170414,11.46,0.1163752044612713,0.13107176570444917,1.344327836081959,
wall_c02_v1_A,0,1.5537231384307846,2.5527236381809097,10.61,0.10940497159165669,0.10676050863457126,1.3820589705147426,
wall_c02_v1_A,1,1.5487256371814093,2.582208895552224,10.3,0.10962980352551595,0.11463811744921155,1.3833083458270865,
wall_c02_v1_A,2,1.526736631684158,2.6921539230384806,10.88,0.10880788407146327,0.10317837113189407,1.3888055972013993,
wall_c02_v1_A,3,1.584207896051974,2.556221889055472,11.13,0.11274370722577627,0.10658500115021825,1.3744377811094453,
wall_c02_v1_A,4,1.6766616691654173,2.613193403298351,11.55,0.11770956015967991,0.13045044937848507,1.3513243378310844,
wall_c02_v1_A,5,1.554222888555722,2.5282358820589703,11.01,0.10950749562893236,0.09967714555420677,1.3819340329835081,
wall_c02_v1_A,6,1.5702148925537232,2.4877561219390305,11.16,0.11089097283145143,0.09931899129800159,1.377936031984008,
wall_c02_v1_A,7,1.6221889055472263,2.7041479260369816,11.13,0.1134680165850363,0.1433130656893771,1.3649425287356323,
wall_c02_v1_A,8,1.5272363818090955,2.5867066466766615,10.76,0.10783758838048783,0.09607834971403166,1.3886806596701649,
wall_c02_v1_D00,0,1.5242378810594703,2.629185407296352,10.41,0.10931128856571386,0.11701470693224789,1.3585707146426786,
wall_c02_v1_D00,1,1.5432283858070965,2.603698150924538,10.74,0.11209122288220244,0.11730384807596168,1.353823088455772,
wall_c02_v1_D00,2,1.6051974012993504,2.7661169415292353,11.54,0.11438216039472472,0.13954451345755678,1.3383308345827087,
wall_c02_v1_D00,3,1.5772113943028485,2.5517241379310347,10.73,0.113382538597937,0.10733561790533289,1.345327336331834,
wall_c02_v1_D00,4,1.4537731134432783,2.4642678660669666,10.44,0.10481978042365203,0.07893910187763253,1.3761869065467267,
wall_c02_v1_D00,5,1.5977011494252873,2.6031984007996,11.15,0.1132524843817383,0.11146569572356643,1.3402048975512244,
wall_c02_v1_D00,6,1.6041979010494753,2.659670164917541,11.06,0.1155663047988361,0.13218866757097622,1.3385807096451774,
wall_c02_v1_D00,7,1.5002498750624689,2.5527236381809097,10.49,0.10814340390909255,0.09775409914090573,1.364567716141929,
wall_c02_v1_D00,8,1.5112443778110944,2.553723138430785,10.63,0.10905081604610298,0.09845374931581813,1.3618190904547727,
wall_c02_v1_D08,0,1.5087456271864068,2.608695652173913,10.59,0.10905186343452829,0.10226037774763405,1.3463268365817092,
wall_c02_v1_D08,1,1.4997501249375311,2.586206896551724,10.54,0.10939842089607812,0.09878651943869313,1.3485757121439281,
wall_c02_v1_D08,2,1.4427786106946527,2.529735132433783,10.14,0.1047097793498701,0.08101802273466438,1.3628185907046477,
wall_c02_v1_D08,3,1.4857571214392804,2.543728135932034,10.88,0.10749806202265605,0.09462015024233907,1.3520739630184908,
wall_c02_v1_D08,4,1.6221889055472263,2.6986506746626686,11.14,0.11711760214282668,0.14786793111380794,1.3179660169915042,
wall_c02_v1_D08,5,1.6316841579210395,2.7971014492753623,11.09,0.11830335827782901,0.1395566105835967,1.315592203898051,
wall_c02_v1_D08,6,1.5067466266866567,2.6026986506746628,10.3,0.10912713270132254,0.10299988894441657,1.3468265867066467,
wall_c02_v1_D08,7,1.4692653673163418,2.614192903548226,10.4,0.10672073204006567,0.07891490762555234,1.3561969015492255,
wall_c02_v1_D08,8,1.6211894052973512,2.75912043978011,10.64,0.11807304913482362,0.15397559156929447,1.318215892053973,
wall_c03_v0_A,0,1.5317341329335332,2.52623688155922,10.67,0.10998129464293775,0.09648112451710648,1.3730634682658671,
wall_c03_v0_A,1,1.6626686656671663,2.7221389305347325,11.44,0.1174363025716249,0.1493439788042486,1.3403298350824588,
wall_c03_v0_A,2,1.617191404297851,2.6111944027986005,11.24,0.11447875595985585,0.12239852296074152,1.3516991504247875,
wall_c03_v0_A,3,1.536231884057971,2.652173913043478,10.69,0.10947062537224614,0.10624766981588571,1.3719390304847576,
wall_c03_v0_A,4,1.5867066466766617,2.7236381809095453,11.03,0.1126885179897845,0.11466429483670837,1.359320339830085,
wall_c03_v0_A,5,1.5047476261869066,2.5707146426786607,10.53,0.10747901321546859,0.10446998722860776,1.3798100949525238,
wall_c03_v0_A,6,1.5097451274362819,2.6656671664167915,10.5,0.10779648566183214,0.10361981707558905,1.37856071964018,
wall_c03_v0_A,7,1.535232383808096,2.534232883558221,10.82,0.1101869958125639,0.09546318110785876,1.3721889055472263,
wall_c03_v0_A,8,1.5637181409295353,2.6181909045477263,10.74,0.1104820087736864,0.1073114236532526,1.3650674662668665,
wall_c03_v0_D00,0,1.513743128435782,2.6221889055472265,10.64,0.10868418270451485,0.09991789819376017,1.355697151424288,
wall_c03_v0_D00,1,1.5667166416791605,2.7221389305347325,11.22,0.1126324956833218,0.11659408391042554,1.3424537731134434,
wall_c03_v0_D00,2,1.5272363818090955,2.6136931534232883,11.04,0.11030379368730718,0.10970824111753633,1.3523238380809595,
wall_c03_v0_D00,3,1.539230384807596,2.5152423788105946,10.58,0.11059465256251502,0.0997298969562837,1.3493253373313343,
wall_c03_v0_D00,4,1.472263868065967,2.6126936531734133,10.23,0.10758972603528459,0.09602817638799635,1.3660669665167415,
wall_c03_v0_D00,5,1.7211394302848575,2.8640679660169917,11.86,0.12238749629672656,0.16079341281740064,1.303848075962019,
wall_c03_v0_D00,6,1.5527236381809095,2.574712643678161,10.8,0.1115942021633321,0.11484614835439409,1.345952023988006,
wall_c03_v0_D00,7,1.4997501249375311,2.5337331334332833,10.27,0.1094968185000217,0.09216879655410377,1.3591954022988506,
wall_c03_v0_D00,8,1.4802598700649676,2.5187406296851576,10.54,0.10671663236697627,0.11021334570809814,1.3640679660169914,
wall_c03_v0_D08,0,1.566216891554223,2.7426286856571713,10.58,0.1111316983401363,0.13428464339258914,1.3536981509245378,
wall_c03_v0_D08,1,1.5452273863068466,2.6911544227886055,11.22,0.11146120930761673,0.09762916160967136,1.3589455272363817,
wall_c03_v0_D08,2,1.5172413793103448,2.5137431284357823,10.75,0.10902512249044229,0.10451976392755977,1.3659420289855073,
wall_c03_v0_D08,3,1.5722138930534733,2.607696151924038,11.67,0.11279104993969236,0.11251041146093596,1.3521989005497252,
wall_c03_v0_D08,4,1.5332333833083458,2.5857071464267865,10.54,0.10981830176499334,0.11600568763237412,1.3619440279860069,
wall_c03_v0_D08,5,1.4407796101949026,2.446276861569215,10.38,0.10371318139431994,0.07336867280645387,1.3850574712643677,
wall_c03_v0_D08,6,1.5902048975512244,2.585207396301849,11.02,0.1124920559865731,0.12234299516908193,1.3477011494252873,
wall_c03_v0_D08,7,1.6561719140429785,2.740129935032484,11.48,0.11794479625991207,0.1342667951738413,1.3312093953023487,
wall_c03_v0_D08,8,1.5407296351824087,2.7016491754122938,10.38,0.1116225845163138,0.10507186882749084,1.3600699650174912,
wall_c03_v1_A,0,1.5252373813093454,2.7506246876561717,10.88,0.11172109423596428,0.14090296121780355,1.3239630184907547,
wall_c03_v1_A,1,1.52023988005997,2.5647176411794104,10.53,0.11096560611616513,0.10614236532527371,1.3252123938030984,
wall_c03_v1_A,2,1.552223888055972,2.5967016491754125,10.73,0.11358326912106712,0.11632417918025095,1.317216391804098,
wall_c03_v1_A,3,1.474262868565717,2.68215892053973,10.29,0.10855030844363406,0.10069806366657934,1.3367066466766617,
wall_c03_v1_A,4,1.5212393803098452,2.614192903548226,10.61,0.11194483038898702,0.11130823477150296,1.3249625187406298,
wall_c03_v1_A,5,1.526736631684158,2.6176911544227885,10.65,0.11183056206204443,0.10601445309091483,1.3235882058970514,
wall_c03_v1_A,6,1.501249375312344,2.666166916541729,10.51,0.109925345983612,0.1038869454161807,1.329960019990005,
wall_c03_v1_A,7,1.5147426286856571,2.654672663668166,10.4,0.11090344377419048,0.11006718862790825,1.3265867066466768,
wall_c03_v1_A,8,1.5062468765617192,2.6391804097951024,10.94,0.1105755398743356,0.10465560870358459,1.328710644677661,
wall_c03_v1_D00,0,1.6021989005497252,2.7521239380309845,10.97,0.11276476480303864,0.12166972069520773,1.372063968015992,
wall_c03_v1_D00,1,1.5462268865567217,2.6016991504247877,10.62,0.10893072445694313,0.09915716744802179,1.3860569715142428,
wall_c03_v1_D00,2,1.5517241379310345,2.6196901549225386,10.7,0.11054569947909446,0.10765053980946017,1.3846826586706646,
wall_c03_v1_D00,3,1.5872063968015993,2.703648175912044,11.15,0.11128729802543688,0.09976757652919577,1.3758120939530234,
wall_c03_v1_D00,4,1.5497251374312844,2.683658170914543,10.62,0.10955263928930291,0.11596305022092127,1.3851824087956022,
wall_c03_v1_D00,5,1.5537231384307846,2.656671664167916,11.02,0.11012269671256829,0.10647791183773188,1.3841829085457271,
wall_c03_v1_D00,6,1.7211394302848575,2.9885057471264367,11.33,0.12024775040285625,0.13740590022449076,1.342328835582209,
wall_c03_v1_D00,7,1.5827086456771615,2.6446776611694154,10.62,0.11143353693923654,0.11948628860173062,1.3769365317341329,
wall_c03_v1_D00,8,1.486256871564218,2.5422288855572215,9.95,0.10511488989152296,0.09242184463323888,1.4010494752623688,
wall_c03_v1_D08,0,1.5207396301849077,2.569215392303848,10.74,0.11002225614607866,0.09759624156175874,1.3578210894552725,
wall_c03_v1_D08,1,1.4462768615692154,2.5527236381809097,10.41,0.10456974207547041,0.0820016579012081,1.3764367816091954,
wall_c03_v1_D08,2,1.4412793603198402,2.521239380309845,9.94,0.10563597700871459,0.09508618706519752,1.3776861569215393,
wall_c03_v1_D08,3,1.553223388305847,2.5337331334332833,11.02,0.11199649794550867,0.10035022171453944,1.3497001499250374,
wall_c03_v1_D08,4,1.63968015992004,2.7481259370314843,11.52,0.11668320990001041,0.1257535914582389,1.3280859570214893,
wall_c03_v1_D08,5,1.4887556221889056,2.547726136931534,10.46,0.10770363947162497,0.08727342677867413,1.3658170914542729,
wall_c03_v1_D08,6,1.5992003998000999,2.7246376811594204,11.12,0.11474715730267869,0.12631521540816848,1.3382058970514743,
wall_c03_v1_D08,7,1.6051974012993504,2.763618190904548,10.55,0.1146414456929064,0.1401333063626914,1.3367066466766617,
wall_c03_v1_D08,8,1.6096951524237881,2.83808095952024,11.01,0.11400007445700718,0.14549015174952193,1.3355822088955522,
wall_c04_v0_A,0,1.6266866566716642,2.8095952023988007,10.9,0.11684969393222198,0.1374451663057355,1.3235882058970514,
wall_c04_v0_A,1,1.5047476261869066,2.6736631684157923,10.82,0.10876519957448491,0.11250347048697851,1.354072963518241,
wall_c04_v0_A,2,1.5207396301849077,2.555722138930535,10.3,0.10927412980392394,0.11038488692161823,1.3500749625187407,
wall_c04_v0_A,3,1.5072463768115942,2.5402298850574714,10.33,0.10984104389892682,0.09264137772383639,1.353448275862069,
wall_c04_v0_A,4,1.543728135932034,2.634182908545727,10.93,0.11245364602615349,0.10190698301642813,1.344327836081959,
wall_c04_v0_A,5,1.4342828585707146,2.468765617191404,9.87,0.10452844764625732,0.08983742255856188,1.3716891554222888,
wall_c04_v0_A,6,1.5557221389305347,2.7436281859070464,11.15,0.11085305464923578,0.10985063024043515,1.341329335332334,
wall_c04_v0_A,7,1.498750624687656,2.576711644177911,10.63,0.10918469212626161,0.10558669078159312,1.3555722138930535,
wall_c04_v0_A,8,1.6501749125437282,2.7786106946526736,11.57,0.11825009234253424,0.13984337196481098,1.3177161419290355,
wall_c04_v0_D00,0,1.541729135432284,2.63968015992004,10.31,0.1133518099372863,0.1169127737718441,1.3157171414292854,
wall_c04_v0_D00,1,1.5387306346826586,2.817591204397801,10.62,0.11264466580980234,0.1263479371425397,1.3164667666166916,
wall_c04_v0_D00,2,1.4917541229385307,2.525737131434283,10.54,0.10943221934720533,0.09557820296201099,1.3282108945527236,
wall_c04_v0_D00,3,1.503248375812094,2.580209895052474,10.48,0.110924330242778,0.10488902374209706,1.3253373313343328,
wall_c04_v0_D00,4,1.3868065967016492,2.4372813593203397,9.61,0.10288669972856562,0.08157508547313633,1.354447776111944,
wall_c04_v0_D00,5,1.5297351324337831,2.600199900049975,10.6,0.11188318443831395,0.1041727152296866,1.3187156421789106,
wall_c04_v0_D00,6,1.5867066466766617,2.6411794102948525,10.54,0.11612490612934058,0.13405003847282698,1.304472763618191,
wall_c04_v0_D00,7,1.5712143928035982,2.766616691654173,11.14,0.11530771445894171,0.13499956371020816,1.3083458270864567,
wall_c04_v0_D00,8,1.4592703648175913,2.5357321339330334,10.24,0.10744446990776597,0.1014746594956489,1.3363318340829584,
wall_c04_v0_D08,0,1.5977011494252873,2.714142928535732,11.09,0.11299578957727203,0.10742089272823875,1.3628185907046477,
wall_c04_v0_D08,1,1.567216391804098,2.5972013993003498,10.79,0.11148660538334404,0.10549685474722939,1.370439780109945,
wall_c04_v0_D08,2,1.6036981509245378,2.640679660169915,10.52,0.11377502938001971,0.12674694398832284,1.3613193403298351,
wall_c04_v0_D08,3,1.550224887556222,2.586206896551724,11.0,0.10985347560020824,0.09095769575529679,1.3746876561719141,
wall_c04_v0_D08,4,1.5912043978010995,2.657671164417791,11.22,0.11294152888895097,0.12818670030064305,1.3644427786106947,
wall_c04_v0_D08,5,1.526736631684158,2.7751124437781107,10.86,0.1081294849085403,0.1131180441525267,1.38055972013993,
wall_c04_v0_D08,6,1.5402298850574712,2.634182908545727,10.79,0.10975444859640265,0.09661201145458999,1.3771864067966018,
wall_c04_v0_D08,7,1.575712143928036,2.6171914042978512,11.11,0.11173568383165129,0.11770206166757861,1.3683158420789605,
wall_c04_v0_D08,8,1.5452273863068466,2.5057471264367814,10.52,0.10932795383361092,0.11375879520557149,1.3759370314842578,
wall_c04_v1_A,0,1.4542728635682158,2.6541729135432286,10.55,0.10545820256438573,0.09801349325337327,1.3709395302348826,
wall_c04_v1_A,1,1.5132433783108445,2.578710644677661,10.78,0.10925784790574125,0.10484995597439353,1.3561969015492255,
wall_c04_v1_A,2,1.5782108945527236,2.653673163418291,11.25,0.11338098907916438,0.12079971918802485,1.3399550224887555,
wall_c04_v1_A,3,1.4952523738130934,2.598200899550225,10.69,0.10797074166548662,0.09869589015016296,1.3606946526736632,
wall_c04_v1_A,4,1.5347326336831584,2.568215892053973,11.08,0.10998814591511381,0.10314485614335683,1.3508245877061469,
wall_c04_v1_A,5,1.5547226386806596,2.583208395802099,10.91,0.11205457901845392,0.1012838818685894,1.3458270864567716,
wall_c04_v1_A,6,1.5467266366816592,2.636681659170415,10.76,0.1126404016497401,0.10328645201208907,1.3478260869565217,
wall_c04_v1_A,7,1.673663168415792,2.808095952023988,11.4,0.1195104809108108,0.16030139692058706,1.3160919540229885,
wall_c04_v1_A,8,1.5252373813093454,2.6031984007996,10.91,0.10973861129110328,0.10962435448942182,1.3531984007996003,
wall_c04_v1_D00,0,1.5792103948025986,2.579710144927536,10.91,0.11236692276283942,0.11747003482385764,1.358695652173913,
wall_c04_v1_D00,1,1.5807096451774112,2.5742128935532236,10.87,0.11326963937814055,0.12290600731380313,1.35832083958021,
wall_c04_v1_D00,2,1.5187406296851573,2.525237381309345,10.06,0.1079309388454057,0.11671743493332674,1.3738130934532733,
wall_c04_v1_D00,3,1.5447276361819091,2.552223888055972,10.92,0.11074371046686748,0.0936426627955863,1.3673163418290855,
wall_c04_v1_D00,4,1.5112443778110944,2.5442278860569716,10.35,0.10816502206175327,0.11536156524912132,1.3756871564217892,
wall_c04_v1_D00,5,1.4542728635682158,2.4662668665667167,10.3,0.10402831847929282,0.08142972164711297,1.3899300349825088,
wall_c04_v1_D00,6,1.6391804097951024,2.535232383808096,11.01,0.11604519526826367,0.13298846608441772,1.343703148425787,
wall_c04_v1_D00,7,1.616191904047976,2.6681659170414793,11.19,0.11419193641744106,0.11737841396761908,1.3494502748625687,
wall_c04_v1_D00,8,1.5837081459270366,2.52023988005997,11.16,0.11325831631999599,0.10210569318515318,1.3575712143928036,
wall_c04_v1_D08,0,1.5892053973013494,2.67816091954023,10.75,0.10998443871884805,0.10916248225093778,1.4106696651674162,
wall_c04_v1_D08,1,1.6386806596701649,2.760119940029985,11.39,0.11279154596683696,0.11206162791620049,1.3983008495752125,
wall_c04_v1_D08,2,1.654672663668166,2.63368315842079,11.41,0.11428887589014641,0.12267536866487369,1.394302848575712,
wall_c04_v1_D08,3,1.5947026486756621,2.664167916041979,10.83,0.11037604723050615,0.12415082141468933,1.409295352323838,
wall_c04_v1_D08,4,1.5582208895552223,2.6551724137931036,10.71,0.10772996311305674,0.09772117909299298,1.418415792103948,
wall_c04_v1_D08,5,1.6491754122938531,2.685157421289355,11.11,0.11408102038994229,0.11410346414094502,1.3956771614192904,
wall_c04_v1_D08,6,1.6021989005497252,2.7711144427786105,10.85,0.11067884471319452,0.12258374780863525,1.4074212893553224,
wall_c04_v1_D08,7,1.6101949025487257,2.652173913043478,11.14,0.11114001663980368,0.09626833408692459,1.4054222888555723,
wall_c04_v1_D08,8,1.5667166416791605,2.569215392303848,10.42,0.10892924733766518,0.10127297462379918,1.4162918540729634,
wall_c05_v0_A,0,1.4692653673163418,2.4267866066966515,10.32,0.104305036466562,0.08246650484281667,1.420039980009995,
wall_c05_v0_A,1,1.554222888555722,2.5627186406796603,11.25,0.10970346355705267,0.09790461911901181,1.39880059970015,
wall_c05_v0_A,2,1.7616191904047975,2.897551224387806,11.48,0.12121456562931228,0.1522143690059729,1.3469515242378811,
wall_c05_v0_A,3,1.6316841579210395,2.7971014492753623,11.55,0.11256065625715446,0.13517943409247718,1.3794352823588205,
wall_c05_v0_A,4,1.4952523738130934,2.5397301349325336,10.17,0.10465320678060944,0.10241129435282338,1.4135432283858071,
wall_c05_v0_A,5,1.6376811594202898,2.6486756621689156,11.31,0.11410249128268449,0.12191820756288493,1.377936031984008,
wall_c05_v0_A,6,1.5702148925537232,2.6221889055472265,10.86,0.11043958879435253,0.105045691439994,1.3948025987006496,
wall_c05_v0_A,7,1.6106946526736632,2.715142428785607,10.89,0.11246879897377454,0.11691892149163477,1.3846826586706646,
wall_c05_v0_A,8,1.568215892053973,2.6181909045477263,11.08,0.11055219225849756,0.08594095809238222,1.3953023488255871,
wall_c05_v0_D00,0,1.633183408295852,2.782608695652174,11.14,0.11289889017295122,0.1285801543672604,1.394302848575712,
wall_c05_v0_D00,1,1.631184407796102,2.6716641679160418,11.36,0.11296097206866816,0.11694787526871447,1.3948025987006496,
wall_c05_v0_D00,2,1.5597201399300349,2.5992003998001,10.98,0.10891823019655661,0.09901993447720553,1.4126686656671663,
wall_c05_v0_D00,3,1.5942028985507246,2.689655172413793,11.27,0.11039732732286674,0.11004061461332797,1.404047976011994,
wall_c05_v0_D00,4,1.5482258870564718,2.640679660169915,10.64,0.10805150402862469,0.10425541197655117,1.4155422288855573,
wall_c05_v0_D00,5,1.5922038980509745,2.711144427786107,10.91,0.11046455259414303,0.10663398459500378,1.4045477261369315,
wall_c05_v0_D00,6,1.6031984007996003,2.812093953023488,10.92,0.11090929607993365,0.10804875340107707,1.4017991004497752,
wall_c05_v0_D00,7,1.6986506746626686,2.7316341829085458,11.43,0.11677000270945041,0.13596574728508729,1.377936031984008,
wall_c05_v0_D00,8,1.5602198900549724,2.5892053973013494,10.68,0.10862922482680556,0.0905075240157696,1.412543728135932,
wall_c05_v0_D08,0,1.538230884557721,2.609695152423788,10.72,0.10707005429450134,0.09570353712032853,1.399800099950025,
wall_c05_v0_D08,1,1.6121939030484758,2.6371814092953523,11.34,0.1120584479852112,0.11693577814267446,1.3813093453273364,
wall_c05_v0_D08,2,1.4672663668165917,2.5847076461769114,10.67,0.10287144939045284,0.08372262281557628,1.4175412293853074,
wall_c05_v0_D08,3,1.6731634182908546,2.739130434782609,11.61,0.11718392252000304,0.14201431030516462,1.3660669665167415,
wall_c05_v0_D08,4,1.5897051474262869,2.6401799100449774,11.04,0.11304030567308669,0.10607811173778171,1.3869315342328836,
wall_c05_v0_D08,5,1.6581709145427286,2.6666666666666665,11.6,0.11513219510395158,0.1292802011692563,1.369815092453773,
wall_c05_v0_D08,6,1.6126936531734133,2.75712143928036,10.95,0.11333122488198358,0.12026268611725867,1.381184407796102,
wall_c05_v0_D08,7,1.4942528735632183,2.4107946026986506,10.38,0.10547589574973591,0.08116616295027093,1.4107946026986506,
wall_c05_v0_D08,8,1.6291854072963519,2.769615192403798,11.17,0.1138365044010738,0.12483658964168687,1.3770614692653673,
wall_c05_v1_A,0,1.5912043978010995,2.7586206896551726,11.2,0.11487469892424342,0.1294918017181882,1.3252123938030984,
wall_c05_v1_A,1,1.5197401299350324,2.548725637181409,10.91,0.11011718105370913,0.11418040979510208,1.3430784607696151,
wall_c05_v1_A,2,1.5227386306846578,2.5897051474262867,10.74,0.11090313472791707,0.12618928630922616,1.342328835582209,
wall_c05_v1_A,3,1.4717641179410295,2.598200899550225,10.56,0.10705744878515494,0.08769484305466302,1.355072463768116,
wall_c05_v1_A,4,1.5592203898050974,2.613193403298351,10.86,0.11330187525644858,0.10690369101163678,1.333208395802099,
wall_c05_v1_A,5,1.56071964017991,2.67816091954023,10.74,0.11341725335383794,0.12401001880012344,1.3328335832083957,
wall_c05_v1_A,6,1.4527736131934033,2.4247876061969014,9.99,0.1055913110049941,0.08601651555174776,1.3598200899550226,
wall_c05_v1_A,7,1.5462268865567217,2.6751624187906047,10.9,0.11213812245818516,0.11158944337355124,1.3364567716141929,
wall_c05_v1_A,8,1.5597201399300349,2.63568215892054,10.75,0.11259897443550969,0.11392399038575927,1.3330834582708646,
wall_c05_v1_D00,0,1.4837581209395303,2.6116941529235382,10.13,0.10433840377137653,0.07999135352958431,1.4179160419790104,
wall_c05_v1_D00,1,1.567216391804098,2.622688655672164,10.87,0.11010324263485423,0.10291322592671907,1.3970514742628686,
wall_c05_v1_D00,2,1.6126936531734133,2.769615192403798,10.99,0.11269365710810245,0.11303257101607904,1.3856821589205397,
wall_c05_v1_D00,3,1.6671664167916043,2.9645177411294354,11.09,0.11589364352075361,0.1369557284849636,1.372063968015992,
wall_c05_v1_D00,4,1.6246876561719141,2.921539230384808,11.5,0.11252537865683332,0.11679497552810876,1.3826836581709145,
wall_c05_v1_D00,5,1.6206896551724137,2.7751124437781107,11.23,0.11335745083727605,0.11848460690289753,1.3836831584207896,
wall_c05_v1_D00,6,1.6746626686656672,2.8160919540229883,11.06,0.11658682334761951,0.1290263598359546,1.3701899050474762,
wall_c05_v1_D00,7,1.5047476261869066,2.583208395802099,10.56,0.10574358097005984,0.09698702236183475,1.4126686656671663,
wall_c05_v1_D00,8,1.5552223888055972,2.60519740129935,10.54,0.10875781915312455,0.10581415641385634,1.4000499750124937,
wall_c05_v1_D08,0,1.5347326336831584,2.6421789105447275,10.63,0.11044821327033627,0.10066157397491708,1.355697151424288,
wall_c05_v1_D08,1,1.4542728635682158,2.630184907546227,10.11,0.10541993683072734,0.09591989719425986,1.3758120939530234,
wall_c05_v1_D08,2,1.537231384307846,2.535232383808096,10.63,0.11005174185624006,0.10364936579329351,1.355072463768116,
wall_c05_v1_D08,3,1.5612193903048475,2.730134932533733,10.82,0.112346994191411,0.12295102448775595,1.3490754622688657,
wall_c05_v1_D08,4,1.6806596701649175,2.9555222388805595,11.38,0.11935441892659558,0.17322053259084735,1.319215392303848,
wall_c05_v1_D08,5,1.5307346326836582,2.605697151424288,10.76,0.11050900861574636,0.091686894647914,1.356696651674163,
wall_c05_v1_D08,6,1.5457271364317842,2.7496251874062967,10.92,0.11035365265534532,0.10933402346445807,1.3529485257371314,
wall_c05_v1_D08,7,1.575712143928036,2.6871564217891053,10.34,0.11363591512612269,0.10961721520192258,1.3454522738630685,
wall_c05_v1_D08,8,1.4947526236881559,2.534232883558221,9.54,0.10788011852747538,0.09295947264462992,1.3656921539230384,
wall_c06_v0_A,0,1.5707146426786607,2.71864067966017,11.0,0.10877429785820418,0.09907804034490675,1.405672163918041,
wall_c06_v0_A,1,1.488255872063968,2.568215892053973,10.24,0.10481500185189642,0.0923486669363729,1.4262868565717142,
wall_c06_v0_A,2,1.7826086956521738,3.0454772613693155,11.72,0.12175210893746585,0.189146696493023,1.3526986506746628,
wall_c06_v0_A,3,1.7066466766616692,2.7841079460269866,11.51,0.1179637533552137,0.13216923284389517,1.3716891554222888,
wall_c06_v0_A,4,1.6611694152923537,2.76311844077961,11.44,0.11475610899807873,0.12111285627027724,1.3830584707646176,
wall_c06_v0_A,5,1.5782108945527236,2.7251374312843577,11.07,0.11011798745942517,0.1005183915978516,1.4037981009495253,
wall_c06_v0_A,6,1.5332333833083458,2.648175912043978,10.9,0.10846427325929729,0.09593437408279974,1.4150424787606197,
wall_c06_v0_A,7,1.542728635682159,2.559720139930035,10.52,0.10693126262153256,0.08657893275584419,1.4126686656671663,
wall_c06_v0_A,8,1.5232383808095953,2.5162418790604697,10.5,0.1064252056588862,0.08311280867502738,1.4175412293853074,
wall_c06_v0_D00,0,1.6341829085457271,2.672663668165917,11.56,0.1139431276230119,0.11066450901533341,1.3734382808595702,
wall_c06_v0_D00,1,1.6456771614192904,2.739130434782609,10.69,0.11481251906431089,0.11711128562702759,1.3705647176411795,
wall_c06_v0_D00,2,1.6271864067966018,2.6956521739130435,11.07,0.11391403942897754,0.12794753416942303,1.3751874062968517,
wall_c06_v0_D00,3,1.5567216391804097,2.694152923538231,10.53,0.10950664948034891,0.1179025566581786,1.3928035982008995,
wall_c06_v0_D00,4,1.6346826586706646,2.738630684657671,11.37,0.11479907128303143,0.11303832210878659,1.3733133433283358,
wall_c06_v0_D00,5,1.510744627686157,2.660669665167416,10.42,0.1063275696493454,0.09450175705797881,1.4042978510744628,
wall_c06_v0_D00,6,1.5987006496751623,2.6626686656671663,11.19,0.1124070382544493,0.1247556777166969,1.3823088455772115,
wall_c06_v0_D00,7,1.5252373813093454,2.63568215892054,10.32,0.10727165074108269,0.08806866408065786,1.4006746626686657,
wall_c06_v0_D00,8,1.5227386306846578,2.6986506746626686,10.7,0.10701833447544197,0.10600969356591528,1.4012993503248377,
wall_c06_v0_D08,0,1.64167916041979,2.7906046976511742,11.15,0.11361686886803402,0.13520858618309867,1.3905547226386807,
wall_c06_v0_D08,1,1.5402298850574712,2.450774612693653,10.9,0.10531874533059495,0.08406689512386653,1.4159170414792603,
wall_c06_v0_D08,2,1.6851574212893554,2.8585707146426786,11.23,0.11779465817375549,0.13958080483567703,1.3796851574212894,
wall_c06_v0_D08,3,1.584207896051974,2.6861569215392302,10.74,0.11060332521457464,0.10436507936507912,1.4049225387306348,
wall_c06_v0_D08,4,1.5562218890554722,2.5687156421789106,11.23,0.1085403773863697,0.09118476476047671,1.4119190404797601,
wall_c06_v0_D08,5,1.6206896551724137,2.585207396301849,11.14,0.11225838868540482,0.10636526974607895,1.3958020989505247,
wall_c06_v0_D08,6,1.6661669165417292,2.702648675662169,11.03,0.11651018012398887,0.14074569857928135,1.384432783608196,
wall_c06_v0_D08,7,1.631184407796102,2.7041479260369816,11.34,0.11355557984408489,0.1085641702958041,1.3931784107946028,
wall_c06_v0_D08,8,1.4822588705647177,2.554222888555722,9.74,0.1018018763731926,0.08991873111063493,1.4304097951024488,
wall_c06_v1_A,0,1.5942028985507246,2.6761619190404797,11.11,0.11221265592464265,0.11758267691551033,1.3751874062968517,
wall_c06_v1_A,1,1.6026986506746628,2.6931534232883556,11.44,0.11241273383308527,0.1073360145324161,1.3730634682658671,
wall_c06_v1_A,2,1.6016991504247875,2.661169415292354,11.24,0.11276856802086258,0.11769155104987167,1.3733133433283358,
wall_c06_v1_A,3,1.577711144427786,2.6991504247876064,11.12,0.11180301828122766,0.10678152986998549,1.3793103448275863,
wall_c06_v1_A,4,1.5707146426786607,2.63568215892054,10.46,0.11077371713481408,0.12018673203080989,1.3810594702648675,
wall_c06_v1_A,5,1.4842578710644678,2.5057471264367814,10.52,0.10529920344136157,0.10172393961749272,1.4026736631684158,
wall_c06_v1_A,6,1.554222888555722,2.5742128935532236,10.92,0.1098041163618575,0.08696703235683736,1.3851824087956022,
wall_c06_v1_A,7,1.5647176411794104,2.468265867066467,11.05,0.11028548463850568,0.0949112745214693,1.38255872063968,
wall_c06_v1_A,8,1.63968015992004,2.7906046976511742,11.18,0.11464050236364298,0.14681924910560568,1.3638180909545228,
wall_c06_v1_D00,0,1.617191404297851,2.6516741629185407,11.08,0.11324245046419544,0.1219886088701679,1.3761869065467267,
wall_c06_v1_D00,1,1.6201899050474762,2.647176411794103,11.45,0.11308496919174121,0.13159392525959224,1.3754372813593203,
wall_c06_v1_D00,2,1.5707146426786607,2.5962018990504747,11.6,0.11112565261369724,0.10262507635071329,1.3878060969515242,
wall_c06_v1_D00,3,1.6361819090454772,2.6901549225387305,11.5,0.11404004717787106,0.1247818551041938,1.37143928035982,
wall_c06_v1_D00,4,1.657671164417791,2.7796101949025487,11.07,0.11492665115952434,0.14030504588975334,1.3660669665167415,
wall_c06_v1_D00,5,1.5182408795602198,2.5017491254372812,10.14,0.10741374369401126,0.08744754606823574,1.4009245377311343,
wall_c06_v1_D00,6,1.5597201399300349,2.5677161419290355,11.12,0.11018382701534475,0.10099196433529245,1.3905547226386807,
wall_c06_v1_D00,7,1.5292353823088456,2.5927036481759123,10.48,0.10752303693099824,0.08565380008408492,1.398175912043978,
wall_c06_v1_D00,8,1.5347326336831584,2.5952023988005997,11.22,0.10845962175261654,0.10461217803796508,1.3968015992003997,
wall_c06_v1_D08,0,1.4817591204397802,2.5602198900549724,10.13,0.10791531575182217,0.11179112824540091,1.3500749625187407,
wall_c06_v1_D08,1,1.5507246376811594,2.6191904047976013,11.09,0.11211921744001607,0.11415363746698058,1.3328335832083957,
wall_c06_v1_D08,2,1.5402298850574712,2.6446776611694154,10.94,0.11198550055242049,0.11544584850431898,1.3354572713643178,
wall_c06_v1_D08,3,1.6631684157921038,2.762618690654673,11.8,0.11991110580648995,0.14560576854429902,1.3047226386806596,
wall_c06_v1_D08,4,1.4517741129435282,2.5387306346826586,10.47,0.10666479508634359,0.09203790961662002,1.3575712143928036,
wall_c06_v1_D08,5,1.504247876061969,2.6466766616691655,10.57,0.11003189444030674,0.10634028223983233,1.3444527736131935,
wall_c06_v1_D08,6,1.5527236381809095,2.628185907046477,10.99,0.11371969949284753,0.11435532233883026,1.3323338330834582,
wall_c06_v1_D08,7,1.591704147926037,2.640679660169915,11.09,0.11380766891336024,0.10701197020537324,1.3225887056471763,
wall_c06_v1_D08,8,1.4277861069465267,2.5152423788105946,10.03,0.10384480251639322,0.09325813283834251,1.363568215892054,
wall_c07_v0_A,0,1.5987006496751623,2.7511244377811095,10.89,0.11397947688212037,0.12573970951032395,1.3595702148925537,
wall_c07_v0_A,1,1.5377311344327835,2.63968015992004,10.89,0.10834354729445837,0.10412908625052525,1.3748125937031483,
wall_c07_v0_A,2,1.6146926536731634,2.7506246876561717,11.08,0.11503696897609092,0.1200026970641661,1.3555722138930535,
wall_c07_v0_A,3,1.5762118940529735,2.6516741629185407,11.02,0.11190713393670046,0.11319479149314218,1.365192403798101,
wall_c07_v0_A,4,1.5782108945527236,2.7476261869065466,10.96,0.11167108710291704,0.1085774573030942,1.3646926536731634,
wall_c07_v0_A,5,1.4887556221889056,2.758120939530235,10.65,0.10578901771398982,0.0975454732950983,1.3870564717641178,
wall_c07_v0_A,6,1.553223388305847,2.6891554222888554,10.77,0.11084547553076254,0.12381745635118915,1.3709395302348826,
wall_c07_v0_A,7,1.5827086456771615,2.685657171414293,10.87,0.11277406912315048,0.10861969808746383,1.363568215892054,
wall_c07_v0_A,8,1.543728135932034,2.6211894052973514,11.17,0.10965322343980988,0.09837363064499463,1.3733133433283358,
wall_c07_v0_D00,0,1.7476261869065468,2.9665167416291855,11.42,0.1200646448321682,0.15173643337061618,1.356696651674163,
wall_c07_v0_D00,1,1.5207396301849077,2.661169415292354,10.74,0.10649021099081356,0.09598157270571037,1.4134182908545727,
wall_c07_v0_D00,2,1.7171414292853573,2.739130434782609,11.61,0.11840023428367615,0.12754912226426435,1.3643178410794603,
wall_c07_v0_D00,3,1.551224387806097,2.568215892053973,10.55,0.10789152784035098,0.10180009201748313,1.4057971014492754,
wall_c07_v0_D00,4,1.591704147926037,2.736631684157921,11.18,0.10928990236881693,0.11415641385656355,1.3956771614192904,
wall_c07_v0_D00,5,1.6486756621689156,2.8350824587706147,11.19,0.11586972307175011,0.1207977360526085,1.3814342828585706,
wall_c07_v0_D00,6,1.543728135932034,2.63968015992004,10.38,0.10841304447997002,0.10202973909870443,1.407671164417791,
wall_c07_v0_D00,7,1.5262368815592204,2.739130434782609,10.64,0.10779854042127948,0.0945495506215145,1.4120439780109946,
wall_c07_v0_D00,8,1.5017491254372815,2.6101949025487254,10.13,0.10578217171117461,0.09139934001253333,1.4181659170414793,
wall_c07_v0_D08,0,1.6216891554222888,2.6871564217891053,11.0,0.11303806874264054,0.12435528267612211,1.3970514742628686,
wall_c07_v0_D08,1,1.645177411294353,2.8810594702648675,11.4,0.11379878721296215,0.1322263471438882,1.3911794102948525,
wall_c07_v0_D08,2,1.6721639180409795,2.7616191904047978,11.08,0.11530627526749283,0.12526673171350797,1.384432783608196,
wall_c07_v0_D08,3,1.6616691654172913,2.891554222888556,11.05,0.11479816128098333,0.13370417965620335,1.3870564717641178,
wall_c07_v0_D08,4,1.5442278860569716,2.529735132433783,10.76,0.10698247811221978,0.09698979875141767,1.4164167916041979,
wall_c07_v0_D08,5,1.657671164417791,2.753623188405797,11.41,0.11519748617372375,0.11471070020545251,1.3880559720139931,
wall_c07_v0_D08,6,1.5982008995502248,2.5987006496751626,11.13,0.11107587621541741,0.10123707987276193,1.4029235382308844,
wall_c07_v0_D08,7,1.525737131434283,2.609695152423788,10.26,0.10601287704803133,0.09157881376771906,1.42103948025987,
wall_c07_v0_D08,8,1.4932533733133433,2.465767116441779,10.33,0.10378998994652874,0.0799310662129251,1.4291604197901049,
wall_c07_v1_A,0,1.5327336331834083,2.7316341829085458,10.5,0.11058211777514892,0.1076402275052947,1.352448775612194,
wall_c07_v1_A,1,1.5837081459270366,2.6901549225387305,10.91,0.11387590460268607,0.12788427214963935,1.3397051474262869,
wall_c07_v1_A,2,1.4782608695652173,2.530734632683658,10.61,0.10748840457171147,0.08337914376145247,1.3660669665167415,
wall_c07_v1_A,3,1.4667666166916542,2.5397301349325336,10.06,0.10639864430387512,0.09341698198519778,1.3689405297351325,
wall_c07_v1_A,4,1.618190904547726,2.7031484257871066,11.15,0.11595944113536773,0.14112705551985863,1.3310844577711145,
wall_c07_v1_A,5,1.551224387806097,2.687656171914043,10.66,0.11148097776998597,0.11093738844863268,1.3478260869565217,
wall_c07_v1_A,6,1.5737131434282858,2.6816591704147927,11.07,0.11271592691885006,0.1189060231788864,1.3422038980509745,
wall_c07_v1_A,7,1.5507246376811594,2.650174912543728,11.13,0.11123408447482776,0.1131660360296041,1.3479510244877562,
wall_c07_v1_A,8,1.5297351324337831,2.5282358820589703,10.71,0.11026449844754684,0.1035428714214321,1.3531984007996003,
wall_c07_v1_D00,0,1.6756621689155422,2.7981009495252374,11.09,0.11589845862738495,0.1161811951167271,1.369065467266367,
wall_c07_v1_D00,1,1.4127936031984007,2.419790104947526,9.72,0.10038372925469065,0.05945598629256807,1.434782608695652,
wall_c07_v1_D00,2,1.6756621689155422,2.7746126936531734,11.16,0.11573574486055402,0.13002784322124622,1.369065467266367,
wall_c07_v1_D00,3,1.4942528735632183,2.6401799100449774,10.37,0.10559710432543709,0.09174757859165643,1.4144177911044478,
wall_c07_v1_D00,4,1.7156421789105447,2.9505247376311843,11.8,0.11856450838674988,0.15106315889674185,1.3590704647676162,
wall_c07_v1_D00,5,1.4812593703148427,2.6991504247876064,9.88,0.10364930712815115,0.10479760119940008,1.4176661669165418,
wall_c07_v1_D00,6,1.5217391304347827,2.709645177411294,10.12,0.1080432298678186,0.09924740010946899,1.4075462268865566,
wall_c07_v1_D00,7,1.6851574212893554,2.7501249375312344,11.16,0.11836158998026497,0.12739463601532539,1.3666916541729135,
wall_c07_v1_D00,8,1.64167916041979,2.786606696651674,11.3,0.11376632756894867,0.12008460055686414,1.3775612193903048,
wall_c07_v1_D08,0,1.5467266366816592,2.733133433283358,10.55,0.10874142015607509,0.09178704298644316,1.394927536231884,
wall_c07_v1_D08,1,1.600199900049975,2.869065467266367,11.13,0.11168159584473142,0.12885243885993475,1.381559220389805,
wall_c07_v1_D08,2,1.640679660169915,2.8715642178910543,11.17,0.11432626049559162,0.12095876664842146,1.37143928035982,
wall_c07_v1_D08,3,1.5357321339330334,2.715642178910545,10.33,0.10853755127004514,0.09070365610845361,1.3976761619190405,
wall_c07_v1_D08,4,1.5562218890554722,2.7511244377811095,10.8,0.10928085773262351,0.11360173088059135,1.3925537231384308,
wall_c07_v1_D08,5,1.6306846576711644,2.800599700149925,11.39,0.11436797603715924,0.1258230011978135,1.3739380309845077,
wall_c07_v1_D08,6,1.567216391804098,2.5817091454272862,10.86,0.11013585720056977,0.09154847179584796,1.3898050974512743,
wall_c07_v1_D08,7,1.5037481259370316,2.5772113943028487,10.7,0.10593146884466663,0.08188901580955545,1.405672163918041,
wall_c07_v1_D08,8,1.671664167916042,2.817591204397801,10.81,0.11699701241853745,0.15483587571293708,1.3636931534232883,
