suite,config,velocity,heavy,label,n,production_ps,equil_ps,dt_ps,gamma_ps,radius_nm,stem,hb_degree,coordination,degree_sd,nn_exchange,hb_rmst,residence_rmst,hb_survival_05,hb_completed_mean,hb_episodes,hb_right,hb_left,residence_episodes,residence_right,residence_left,rank_stability,top_repeat,hb_first,hb_second,temperature,temperature_first,temperature_second,potential_first,potential_second,wall_fraction,nn_first,nn_stride2,hb_rmst_stride2,response_offdiag,response_002,response_010,response_participation,response_far_share,response_top_repeat,response_rank_stability,response_nve_energy_range
friction,0,0,-1,False,9,100,50,0.001,0.1,0.4,friction_c00_v0_A,1.5112443778110944,2.768060414237326,0.728018958856704,10.874444444444444,0.1543650226221249,0.5867303134701971,0.06333604316015076,0.15403317427857308,4407,6,4,1385,13,11,0.08333333333333334,0,1.528,1.4945054945054945,324.24037203700595,321.3478785023359,327.1299759677453,-25.767260171424144,-25.529243204408797,0.10311510911211061,10.922033144255366,6.022222222222222,0.29855706596363213,,,,,,,,
friction,0,0,0,False,9,100,50,0.001,0.1,0.4,friction_c00_v0_D00,1.5223499361430395,2.7667277472374923,0.726542987730483,10.902222222222223,0.15556660966705677,0.5710384925894211,0.08367556468172485,0.15531599361168152,4391,8,7,1353,12,11,0.15,0,1.4806666666666666,1.563991563991564,325.86947300880917,339.67860637898804,312.0741349766625,-25.454259750958894,-26.279250348116058,0.09578544061302682,10.786341897453008,5.98,0.2947082370693927,,,,,,,,
friction,0,0,8,False,9,100,50,0.001,0.1,0.4,friction_c00_v0_D08,1.6168582375478928,2.8144816480648567,0.7230645362382727,11.29,0.16866086527445334,0.5789111030422878,0.0900627542928074,0.1686600092893637,4310,4,7,1296,12,13,-0.26666666666666666,0,1.6188888888888888,1.6148296148296148,314.0419057417882,316.7929355228606,311.2936242422153,-26.704447817621617,-26.722558238973775,0.1082791937364651,11.25125125125125,6.122222222222222,0.3317662912262577,,,,,,,,
friction,0,1,-1,False,9,100,50,0.001,0.1,0.4,friction_c00_v1_A,1.6704980842911878,2.781164973069021,0.719879778079803,11.29888888888889,0.18516741693345473,0.576189077072876,0.10818576678917474,0.18487166831194474,4060,8,7,1221,12,13,-0.6666666666666667,0,1.6004444444444443,1.7404817404817405,291.1743612898289,301.18112627055285,281.17759307731745,-26.448529471592728,-27.457428258453195,0.09450830140485313,11.1889667445223,5.943333333333333,0.35597104548835334,,,,,,,,
friction,0,1,0,False,9,100,50,0.001,0.1,0.4,friction_c00_v1_D00,1.6016436226331279,2.7802765284024655,0.7153650161170705,11.36888888888889,0.17250952219934035,0.597372573946965,0.10875017416747945,0.17245854361932228,4168,7,10,1181,15,17,0.5188329934285483,0,1.5855555555555556,1.6177156177156178,310.32985380054464,318.8713717365515,301.7968688494889,-26.625534484865614,-26.932234082238786,0.1015603309456383,11.140028917806696,6.1322222222222225,0.3264775261588825,,,,,,,,
friction,0,1,8,False,9,100,50,0.001,0.1,0.4,friction_c00_v1_D08,1.6448442445443945,2.875340107723916,0.723008866572469,11.408888888888889,0.17189328775842308,0.5644452004439298,0.10239000543183052,0.1719369894982497,4293,8,9,1270,13,11,-0.26666666666666666,0,1.62,1.6696636696636697,280.4078707566401,287.12708701120863,273.69536700582233,-26.917893066542046,-27.61216369065172,0.08862235548892221,11.320209097986876,6.1755555555555555,0.3316607194911128,,,,,,,,
friction,1,0,-1,False,9,100,50,0.001,0.1,0.4,friction_c01_v0_A,1.6256316286301293,2.7956021989005495,0.7122912921525475,11.351111111111113,0.17031519813537124,0.5713639176826126,0.09787760148361838,0.17063715155774187,4279,10,7,1277,11,13,0.619252282479235,0,1.7115555555555555,1.5397935397935398,289.3428379871905,270.80501040084937,307.8621462652535,-27.783622823047903,-25.86070858281539,0.08834471653062358,11.696140585029474,6.023333333333333,0.33013095566484024,,,,,,,,
friction,1,0,0,False,9,100,50,0.001,0.1,0.4,friction_c01_v0_D00,1.6874895885390637,2.811149980565273,0.708345313947023,11.543333333333333,0.19450819700316266,0.5764108343990003,0.15597908808153002,0.19459007967103575,3898,7,7,1184,11,11,0.11666666666666665,0,1.532888888888889,1.841935841935842,279.88981457903805,311.41907482128624,248.39205209926965,-25.995879827975294,-28.68288260640059,0.09734021877949914,11.079968857746636,6.147777777777778,0.3680262747311657,,,,,,,,
friction,1,0,8,False,9,100,50,0.001,0.1,0.4,friction_c01_v0_D08,1.5772113943028485,2.762396579488034,0.7156472513910299,11.193333333333333,0.16310872331316387,0.5685588501367459,0.08236626096801584,0.16294972324723248,4340,4,8,1272,12,14,-0.39999999999999997,0,1.5815555555555556,1.572871572871573,311.14051760311537,307.36764767908795,314.9096184263196,-26.455744058156444,-26.084699133621015,0.10044977511244378,11.195640084528973,6.105555555555555,0.3170867939523037,,,,,,,,
friction,1,1,-1,False,9,100,50,0.001,0.1,0.4,friction_c01_v1_A,1.4612693653173414,2.71664167916042,0.7241540193124796,10.898888888888889,0.14806118921715583,0.5852359835306393,0.06441014669926651,0.14739688979039894,4446,9,6,1392,10,12,0.06666666666666667,0,1.5822222222222222,1.3404373404373404,325.11636315320845,298.08373380506913,352.1219868776233,-26.344338380228738,-24.19371807011068,0.10128269198733966,11.280169057946836,6.055555555555555,0.28174753670411373,,,,,,,,
friction,1,1,0,False,9,100,50,0.001,0.1,0.4,friction_c01_v1_D00,1.5721028374701538,2.7530679104891997,0.7253948993547072,11.128888888888888,0.16856114964281488,0.5821560915868965,0.09975168499467896,0.1682101727447217,4174,6,9,1222,9,11,0.5333333333333333,0,1.6546666666666667,1.4896214896214897,307.5201452186788,283.9141033417042,331.10260463623587,-27.104793843437957,-25.723806671400382,0.10178244211227719,11.37137137137137,6.087777777777778,0.32023830105877416,,,,,,,,
friction,1,1,8,False,9,100,50,0.001,0.1,0.4,friction_c01_v1_D08,1.6503970237103671,2.7987117552334944,0.6988725149373077,11.377777777777778,0.180519616795122,0.5616578919483656,0.1077079107505071,0.18025353486104342,4108,6,9,1221,14,10,-0.5833333333333334,0,1.722,1.5788655788655788,283.4093743562707,270.7523518796139,296.0537524548289,-27.815491463187136,-26.228439135404287,0.08895552223888056,11.56934712490268,6.061111111111111,0.3418319204757542,,,,,,,,
friction,2,0,-1,False,9,100,50,0.001,0.1,0.4,friction_c02_v0_A,1.6752734743739242,2.870897884391138,0.711669633673968,11.505555555555555,0.17897165281551058,0.5452161419290356,0.12217707014855772,0.17910109680495948,4199,5,6,1347,12,15,0.25,0,1.626,1.7244977244977244,292.51805064745605,310.48390600236485,274.5701431999946,-26.576508209222478,-27.81639569363589,0.10144927536231885,11.342453564675786,6.213333333333333,0.3432535877306703,,,,,,,,
friction,2,0,0,False,9,100,50,0.001,0.1,0.4,friction_c02_v0_D00,1.6537286912099505,2.8130379254817037,0.7115839874527875,11.548888888888888,0.17857225422569542,0.5623703235667995,0.10897435897435898,0.17831571359923115,4169,7,7,1245,13,14,0.6333333333333333,1,1.5602222222222222,1.7471417471417472,288.6783466833615,308.7364476028924,268.6402838266874,-26.357134471271284,-27.855599241665622,0.09567438502970736,11.364698031364698,6.0633333333333335,0.3470700854021715,,,,,,,,
friction,2,0,8,False,9,100,50,0.001,0.1,0.4,friction_c02_v0_D08,1.52023988005997,2.7224165694930313,0.7217067458817726,11.16888888888889,0.15893842880323178,0.5947812124655569,0.0664612676056338,0.15889741800418702,4303,4,6,1250,9,9,0.11715583722580122,0,1.4557777777777778,1.5846375846375846,315.73154495714846,329.7315405088838,301.74553541495527,-25.115775456654198,-26.47597777715469,0.10278194236215225,10.962073184295406,6.102222222222222,0.2952995628037295,,,,,,,,
friction,2,1,-1,False,9,100,50,0.001,0.1,0.4,friction_c02_v1_A,1.688044866455661,2.894108501304903,0.7167146381413505,11.377777777777778,0.17996150026099636,0.5630548467512942,0.11795413995902994,0.18009028272748873,4217,8,7,1305,13,12,0.21757512627648798,0,1.5866666666666667,1.7893217893217894,278.16448505815373,287.3823317413339,268.9558470130187,-26.820195070724267,-28.329247561094792,0.09128768948858904,11.21121121121121,6.114444444444445,0.33820323478024417,,,,,,,,
friction,2,1,0,False,9,100,50,0.001,0.1,0.4,friction_c02_v1_D00,1.5314564939752346,2.8093730912321617,0.7404882003792389,11.044444444444444,0.15600471969578433,0.5877099092448616,0.07346075284505399,0.15557823129251705,4419,9,8,1353,13,13,0.2333333333333333,0,1.4704444444444444,1.5924075924075924,314.8265923740039,338.1988263988741,291.4777072342735,-25.16393035605216,-26.66183476192225,0.10361485923704815,10.875319764208653,6.216666666666667,0.29238677792396034,,,,,,,,
friction,2,1,8,False,9,100,50,0.001,0.1,0.4,friction_c02_v1_D08,1.7204730967849409,2.789716252984619,0.685897711199332,11.69111111111111,0.19863645205386335,0.5452897926579617,0.148039979231568,0.1979134466769706,3890,8,8,1129,11,12,0.2833333333333333,1,1.6593333333333333,1.7815517815517816,264.88666577729083,272.525904907131,257.25505825497305,-27.432323305189648,-28.06567357658537,0.08440224332278305,11.402513624735846,6.081111111111111,0.38055131082156274,,,,,,,,
friction,3,0,-1,False,9,100,50,0.001,0.1,0.4,friction_c03_v0_A,1.5521128324726525,2.7758343050696874,0.7152595071992917,11.255555555555556,0.15994057268911072,0.5696489126375361,0.09542643463253273,0.16008519456596826,4349,6,8,1325,13,11,-0.75,0,1.490888888888889,1.6132756132756132,311.8391134882893,324.54257698682056,299.1483407624839,-25.495085400396178,-26.643069976430283,0.10056083069576323,10.999888777666555,6.15,0.30865900220758624,,,,,,,,
friction,3,0,0,False,9,100,50,0.001,0.1,0.4,friction_c03_v0_D00,1.6020878449664058,2.859903381642512,0.7201065312222864,11.246666666666666,0.16372737842470605,0.5892480069015279,0.09007878407585582,0.16318781264211005,4406,8,7,1343,14,13,0.6,1,1.6415555555555557,1.5626595626595627,302.71575139209716,288.34663805930956,317.0705099663105,-27.014888765482688,-26.2795441493401,0.0983397190293742,11.444778111444778,6.091111111111111,0.3225447424139451,,,,,,,,
friction,3,0,8,False,9,100,50,0.001,0.1,0.4,friction_c03_v0_D08,1.531789660725193,2.806485646065856,0.7253877280612864,10.876666666666667,0.15586588866286138,0.5760966599137938,0.07218374043018592,0.15550022634676328,4426,8,8,1377,12,12,0.11666666666666665,0,1.4982222222222221,1.5653235653235653,317.9348291909145,327.1657562452706,308.7131238419075,-25.680449522402814,-26.27946519632114,0.09528569048808928,10.766321877432988,6.104444444444445,0.2976982364449522,,,,,,,,
friction,3,1,-1,False,9,100,50,0.001,0.1,0.4,friction_c03_v1_A,1.7373535454494975,2.848020434227331,0.7166308502264749,11.806666666666667,0.1926412056838398,0.5604658001163171,0.13530696121243257,0.19309918377442495,4049,6,3,1178,12,10,-0.016666666666666666,0,1.6868888888888889,1.7877677877677878,272.6006620996007,286.5125762030118,258.7026460122769,-27.331613348500156,-28.52574665761999,0.09112110611360986,11.564898231564898,6.0633333333333335,0.36346985672285076,,,,,,,,
friction,3,1,0,False,9,100,50,0.001,0.1,0.4,friction_c03_v1_D00,1.6796046421233828,2.818257537897718,0.7095605651495128,11.39777777777778,0.17972040921388777,0.5521848185479207,0.10879245032232339,0.17959914101646388,4197,6,8,1202,15,13,0.2833333333333333,0,1.652,1.7071817071817073,277.7531893293998,282.0035765464402,273.5070482534353,-27.0289997876121,-27.689310836654883,0.08195902048975512,11.226782337893448,6.064444444444445,0.3406924423354327,,,,,,,,
friction,3,1,8,False,9,100,50,0.001,0.1,0.4,friction_c03_v1_D08,1.5993114553834193,2.8011549780665224,0.726103019184764,11.233333333333333,0.169989466622522,0.5709665729399764,0.09702845982142858,0.16964539007092203,4238,8,6,1295,11,12,0.5499999999999999,1,1.6206666666666667,1.577977577977578,294.5185971379436,290.0790988879789,298.95366032472157,-26.876210126290285,-26.35006611218462,0.09928369148758955,11.313535757980203,6.068888888888889,0.3233963554751818,,,,,,,,
halfdt,0,0,-1,False,9,100,50,0.0005,1,0.4,halfdt_c00_v0_A,1.6784940862901883,2.847798323060692,0.7130406520395174,11.297777777777778,0.18525235703858953,0.5979910500202866,0.13197767145135567,0.1850933202357564,4080,8,4,1224,14,11,-0.13333333333333333,0,1.7017777777777778,1.6552336552336553,289.2439953084014,289.53661667494,288.95166627090043,-27.410672602970877,-27.17160060019436,0.09078793936365151,11.538204871538204,6.082222222222223,0.34667510105517346,0.19445746964102475,1.1945584456568512e-05,0.0005670329168503725,7.082428915234762,0.6333987413822555,0.0,-0.6333333333333333,0.01602662804438637
halfdt,0,0,0,False,9,100,50,0.0005,1,0.4,halfdt_c00_v0_D00,1.6124160142151147,2.7991559775667723,0.737353542373328,11.033333333333331,0.17243298358828266,0.592507236098542,0.0967741935483871,0.17214268670961586,4199,8,8,1244,12,12,0.016666666666666666,0,1.6866666666666668,1.5382395382395382,303.21813503816855,286.4856617337024,319.9338925850878,-27.29388005244045,-25.772228346118712,0.098783941362652,11.260149037926816,5.957777777777777,0.3218877192766788,0.06696717448625053,9.930508232838567e-06,0.0004816237538248325,6.283638646191895,0.5583650085124741,0.0,-0.06666666666666667,0.014571232159227065
halfdt,0,0,8,False,9,100,50,0.0005,1,0.4,halfdt_c00_v0_D08,1.62751957354656,2.7994891443167305,0.7120649042018965,11.219999999999999,0.1746045612467764,0.5914134697351359,0.10997530186608123,0.1739431573919274,4195,8,9,1220,13,10,0.06666666666666667,0,1.6333333333333333,1.6217116217116216,299.41371096404623,300.16486536251597,298.6633069695709,-26.58166833456842,-26.730332134314708,0.09917263590427008,11.204537871204538,5.932222222222222,0.33737084049743,0.018809974533542842,1.1398137201282782e-05,0.0005472152479136924,6.661738967526552,0.6295661352263235,0.0,0.5499999999999999,0.0078083934226640395
halfdt,0,1,-1,False,9,100,50,0.0005,1,0.4,halfdt_c00_v1_A,1.6248542395468932,2.8452440446443443,0.7381890552205851,11.264444444444443,0.17198494061164338,0.5678820178720094,0.09302805280528052,0.17175914994096814,4243,8,7,1260,14,12,-0.25,0,1.6028888888888888,1.6467976467976468,290.4174481079192,296.6011721708981,284.23990159145677,-26.7593236641179,-27.249115891409865,0.09389749569659615,11.324657991324658,6.072222222222222,0.3283608321342806,0.02056342175668253,1.4836859600207573e-05,0.0005960639201809825,7.025875000133975,0.6503234235878607,0.0,-0.16666666666666669,0.008455719824780772
halfdt,0,1,0,False,9,100,50,0.0005,1,0.4,halfdt_c00_v1_D00,1.6479538008773391,2.835582208895552,0.7094795625521839,11.266666666666667,0.1762737905864287,0.5820508025423462,0.11014080693203358,0.17608384945212008,4206,8,5,1262,12,12,0.21666666666666667,0,1.6602222222222223,1.6356976356976356,293.53126231150986,293.07637565518934,293.98569453560634,-27.157175751891756,-26.898286877222173,0.09506357932145039,11.378044711378044,6.04,0.34120383533245896,0.07590704873719162,1.1967006843159376e-05,0.0005410775318921148,6.239764680345308,0.5825273858587369,0.0,-0.26666666666666666,0.008442608722333489
halfdt,0,1,8,False,9,100,50,0.0005,1,0.4,halfdt_c00_v1_D08,1.5998667333000167,2.7701704703203953,0.7129688722129116,11.115555555555554,0.17202728437143974,0.593935969815507,0.10057973039044493,0.17095693779904306,4190,10,6,1213,14,11,-0.049999999999999996,0,1.5846666666666667,1.615051615051615,305.3543781997882,310.96727613759174,299.74708755263174,-26.171389763331344,-26.558604138573692,0.10355933144538841,11.066622177733288,6.014444444444444,0.3434684046236964,0.018797465118321744,1.0763766757272587e-05,0.00048651842637078196,6.282441366083067,0.6086496796882364,1.0,0.5499999999999999,0.012290066925288556
halfdt,1,0,-1,False,9,100,50,0.0005,1,0.4,halfdt_c01_v0_A,1.5989782886334611,2.828141484813149,0.7341786050526012,11.146666666666667,0.16538160388815784,0.6046440660410602,0.09076933827125987,0.16480627306273066,4346,10,8,1266,14,13,0.18333333333333335,0,1.6024444444444443,1.5955155955155955,305.6856544410271,303.09420514133814,308.27451488027697,-26.516139361560533,-26.42546860646102,0.09600755177966572,11.106662217773328,6.053333333333334,0.3137581176916995,0.03863371994968117,1.0179470260780363e-05,0.0005594713786410961,6.55096767156184,0.5986505908516867,0.0,-0.08333333333333334,0.014232960167532838
halfdt,1,0,0,False,9,100,50,0.0005,1,0.4,halfdt_c01_v0_D00,1.6247431839635738,2.7760564162363264,0.7267048853520102,11.296666666666665,0.17210675372989998,0.566875116030028,0.10097540870998764,0.1723053181386515,4219,7,7,1226,13,12,0.11666666666666665,0,1.6493333333333333,1.6001776001776002,299.01337156663317,294.7781823645636,303.24432981045896,-27.042617373576732,-26.59683432520279,0.09850630240435337,11.498164831498164,6.122222222222222,0.3367178014391719,0.025926290178364023,9.046065410428202e-06,0.00045639939773689644,6.394948405417039,0.6328859231456915,1.0,0.39999999999999997,0.014607337734418024
halfdt,1,0,8,False,9,100,50,0.0005,1,0.4,halfdt_c01_v0_D08,1.5665500583041811,2.797156977067022,0.7299115383915457,11.030000000000001,0.16679846438706467,0.5627026086944792,0.0894013808812015,0.1668724768463548,4217,6,9,1307,10,13,0.3666666666666667,1,1.5955555555555556,1.5375735375735375,308.65995535503515,301.3636876153056,315.94893411600384,-26.400055510308402,-26.036116806518578,0.1026708867788328,11.235680124569013,6.088888888888889,0.3216190608925896,0.031113878128533324,1.0482711324370695e-05,0.0004899727387686849,6.6561754777064115,0.664737465837531,0.0,-0.19999999999999998,0.018821031849086012
halfdt,1,1,-1,False,9,100,50,0.0005,1,0.4,halfdt_c01_v1_A,1.6201899050474762,2.81781331556444,0.7244880538376111,11.294444444444444,0.17361026142797123,0.5546461547617758,0.1026152787336545,0.17352800382958353,4183,5,8,1256,11,11,0.6166666666666666,0,1.6224444444444444,1.617937617937618,291.4063543854698,298.22824362473585,284.5912802203688,-26.78003292983725,-26.93996357392616,0.09167638403020711,11.22900678456234,6.071111111111111,0.3254729628074923,0.013685198247873096,1.2157765224253416e-05,0.0005867970554794491,7.026221696618977,0.6692968934529608,1.0,0.2333333333333333,0.013780380591981611
halfdt,1,1,0,False,9,100,50,0.0005,1,0.4,halfdt_c01_v1_D00,1.5765450608029319,2.794380587484036,0.7269247473414544,10.976666666666667,0.16585053495038085,0.6026969895922341,0.08941709111488398,0.1655935378131585,4278,7,6,1278,11,12,0.26666666666666666,0,1.541111111111111,1.611943611943612,305.48405472127797,310.00868103259916,300.9639485161619,-26.124665525961444,-26.60043966601742,0.09223166194680438,10.79079079079079,5.9911111111111115,0.311306485962922,0.01655643897898428,1.073296900451307e-05,0.0004941902993915436,6.2724217301819305,0.5850551696046975,0.0,0.19999999999999998,0.01639538661075335
halfdt,1,1,8,False,9,100,50,0.0005,1,0.4,halfdt_c01_v1_D08,1.6183019601310455,2.8191459825642733,0.7121158663375398,11.13,0.17138706466609346,0.5775956544675167,0.09888214187137731,0.17112792622369355,4236,7,9,1302,13,11,0.08333333333333334,0,1.6726666666666667,1.563991563991564,296.08047698739375,283.41629245774413,308.7320099840467,-27.265308383046055,-26.32407924008099,0.09206507857182519,11.23123123123123,6.028888888888889,0.32362474581465134,0.011437930546588268,9.408835921210344e-06,0.0005000331597481454,6.663460379973214,0.6061635741327474,0.0,-0.09999999999999999,0.015714178791682798
halfdt,2,0,-1,False,9,100,50,0.0005,1,0.4,halfdt_c02_v0_A,1.5855405630518074,2.8048198123160644,0.7332697035439559,11.09,0.16630270709431513,0.584622494401288,0.08874032371569317,0.1662619659117441,4288,5,7,1286,17,12,0.09999999999999999,0,1.5433333333333332,1.6277056277056277,302.47614235950533,305.14884804874856,299.8061067059156,-26.0140396300652,-26.74734720396385,0.09700705202954078,10.944277610944278,6.162222222222222,0.3125636366654204,0.12725349798545363,9.775786328418752e-06,0.0005195899784396529,6.518094238436008,0.6741788155650434,0.0,-0.6333333333333333,0.010864282818658921
halfdt,2,0,0,False,9,100,50,0.0005,1,0.4,halfdt_c02_v0_D00,1.603420511966239,2.791048919984452,0.7236369565213707,11.194444444444445,0.1696982902806708,0.5564734334860624,0.09667316258351893,0.16904032067908514,4248,7,6,1269,15,10,-0.3666666666666667,0,1.6415555555555557,1.5653235653235653,302.7970439210813,290.6204526643771,314.9614707509556,-27.008715577099444,-26.13670230004271,0.09795102448775612,11.380269158046936,6.153333333333333,0.3155495538045756,0.0845156954030383,1.1062660842912581e-05,0.0004900008933238054,6.080840814052753,0.6367186785540453,0.0,-0.6666666666666667,0.009177472439603207
halfdt,2,0,8,False,9,100,50,0.0005,1,0.4,halfdt_c02_v0_D08,1.5846521183852518,2.7997112554833694,0.7030492710436717,11.033333333333335,0.1688229476698025,0.5649627812439715,0.08889201944072692,0.16867584242999528,4221,7,9,1354,13,15,-0.27731092436974797,0,1.5522222222222222,1.6170496170496171,304.6986720343737,311.0601195747017,298.34357958649366,-26.229740257825185,-26.68699666225751,0.09822866344605476,11.024357691024358,6.123333333333333,0.31839262748854474,0.05581371786053114,9.886164786736633e-06,0.0005145521840715884,6.61961716893952,0.6107220999024959,0.0,0.41666666666666663,0.008206653692525379
halfdt,2,1,-1,False,9,100,50,0.0005,1,0.4,halfdt_c02_v1_A,1.5899827863845855,2.7794991393192294,0.7311921917308668,11.057777777777776,0.1704159924621041,0.5776010927790253,0.09848378492208339,0.17017397521449001,4203,7,5,1328,12,13,0.7999999999999999,1,1.6166666666666667,1.5633255633255634,306.69895859516254,301.70122414656873,311.6917003020494,-26.42700784318387,-26.120852770974373,0.10100505302904103,11.237904571237904,6.038888888888889,0.32732122183801254,0.011741975072086474,1.098821242030085e-05,0.0005332388792465545,6.862450156261887,0.6042707988069795,0.0,-0.16666666666666669,0.011542683110093321
halfdt,2,1,0,False,9,100,50,0.0005,1,0.4,halfdt_c02_v1_D00,1.6033094563829196,2.7808318063190627,0.7150737698700124,11.255555555555553,0.1697258508420962,0.5983216525240742,0.08383775133931677,0.16931335535630015,4247,9,9,1167,11,12,-0.016666666666666666,0,1.6284444444444444,1.5781995781995781,301.8317989862357,294.49979908777124,309.156474209477,-26.908818822534,-26.439065100193964,0.10117163640402022,11.262373484595706,6.11,0.3225784435253446,0.052814939520171404,1.0752514856547791e-05,0.0005628517993347756,6.273180637177889,0.5709142779903754,0.0,-0.31666666666666665,0.008922997549461797
halfdt,2,1,8,False,9,100,50,0.0005,1,0.4,halfdt_c02_v1_D08,1.614970292631462,2.807485146315731,0.7097374494913059,11.336666666666666,0.17052655243656414,0.5672230995231555,0.10362945039751123,0.1702140169332079,4262,10,6,1221,12,13,0.2333333333333333,1,1.6126666666666667,1.6172716172716173,294.18282839664187,296.7321832533195,291.63602034801283,-26.782828985060448,-26.967421635804737,0.09933921927924927,11.36914692470248,6.14,0.3303704249695348,0.052042725683738085,1.1053922198487209e-05,0.0005082102289075444,6.456255749242117,0.5924754266494071,0.0,-0.7833333333333333,0.021486203300185025
halfdt,3,0,-1,False,9,100,50,0.0005,1,0.4,halfdt_c03_v0_A,1.595535565550558,2.8051529790660226,0.728909502192337,11.085555555555555,0.1683341890468913,0.5948659971107224,0.08931441749947586,0.1684892764553382,4248,5,8,1247,16,14,-0.48333333333333334,0,1.5735555555555556,1.6174936174936174,302.84834485540205,307.30053880277086,298.4005986542345,-26.46633852938419,-26.588901603457543,0.0940085512799156,10.975419864308753,5.9911111111111115,0.3241284403669725,0.03157823333493871,1.4875830133648681e-05,0.0005335428747889685,6.832764976004738,0.5679979122910415,1.0,0.45,0.020793117990820065
halfdt,3,0,0,False,9,100,50,0.0005,1,0.4,halfdt_c03_v0_D00,1.5699927813870842,2.7974901438169804,0.7245399716912884,10.856666666666667,0.16228693989788814,0.5801037190077357,0.08172700761078312,0.16205305651672433,4341,6,7,1329,12,14,0.6166666666666666,0,1.5991111111111111,1.540903540903541,309.3106903850479,305.759186813327,312.8586460011527,-26.518523574487343,-26.04997664095247,0.09567438502970736,11.057724391057723,6.061111111111111,0.31329380086661285,0.013622104542387293,8.795203129302312e-06,0.00044014456640877086,6.741647418913726,0.6001802161676588,0.0,0.31666666666666665,0.013375327246279767
halfdt,3,0,8,False,9,100,50,0.0005,1,0.4,halfdt_c03_v0_D08,1.6320728524626575,2.7751679715697706,0.7268693880986674,11.076666666666666,0.17756411624104151,0.5830942178160918,0.10526675786593707,0.17753763963088875,4124,6,10,1173,15,12,0.09999999999999999,0,1.608,1.656121656121656,296.39431780099807,292.89785985116,299.88728278585126,-26.79919872643111,-26.97794904530593,0.0948969959464712,10.986542097653208,6.057777777777778,0.3397818986936111,0.02429939292594534,9.955831888486013e-06,0.0005056212083620437,6.431842907702794,0.5901356810499323,1.0,0.8333333333333333,0.014463335924091325
halfdt,3,1,-1,False,9,100,50,0.0005,1,0.4,halfdt_c03_v1_A,1.6643900272086178,2.7786106946526736,0.7161237111642524,11.408888888888889,0.18341037289803994,0.5734817004576762,0.10997785680735422,0.18264655383860684,4086,9,8,1190,13,11,0.3,0,1.6566666666666667,1.6721056721056722,290.4338637962074,291.93598611551033,288.9332420986021,-27.071586316488364,-27.008852911826622,0.09822866344605476,11.346902458013568,6.056666666666667,0.357264233297482,0.09488201941196436,1.177483823671778e-05,0.0005411035324366657,6.6074575859202005,0.6342852493063917,0.0,0.6833333333333333,0.010406857507121003
halfdt,3,1,0,False,9,100,50,0.0005,1,0.4,halfdt_c03_v1_D00,1.6637236937087012,2.772058415236826,0.698282194205342,11.387777777777778,0.18686546616033167,0.5804580224292206,0.12156178719978532,0.18648547094188378,4001,9,8,1153,12,11,-0.2833333333333333,0,1.6668888888888889,1.6605616605616607,292.4404480815237,293.1156717345628,291.7658989775885,-27.096091698292042,-27.170998192755544,0.09500805152979067,11.447002558113669,6.043333333333333,0.3527399886423251,0.020496710245094092,1.2745589176056217e-05,0.000552083945529696,6.393761038331632,0.6270279176285471,0.0,0.09999999999999999,0.012665931594341373
halfdt,3,1,8,False,9,100,50,0.0005,1,0.4,halfdt_c03_v1_D08,1.5883169526347938,2.788716752734744,0.7305637798944786,10.982222222222223,0.16918468560473784,0.5745445648382708,0.09370383397819206,0.16882855110267966,4227,10,7,1283,13,14,-0.3,0,1.5868888888888888,1.5897435897435896,302.0732198746414,306.7156721411749,297.43540542256,-26.19930711111272,-26.570316485302875,0.09589649619634627,11.01101101101101,6.135555555555555,0.3155390897345302,0.04018087631187129,1.0112769771405202e-05,0.0005290954558909731,6.09199513895699,0.6302473278959168,0.0,-0.31666666666666665,0.013734967409504861
long,0,0,-1,False,9,300,100,0.001,1,0.4,long_c00_v0_A,1.5992890073876576,2.8033846210816717,0.7242367221878194,11.181851851851853,0.1684221618500317,0.5778398845346705,0.08853478069259851,0.16835181136789507,12816,8,9,3793,12,12,-0.36820405985251814,0,1.5884444444444445,1.6101299566811063,297.1457900454675,300.62378074189525,293.66895829295726,-26.559028265106285,-26.71405467985917,0.09131811364772538,11.094809380904744,6.013333333333334,0.3232914440024263,,,,,,,,
long,0,0,0,False,9,300,100,0.001,1,0.4,long_c00_v0_D00,1.600918365457609,2.7884611823955265,0.7146373096017227,11.096666666666668,0.17022819929931593,0.5801691057113761,0.09790112588611408,0.17030707293969055,12674,6,6,3850,11,12,0.15,0,1.610148148148148,1.5916916583361103,300.9071156992977,301.4829489520301,300.3314743270228,-26.5065682367986,-26.501540904063397,0.09729859838175119,11.130376792264087,6.1,0.32055398409522695,,,,,,,,
long,0,0,8,False,9,300,100,0.001,1,0.4,long_c00_v0_D08,1.615434464626266,2.803532744542576,0.7129801183092034,11.154074074074074,0.17375099077810138,0.5747449379038176,0.10082200587803086,0.17374321736354933,12539,7,8,3841,12,10,0.049999999999999996,0,1.6165925925925926,1.614276722573957,298.13917018739426,296.1552060581741,300.12247321560505,-26.650868690287073,-26.621565221749407,0.09707641319039419,11.120743951687597,6.045185185185185,0.3295889986181651,,,,,,,,
long,0,1,-1,False,9,300,100,0.001,1,0.4,long_c00_v1_A,1.6224332981540113,2.805754596456146,0.7148827101983599,11.243333333333332,0.1730681205555767,0.5633963830990942,0.10252715837621498,0.1730053823017255,12642,8,9,3795,11,12,-0.5085476277156078,0,1.639925925925926,1.604946499315043,298.97580623255203,299.4521298295548,298.49964135717437,-26.889333696143417,-26.76065059918596,0.09661352737506712,11.345263235893444,6.017777777777778,0.33163441795204834,,,,,,,,
long,0,1,0,False,9,300,100,0.001,1,0.4,long_c00_v1_D00,1.602695846988465,2.798274361680461,0.7126654833667612,11.18037037037037,0.1682265026553993,0.5669811295974886,0.09635151402907677,0.16824056052938888,12853,8,7,3735,12,13,0.45,0,1.616,1.5893961272168537,302.20913572429646,298.5398335807466,305.8772151746963,-26.77424353717252,-26.46198538453777,0.09853913236682775,11.293394094327738,6.019259259259259,0.3262801072693021,,,,,,,,
long,0,1,8,False,9,300,100,0.001,1,0.4,long_c00_v1_D08,1.6274324649595437,2.800088874076543,0.7086361245029246,11.216296296296296,0.17531568932713393,0.568260627128415,0.10820912530197366,0.1753414809489576,12525,6,6,3666,12,11,0.0,0,1.603925925925926,1.6509311710911179,295.7562902143843,300.97684251350705,290.5374775194933,-26.65779242639869,-27.086102237382345,0.09596548723360922,11.106665184691192,6.033333333333333,0.33999427287249295,,,,,,,,
long,1,0,-1,False,9,300,100,0.001,1,0.4,long_c01_v0_A,1.5985854209483605,2.7908681886352276,0.7119725469047512,11.164074074074072,0.16882621928590114,0.5757166772596434,0.10246833387463462,0.1689974131849181,12762,5,6,3805,12,14,-0.06666666666666667,0,1.5996296296296297,1.5975415602206673,303.8587771864903,304.7826887828691,302.9351734580208,-26.512057999344975,-26.557984342192036,0.09655798107722786,11.11629802526768,6.025555555555556,0.323227057289055,,,,,,,,
long,1,0,0,False,9,300,100,0.001,1,0.4,long_c01_v0_D00,1.5921050195337814,2.7787961265714975,0.7194524693771444,11.095555555555556,0.1679574457413347,0.5849739381577611,0.08845454969016447,0.16808219178082193,12781,6,8,3765,14,13,0.3,0,1.5897777777777777,1.5944314858010293,302.7405398646586,301.4618341998125,304.0188194363142,-26.416293934759125,-26.462884047292984,0.09837249347331001,11.055537030862137,5.988518518518519,0.3227586685577779,,,,,,,,
long,1,0,8,False,9,300,100,0.001,1,0.4,long_c01_v0_D08,1.605176914958618,2.7890166453739194,0.7242971226205209,11.20962962962963,0.17278832566409819,0.5776322552297554,0.09506863243518048,0.17277010301046078,12530,7,8,3819,11,12,-0.5833333333333334,0,1.5927407407407408,1.617608945166426,301.5358200621958,304.83935850490667,298.2333824320284,-26.510401551344867,-26.693968028275098,0.1004462219259753,11.162980252676817,6.069629629629629,0.32697576155866886,,,,,,,,
long,1,1,-1,False,9,300,100,0.001,1,0.4,long_c01_v1_A,1.589327704641819,2.80349571367735,0.7194205338868056,11.104074074074074,0.16549003590399064,0.5864619105034511,0.0898779377786076,0.16552509652509653,12954,4,7,3940,11,10,-0.15,0,1.5777037037037036,1.6009478322040802,308.2168837114169,307.58247178081825,308.8510842418387,-26.38257814549284,-26.583699033774153,0.09918717250828565,10.999962950613165,6.111111111111111,0.3176040825142627,,,,,,,,
long,1,1,0,False,9,300,100,0.001,1,0.4,long_c01_v1_D00,1.614767909052195,2.791645836804977,0.7167132843677191,11.143703703703704,0.17291098035939034,0.5759567256523643,0.1034712490523559,0.17291567413053838,12602,8,6,3695,11,12,0.25,0,1.609037037037037,1.6204968714132326,297.4655739037198,297.50279852654336,297.42836168496916,-26.69406877790251,-26.744730481122858,0.09768742246662593,11.170390130043346,6.047407407407407,0.33303231533949584,,,,,,,,
long,1,1,8,False,9,300,100,0.001,1,0.4,long_c01_v1_D08,1.6068803347590217,2.7908681886352276,0.7226973014517938,11.267407407407408,0.1697862424778832,0.5819172268635833,0.09428518672390712,0.16979852618375668,12761,5,9,3691,14,13,0.41666666666666663,0,1.6151851851851853,1.5985782516938798,300.22142786511466,300.1380995237939,300.3047284395773,-26.83879637859911,-26.557019705320577,0.09876131755818475,11.371938794412952,6.092962962962963,0.3224464358043367,,,,,,,,
long,2,0,-1,False,9,300,100,0.001,1,0.4,long_c02_v0_A,1.6062878409154029,2.776463182062249,0.7204925224140188,11.195555555555554,0.17138982333419311,0.584118116634482,0.09686208409337552,0.1713963607594937,12647,7,7,3809,11,12,-0.43333333333333335,0,1.6295555555555556,1.5830278795956902,301.3694174519803,296.3207450619816,306.41640751195905,-26.793005644237613,-26.258750345052903,0.10257549667647985,11.285243229224555,5.982222222222222,0.3230511021935938,,,,,,,,
long,2,0,0,False,9,300,100,0.001,1,0.4,long_c02_v0_D00,1.606954396489474,2.8115684422966543,0.7248924302779213,11.214444444444446,0.16912434130216306,0.5701098116840346,0.09887142560409887,0.16911489228847956,12820,8,5,3700,12,12,0.65,0,1.6237037037037036,1.590210670517235,297.44095660969924,295.2789270899156,299.6022656931218,-26.936424769771246,-26.555309325844274,0.10081653057823696,11.318587677373937,6.04074074074074,0.3254527188018533,,,,,,,,
long,2,0,8,False,9,300,100,0.001,1,0.4,long_c02_v0_D08,1.5809216982354792,2.841341257938492,0.7321983067238765,11.096296296296297,0.164207486766163,0.5885949999617331,0.0917706671671202,0.1642136475662354,12991,7,5,3896,12,11,0.7166666666666667,1,1.59,1.5718464215631827,301.8736645481284,295.5816480508354,308.163584405469,-26.59288561367603,-26.320228906842217,0.09590994093576996,11.143714571523839,6.03037037037037,0.3130329369009586,,,,,,,,
long,2,1,-1,False,9,300,100,0.001,1,0.4,long_c02_v1_A,1.600288840748764,2.7881649354737172,0.7253317295387636,11.184814814814814,0.17077835888833706,0.5858850343389186,0.097451343836886,0.17076643201771732,12650,7,5,3776,14,13,-0.5166666666666667,0,1.61,1.5905809174719538,299.3442632744934,298.45033303285993,300.2378956386721,-26.64365773388164,-26.45305792542035,0.09942787313225573,11.143714571523839,6.044444444444444,0.32686569252488873,,,,,,,,
long,2,1,0,False,9,300,100,0.001,1,0.4,long_c02_v1_D00,1.6334684959914088,2.827973115591846,0.7205442539283835,11.214444444444446,0.17496251039572253,0.5827029556794525,0.09809752996730839,0.17483527824085102,12602,5,7,3869,13,13,0.6,0,1.665925925925926,1.601021881595024,296.29149646978624,289.4122597505253,303.1684408742457,-27.174298415500058,-26.533487774486314,0.0953359625247644,11.386017561409357,6.064444444444445,0.33513185270675677,,,,,,,,
long,2,1,8,False,9,300,100,0.001,1,0.4,long_c02_v1_D08,1.5849950934103576,2.8013849543594587,0.7267866780227199,11.038888888888888,0.16708902718670557,0.5830453861636975,0.09177681600187157,0.16716832147603783,12799,8,6,3836,12,14,0.03347309635022892,0,1.5951851851851853,1.574808397200933,301.11716071314436,300.0880142213192,302.1459642704504,-26.55692760989342,-26.464798790584585,0.09977966635190431,11.13630469415731,6.001111111111111,0.323027165919196,,,,,,,,
long,3,0,-1,False,9,300,100,0.001,1,0.4,long_c03_v0_A,1.588920365124331,2.779610805606473,0.7132938084893942,11.222962962962963,0.16692045576933487,0.5857352485796764,0.09215869311551925,0.1670459859703819,12834,4,9,3705,11,12,0.3,0,1.5673333333333332,1.6105002036358251,300.7586896665737,306.6363913398502,294.88294657432783,-26.29076279650691,-26.78492757731029,0.09479901497898498,11.191878774406282,6.048518518518518,0.3226979303883918,,,,,,,,
long,3,0,0,False,9,300,100,0.001,1,0.4,long_c03_v0_D00,1.630839304560351,2.807050676739062,0.7216230103887293,11.239629629629631,0.17409239997383374,0.577323814816718,0.09997725722083238,0.1740513348649291,12632,9,8,3715,11,12,0.25,0,1.638962962962963,1.6227183531415454,294.880250953412,293.75627916294314,296.0038482114614,-26.884043797859267,-26.807504860680396,0.09365105815697383,11.332666444370345,5.993333333333333,0.33298480367237565,,,,,,,,
long,3,0,8,False,9,300,100,0.001,1,0.4,long_c03_v0_D08,1.5958821677868504,2.778981280897628,0.7138675324823801,11.134074074074073,0.16968639761956972,0.5876303794444171,0.0975615425742114,0.1697191986117684,12688,10,6,3733,13,10,-0.38333333333333336,0,1.5798518518518518,1.6119071420637565,299.3085341898395,300.20356882726753,298.41379779787553,-26.43260086786203,-26.65222038745877,0.09850210150160159,11.131858767737393,6.0414814814814815,0.32513736984411046,,,,,,,,
long,3,1,-1,False,9,300,100,0.001,1,0.4,long_c03_v1_A,1.6162121127960154,2.812346090466404,0.7211873841830811,11.205925925925925,0.17095904463992864,0.5720088497956582,0.095907077106719,0.17078691354150324,12755,9,9,3795,16,14,-0.6,0,1.6257037037037037,1.6067236846976933,299.3848606430021,296.72578413392813,302.04305108859427,-26.85695621873038,-26.642210239940905,0.09624321872280546,11.155570375310287,6.04037037037037,0.32637790206881867,,,,,,,,
long,3,1,0,False,9,300,100,0.001,1,0.4,long_c03_v1_D00,1.5986224518135865,2.7928308244922144,0.7184074892868703,11.124074074074075,0.17100084447743572,0.5826064552515374,0.10119710467706014,0.17104991667327993,12607,6,3,3732,13,14,0.21666666666666667,1,1.5985925925925926,1.5986523010848235,300.32196095247235,298.30959874365874,302.3336525974043,-26.61716040759037,-26.518554711649106,0.10183487937195652,11.228187173502278,5.985555555555556,0.32744305553857866,,,,,,,,
long,3,1,8,False,9,300,100,0.001,1,0.4,long_c03_v1_D08,1.5687385435760706,2.7884611823955265,0.7336632373439103,11.059259259259258,0.16362600679222705,0.5850449315411765,0.08672624958622972,0.16351612653724187,12937,8,10,3830,13,16,-0.65,0,1.564962962962963,1.5725128660816765,306.79411364823585,308.7722420376642,304.8166444152185,-26.106460489775372,-26.32031698296378,0.10457516339869281,10.962172576043866,5.9837037037037035,0.31570363054474493,,,,,,,,
long,4,0,-1,False,9,300,100,0.001,1,0.4,long_c04_v0_A,1.6263956007332112,2.825158769834657,0.7266709011947414,11.225555555555557,0.16934966679372393,0.587592606636231,0.09663290446208596,0.16950653569494936,12937,8,7,3703,14,13,0.2008385781013735,0,1.6594074074074074,1.5933947943278166,294.9378363771502,285.3394415999181,304.53303275558943,-27.251131760529383,-26.483321902838377,0.09341035753300377,11.319328665110591,6.085555555555556,0.32475196437531406,,,,,,,,
long,4,0,0,False,9,300,100,0.001,1,0.4,long_c04_v0_D00,1.6128423040604343,2.7863874539428615,0.7133655593836824,11.234074074074073,0.174367595007286,0.5848203280872672,0.10443642050550815,0.17429292524637452,12485,4,6,3661,13,15,0.016666666666666666,0,1.6091111111111112,1.6165722536932134,295.27741481177173,297.58734880977505,292.968250535194,-26.690083049921636,-26.815427195998552,0.09692828972948953,11.186691860249711,5.977037037037037,0.3292284058672432,,,,,,,,
long,4,0,8,False,9,300,100,0.001,1,0.4,long_c04_v0_D08,1.6110277916643523,2.789053676239145,0.7159556121637178,11.181851851851851,0.1713286767572578,0.5798991275714848,0.09773951475530593,0.17129177175283736,12694,6,7,3767,15,12,0.31666666666666665,1,1.5914814814814815,1.630567588581584,299.7271681905185,300.147234214063,299.30724214232333,-26.448715213886285,-26.8704151177746,0.0964098576163232,11.126671853580822,6.064444444444445,0.32890040132334286,,,,,,,,
long,4,1,-1,False,9,300,100,0.001,1,0.4,long_c04_v1_A,1.5963265381695644,2.7787961265714975,0.7210410929823634,11.215925925925927,0.1687460499159638,0.584157682998971,0.09692336292234048,0.16858833672989496,12765,7,9,3648,12,14,0.5833333333333334,0,1.6131111111111112,1.5795475582213336,299.8400521672345,298.6255845416079,301.0541151052151,-26.69713210548038,-26.4240790809382,0.10396415412246107,11.32155162832055,6.069259259259259,0.32703602938654813,,,,,,,,
long,4,1,0,False,9,300,100,0.001,1,0.4,long_c04_v1_D00,1.5935121924123756,2.808865189135144,0.7248478540407586,11.14962962962963,0.16646964526268054,0.5871931903165621,0.08525742482078019,0.16629383079185697,12927,8,6,3824,10,12,0.10878756313824399,0,1.6012592592592592,1.5857677070606093,301.66695498324043,301.0551631120267,302.2785429917846,-26.6977405386274,-26.551808881757548,0.09768742246662593,11.2089214923493,6.082962962962963,0.32403690664492923,,,,,,,,
long,4,1,8,False,9,300,100,0.001,1,0.4,long_c04_v1_D08,1.6095465570553056,2.796163602362569,0.7162936639815574,11.144444444444446,0.17012665279726852,0.5806754968690467,0.09231478280907938,0.17011363636363638,12768,8,6,3727,13,12,-0.16666666666666669,0,1.5884444444444445,1.6306416379725277,299.410352743779,305.0855186314247,293.7370779477321,-26.522006411170693,-26.94012066768533,0.1022977651872836,11.044422214812343,6.034074074074074,0.327766451804651,,,,,,,,
long,5,0,-1,False,9,300,100,0.001,1,0.4,long_c05_v0_A,1.6213964339276787,2.8009405839767445,0.7158970782566799,11.223703703703704,0.17437227479821973,0.5793321701958482,0.09894784995425435,0.17449533232266817,12540,7,6,3776,12,12,-0.09999999999999999,0,1.6094814814814815,1.633307416046503,301.0400382668517,302.76168227708195,299.31896794672815,-26.628573496759387,-26.763908863400268,0.10211261086115277,11.194842725352894,6.029629629629629,0.3303116943762051,,,,,,,,
long,5,0,0,False,9,300,100,0.001,1,0.4,long_c05_v0_D00,1.5845877538928697,2.7632061323112813,0.7189979924344305,11.042592592592591,0.1676796251246937,0.5962587526788444,0.09247810407006697,0.16769974074946972,12739,10,8,3763,16,13,-0.4769916229907622,0,1.585037037037037,1.5841386204598467,307.3680056358062,305.3645048900128,309.3708387705546,-26.33521735932739,-26.340650535226878,0.10424188561165731,11.034789374235855,6.002592592592593,0.32360095620723595,,,,,,,,
long,5,0,8,False,9,300,100,0.001,1,0.4,long_c05_v0_D08,1.6066211187024384,2.8069395841433833,0.7176908889376005,11.245925925925926,0.17025129860234595,0.5743805594460407,0.09792517713309792,0.17039220309675393,12732,9,6,3757,12,12,0.08333333333333334,0,1.5948888888888888,1.6183494390758637,301.908833794591,304.00921951992865,299.8091479645299,-26.52989560639527,-26.687598815311585,0.10074246884778462,11.245229891445295,6.08037037037037,0.32915841078933983,,,,,,,,
long,5,1,-1,False,9,300,100,0.001,1,0.4,long_c05_v1_A,1.6149160325130996,2.7993852876372456,0.7149586619129916,11.249629629629629,0.17212644113907447,0.584653295411985,0.10358373535492764,0.17212200332304772,12649,10,9,3632,11,12,0.5,0,1.6206666666666667,1.6091673145988374,296.1631260531918,293.3143975041417,299.01090534247874,-26.852052738657886,-26.587211710824004,0.09418800570275325,11.33192545663369,5.9837037037037035,0.3255128203865107,,,,,,,,
long,5,1,0,False,9,300,100,0.001,1,0.4,long_c05_v1_D00,1.6063619026458553,2.774056175822548,0.7239855140731358,11.195185185185185,0.17363131348453983,0.5763529713374516,0.0968181398355962,0.17345728482128547,12486,8,9,3699,15,14,-0.049999999999999996,0,1.6104444444444443,1.6022807212410677,300.95738599161683,300.03491941153175,301.879545185304,-26.666956206783798,-26.575009464531547,0.09807624655150067,11.162239264940164,5.9618518518518515,0.33402156377187814,,,,,,,,
long,5,1,8,False,9,300,100,0.001,1,0.4,long_c05_v1_D08,1.6262474772723066,2.835601473828436,0.7204718758758727,11.14851851851852,0.17040471409105987,0.5678348870519745,0.09831652903873352,0.17050066081007542,12868,5,7,3797,12,11,-0.48333333333333334,0,1.6006666666666667,1.651819763782443,293.50640568878686,296.173264934396,290.8404351000406,-26.75403072706529,-27.07351823384683,0.09072561980410672,11.054796043125485,6.048148148148148,0.32811451093896365,,,,,,,,
long,6,0,-1,False,9,300,100,0.001,1,0.4,long_c06_v0_A,1.614990094243552,2.7797959599326036,0.7081873880649314,11.235185185185184,0.17512535716518765,0.5771340836754226,0.10574781270810849,0.17515288059221115,12438,10,7,3689,13,11,-0.2333333333333333,0,1.5971851851851853,1.6327890703098966,296.3681503600477,299.3996653270657,293.337645561296,-26.48218377806685,-26.950365410783395,0.09420652113536633,11.024415545922713,5.95925925925926,0.33639211125761986,,,,,,,,
long,6,0,0,False,9,300,100,0.001,1,0.4,long_c06_v0_D00,1.6054731618804274,2.7889055527782407,0.7130664746553834,11.139259259259259,0.1716691176631518,0.5646068496510702,0.1024284294923635,0.17158090858637914,12622,9,6,3761,14,12,0.3666666666666667,0,1.6308888888888888,1.5800659039579399,303.24915927235924,293.10909602728464,313.38584362265044,-26.87938870813796,-26.27361342679951,0.1007794997130108,11.28153829054129,6.028148148148148,0.3303905173226509,,,,,,,,
long,6,0,8,False,9,300,100,0.001,1,0.4,long_c06_v0_D08,1.613434797904053,2.810198300283286,0.7219608083694123,11.127777777777778,0.16964948014933257,0.5779679149374572,0.09678234888531372,0.16976599063962558,12824,4,10,3733,13,11,0.0,0,1.6062962962962963,1.6205709208041763,293.8452396166656,293.5741551405145,294.11623376143507,-26.5975638283873,-26.795990801021347,0.09631728045325778,11.075543699751767,6.004814814814814,0.3301052528608176,,,,,,,,
long,6,1,-1,False,9,300,100,0.001,1,0.4,long_c06_v1_A,1.591549556555389,2.780536577237127,0.7154805403609523,11.191851851851851,0.16980116808285733,0.5817298441248689,0.09479423964207485,0.1699319512581105,12646,8,5,3766,12,14,-0.21666666666666667,0,1.5937777777777777,1.5893220778259098,299.10972380726076,299.26937408984514,298.9501267237043,-26.530654316269317,-26.464221152047795,0.09715047492084652,11.200770627246117,6.08925925925926,0.32231477811619685,,,,,,,,
long,6,1,0,False,9,300,100,0.001,1,0.4,long_c06_v1_D00,1.6176192856746099,2.797200466588902,0.7278048250887701,11.071111111111112,0.17395800576041337,0.5728158743910403,0.1086472975761884,0.17407555307084102,12530,9,6,3821,11,11,-0.5499999999999999,0,1.6247407407407408,1.6105002036358251,297.2241403245195,295.9446255947024,298.5032286915476,-26.764298801348314,-26.556420297337308,0.09802070025366143,11.079989626171685,6.004074074074074,0.33227517440533383,,,,,,,,
long,6,1,8,False,9,300,100,0.001,1,0.4,long_c06_v1_D08,1.5875131922457368,2.794052843044678,0.7193348164375769,11.133703703703706,0.16809690399386165,0.5810806760095668,0.09301782335490201,0.168237141735375,12742,7,3,3825,12,10,0.2833333333333333,0,1.5816296296296297,1.5933947943278166,299.00535988716047,302.9090570264924,295.10296354660875,-26.398884250319565,-26.632015802018387,0.09515080819863356,11.148160497943758,5.981481481481482,0.32329566967748147,,,,,,,,
long,7,0,-1,False,9,300,100,0.001,1,0.4,long_c07_v0_A,1.592660482512174,2.7897572626784424,0.7228533847878729,11.213333333333333,0.16813620049206449,0.5994072028273346,0.089014136991406,0.16810216694046784,12789,6,6,3740,12,11,0.2333333333333333,0,1.5943703703703704,1.5909511644266725,301.3966405575267,301.426264636636,301.36702634982004,-26.6197020271497,-26.5412461830564,0.09452128348978873,11.250416805601866,6.097037037037037,0.32235521138764484,,,,,,,,
long,7,0,0,False,9,300,100,0.001,1,0.4,long_c07_v0_D00,1.6235071932455702,2.8131607695013794,0.7189056072549795,11.175185185185185,0.17187806909304695,0.5653778417549997,0.09450042269289648,0.1718548767080258,12742,8,8,3788,10,13,-0.2016806722689076,0,1.6106666666666667,1.6363434410751971,297.1451584360464,297.71043691348206,296.58006832198214,-26.58305655393038,-26.90889777579976,0.09131811364772538,11.152606424363675,6.047037037037037,0.33251118348480563,,,,,,,,
long,7,0,8,False,9,300,100,0.001,1,0.4,long_c07_v0_D08,1.619211612879335,2.801459016089911,0.7191596781663109,11.184444444444445,0.17163813609535508,0.5793185303340586,0.10044898520181426,0.17168238993710694,12727,7,10,3725,16,14,0.2333333333333333,0,1.6265185185185185,1.6119071420637565,297.67303022972226,298.6734634370904,296.67293038896776,-26.88272237199226,-26.667629477167807,0.09574330204225222,11.254862732021783,6.015185185185185,0.32985989067157945,,,,,,,,
long,7,1,-1,False,9,300,100,0.001,1,0.4,long_c07_v1_A,1.614545723860838,2.7927197318965358,0.7140534471983969,11.157407407407407,0.17345485320363183,0.5751527294262503,0.1047152902247346,0.17327730423006454,12560,7,7,3739,16,10,0.6166666666666666,0,1.6267407407407408,1.6023547706320116,296.6240625805785,291.78817828468544,301.458335452181,-26.80848050665751,-26.550868097936277,0.1005573145216538,11.194842725352894,5.918888888888889,0.33214046740259145,,,,,,,,
long,7,1,0,False,9,300,100,0.001,1,0.4,long_c07_v1_D00,1.5992890073876576,2.7917569294006555,0.7211682566818681,11.191481481481482,0.17025982393015351,0.580232423073843,0.10187760778859527,0.17024467245461725,12675,5,9,3853,10,12,-0.18333333333333335,0,1.5891851851851853,1.6093894627716687,300.15779163970683,298.2205657437946,302.09437200882934,-26.435231103359015,-26.532085516200308,0.09927974967135107,11.219295320662441,6.0707407407407405,0.3247816821845272,,,,,,,,
long,7,1,8,False,9,300,100,0.001,1,0.4,long_c07_v1_D08,1.6120646558906848,2.7870540095169325,0.7133187142127783,11.207777777777778,0.17373739265334162,0.5778365618599549,0.10200184077312471,0.17384283316012475,12518,9,6,3652,16,16,0.21666666666666667,0,1.6422962962962964,1.5818430893405901,296.2571302559241,293.0319380801182,299.4812477259066,-26.99789598723497,-26.539554946430584,0.09902053361476791,11.199288651772811,6.082592592592593,0.3309448719009971,,,,,,,,
main,0,0,-1,False,9,100,50,0.001,1,0.4,main_c00_v0_A,1.632183908045977,2.8311399855627744,0.7219122298206375,11.133333333333333,0.17048375818438108,0.6024136818842084,0.0866351878464381,0.17028159180823832,4304,7,6,1255,13,10,0.39999999999999997,0,1.6515555555555557,1.612831612831613,300.5895326922196,305.76536892195253,295.4188671280508,-26.850042149733138,-26.871908469863858,0.09439724582153368,11.266822377933488,6.1866666666666665,0.32790224969906984,0.022317619999370805,1.0913674682605306e-05,0.00053449653600549,6.578560658497859,0.6075013787827466,0.0,0.5333333333333333,0.056512269050017494
main,0,0,0,False,9,100,50,0.001,1,0.4,main_c00_v0_D00,1.5926481203842524,2.7786106946526736,0.709511050996054,11.07,0.17224558401423914,0.5881611031443249,0.10653498634166841,0.1724497213472256,4134,7,9,1296,13,15,0.43333333333333335,0,1.5766666666666667,1.6086136086136087,302.65318153825564,305.39524368440385,299.91385871493077,-26.383615548746675,-26.525423424191015,0.09212060636348493,11.104437771104438,6.024444444444445,0.32320332736982066,0.027885502893069302,1.250616926403203e-05,0.000552594381268948,7.053679477800887,0.6482422148437825,0.0,-0.13333333333333333,0.03759488046023307
main,0,0,1,False,9,100,50,0.001,1,0.4,main_c00_v0_D01,1.594313954134044,2.8012660336498416,0.7195045360155135,11.197777777777778,0.16770083941256878,0.5738213081008098,0.08328084540555672,0.16750585480093677,4275,5,7,1305,14,11,-0.35983578576496095,0,1.644,1.5446775446775447,308.053788839651,305.318495928399,310.78634919055224,-26.7728827142747,-26.197492642720878,0.09883946915431173,11.293515737960183,6.114444444444445,0.32169436862898476,0.0517640462899217,9.294005973853496e-06,0.0004679117397131891,6.834736451465049,0.6573973841635798,1.0,0.35,0.046984463649295094
main,0,0,2,False,9,100,50,0.001,1,0.4,main_c00_v0_D02,1.5815425620523071,2.761508134821478,0.7129395608666007,11.221111111111112,0.1694935765505807,0.5664784581421358,0.08849495020834805,0.1689988081048868,4204,9,6,1208,15,13,0.15,0,1.5564444444444445,1.6066156066156065,302.9384430654221,313.9227453272303,291.9651141325468,-26.165366526757232,-26.77149668467646,0.1063357210283747,11.124457791124458,6.0055555555555555,0.33218018489245904,0.027687835196640784,1.0648022220857714e-05,0.00048635674591076806,5.90931967753943,0.6874622344854342,0.0,0.2333333333333333,0.03292581846724829
main,0,0,3,False,9,100,50,0.001,1,0.4,main_c00_v0_D03,1.5958687323005165,2.831362096729413,0.7154560885505094,11.196666666666667,0.166756809642481,0.5893864028228387,0.09414313670673749,0.16703565602423678,4297,6,7,1318,13,16,0.13445378151260506,0,1.548888888888889,1.6428016428016428,303.38558215977537,311.4569524454823,295.3222751810472,-26.099530868492042,-27.054407576691744,0.09106557832195014,10.984317650984318,6.157777777777778,0.31899511152149324,0.08474903985916622,8.487850500362906e-06,0.00047086963629486766,6.619939565403917,0.6607071064753279,0.0,-0.33333333333333337,0.05558372310005666
main,0,0,4,False,9,100,50,0.001,1,0.4,main_c00_v0_D04,1.569437503470487,2.838691765228497,0.7251745419757847,11.126666666666669,0.16032784550549598,0.5988246909547768,0.07873959741091116,0.16012039981826443,4408,6,6,1300,13,13,-0.4666666666666666,0,1.6211111111111112,1.5178155178155177,309.28486556098215,298.30372723888524,320.25503371492516,-26.746579575456636,-25.94471919539744,0.09373091232161697,11.215660104548993,6.167777777777777,0.306677405508892,0.08505689469806209,1.0022773072934266e-05,0.0005169895411585466,6.240092573899317,0.6208681841409042,0.0,-0.16666666666666669,0.07679310614375368
main,0,0,5,False,9,100,50,0.001,1,0.4,main_c00_v0_D05,1.6339607973790882,2.8366927647287468,0.7166162562313421,11.051111111111112,0.1746851836248453,0.5369032276733491,0.10328350058024438,0.17482134349690331,4203,5,8,1306,14,14,0.35146751167740364,0,1.5884444444444445,1.6794316794316795,296.60065727947614,304.2161655853795,288.9927568739783,-26.465849709868106,-27.360622281928,0.09528569048808928,11.017684351017683,6.022222222222222,0.3288129003248013,0.06635322199415969,1.1639679762673914e-05,0.0004898314207381423,6.5406613559930875,0.6080220824457682,0.0,-0.33333333333333337,0.060083611846351914
main,0,0,6,False,9,100,50,0.001,1,0.4,main_c00_v0_D06,1.6037536787161975,2.767838303070687,0.71685759042909,11.14111111111111,0.17181961361733922,0.5803029780312726,0.09575504523312456,0.17151384909264566,4195,7,7,1221,12,12,-0.43333333333333335,0,1.5977777777777777,1.6097236097236096,304.07041480159984,306.708507088772,301.43495797125803,-26.55760116970167,-26.71018230375977,0.10111610861236049,11.015459904348793,6.038888888888889,0.3230055086844369,0.02710455637866392,1.3425811724351747e-05,0.0005572377728548474,6.630584252230147,0.6079342661846222,1.0,0.08333333333333334,0.059969572529439574
main,0,0,7,False,9,100,50,0.001,1,0.4,main_c00_v0_D07,1.562552057304681,2.765839302570937,0.7224448509224337,11.129999999999999,0.16365464354435447,0.5778935334125931,0.08631654162200786,0.16353339560952826,4288,6,10,1277,10,13,-0.03333333333333333,0,1.528888888888889,1.5961815961815962,310.12113611291505,315.13325376559874,305.11402557077355,-26.02977411054225,-26.63921548075996,0.10078294186240214,10.975419864308753,6.038888888888889,0.3152481741169468,0.06064830943815966,9.981623507764174e-06,0.0005694465425831972,6.74579618237327,0.6456871717645156,1.0,0.3,0.03498658334393667
main,0,0,8,False,9,100,50,0.001,1,0.4,main_c00_v0_D08,1.6244100172136153,2.8254761508134822,0.7152256609928975,11.158888888888889,0.1730002987551599,0.581458085907221,0.11225611431712008,0.17267124911116377,4224,5,6,1250,12,14,0.43333333333333335,0,1.6626666666666667,1.5861915861915863,295.3829914119027,289.5934945762103,301.1667045344726,-27.13612291739306,-26.386318431557235,0.09872841357099228,11.277944611277944,5.998888888888889,0.326349842246361,0.03098450507736635,1.0139997236204834e-05,0.0005320311423079429,6.818669845502263,0.6563954725914681,0.0,0.33333333333333337,0.03387053461023015
main,0,0,-1,True,9,100,50,0.001,1,0.4,main_c00_v0_label,1.632183908045977,2.8311399855627744,0.7219122298206375,11.133333333333333,0.17048375818438108,0.6024136818842084,0.0866351878464381,0.17028159180823832,4304,7,6,1255,13,10,0.39999999999999997,0,1.6515555555555557,1.612831612831613,300.5895326922196,305.76536892195253,295.4188671280508,-26.850042149733138,-26.871908469863858,0.09439724582153368,11.266822377933488,6.1866666666666665,0.32790224969906984,,,,,,,,
main,0,1,-1,False,9,100,50,0.001,1,0.4,main_c00_v1_A,1.6131934032983508,2.7968238103170635,0.7174393776557204,11.267777777777779,0.17072457707635824,0.5669918208622095,0.09612456747404845,0.17078121312249236,4247,10,9,1253,14,12,0.16666666666666669,0,1.5324444444444445,1.693861693861694,305.2069588939927,316.55075541362015,293.8744948384207,-25.84239069735553,-27.36610340405938,0.09545227386306847,11.06884662440218,6.058888888888889,0.32431812634534884,0.029612411144375225,1.3099356059624635e-05,0.0005495773391102067,5.915139803806459,0.6111381489091937,0.0,-0.48333333333333334,0.06264715304331503
main,0,1,0,False,9,100,50,0.001,1,0.4,main_c00_v1_D00,1.618857238047643,2.7972680326503414,0.7076530958493912,11.357777777777777,0.1725611452371678,0.5663716580828656,0.10916488518033239,0.1720061655205122,4226,9,7,1232,11,11,0.18333333333333335,0,1.6208888888888888,1.6168276168276168,294.87146306146184,290.8865759554201,298.8523692613037,-27.03118074180626,-26.657549171427373,0.09611860736298518,11.422533644755866,6.0344444444444445,0.33689621593841873,0.029560190935289117,9.904130070631437e-06,0.00047698234505998794,5.5576122874588245,0.6031984498258935,0.0,-0.5,0.03577348049520879
main,0,1,1,False,9,100,50,0.001,1,0.4,main_c00_v1_D01,1.5994225109667388,2.7796101949025487,0.7292539084475599,11.176666666666666,0.17022826724482737,0.6026118703597936,0.09952507333426457,0.17003794166469052,4223,6,6,1212,13,15,-0.33333333333333337,0,1.6115555555555556,1.5873015873015872,300.689707818681,296.73093576152485,304.6445250585972,-26.66489158368315,-26.530029446425672,0.10056083069576323,11.184517851184518,6.025555555555556,0.3212427649614111,0.015008917678988466,1.0131928399351427e-05,0.0005188101627499266,6.424417126234607,0.600278067770863,0.0,0.0,0.04473163467164909
main,0,1,2,False,9,100,50,0.001,1,0.4,main_c00_v1_D02,1.5962018990504747,2.8048198123160644,0.7284010969324101,11.09,0.16568605314671547,0.5749168970648871,0.08051439753983786,0.16532425571197784,4340,7,7,1297,11,13,0.2833333333333333,0,1.5946666666666667,1.5977355977355978,302.6792650333986,300.3094759959789,305.0466866492025,-26.503329051956673,-26.534838863839628,0.09545227386306847,11.155600044488933,6.081111111111111,0.31996688604468737,0.062176715855458205,9.244381139874671e-06,0.0005594717589451631,6.676685241709715,0.6009253208197685,0.0,-0.049999999999999996,0.035649020806857834
main,0,1,3,False,9,100,50,0.001,1,0.4,main_c00_v1_D03,1.5537786662224444,2.7499583541562553,0.7258746551842151,11.037777777777777,0.16237266536270087,0.5916519238224561,0.07841871143636103,0.16232271564752385,4307,6,6,1254,12,11,-0.217575126276488,0,1.518888888888889,1.5886335886335887,312.07878214424625,319.66969778190565,304.4954498388922,-25.812553280647123,-26.393350551484286,0.09822866344605476,10.946502057613168,6.0377777777777775,0.3045166071694139,0.033424766047125236,1.2529072833346557e-05,0.0005156243635609742,6.1541969024769125,0.5976063353044346,0.0,0.3666666666666667,0.06619782735310764
main,0,1,4,False,9,100,50,0.001,1,0.4,main_c00_v1_D04,1.5875395635515575,2.8284746515631074,0.7280213261399786,11.088888888888889,0.16105667107958635,0.5805726317507286,0.07851674977175363,0.16091032301784508,4434,7,8,1340,12,11,-0.03333333333333333,0,1.5873333333333333,1.5877455877455877,305.54643302922756,309.7341667995539,301.3628828091213,-26.312184175639057,-26.545708785390254,0.09745127436281859,11.075519964408853,6.046666666666667,0.3110379900627098,0.03143371122373551,7.288753734934718e-06,0.0004732389629714198,6.574590029844786,0.6393837329879578,1.0,0.6666666666666667,0.042159555729909926
main,0,1,5,False,9,100,50,0.001,1,0.4,main_c00_v1_D05,1.6440668554611584,2.7992670331500915,0.7061809449570762,11.177777777777777,0.17795836360162523,0.5719748342052693,0.11654109821489174,0.17768136900457943,4155,6,6,1222,13,11,-0.15,0,1.6304444444444444,1.6576756576756577,290.88558189040316,296.46619969763026,285.3105391259406,-26.917769840387344,-26.881366572937765,0.09345327336331834,11.224557891224558,5.967777777777778,0.345561762983882,0.01738079318427442,1.206517891685827e-05,0.0005323081197476576,6.718643231411868,0.5999167126112478,1.0,0.35,0.02432928857422212
main,0,1,6,False,9,100,50,0.001,1,0.4,main_c00_v1_D06,1.6448442445443945,2.8253650952301625,0.7263962881303311,11.22888888888889,0.18144848973904662,0.5719924266233845,0.12380370596619833,0.18109801031687547,4078,7,10,1253,9,15,-0.016666666666666666,0,1.5851111111111111,1.7045177045177045,293.0782436967924,299.55426765363654,286.60868929435077,-26.4806503730364,-27.47544502287058,0.09600755177966572,11.222333444555666,6.035555555555556,0.3468890493412067,0.09464441161515323,9.422892547093558e-06,0.0004828647779908902,6.216011901215062,0.6188901278374451,1.0,0.6166666666666666,0.06606426617520356
main,0,1,7,False,9,100,50,0.001,1,0.4,main_c00_v1_D07,1.6104170137153646,2.792270531400966,0.7224156273609725,11.26,0.1725305117474725,0.5833138154958073,0.10157278459086815,0.17247498808956646,4202,4,6,1260,10,15,-0.26666666666666666,0,1.6186666666666667,1.6021756021756022,299.843439491871,298.8210044123657,300.8648531577104,-26.706294520606566,-26.597634007064038,0.09656282969626298,11.200088977866756,6.118888888888889,0.33507383335052787,0.010638246915802044,8.040261290660233e-06,0.0005547565152909579,7.211337222627667,0.5963306408135297,0.0,0.7333333333333334,0.05366494208598738
main,0,1,8,False,9,100,50,0.001,1,0.4,main_c00_v1_D08,1.6154145149647399,2.785607196401799,0.7224835567329077,11.258888888888889,0.1719826714728545,0.5796990273483478,0.10227508471060093,0.17106261859582544,4224,8,9,1210,9,12,0.15,0,1.5748888888888888,1.655899655899656,298.7976027616119,306.2490264729419,291.3536230300136,-26.403629778514883,-27.008721098906367,0.09178743961352658,11.13113113113113,6.061111111111111,0.33332212348087487,0.024944985115678265,9.0309713796809e-06,0.0005082402449737405,5.936507149426184,0.6147814906609872,0.0,0.11666666666666665,0.06619533709343273
main,0,1,-1,True,9,100,50,0.001,1,0.4,main_c00_v1_label,1.6131934032983508,2.7968238103170635,0.7174393776557204,11.267777777777777,0.17072457707635824,0.5669918208622095,0.09612456747404845,0.17078121312249234,4247,10,9,1253,14,12,0.16666666666666669,0,1.5324444444444445,1.693861693861694,305.2069588939927,316.55075541362015,293.8744948384207,-25.84239069735553,-27.36610340405938,0.09545227386306847,11.06884662440218,6.058888888888889,0.32431812634534884,,,,,,,,
main,1,0,-1,False,9,100,50,0.001,1,0.4,main_c01_v0_A,1.6003109556332944,2.800599700149925,0.7170436051200312,11.114444444444445,0.16900366274587836,0.5770039998696472,0.09444095696449746,0.16867937853107345,4257,9,9,1271,12,14,-0.34309923758984645,0,1.6622222222222223,1.5384615384615385,301.40073983967847,285.9812806297377,316.8047949944643,-27.184751353825114,-25.946577691340963,0.08928868898883892,11.293515737960183,6.098888888888889,0.32566447443805696,0.11383904781657693,1.2010724554998532e-05,0.0005225877107203015,6.660897679577287,0.6326240910189391,0.0,-0.3666666666666667,0.049024003800980154
main,1,0,0,False,9,100,50,0.001,1,0.4,main_c01_v0_D00,1.6111944027986007,2.8341384863123995,0.7301587772935925,11.047777777777776,0.1702883610314913,0.584936211395893,0.10525221729490022,0.17050707547169813,4247,7,6,1331,11,9,-0.05020964452534338,0,1.6164444444444444,1.605949605949606,303.14986619339487,306.30401358603035,299.9988697971557,-26.520178341749226,-26.647533843040534,0.0935643289466378,11.04882660438216,6.014444444444444,0.33238523825109334,0.10125073213628591,1.075512859337786e-05,0.0005224598577945598,6.7818795971559,0.5959944687163851,1.0,0.6166666666666666,0.03165237213602268
main,1,0,1,False,9,100,50,0.001,1,0.4,main_c01_v0_D01,1.6437336887112,2.8110389249819536,0.7277711095786863,11.23,0.18047640671413998,0.5794569066817434,0.10956486321363111,0.18031081742535487,4092,6,8,1218,14,10,0.41666666666666663,0,1.6157777777777778,1.6716616716616717,294.7792557058808,297.9514202928855,291.6102601144677,-26.77844354392251,-27.10440722964501,0.09239824532178355,11.062173284395506,6.0488888888888885,0.34432282990783564,0.027262136786312823,9.418341912304588e-06,0.0004783486839485572,6.578267522987944,0.658314661820575,0.0,-0.65,0.04413997890850396
main,1,0,2,False,9,100,50,0.001,1,0.4,main_c01_v0_D02,1.6228552390471431,2.759953356655006,0.7103833721635717,11.325555555555557,0.17353221624862358,0.5833955878834047,0.1131906695107686,0.172945939509407,4206,7,9,1175,14,15,0.22786635759382498,0,1.6624444444444444,1.5833055833055834,298.289388692564,292.5088361648185,304.0641664425595,-27.10085253835065,-26.37420356832178,0.09334221777999889,11.393615838060283,6.124444444444444,0.33481715114219107,0.028316869669231085,1.2571623135195974e-05,0.0005034816414742581,6.534068142120788,0.6161163574912868,0.0,0.3666666666666667,0.03623260239842807
main,1,0,3,False,9,100,50,0.001,1,0.4,main_c01_v0_D03,1.6018657337997668,2.790271530901216,0.722377584166229,11.257777777777777,0.17147863133400906,0.5838882136782045,0.09192278207540595,0.17070935491549633,4209,8,6,1219,12,12,-0.049999999999999996,0,1.6068888888888888,1.5968475968475968,297.7496521359037,294.4788181985963,301.0172185068401,-26.583986111172756,-26.696432564544228,0.10239324782053418,11.317984651317984,6.016666666666667,0.3291037450222233,0.04185289609682017,1.022481797444173e-05,0.0005046884354401049,6.7999131321760995,0.6401203365467687,0.0,0.049999999999999996,0.07989184775155422
main,1,0,4,False,9,100,50,0.001,1,0.4,main_c01_v0_D04,1.6276306291298794,2.8024876450663556,0.7138679305981386,11.265555555555556,0.17186556651587018,0.5532120757985853,0.09592983417842949,0.17175958597976948,4257,6,7,1209,15,10,0.39999999999999997,0,1.6326666666666667,1.6225996225996226,296.5315584785098,298.0978082628129,294.9668733793059,-26.969520746945417,-26.80373716828397,0.09795102448775612,11.322433544655766,6.086666666666667,0.3346092899963793,0.02363673497287655,9.657911704163056e-06,0.0005237771865820596,6.741695904239661,0.5853488955556592,0.0,0.4666666666666666,0.05189607463719881
main,1,0,5,False,9,100,50,0.001,1,0.4,main_c01_v0_D05,1.567216391804098,2.7768338053195625,0.7289885448082913,11.117777777777778,0.16372307609349285,0.6009094195298308,0.08945231821095363,0.1632992327365729,4310,9,7,1232,10,12,-0.7833333333333333,0,1.5824444444444445,1.552003552003552,302.896731782173,297.1659746503477,308.6217638818986,-26.64325462454044,-26.265762270537913,0.09350880115497806,11.164497831164498,6.073333333333333,0.31907199159141825,0.05696786877146374,9.737847287457204e-06,0.0005835538384282508,6.871507530265533,0.6547245948759546,0.0,-0.8666666666666667,0.041863350579745884
main,1,0,6,False,9,100,50,0.001,1,0.4,main_c01_v0_D06,1.6557276917097008,2.813926370148259,0.7307069062332281,11.237777777777778,0.17439536943354117,0.566896706595688,0.09753634894991922,0.1743430314406382,4268,6,6,1208,13,12,-0.09205101496312953,0,1.6464444444444444,1.665001665001665,288.70845038851235,284.34940461789796,293.0631414680472,-26.99302048377399,-27.208216950291664,0.0935643289466378,11.137804471137803,6.09,0.3405670623240072,0.01762210809720783,1.0212900763326629e-05,0.0004898549992414926,6.292145469316929,0.639219171477857,0.0,-0.16666666666666669,0.03597868884165223
main,1,0,7,False,9,100,50,0.001,1,0.4,main_c01_v0_D07,1.6100838469654062,2.738630684657671,0.7097771650567412,11.35,0.1816862845646794,0.5658033429876633,0.12544181855984476,0.18112757408337518,3989,7,8,1166,14,10,0.31666666666666665,0,1.6095555555555556,1.6106116106116106,297.026587929716,299.3968473268146,294.658696424123,-26.718625879737704,-26.76533819995081,0.10500305402854128,11.422533644755866,5.97,0.34951225783303547,0.11525962380675406,1.1494060425871943e-05,0.00047430769974328045,6.277811123747835,0.6293040756542387,0.0,0.08333333333333334,0.04740957049619965
main,1,0,8,False,9,100,50,0.001,1,0.4,main_c01_v0_D08,1.5815425620523071,2.8070409239824534,0.7211736265861887,10.934444444444445,0.16870221293260254,0.5686156979887254,0.08745408307431478,0.16820987654320987,4218,6,7,1294,15,14,0.25941649671427414,0,1.562,1.601065601065601,300.1763773848831,304.23186519997336,296.1249410061715,-26.297629418891454,-26.696610880976213,0.10094952523738131,10.804137470804138,5.887777777777778,0.31503637939816986,0.024152958660452403,8.446506666499354e-06,0.0005573315076098478,6.407938339834836,0.5803191693136501,0.0,0.43333333333333335,0.03396476069238474
main,1,0,-1,True,9,100,50,0.001,1,0.4,main_c01_v0_label,1.6003109556332944,2.800599700149925,0.7170436051200312,11.114444444444445,0.16900366274587836,0.5770039998696472,0.09444095696449746,0.16867937853107343,4257,9,9,1271,12,14,-0.34309923758984645,0,1.6622222222222223,1.5384615384615385,301.40073983967847,285.9812806297377,316.8047949944643,-27.184751353825114,-25.946577691340963,0.08928868898883892,11.293515737960183,6.098888888888889,0.32566447443805696,,,,,,,,
main,1,1,-1,False,9,100,50,0.001,1,0.4,main_c01_v1_A,1.591870731301016,2.793381087234161,0.7204978701448522,11.002222222222223,0.16941250768188945,0.581744484659317,0.09810104407539766,0.16941874258600237,4220,5,8,1342,11,14,0.75,1,1.6488888888888888,1.534909534909535,299.29443957128444,292.233233108454,306.3485918818044,-26.938159097534818,-25.981519864629174,0.09772891332111722,11.215660104548993,6.032222222222222,0.32072770014711494,0.031532271011335364,7.507908528842068e-06,0.00047215044507497596,7.077394793921518,0.6580720774177379,0.0,-0.26666666666666666,0.04259482069446108
main,1,1,0,False,9,100,50,0.001,1,0.4,main_c01_v1_D00,1.6379587983785884,2.816591704147926,0.7123184209624641,11.166666666666666,0.17751674809753734,0.5256924268287564,0.1128757412582646,0.17696113927105964,4153,10,7,1296,11,13,-0.01673654817511446,0,1.6577777777777778,1.618159618159618,288.20002383030476,288.8322816732173,287.56839761360897,-27.191418707079862,-26.8988311282548,0.09622966294630463,11.173395617840063,6.012222222222222,0.3367298746826741,0.023626877485491592,1.2151116630696784e-05,0.0005062108315096504,6.739589301908467,0.6605291599151066,1.0,0.2833333333333333,0.061183298903813466
main,1,1,1,False,9,100,50,0.001,1,0.4,main_c01_v1_D01,1.6089732911322117,2.7729468599033815,0.7316142157007877,11.266666666666666,0.17317053974811236,0.591181795403187,0.10198555956678701,0.17253234307618592,4181,7,6,1227,12,13,0.45,1,1.6228888888888888,1.595071595071595,300.8013411413088,304.3700039148463,297.2362434654471,-26.48942580685157,-26.65704430258158,0.10194902548725637,11.097764431097763,6.0377777777777775,0.33111358519950845,0.024936477147070965,8.5941478794417e-06,0.00047941118409472466,6.0939062183368184,0.6402695484625797,0.0,0.7666666666666667,0.05466188738981259
main,1,1,2,False,9,100,50,0.001,1,0.4,main_c01_v1_D02,1.5899827863845855,2.774501638069854,0.7244351930981191,11.144444444444446,0.16846488908872329,0.5844966481527532,0.09208309938236946,0.16802930056710774,4238,6,9,1196,14,14,-0.38333333333333336,0,1.5835555555555556,1.5964035964035963,306.30107488360153,302.07741538941553,310.5205149377335,-26.38950195293934,-26.446455960735797,0.09772891332111722,11.262373484595706,6.066666666666666,0.32046366405055016,0.01773068217381488,1.1217105815198022e-05,0.0005478740946395235,6.4345097658287544,0.5930405769604838,1.0,0.049999999999999996,0.05415544253162352
main,1,1,3,False,9,100,50,0.001,1,0.4,main_c01_v1_D03,1.5863179521350437,2.833805319562441,0.7324502245491606,11.006666666666668,0.1671602036596609,0.5759804778333334,0.09985222714798396,0.16696763602251408,4270,6,6,1355,12,15,0.25,0,1.6011111111111112,1.5715395715395715,304.19334193024076,304.93846408576286,303.4489641524964,-26.47483851413833,-26.424738655998333,0.0910100505302904,10.962073184295406,6.165555555555556,0.3153323749438893,0.016829468592887586,8.35822570794511e-06,0.00045248276661900047,6.790644162612567,0.6777330579974439,0.0,0.2333333333333333,0.028830391532267186
main,1,1,4,False,9,100,50,0.001,1,0.4,main_c01_v1_D04,1.628963296129713,2.809262035648842,0.709737839950206,11.117777777777777,0.17677473571264063,0.5721321854253651,0.11401164782459747,0.1762330754352031,4143,7,7,1278,15,13,0.19247030401381632,0,1.626,1.6319236319236319,292.1047066570092,287.2653279332896,296.93925083654926,-26.875559638366955,-26.766645117586886,0.0927314120717419,11.120008897786676,5.948888888888889,0.34072319847388605,0.04731196144612569,1.2648086933536506e-05,0.0005149187172876957,5.759189690623508,0.5805369997748123,0.0,-0.31666666666666665,0.08130386536709011
main,1,1,5,False,9,100,50,0.001,1,0.4,main_c01_v1_D05,1.5936476206341275,2.7762785274029653,0.7119506528092988,10.936666666666667,0.16755833554815203,0.5933579642714063,0.10378416257883671,0.16740051801271486,4255,8,10,1255,10,14,-0.16666666666666669,0,1.547111111111111,1.6401376401376402,302.0236886701432,308.3817525923281,295.67197646016825,-26.263532094212977,-26.891320569533878,0.0978954966960964,10.897564230897563,5.937777777777778,0.32233433750490353,0.02165286500294122,8.25895956585286e-06,0.0005546920877542223,6.666721568201721,0.6132293582827394,0.0,-0.2333333333333333,0.0372771965282368
main,1,1,6,False,9,100,50,0.001,1,0.4,main_c01_v1_D06,1.5909822866344605,2.7857182519851187,0.7213617492606956,11.17,0.16955795397589477,0.5863436316394607,0.09963513892786978,0.16917239743893767,4223,6,5,1280,11,11,0.48333333333333334,0,1.6022222222222222,1.5797535797535798,304.97591387191596,300.06127143510685,309.885646576021,-26.432084628360112,-26.34719743810525,0.09778444111277694,11.217884551217884,6.093333333333334,0.32747774805535934,0.012917828753947157,1.2917939579516272e-05,0.0005474448481655938,7.029270521548998,0.5337259677568039,0.0,0.08333333333333334,0.04960614818938325
main,1,1,7,False,9,100,50,0.001,1,0.4,main_c01_v1_D07,1.590093841967905,2.770281525903715,0.7059944024745457,11.083333333333334,0.17072293128121238,0.5770985024566383,0.09212283044058744,0.1701959847036329,4193,9,8,1241,15,15,-0.3,0,1.5862222222222222,1.5939615939615939,297.69995499649866,303.44789014621324,291.95776203974077,-26.391435551618887,-26.64854382832475,0.09822866344605476,11.117784451117783,6.014444444444444,0.3240302140518784,0.03378436756505222,1.056213309996091e-05,0.0005167208998107667,6.584830456403252,0.5808179134648447,1.0,0.016666666666666666,0.0437302788011209
main,1,1,8,False,9,100,50,0.001,1,0.4,main_c01_v1_D08,1.6394025209617413,2.7788328058193126,0.7195092298249047,11.404444444444444,0.1792816340775018,0.5629617336398224,0.11642623843222645,0.17919610231425093,4112,7,7,1233,15,15,0.31666666666666665,0,1.6873333333333334,1.5915195915195914,291.848599732089,281.9870871051698,301.70026069804226,-27.19328184386387,-26.71576658144433,0.09933921927924927,11.395840284729173,6.085555555555556,0.34277904062859715,0.012076092860351365,8.923389857353991e-06,0.0005066653084657007,7.194791703494538,0.6512496819523541,0.0,0.08333333333333334,0.04121977080106376
main,1,1,-1,True,9,100,50,0.001,1,0.4,main_c01_v1_label,1.591870731301016,2.793381087234161,0.7204978701448522,11.002222222222223,0.16941250768188945,0.581744484659317,0.09810104407539766,0.16941874258600237,4220,5,8,1342,11,14,0.75,1,1.6488888888888888,1.534909534909535,299.29443957128444,292.233233108454,306.3485918818044,-26.938159097534818,-25.981519864629174,0.09772891332111722,11.215660104548993,6.032222222222222,0.32072770014711494,,,,,,,,
main,2,0,-1,False,9,100,50,0.001,1,0.4,main_c02_v0_A,1.6292964628796713,2.810705758231995,0.7188838512152124,11.347777777777779,0.17379900499617162,0.5707699801789194,0.09670570508869256,0.17335073564309444,4221,7,7,1257,12,11,0.06666666666666667,0,1.6415555555555557,1.6170496170496171,296.83076791271117,295.8782940185759,297.78229028447464,-26.92726223605965,-26.797521561730658,0.09128768948858904,11.418084751418084,6.056666666666667,0.33034276329473183,0.053882948875052634,9.54673331114868e-06,0.0005553827338510178,6.160363794849724,0.583660027857732,0.0,-0.35,0.05293276720584572
main,2,0,0,False,9,100,50,0.001,1,0.4,main_c02_v0_D00,1.5676606141373757,2.7990449219834526,0.7258042009450596,11.25111111111111,0.1634593943218552,0.5974409025853433,0.08789799843293682,0.162909217552821,4316,9,5,1272,14,12,-0.6945667492672501,0,1.552,1.5833055833055834,309.0296864977486,311.2427635058456,306.8188203557936,-26.27025328326571,-26.57121842902724,0.10777944361152757,11.142253364475586,6.058888888888889,0.30671406074484103,0.023542238057010282,1.1546183703856883e-05,0.0004964844193686875,6.320202723871136,0.6104170098893215,0.0,0.21666666666666667,0.05356136989570359
main,2,0,1,False,9,100,50,0.001,1,0.4,main_c02_v0_D01,1.594313954134044,2.8014881448164806,0.7141589302744187,11.125555555555556,0.16766393289815473,0.5775381675353898,0.09454545454545454,0.16753932848086403,4264,5,6,1269,12,11,0.16736548175114463,0,1.5571111111111111,1.6314796314796314,304.416663738048,311.03350031211426,297.80643739032956,-26.113635185112585,-26.93968629464656,0.09550780165472819,11.04882660438216,6.028888888888889,0.3347842982663662,0.043562184063666,9.281590850446773e-06,0.0005504322996704188,6.09530914226906,0.660627028274366,0.0,-0.2333333333333333,0.033517900658779354
main,2,0,2,False,9,100,50,0.001,1,0.4,main_c02_v0_D02,1.640290965628297,2.784163473818646,0.716605318142224,11.275555555555554,0.17583792009381533,0.5644303806357579,0.1157379056950398,0.176258389261745,4179,7,8,1234,12,11,0.41666666666666663,0,1.6904444444444444,1.5901875901875901,298.52032185593333,287.5064044652056,309.5232363321848,-27.471926215651745,-26.355998141937818,0.09234271753012382,11.426982538093649,6.112222222222222,0.3374376078134771,0.022006909513065834,8.701909192696325e-06,0.0005273044070646843,5.640687843516951,0.6192825806280534,0.0,-0.33333333333333337,0.032068123258369496
main,2,0,3,False,9,100,50,0.001,1,0.4,main_c02_v0_D03,1.6215225720473097,2.7988228108168136,0.7188225388358952,11.153333333333332,0.17471370877690007,0.5927593736540144,0.11067547117897923,0.17458976833976833,4150,6,9,1235,12,10,0.48333333333333334,0,1.6304444444444444,1.6126096126096126,299.68621899108246,296.32783510980505,303.04124784350745,-26.823994902187227,-26.545522516686006,0.09001055028041535,11.173395617840063,6.027777777777778,0.3258377354625389,0.11331175404609943,1.0315638550840617e-05,0.0005652193723423726,6.27115673426891,0.5844933209034547,0.0,0.16666666666666669,0.05244962807120146
main,2,0,4,False,9,100,50,0.001,1,0.4,main_c02_v0_D04,1.6332944638791715,2.7797212504858684,0.7060739207075565,11.282222222222224,0.18139068414182533,0.5701824665602719,0.12254098360655738,0.18127164769915885,4049,7,8,1229,13,14,-0.13333333333333333,0,1.6155555555555556,1.651015651015651,295.7891088701035,297.0644083357522,294.51508342989507,-26.77027650120918,-27.03679859110775,0.09439724582153368,11.12890668446224,6.042222222222223,0.3414248854887052,0.02146462418727094,1.1218580172947871e-05,0.0005256941298254562,6.981059089387532,0.5912425192142733,0.0,-0.65,0.048529061125918815
main,2,0,5,False,9,100,50,0.001,1,0.4,main_c02_v0_D05,1.613970792381587,2.788383585984785,0.7101584188734869,11.240000000000002,0.1718841208187008,0.5829977240588522,0.08688433868289984,0.17179334916864608,4217,7,6,1244,12,11,-0.1924703040138163,0,1.582,1.6459096459096458,301.90749690848213,307.52583064413653,296.29477589384237,-26.471543920433845,-27.02934209631217,0.0948969959464712,11.037704371037703,6.068888888888889,0.33521184819744854,0.010366769821297495,1.1714961109713783e-05,0.0005291360610028538,7.163015877930751,0.6390225463940864,0.0,0.7,0.041968070732366414
main,2,0,6,False,9,100,50,0.001,1,0.4,main_c02_v0_D06,1.6079737908823366,2.797156977067022,0.7213138399089996,11.213333333333335,0.17100526376199784,0.5872761860916301,0.0997708810664445,0.17120960076045627,4214,6,9,1264,12,15,-0.43333333333333335,0,1.612,1.603951603951604,298.2455573700365,298.1671620829657,298.32387434013725,-26.850359919285214,-26.445031191267482,0.09917263590427008,11.295740184629073,6.13,0.3229348091895709,0.017906583033358774,1.1564728074445136e-05,0.0005429246680216678,6.859115017836719,0.6136743537045845,1.0,0.6333333333333333,0.0660767794533399
main,2,0,7,False,9,100,50,0.001,1,0.4,main_c02_v0_D07,1.6248542395468932,2.816813815314565,0.7135936548837458,11.404444444444444,0.17137270187542297,0.5658612149914298,0.10421529589454895,0.17123029875323456,4256,5,5,1273,14,10,0.03347309635022892,0,1.664,1.5857475857475858,302.63840862590786,293.7445509229677,311.5233813561178,-27.217656771660355,-26.398374077659028,0.10061635848742295,11.640529418307196,6.096666666666667,0.3285110084471548,0.03293917840337304,8.544919335187951e-06,0.0005282648600509729,6.311534182574342,0.644531860792469,0.0,-0.049999999999999996,0.05110554731007255
main,2,0,8,False,9,100,50,0.001,1,0.4,main_c02_v0_D08,1.5892053973013494,2.8252540396468433,0.720256024253571,11.05888888888889,0.16537524221705213,0.6001074712066868,0.09058964087427085,0.1647800925925926,4328,8,7,1271,10,13,-0.5333333333333333,0,1.6082222222222222,1.5702075702075702,299.77202663476123,301.33519918195833,298.21041569850036,-26.668130801974527,-26.296944638289258,0.09395302348825588,10.953175397619841,5.974444444444444,0.3178812180298522,0.012340053125027247,1.0263155664625563e-05,0.0005178498278862393,6.475701857921489,0.5965266249477681,1.0,-0.16666666666666669,0.05893204794358553
main,2,0,-1,True,9,100,50,0.001,1,0.4,main_c02_v0_label,1.6292964628796713,2.810705758231995,0.7188838512152124,11.347777777777777,0.17379900499617162,0.5707699801789194,0.09670570508869256,0.17335073564309447,4221,7,7,1257,12,11,0.06666666666666667,0,1.6415555555555557,1.6170496170496171,296.83076791271117,295.8782940185759,297.78229028447464,-26.92726223605965,-26.797521561730658,0.09128768948858904,11.418084751418084,6.056666666666667,0.33034276329473183,,,,,,,,
main,2,1,-1,False,9,100,50,0.001,1,0.4,main_c02_v1_A,1.5818757288022656,2.8444666555611082,0.7306629069763209,11.186666666666667,0.1598136109650322,0.5815219749566157,0.07967227009464614,0.15948411804460466,4448,9,10,1337,13,14,-0.35,0,1.5711111111111111,1.5926295926295926,300.5851962335044,296.1200773402241,305.04585446854963,-26.458480080980497,-26.396963352078487,0.09223166194680438,11.200088977866756,6.1866666666666665,0.30719797359648837,0.020891043439992756,1.1911491398539918e-05,0.0005342780365226727,6.279419308922424,0.6163650313195838,0.0,-0.3,0.03828314902358443
main,2,1,0,False,9,100,50,0.001,1,0.4,main_c02_v1_D00,1.6133044588816703,2.817035926481204,0.7179539097795892,11.178888888888887,0.17290943510672205,0.5744533806232147,0.11193307522123894,0.1728748806112703,4193,5,7,1346,10,13,0.3096261412396175,1,1.5926666666666667,1.633921633921634,303.0550840987397,311.68368405231763,294.4351041251354,-26.42766230472624,-26.894356148596327,0.0942306624465545,11.184517851184518,6.065555555555555,0.33364804906316764,0.023317454380725387,9.840674178977541e-06,0.0005106041146715956,6.571543186583836,0.5920119322660842,0.0,-0.35,0.0427471578151426
main,2,1,1,False,9,100,50,0.001,1,0.4,main_c02_v1_D01,1.614970292631462,2.7992670331500915,0.7168609523648869,11.176666666666668,0.17067958958795676,0.6119744555000527,0.10667403620284649,0.17061940650023552,4252,6,7,1210,13,14,0.3,0,1.64,1.58996558996559,299.46082572654257,295.32984015400405,303.5876844403673,-27.005633145988906,-26.556850421329326,0.09406407907157532,11.16894672450228,6.095555555555555,0.3268545012230036,0.029602382920296693,1.1206455387063603e-05,0.000539462442228686,6.561235526500933,0.6724834132632294,0.0,-0.33333333333333337,0.05479950533930378
main,2,1,2,False,9,100,50,0.001,1,0.4,main_c02_v1_D02,1.657282469876173,2.839247043145094,0.7195535759713534,11.373333333333333,0.17454351462082793,0.6003047855916848,0.09537922672773812,0.17384074941451994,4277,7,6,1206,13,13,0.5833333333333334,0,1.6215555555555556,1.692973692973693,290.91300247299614,303.639694354958,278.1990245689384,-26.821948170749874,-27.32996902929039,0.09189849519684602,11.340229118006896,6.184444444444445,0.33737627963782907,0.01612685648023017,1.083636705852693e-05,0.000516185729999489,6.592574794569202,0.6420247769794083,0.0,0.09999999999999999,0.04963096830246627
main,2,1,3,False,9,100,50,0.001,1,0.4,main_c02_v1_D03,1.6392914653784219,2.7787217502359933,0.7232936575537485,11.19222222222222,0.18147708427714157,0.5716380305039205,0.12249897917517354,0.181336291913215,4061,5,6,1223,12,10,0.45,0,1.6513333333333333,1.6272616272616272,293.92224094625755,290.5080808327738,297.3329903103771,-26.986025128647405,-26.714359767681113,0.09051030040535288,11.21121121121121,5.954444444444444,0.34729838463960067,0.017375990276159863,9.833554748302446e-06,0.0005299446601646875,6.485782600030357,0.5796298883732715,0.0,-0.06666666666666667,0.05263405428709689
main,2,1,4,False,9,100,50,0.001,1,0.4,main_c02_v1_D04,1.5725470598034317,2.7508467988228107,0.7152764067282038,11.173333333333334,0.165517897686936,0.5939361970834465,0.08375959079283887,0.16546669793621016,4272,8,6,1208,13,12,-0.13333333333333333,0,1.5922222222222222,1.5528915528915528,307.6831180692507,309.4018555503971,305.9660976085651,-26.574700486786128,-26.213861854675812,0.10877894386140263,11.222333444555666,6.06,0.3123648272117187,0.019787252597935883,1.156483007223097e-05,0.0005532663334388095,6.500393148169317,0.6172700369405537,0.0,-0.09999999999999999,0.031167536015260566
main,2,1,5,False,9,100,50,0.001,1,0.4,main_c02_v1_D05,1.5714365039702372,2.760508634571603,0.7165825590661689,11.016666666666666,0.16581732159988982,0.5896938880937108,0.08746624982236749,0.1655678085405913,4268,6,7,1238,12,12,0.2833333333333333,0,1.5755555555555556,1.5673215673215672,309.80657734081643,309.5486133736209,310.0642836017511,-26.29156455880582,-26.164371015566157,0.10178244211227719,10.937604270937603,6.061111111111111,0.3184930509442095,0.035443199446750534,9.9256457612591e-06,0.0004958281611027108,6.468980083176172,0.6765043790630558,0.0,-0.38333333333333336,0.04841478596193838
main,2,1,6,False,9,100,50,0.001,1,0.4,main_c02_v1_D06,1.6110833472152812,2.7956021989005495,0.7341057064758881,11.153333333333332,0.17216076285554816,0.5890544392776786,0.0922192198434144,0.1719605044016179,4213,10,7,1266,12,10,0.25941649671427414,0,1.6211111111111112,1.601065601065601,295.8184371245537,293.52795073805464,298.10663531286457,-26.67240147568116,-26.536179098210123,0.09906158032095064,11.182293404515626,5.914444444444444,0.33084287273071045,0.07492855717269295,1.042421272818075e-05,0.0005588817017057599,6.331112973969101,0.6429123939927052,0.0,-0.48333333333333334,0.04220435689293822
main,2,1,7,False,9,100,50,0.001,1,0.4,main_c02_v1_D07,1.621855738797268,2.8632350491420957,0.7308095752812924,11.246666666666666,0.16616870915315152,0.582397871448048,0.09714482284141727,0.1659981768459435,4394,6,7,1315,15,13,-0.25,0,1.6495555555555557,1.5941835941835942,299.3026893621565,287.2698478698095,311.3235100338319,-27.10330987245052,-26.49329339785183,0.0942306624465545,11.42920698476254,6.191111111111111,0.31806747351656933,0.013780765780121839,8.712893698279328e-06,0.0005038125120761925,6.505771917683348,0.6208240500717087,0.0,0.21666666666666667,0.05273941866602172
main,2,1,8,False,9,100,50,0.001,1,0.4,main_c02_v1_D08,1.6257426842134488,2.798378588483536,0.7198707458941709,11.223333333333333,0.17361311191912518,0.5914294840743894,0.09965659340659341,0.17312083729781164,4211,7,8,1267,12,13,0.45,0,1.6395555555555557,1.611943611943612,294.2998373340218,298.7443848706392,289.85972990483356,-26.83790076240342,-26.688908238583235,0.09389749569659615,11.277944611277944,6.026666666666666,0.3392414149396764,0.01746816295073463,1.1725455246106426e-05,0.0004885944336574034,6.632050446214106,0.5855886724705684,0.0,0.16666666666666669,0.07155845845920794
main,2,1,-1,True,9,100,50,0.001,1,0.4,main_c02_v1_label,1.5818757288022656,2.8444666555611082,0.7306629069763209,11.186666666666667,0.1598136109650322,0.5815219749566157,0.07967227009464614,0.15948411804460466,4448,9,10,1337,13,14,-0.35,0,1.5711111111111111,1.5926295926295926,300.5851962335044,296.1200773402241,305.04585446854963,-26.458480080980497,-26.396963352078487,0.09223166194680438,11.200088977866756,6.1866666666666665,0.30719797359648837,,,,,,,,
main,3,0,-1,False,9,100,50,0.001,1,0.4,main_c03_v0_A,1.5844300072186128,2.8253650952301625,0.7294913120639527,11.237777777777778,0.16197070615453732,0.582597730195644,0.06958418349398438,0.16212916476494751,4388,6,8,1334,15,13,-0.4117792453398488,0,1.6337777777777778,1.535131535131535,306.76077125382085,298.68563189865563,314.8278435367032,-26.80063319361323,-25.993997472591516,0.09495252373813093,11.355800244689133,6.2188888888888885,0.3117561412970856,0.07435440567459306,1.0620750756839746e-05,0.00046334049156448526,6.606002846979696,0.596413038047568,0.0,0.25,0.04988432485714611
main,3,0,0,False,9,100,50,0.001,1,0.4,main_c03_v0_D00,1.6518407462935198,2.8069298683991337,0.7259093715258361,11.17888888888889,0.1772247917635863,0.5897333624819537,0.10400756910184497,0.17668418537983757,4194,8,9,1214,12,14,0.049999999999999996,0,1.6706666666666667,1.633033633033633,291.82112870891393,288.8309171620403,294.80835303146495,-26.875992055677465,-26.780775719962673,0.08717863290576934,11.00878656434212,6.0777777777777775,0.3439165132611198,0.10397732942039548,7.659505508877055e-06,0.00044081916484658463,5.930435130451358,0.6415968726566118,0.0,0.2333333333333333,0.02984283384688524
main,3,0,1,False,9,100,50,0.001,1,0.4,main_c03_v0_D01,1.5815425620523071,2.7854961408184797,0.7150686249740946,11.12,0.16610168679124382,0.6022540513823534,0.0882083127513937,0.16583625730994153,4282,7,7,1237,13,12,0.18410202992625907,0,1.5704444444444445,1.5926295926295926,302.6531514130716,307.0790581142068,298.2316661971524,-26.221539484053654,-26.60885162384941,0.09361985673829752,11.157824491157823,5.943333333333333,0.3248997597082844,0.020141897870930986,1.0833782206987961e-05,0.0004996385792057303,6.537635051410966,0.6301445889804852,0.0,0.13333333333333333,0.03893254496165355
main,3,0,2,False,9,100,50,0.001,1,0.4,main_c03_v0_D02,1.5786551168860015,2.7984896440668554,0.723449883233521,10.97,0.16470299392313106,0.6051304003712306,0.07804981602037928,0.1643951706524263,4316,9,5,1302,16,12,0.7666666666666667,1,1.5875555555555556,1.5697635697635697,308.2216818468383,309.79035816917974,306.65457263370996,-26.34497453966115,-26.277736570063695,0.09839524682103393,10.926482037593148,6.007777777777778,0.3192002595393724,0.020254999195428773,1.1771520622697224e-05,0.0005315904489634439,6.256119533897759,0.606312725559293,0.0,-0.33333333333333337,0.03031122722690327
main,3,0,3,False,9,100,50,0.001,1,0.4,main_c03_v0_D03,1.6268532400466433,2.818701760230996,0.7166790424971414,11.287777777777778,0.17219170132860373,0.5733028915316702,0.10084437427061166,0.1718764733616219,4251,9,7,1288,13,11,-0.20920685218893076,0,1.5975555555555556,1.656121656121656,298.4492476005635,305.3610538126256,291.5443462898122,-26.589942240398912,-27.047740862734212,0.0983397190293742,11.302413524635746,6.114444444444445,0.33478737090951394,0.058508791327093884,9.882524398591121e-06,0.0004926875820866394,7.0098715848932995,0.5839647798375482,0.0,-0.7166666666666667,0.0496759556968982
main,3,0,4,False,9,100,50,0.001,1,0.4,main_c03_v0_D04,1.5866511188850019,2.839913376645011,0.7237784013357276,11.044444444444444,0.1705724103175655,0.5837092870623654,0.10160427807486631,0.17061793700408756,4166,7,11,1295,15,16,0.4016771562027471,1,1.594,1.5793095793095793,297.8844196194317,299.4086994419019,296.3616625540268,-26.58711348699699,-26.564935185204714,0.0918429674051863,11.077744411077743,5.954444444444444,0.31872842691391706,0.11158992934120135,1.1341389865578411e-05,0.0005212269349381902,6.484521944279374,0.6272714257921962,0.0,0.03333333333333333,0.03917529760741445
main,3,0,5,False,9,100,50,0.001,1,0.4,main_c03_v0_D05,1.6366261313787551,2.7869398634016327,0.7129108429777438,11.315555555555555,0.17469686443695195,0.572610705723644,0.09749113716934824,0.17433523266856601,4218,6,7,1172,12,15,-0.19999999999999998,0,1.6437777777777778,1.6294816294816294,295.94383463154634,291.92022746924584,299.9634222062722,-27.195791398468376,-26.791365197154846,0.09667388527958243,11.317984651317984,6.032222222222222,0.3408007547603029,0.015441345051102517,9.983491901317236e-06,0.0005606318760783645,6.787422394416019,0.5983645084114466,0.0,-0.5333333333333333,0.04847139654714283
main,3,0,6,False,9,100,50,0.001,1,0.4,main_c03_v0_D06,1.5988672330501417,2.782608695652174,0.7226434083952682,11.195555555555554,0.16778783110462842,0.5886425920901056,0.09284616459410368,0.16775854000935891,4280,6,8,1243,16,12,0.16666666666666669,0,1.5513333333333332,1.6463536463536463,300.1599253515557,306.6485548113386,293.67777803908535,-26.304668815328796,-26.853533022207593,0.09384196790493642,11.17117117117117,6.096666666666667,0.3278646201622254,0.009008140527999878,1.0569305873613901e-05,0.0004741828043581201,6.71799261798245,0.6015830152059259,0.0,0.33333333333333337,0.055969642619913884
main,3,0,7,False,9,100,50,0.001,1,0.4,main_c03_v0_D07,1.5848742295518907,2.76928202565384,0.722859535583468,11.093333333333334,0.1680936530350736,0.5807616496395336,0.08946812257837267,0.1680014174344437,4240,7,10,1226,13,12,-0.22594340036404525,0,1.6155555555555556,1.5542235542235543,302.47202610933397,297.7318487273564,307.20746804937147,-26.734953530786996,-26.339546695418726,0.09867288577933256,11.104437771104438,6.0633333333333335,0.32646135637056445,0.03469646834795613,1.1482428579150396e-05,0.0005068693981561422,6.351695422156199,0.6350246689001519,0.0,0.0,0.04733371195069935
main,3,0,8,False,9,100,50,0.001,1,0.4,main_c03_v0_D08,1.5731023377200288,2.7753900827364095,0.7168337271633403,11.196666666666667,0.16736995986546155,0.5889900638144209,0.0964744271830886,0.16707491082045187,4212,7,8,1282,13,11,-0.06666666666666667,0,1.5697777777777777,1.5764235764235763,301.9044015329218,305.779056586107,298.0336172640055,-26.317616690882378,-26.404772009554176,0.09672941307124215,11.237904571237904,6.0311111111111115,0.31898802143777305,0.03498345065249756,1.0274014252143812e-05,0.000494290925163427,6.3845664764353955,0.6659514049474131,0.0,0.6166666666666666,0.05802496494857223
main,3,0,-1,True,9,100,50,0.001,1,0.4,main_c03_v0_label,1.5844300072186128,2.8253650952301625,0.7294913120639527,11.23777777777778,0.16197070615453732,0.582597730195644,0.06958418349398438,0.16212916476494751,4388,6,8,1334,15,13,-0.4117792453398488,0,1.6337777777777778,1.535131535131535,306.76077125382085,298.68563189865563,314.8278435367032,-26.80063319361323,-25.993997472591516,0.09495252373813093,11.355800244689133,6.2188888888888885,0.3117561412970856,,,,,,,,
main,3,1,-1,False,9,100,50,0.001,1,0.4,main_c03_v1_A,1.6197456827141985,2.7762785274029653,0.711800925601977,11.248888888888889,0.17414039865289113,0.5708312977084804,0.0924178775566421,0.17361177596936334,4185,7,7,1221,10,12,-0.10878756313824399,0,1.5948888888888888,1.6445776445776445,299.804058551237,304.88564468872147,294.7275489233804,-26.417994497022047,-27.031638122547573,0.10150480315397857,11.353575798020243,6.078888888888889,0.33947498492080797,0.05016686329368864,1.3439917388927898e-05,0.0005624105639893403,6.799487753420588,0.6097094899234518,0.0,-0.18333333333333335,0.045280865192381725
main,3,1,0,False,9,100,50,0.001,1,0.4,main_c03_v1_D00,1.541118329724027,2.8024876450663556,0.7327479046164416,11.104444444444445,0.15924808464637447,0.6132894967156736,0.07726844811354913,0.15903337169159953,4351,6,7,1329,11,10,-0.5,0,1.5284444444444445,1.5537795537795538,310.4004138287625,314.5066268187792,306.29830294962494,-26.10794816414718,-26.200188720441986,0.09972791382086735,11.019908797686575,6.102222222222222,0.30585830392956964,0.058004998208512466,1.1802117362764585e-05,0.0005449840733079881,6.923204167978541,0.6029360389708607,0.0,-0.15,0.03800015180550531
main,3,1,1,False,9,100,50,0.001,1,0.4,main_c03_v1_D01,1.6249652951302127,2.8048198123160644,0.7207400641593643,11.166666666666668,0.17252908047351626,0.5689671824128557,0.09682953609662366,0.1725970643939394,4231,7,5,1256,11,10,0.39330888211518983,0,1.6284444444444444,1.6214896214896215,299.0222528234254,296.1232153363941,301.9183941691111,-27.017330651486404,-26.8798740364342,0.09067688378033206,11.135580024468913,5.94,0.33442104141208917,0.034905351353543786,1.2801651183234374e-05,0.0005837415044970789,6.706398038570494,0.5732623176135034,0.0,0.7833333333333333,0.06345391303091219
main,3,1,2,False,9,100,50,0.001,1,0.4,main_c03_v1_D02,1.567993780887334,2.7488477983230606,0.7034750592741378,11.123333333333333,0.16703714288059648,0.5928966241064978,0.10310452862432355,0.16617961511047755,4215,6,9,1259,10,15,0.15,0,1.6411111111111112,1.494949494949495,308.1348147904648,302.37148993054655,313.8923820830905,-26.795221053530838,-25.61511203718853,0.10472541507024266,11.364698031364698,6.046666666666667,0.32587913682421743,0.06116557114940876,1.0005765902147854e-05,0.0005862938775798156,6.503476195608996,0.6007377033967437,0.0,-0.08333333333333334,0.0409610835148726
main,3,1,3,False,9,100,50,0.001,1,0.4,main_c03_v1_D03,1.6115275695485591,2.7974901438169804,0.7216043103850196,11.121111111111112,0.17168709602094367,0.5704809531482254,0.10112281674521763,0.171163454675232,4210,7,10,1279,13,12,-0.5774109120414489,0,1.5882222222222222,1.6348096348096348,302.4135398137432,311.9786501628255,292.8579850194553,-26.41973750037523,-26.94856725252497,0.10255983119551336,11.03103103103103,6.032222222222222,0.32591550543699116,0.02138862311689707,1.1423725605990856e-05,0.0004941294052212151,6.798229724829166,0.6241480615052994,0.0,0.31666666666666665,0.04845341260718783
main,3,1,4,False,9,100,50,0.001,1,0.4,main_c03_v1_D04,1.5862068965517242,2.8017102559831195,0.7258401679947016,11.116666666666667,0.16644089516741012,0.5813788920877447,0.09591161776088945,0.166187134502924,4281,6,9,1283,12,12,-0.38333333333333336,0,1.594,1.5784215784215785,306.8278856696192,310.5878793808227,303.0716481958894,-26.481312838687238,-26.27528237890965,0.1000610805708257,11.297964631297964,5.99,0.31607478817302415,0.04461178853517523,1.1430550500533495e-05,0.0005452191471083343,5.806307031332738,0.5782004610648416,0.0,-0.3,0.039433771663453854
main,3,1,5,False,9,100,50,0.001,1,0.4,main_c03_v1_D05,1.563773668721195,2.786273529901716,0.7314372082567464,10.945555555555556,0.16500676639688427,0.5982283267404899,0.10407595117424513,0.16457599248296925,4264,7,6,1271,15,14,-0.16666666666666669,0,1.522888888888889,1.6046176046176046,306.4757523301724,312.1767184331461,300.7804814980308,-26.023473300908204,-26.47092504018969,0.09728469098783941,10.859748637526415,6.004444444444444,0.3157814701246849,0.04965140526590436,1.0219893672118329e-05,0.0005199854626770616,6.203060854736831,0.6154481678877439,1.0,0.2833333333333333,0.06557592356224973
main,3,1,6,False,9,100,50,0.001,1,0.4,main_c03_v1_D06,1.6116386251318786,2.7489588539063803,0.7043593380877641,11.246666666666668,0.1749048920356842,0.5960552905163705,0.09966777408637874,0.17489130434782607,4147,7,7,1186,13,14,0.08333333333333334,0,1.634,1.5892995892995894,299.9412534279214,300.61468400694383,299.2684956067202,-26.822545525488906,-26.590576993439953,0.09772891332111722,11.233455677900123,6.157777777777778,0.33392213169799473,0.02630269422935683,1.0537562802005814e-05,0.0005073474237347321,5.609310424840753,0.5998780964819388,0.0,-0.43333333333333335,0.06687547301487484
main,3,1,7,False,9,100,50,0.001,1,0.4,main_c03_v1_D07,1.5666611138875006,2.7998223110666887,0.7168294319608047,11.04888888888889,0.1630555085334002,0.6019590173498548,0.08213420715201596,0.16267670915411356,4322,7,9,1211,13,15,0.21666666666666667,0,1.5646666666666667,1.5686535686535688,305.05961383775076,305.6981138687526,304.4217516689177,-26.449774524306733,-26.437847702169353,0.1020045532789161,11.004337671004338,6.126666666666667,0.3127655126468034,0.016791141225611126,1.1006554924903263e-05,0.0005789862949108026,6.912221957907041,0.6616004309452455,0.0,-0.21666666666666667,0.05011418776462051
main,3,1,8,False,9,100,50,0.001,1,0.4,main_c03_v1_D08,1.5999777888833362,2.818368593481037,0.7259914735662819,11.025555555555556,0.17042832691607435,0.5950059153904199,0.09863969305894664,0.17004029390850914,4226,7,6,1267,11,12,0.15,0,1.65,1.55000555000555,303.46979051957703,297.29294636375226,309.64046400191944,-26.952501168488254,-26.052626388601045,0.09828419123771448,11.137804471137803,5.984444444444445,0.3293264796377247,0.011871786321230251,1.333187346294348e-05,0.0005515597303335804,6.892566731854739,0.5922697359031402,0.0,-0.5,0.050353938724754244
main,3,1,-1,True,9,100,50,0.001,1,0.4,main_c03_v1_label,1.6197456827141985,2.7762785274029653,0.711800925601977,11.24888888888889,0.17414039865289113,0.5708312977084804,0.0924178775566421,0.17361177596936336,4185,7,7,1221,10,12,-0.10878756313824399,0,1.5948888888888888,1.6445776445776445,299.804058551237,304.88564468872147,294.7275489233804,-26.417994497022047,-27.031638122547573,0.10150480315397857,11.353575798020243,6.078888888888889,0.33947498492080797,,,,,,,,
main,4,0,-1,False,9,100,50,0.001,1,0.4,main_c04_v0_A,1.6064190127158642,2.8251429840635236,0.7405674828914588,11.177777777777777,0.16882805292014055,0.6063218470730576,0.0864394993045897,0.16830409356725148,4284,9,7,1258,14,12,0.8333333333333333,1,1.5484444444444445,1.6643356643356644,296.54288731190127,313.07780425170904,280.0244887706348,-25.937804447290254,-27.404540135921632,0.0927314120717419,11.02880658436214,6.025555555555556,0.32036002798703456,0.021589257091848186,1.1537245781715823e-05,0.0005289481657730368,6.6414106515534534,0.6438332395872886,0.0,-0.43333333333333335,0.06470504673131927
main,4,0,0,False,9,100,50,0.001,1,0.4,main_c04_v0_D00,1.61741351546449,2.7913820867344104,0.7193750030402936,11.283333333333335,0.17539479476736353,0.5779577997813761,0.10891020774380565,0.1746376811594203,4148,8,9,1221,10,12,0.3666666666666667,1,1.5917777777777777,1.6430236430236431,294.57982381472044,296.54251761883353,292.6190907436783,-26.603360987273636,-27.008821409695514,0.09745127436281859,11.300189077966856,6.0055555555555555,0.32650235476277484,0.011884854409137861,1.1468325832691189e-05,0.0005140248599759092,7.025845557277837,0.6017871599545702,0.0,0.2833333333333333,0.04928737189109711
main,4,0,1,False,9,100,50,0.001,1,0.4,main_c04_v0_D01,1.6229662946304626,2.7989338664001333,0.7149602233735065,11.115555555555554,0.17612429452781983,0.572222938318927,0.10701513067400276,0.17617206379893668,4146,8,5,1243,15,15,-0.5666666666666667,0,1.5873333333333333,1.6585636585636585,297.80545908717687,307.8389797763892,287.78196189515654,-26.447556060141835,-26.975676265986916,0.09783996890443666,10.904237570904238,6.0377777777777775,0.33968922067861174,0.028548273756360612,1.0178269379267553e-05,0.0004947896600070335,6.1331149431890015,0.6129668325966676,0.0,0.06666666666666667,0.028241195091936788
main,4,0,2,False,9,100,50,0.001,1,0.4,main_c04_v0_D02,1.6394025209617413,2.786495641068355,0.7099117958560448,11.424444444444445,0.1809898592779646,0.5958168631406995,0.11467265550564856,0.18038925843803894,4067,8,6,1146,13,10,0.5,0,1.6782222222222223,1.6006216006216005,292.3265822299221,283.98303479062736,300.6617944569898,-27.31462045392599,-26.606052927246523,0.10194902548725637,11.54932710488266,6.087777777777778,0.3351809601397758,0.021262522453467943,1.1953555425616697e-05,0.0005533608531795969,6.97472419710651,0.6301418891671827,0.0,0.19999999999999998,0.0367154979904285
main,4,0,3,False,9,100,50,0.001,1,0.4,main_c04_v0_D03,1.579543561552557,2.764839802321062,0.7204256613763924,11.255555555555556,0.1660236624728768,0.585071425091352,0.08899413303173818,0.16573033707865167,4280,8,6,1250,10,10,0.217575126276488,0,1.62,1.5391275391275392,307.12414155241805,297.8533995020134,316.3856221222529,-26.8104822164735,-25.829841527186257,0.0942306624465545,11.393615838060283,6.14,0.31121701584534994,0.020913602115708637,9.252081123338665e-06,0.0004717190814881551,6.463013362477573,0.6156260978066963,0.0,-0.5166666666666667,0.0498298380428821
main,4,0,4,False,9,100,50,0.001,1,0.4,main_c04_v0_D04,1.5926481203842524,2.8058193125659394,0.7181468568279805,11.067777777777778,0.166708658009845,0.622737555695822,0.08876278548409695,0.16654249126891735,4301,6,5,1219,14,10,0.19999999999999998,0,1.5753333333333333,1.60994560994561,300.8434121053682,303.1962082281901,298.4929664282235,-26.42505250639522,-26.546950569121115,0.09167638403020711,11.142253364475586,6.115555555555556,0.31542003939464736,0.011642130974391563,1.2090763171663272e-05,0.0005150505796270188,6.464460554750267,0.5565912659558092,0.0,0.5166666666666667,0.026723235347418495
main,4,0,5,False,9,100,50,0.001,1,0.4,main_c04_v0_D05,1.5973124548836692,2.7940474207340773,0.726367954971694,11.037777777777778,0.1687077393958456,0.5686489976281488,0.09427374301675978,0.16873236124176863,4258,6,5,1309,16,11,-0.33473096350228926,0,1.6235555555555556,1.5710955710955712,302.62247351735584,297.8918149104088,307.3484061916286,-26.771535183715557,-26.31686487909998,0.09028818923871397,11.213435657880103,6.081111111111111,0.3171328823614524,0.035549990343209395,9.464738767399145e-06,0.0005062202869263571,5.827898330142616,0.6057289560096132,0.0,0.0,0.06368609988516027
main,4,0,6,False,9,100,50,0.001,1,0.4,main_c04_v0_D06,1.5932033983008496,2.8019323671497585,0.7285749136778266,11.04,0.1693348048639415,0.5801319143647445,0.08843728100911002,0.1687115839243499,4237,7,7,1266,10,15,0.41666666666666663,0,1.5604444444444445,1.6259296259296259,299.0898081542412,306.59952854712645,291.58758997953066,-26.102102157036793,-27.018278998122103,0.09028818923871397,10.902013124235346,5.973333333333334,0.32237496039271357,0.03237942225220782,1.1105069272051357e-05,0.0005561863623984263,6.014901019760886,0.6167840142082357,0.0,0.25,0.08294967574207135
main,4,0,7,False,9,100,50,0.001,1,0.4,main_c04_v0_D07,1.5688822255538897,2.7544005774890334,0.7197248152968938,11.101111111111111,0.1653156182339974,0.6004604378077478,0.08735239721155214,0.16506094702297236,4273,7,7,1272,12,12,0.7166666666666667,0,1.5837777777777777,1.554001554001554,306.08701836790516,300.55134411344676,311.6171624782531,-26.436601654842924,-26.147863146843097,0.09245377311344327,11.184517851184518,6.054444444444444,0.32189251276372444,0.01988684311349167,1.089138290673319e-05,0.00052734891886564,6.605203348908641,0.5857781791782755,0.0,-0.08333333333333334,0.07156091719849655
main,4,0,8,False,9,100,50,0.001,1,0.4,main_c04_v0_D08,1.5721028374701538,2.7800544172358266,0.7266135711262857,11.162222222222223,0.16461104508336422,0.5906342108757384,0.09043119982950913,0.16418067226890756,4291,7,9,1247,16,12,0.049999999999999996,0,1.5273333333333334,1.6168276168276168,306.1524933604693,314.618044164262,297.69539965038666,-25.990614834664356,-26.695225496147405,0.09245377311344327,11.117784451117783,6.113333333333333,0.31538849079829623,0.05486421036644201,1.2814009257880681e-05,0.0005391174260375872,6.82306792651175,0.5818230317302242,0.0,-0.5333333333333333,0.04291399991348044
main,4,0,-1,True,9,100,50,0.001,1,0.4,main_c04_v0_label,1.6064190127158642,2.8251429840635236,0.7405674828914587,11.177777777777777,0.16882805292014055,0.6063218470730576,0.0864394993045897,0.16830409356725146,4284,9,7,1258,14,12,0.8333333333333333,1,1.5484444444444445,1.6643356643356644,296.54288731190127,313.07780425170904,280.0244887706348,-25.937804447290254,-27.404540135921632,0.0927314120717419,11.02880658436214,6.025555555555556,0.32036002798703456,,,,,,,,
main,4,1,-1,False,9,100,50,0.001,1,0.4,main_c04_v1_A,1.63362763062913,2.742739741240491,0.711631602384656,11.367777777777778,0.17489613014695826,0.5578090858210436,0.10037606837606837,0.1745100382409178,4193,9,11,1144,14,12,-0.24267994853915967,0,1.6428888888888888,1.6243756243756244,297.61726101594473,296.8915589302628,298.34223812451813,-26.88975110749567,-26.777054639144485,0.09961685823754789,11.366922478033588,6.087777777777778,0.3371799661300687,0.0379071754517007,1.2585514679667372e-05,0.0005755154304499023,6.298383006663861,0.6478409876373377,0.0,-0.19999999999999998,0.04022595106422955
main,4,1,0,False,9,100,50,0.001,1,0.4,main_c04_v1_D00,1.5754345049697374,2.7519573546560054,0.7142937857283759,11.14111111111111,0.16741487287434148,0.5945648888844628,0.09919875203857335,0.16685220274751303,4229,7,7,1281,13,14,0.21666666666666667,0,1.55,1.600843600843601,309.9652455418991,314.5492036064962,305.3858668559879,-25.85476629264501,-26.66578042705942,0.10122716419567994,11.004337671004338,6.018888888888889,0.31753386730330957,0.042979477408997505,1.009617113857692e-05,0.0005712631650304956,6.714750952932895,0.6174613560258183,0.0,0.26666666666666666,0.0814424668548952
main,4,1,1,False,9,100,50,0.001,1,0.4,main_c04_v1_D01,1.631961796879338,2.7210839024931976,0.7117807208211923,11.256666666666668,0.1817547625122836,0.5732479587713587,0.1104567554612066,0.18054248204111964,4047,10,8,1142,11,14,-0.19999999999999998,0,1.5677777777777777,1.696081696081696,299.9296940022277,310.30106414879685,289.568684864796,-26.14295015587559,-27.274969549045185,0.10350380365372869,11.155600044488933,5.966666666666667,0.3547302765758031,0.038384868030459665,1.373838175258794e-05,0.0005549913868572847,7.069941676723361,0.630937470802481,0.0,0.21666666666666667,0.06851526500875593
main,4,1,2,False,9,100,50,0.001,1,0.4,main_c04_v1_D02,1.6179687933810873,2.845132989061025,0.7206446729748349,11.066666666666666,0.17005332749204588,0.5691652694872174,0.10432622645415028,0.16979142254511367,4273,6,7,1256,10,13,-0.4666666666666666,0,1.6104444444444443,1.6254856254856256,298.715841243898,300.10510825922154,297.3279621077107,-26.761889377234024,-26.84769355729836,0.08962185573879727,11.042153264375486,6.0344444444444445,0.3292356976470251,0.01842752811478661,1.1243668247681383e-05,0.0005127379047954067,6.526649089560612,0.5869955972354627,0.0,0.16666666666666669,0.05616531493760135
main,4,1,3,False,9,100,50,0.001,1,0.4,main_c04_v1_D03,1.564551057804431,2.8238103170636903,0.727839609523287,11.116666666666667,0.16127897729535542,0.5820754705372625,0.07639087018544936,0.16099380307551067,4365,8,6,1374,12,11,-0.5333333333333333,0,1.5693333333333332,1.5597735597735598,310.015399221892,306.31049479202414,313.7166024485332,-26.18610414050931,-26.12280027473109,0.09839524682103393,11.17117117117117,5.971111111111111,0.3018548377480759,0.05256808125524283,1.0303300466874312e-05,0.0005226667942844311,5.978647978743031,0.5944786764141283,0.0,-0.5,0.05412293032222237
main,4,1,4,False,9,100,50,0.001,1,0.4,main_c04_v1_D04,1.5718807263035148,2.794158476317397,0.7090270249066843,11.011111111111113,0.16993509059762468,0.5769643653730775,0.10353642948444823,0.16945179129598462,4166,7,6,1324,12,11,-0.5166666666666667,0,1.5835555555555556,1.5602175602175603,302.6822227772499,292.91243323852717,312.44225228646343,-26.571348422849628,-26.124275382448857,0.09561885723804764,11.082193304415526,5.8933333333333335,0.32365399998993594,0.0698074137643713,1.0128550596691689e-05,0.000579290230070345,5.645826983848683,0.6285368327755262,0.0,0.39999999999999997,0.03885421479569118
main,4,1,5,False,9,100,50,0.001,1,0.4,main_c04_v1_D05,1.6259647953800878,2.8002665333999666,0.7286430813306103,11.172222222222224,0.17623916231233466,0.601088386920024,0.12250360304714844,0.17588532883642494,4157,6,5,1274,11,14,-0.39999999999999997,0,1.6442222222222223,1.6077256077256077,294.6536310180797,291.13413044024304,298.169615611323,-26.85014401941323,-26.643615425693298,0.09734021877949914,11.059948837726616,6.054444444444444,0.34085021428488527,0.03149480539993558,9.023531460449422e-06,0.0004804286308118317,6.434131110797906,0.6166753916074309,0.0,-0.13333333333333333,0.03223213857808105
main,4,1,6,False,9,100,50,0.001,1,0.4,main_c04_v1_D06,1.6144150147148648,2.8034871453162307,0.7236900526707967,11.163333333333334,0.17156811132254285,0.583951302776514,0.10464875319472267,0.17186167693036478,4228,6,7,1290,13,16,0.2333333333333333,0,1.6086666666666667,1.6201576201576202,298.1387693402248,297.5726809630829,298.70429219451233,-26.724358940609193,-26.534443760700405,0.10550280415347882,11.182293404515626,6.065555555555555,0.32197422005495363,0.03823769385019731,8.977021974689515e-06,0.000441899623091297,6.767177477158862,0.6313722338062285,0.0,0.11666666666666665,0.01837308644417135
main,4,1,7,False,9,100,50,0.001,1,0.4,main_c04_v1_D07,1.5794325059692376,2.7770559164862014,0.7236364414826059,11.167777777777777,0.1658820155338827,0.5693427753615004,0.08312751393691341,0.16579808366440757,4285,6,7,1286,14,12,0.33333333333333337,0,1.6006666666666667,1.5582195582195582,308.97860786762084,306.6089147214474,311.3459336879739,-26.57086095276733,-26.130606399517195,0.10083846965406186,11.23123123123123,6.173333333333333,0.31882297860456776,0.0250650378828654,1.4710596787940194e-05,0.0005335561179170325,6.459596550417897,0.6126584276169503,0.0,-0.03333333333333333,0.04926145050694686
main,4,1,8,False,9,100,50,0.001,1,0.4,main_c04_v1_D08,1.5582208895552223,2.8079293686490088,0.7242888005128251,10.955555555555556,0.1600668935300672,0.5809642130330211,0.08194255425829096,0.15974857142857146,4383,8,5,1326,14,10,0.06666666666666667,0,1.5293333333333334,1.587079587079587,306.5025334717185,308.7799194122491,304.22742264201753,-26.019403725845788,-26.64016143799426,0.10311510911211061,10.87309531753976,5.948888888888889,0.3037914656276504,0.023624816699676785,8.519049703965657e-06,0.0005550570460845908,6.719407413819177,0.6365756049638521,0.0,0.38333333333333336,0.04382730952860925
main,4,1,-1,True,9,100,50,0.001,1,0.4,main_c04_v1_label,1.63362763062913,2.742739741240491,0.711631602384656,11.367777777777778,0.17489613014695826,0.5578090858210436,0.10037606837606837,0.17451003824091776,4193,9,11,1144,14,12,-0.24267994853915967,0,1.6428888888888888,1.6243756243756244,297.61726101594473,296.8915589302628,298.34223812451813,-26.88975110749567,-26.777054639144485,0.09961685823754789,11.366922478033588,6.087777777777778,0.3371799661300687,,,,,,,,
main,5,0,-1,False,9,100,50,0.001,1,0.4,main_c05_v0_A,1.5873174523849187,2.80970625798212,0.7242787199934507,11.166666666666666,0.165862348804527,0.6132646808657328,0.08344463971880492,0.16577173407717344,4310,8,8,1246,12,11,0.25,1,1.5791111111111111,1.5955155955155955,306.12354521623985,310.1613566734247,302.08976753673454,-26.382722105581756,-26.58220985225124,0.1054472763618191,11.099988877766656,5.9944444444444445,0.3138881604261166,0.10316517152482742,1.00101034485088e-05,0.00045984423724175705,6.434279011671712,0.657666152902553,0.0,0.2333333333333333,0.0673903436695582
main,5,0,0,False,9,100,50,0.001,1,0.4,main_c05_v0_D00,1.5895385640513078,2.7827197512354935,0.7230440483608045,11.025555555555556,0.1701093736972738,0.5847404588794167,0.10047746103075411,0.169906854549797,4195,8,9,1297,10,16,0.11666666666666665,1,1.6022222222222222,1.5768675768675768,307.47153423097205,302.84511036333515,312.0933362965433,-26.738941493646045,-26.080486433976276,0.09800655227941585,11.195640084528973,6.04,0.32600590934849116,0.14053681403243012,1.1144910387755869e-05,0.0005690641435587358,6.700007460564832,0.6496809119944063,0.0,-0.19999999999999998,0.03572713116795967
main,5,0,1,False,9,100,50,0.001,1,0.4,main_c05_v0_D01,1.6511744127936032,2.8379143761452608,0.7230232480545051,11.247777777777777,0.17662023634133486,0.567082275593056,0.10071650669190212,0.17627945727207808,4208,7,8,1277,13,12,-0.3,0,1.6582222222222223,1.644133644133644,295.65349892178443,299.6251343743056,291.68583113704807,-27.08388811707989,-27.13282405819783,0.09162085623854739,11.099988877766656,6.0344444444444445,0.33672954833523494,0.012458261558126797,1.2438774380529214e-05,0.000576801172057755,6.7841271521706625,0.5314908683784098,0.0,0.21666666666666667,0.05499200182578079
main,5,0,2,False,9,100,50,0.001,1,0.4,main_c05_v0_D02,1.6535065800433117,2.8593481037259147,0.7230200619088859,11.328888888888889,0.17545154462905937,0.574529638370854,0.10856640994460208,0.1747992442135097,4244,10,8,1293,11,13,-0.7166666666666667,0,1.695111111111111,1.611943611943612,297.28605945883885,288.5412413522125,306.0221414834405,-27.362296597008417,-26.762901743187527,0.09739574657115886,11.431431431431431,6.1177777777777775,0.3437200486137451,0.04811386776104836,1.0928063509838821e-05,0.0005125584253043247,6.750960513980321,0.6206626216795739,0.0,0.16666666666666669,0.06687531382132761
main,5,0,3,False,9,100,50,0.001,1,0.4,main_c05_v0_D03,1.5724360042201122,2.7999333666500084,0.7161472488440689,10.94111111111111,0.16476819771107806,0.5763290375952158,0.07992617830777968,0.16462902473168456,4294,8,7,1310,12,10,0.5666666666666667,0,1.5653333333333332,1.5795315795315796,305.7344990327157,308.8278708836998,302.644217463301,-26.1907906728605,-26.487374454342454,0.10178244211227719,10.879768657546435,5.986666666666666,0.31714279216044233,0.025892314411249975,1.0950766429788176e-05,0.0005202520687191228,6.231280370656837,0.594440610352624,0.0,-0.16666666666666669,0.0591296516880675
main,5,0,4,False,9,100,50,0.001,1,0.4,main_c05_v0_D04,1.6252984618801711,2.8644566605586097,0.7204413680415332,11.20888888888889,0.1710789721910753,0.5967884144975827,0.09476069491176269,0.17048220973782774,4279,7,6,1285,10,15,-0.5941474602165634,0,1.6204444444444444,1.63014763014763,298.7786105420915,304.4078158014252,293.15502886443534,-26.67276391259309,-27.105859270948507,0.09895052473763119,11.0888666444222,6.038888888888889,0.3292030760933945,0.037167221446778455,1.2172159758870542e-05,0.0005330550900061301,6.338455149488725,0.6182920757047398,0.0,-0.19999999999999998,0.03214272915195693
main,5,0,5,False,9,100,50,0.001,1,0.4,main_c05_v0_D05,1.5726581153867512,2.7958243100671885,0.7250938717954178,11.23,0.16091658986867102,0.5809156282533946,0.07966799091940976,0.16067441330599228,4395,6,8,1236,11,11,0.0,0,1.5306666666666666,1.6146076146076147,312.0874980270426,315.9859287093013,308.19296188093,-26.004659204068044,-26.667294972662404,0.10505858182020102,11.102213324435546,6.036666666666667,0.3146955752286164,0.020311278683042753,1.109748208453021e-05,0.0005015366772433778,6.6033700728198355,0.6510006910513892,0.0,-0.08333333333333334,0.04285187450713579
main,5,0,6,False,9,100,50,0.001,1,0.4,main_c05_v0_D06,1.6040868454661559,2.860902881892387,0.7261491157195981,10.935555555555556,0.16558983021936677,0.5917541762268794,0.09341958820255983,0.165651574350724,4356,5,7,1332,13,15,-0.8666666666666667,0,1.6324444444444444,1.5757575757575757,302.48404264339405,300.709686973266,304.256625730435,-26.72982687196653,-26.437058278760347,0.10783497140318729,10.917584250917583,5.948888888888889,0.32265791502066016,0.03935568022394343,1.4141953169394166e-05,0.0004858647898855842,5.899143789043892,0.6012005038300081,0.0,0.5166666666666667,0.048494123080701
main,5,0,7,False,9,100,50,0.001,1,0.4,main_c05_v0_D07,1.589649619634627,2.7747237492364927,0.713727408891852,11.207777777777778,0.16721060584199535,0.5756139936124508,0.08646827624929815,0.16701405152224827,4277,7,7,1208,14,11,-0.16666666666666669,0,1.6062222222222222,1.5730935730935731,303.3543417952944,299.32416658007804,307.3804908614447,-26.59728057885383,-26.342337398050077,0.09972791382086735,11.244577911244578,6.038888888888889,0.3274920034591804,0.023912591869763102,1.328842324717928e-05,0.0004992813982830278,6.432838167882284,0.5725980238938188,0.0,0.13333333333333333,0.05741592492546488
main,5,0,8,False,9,100,50,0.001,1,0.4,main_c05_v0_D08,1.539896718307513,2.7979343661502583,0.7346231828006284,11.05,0.1600093207472955,0.5869490384574155,0.07971906451379335,0.15997220291869355,4323,6,8,1329,11,12,0.31666666666666665,0,1.5546666666666666,1.5251415251415252,319.244663210648,314.18825269959154,324.29602236255255,-26.06116023147528,-25.80925320851802,0.10822366594480537,11.057724391057723,6.064444444444445,0.30577359522904773,0.08860475874253392,1.0318098186976302e-05,0.0004944993620596873,6.043978541754273,0.6296544982083795,0.0,0.48333333333333334,0.05032362280527991
main,5,0,-1,True,9,100,50,0.001,1,0.4,main_c05_v0_label,1.5873174523849187,2.80970625798212,0.7242787199934507,11.166666666666666,0.165862348804527,0.6132646808657328,0.08344463971880492,0.16577173407717344,4310,8,8,1246,12,11,0.25,1,1.5791111111111111,1.5955155955155955,306.12354521623985,310.1613566734247,302.08976753673454,-26.382722105581756,-26.58220985225124,0.1054472763618191,11.099988877766656,5.9944444444444445,0.3138881604261166,,,,,,,,
main,5,1,-1,False,9,100,50,0.001,1,0.4,main_c05_v1_A,1.647398522960742,2.840912876894886,0.7156110980526549,11.310000000000002,0.17625123204895596,0.5843283577463572,0.10764335522307224,0.1760548271752086,4201,6,9,1220,14,13,0.2333333333333333,1,1.658,1.6368076368076367,291.6367402205268,292.84182271587883,290.43286160379154,-27.087639077385194,-26.92271927315351,0.09178743961352658,11.284617951284618,6.0,0.3355612352135668,0.010704685559368234,1.1061871179807226e-05,0.0005088283134127135,7.007002749629722,0.5685222217576822,0.0,-0.33333333333333337,0.04936027819471178
main,5,1,0,False,9,100,50,0.001,1,0.4,main_c05_v1_D00,1.6148592370481425,2.787050918984952,0.7187929687939959,11.174444444444447,0.17428775737726032,0.5630173506996463,0.10567812435161492,0.17394806443856697,4167,8,7,1256,12,13,-0.06666666666666667,0,1.6146666666666667,1.615051615051615,300.52087080889515,299.1325638976155,301.9077908001835,-26.72397254675347,-26.674673079384064,0.10128269198733966,11.146702257813368,6.002222222222223,0.334406478877891,0.016250293011001657,8.365959850572202e-06,0.0005525973247172115,7.127751053378504,0.6411842636701176,0.0,-0.18333333333333335,0.06859560768150175
main,5,1,1,False,9,100,50,0.001,1,0.4,main_c05_v1_D01,1.6436226331278805,2.8258093175634404,0.7009987114007294,11.43,0.17832932235311869,0.5871849673870897,0.1099334148661503,0.1778407720144753,4154,9,7,1241,10,11,-0.06666666666666667,1,1.6148888888888888,1.6723276723276723,294.32221469028826,291.5428376413134,297.09881513881464,-26.949662698102237,-27.225204846181853,0.0940085512799156,11.324657991324658,6.036666666666667,0.33915764074338145,0.017404905298809954,1.0240488681980682e-05,0.0005080139043916336,6.737497740466086,0.6410562631821897,0.0,-0.48333333333333334,0.04827781390460473
main,5,1,2,False,9,100,50,0.001,1,0.4,main_c05_v1_D02,1.5857626742184463,2.8373590982286636,0.73970336732364,10.975555555555555,0.16605057019688108,0.578160042370658,0.09647456195904582,0.16587727484834344,4292,6,8,1362,14,11,0.02510482226267169,0,1.5913333333333333,1.5801975801975803,304.5192204454935,299.96043383213345,309.07345282647265,-26.482800110500058,-26.546909097238444,0.09845077461269365,10.917584250917583,6.001111111111111,0.3187614520860602,0.022967787306832847,1.07977637844447e-05,0.0005959313704378896,6.554865065989518,0.6089796768449607,0.0,-0.18333333333333335,0.028940480851872508
main,5,1,3,False,9,100,50,0.001,1,0.4,main_c05_v1_D03,1.5833194513854183,2.7545116330723527,0.7160892515091788,11.091111111111111,0.1708423758096638,0.5974406440875569,0.08536413579377378,0.17073024261349987,4168,5,8,1209,9,12,0.5020964452534339,0,1.604,1.5626595626595627,301.9775393220622,298.53464001755486,305.41699916672496,-26.639736345837903,-26.23023110237533,0.09556332944638792,11.235680124569013,6.006666666666667,0.3321606056924758,0.08571899443619035,1.04517431085266e-05,0.00047818636990736084,6.782775867375756,0.5834475887456938,0.0,0.5333333333333333,0.03939304428328683
main,5,1,4,False,9,100,50,0.001,1,0.4,main_c05_v1_D04,1.6163029596312954,2.8013770892331613,0.7131709642363069,11.219999999999999,0.17018358030163247,0.5704287573864644,0.09593765087247397,0.17005171603196992,4259,5,8,1250,14,12,0.108787563138244,0,1.6855555555555555,1.5471195471195471,296.05707175677236,283.52243735379744,308.5791840474566,-27.411319156378372,-26.1488504453998,0.09023266144705425,11.433655878100323,6.0488888888888885,0.32726036277387116,0.0099464478728139,9.31373281066784e-06,0.000520004993701242,6.950644846077341,0.6262854078062474,0.0,-0.21666666666666667,0.03265040052593804
main,5,1,5,False,9,100,50,0.001,1,0.4,main_c05_v1_D05,1.5839857848853351,2.7786106946526736,0.7341090199460562,11.03111111111111,0.16987126096024044,0.6101817834606078,0.0974062588102622,0.16956521739130437,4195,9,8,1280,12,11,0.2333333333333333,0,1.5742222222222222,1.5937395937395937,307.8575318096272,308.6289904997333,307.0868438075232,-26.458760607181503,-26.23959007501587,0.0918429674051863,11.033255477699921,5.983333333333333,0.31895327866295536,0.03607281038725964,1.0201550949480184e-05,0.0005213592290220178,6.199123709571437,0.6806167621834751,0.0,0.7,0.019413498546043684
main,5,1,6,False,9,100,50,0.001,1,0.4,main_c05_v1_D06,1.5919817868843356,2.8057082569826197,0.7239783858233427,11.112222222222222,0.16812794684137486,0.5816575262662365,0.09833193159517802,0.1682332155477032,4252,7,4,1314,15,12,-0.13333333333333333,0,1.6211111111111112,1.5628815628815629,308.5468829491102,302.0029686616559,315.08425985965397,-26.737089936328303,-26.186578967270037,0.09872841357099228,11.315760204649093,6.1033333333333335,0.31644205218951654,0.023985500481011366,1.1767222758395245e-05,0.0005028696128515644,6.271802127946944,0.5634021060323342,1.0,0.06666666666666667,0.06610863136947387
main,5,1,7,False,9,100,50,0.001,1,0.4,main_c05_v1_D07,1.5747681714698207,2.790271530901216,0.7218687884667178,11.051111111111112,0.16525959916602184,0.6007558188725517,0.09659815733522324,0.16515577418599203,4278,9,10,1242,12,15,0.2333333333333333,0,1.6315555555555556,1.518037518037518,305.4021978416675,293.12688353884744,317.66524909323596,-26.963105719275806,-25.84583019813656,0.0961741351546449,11.0888666444222,5.9944444444444445,0.32030658629007075,0.024545502613545375,1.0292479109594582e-05,0.0004792783443130474,6.816530060751161,0.6036142578927091,1.0,0.43333333333333335,0.05787090874486012
main,5,1,8,False,9,100,50,0.001,1,0.4,main_c05_v1_D08,1.6146371258815038,2.844355599977789,0.7218787251073031,11.261111111111111,0.1663655795171047,0.5496536573690686,0.0806697108066971,0.1663333333333334,4358,8,8,1276,14,13,-0.16666666666666669,1,1.6151111111111112,1.6141636141636142,297.2415545741728,303.1476031118677,291.3414061848672,-26.65769991198617,-26.81284831739688,0.09911710811261036,11.384718051384718,6.081111111111111,0.31627446578606816,0.03428035528878006,1.2138258631202397e-05,0.0005412789704614892,6.758350231914541,0.6407715289299915,0.0,-0.06666666666666667,0.059539893553733236
main,5,1,-1,True,9,100,50,0.001,1,0.4,main_c05_v1_label,1.647398522960742,2.840912876894886,0.7156110980526549,11.31,0.17625123204895596,0.5843283577463572,0.10764335522307224,0.17605482717520857,4201,6,9,1220,14,13,0.2333333333333333,1,1.658,1.6368076368076367,291.6367402205268,292.84182271587883,290.43286160379154,-27.087639077385194,-26.92271927315351,0.09178743961352658,11.284617951284618,6.0,0.3355612352135668,,,,,,,,
main,6,0,-1,False,9,100,50,0.001,1,0.4,main_c06_v0_A,1.6049752901327115,2.8095952023988007,0.720755666574163,11.11111111111111,0.17048958698087327,0.5881210753920627,0.09794101279910963,0.17031914893617023,4237,7,10,1267,14,14,-0.13333333333333333,0,1.6211111111111112,1.5888555888555889,299.06777269567465,294.8016207049996,303.32966279624907,-26.827670451875935,-26.301352600784075,0.09817313565439502,11.235680124569013,5.9511111111111115,0.32301782478058816,0.09500352401491773,1.0491026470503778e-05,0.0005556991253055683,6.267131382470738,0.6378496117568057,0.0,0.38333333333333336,0.06944191153368706
main,6,0,0,False,9,100,50,0.001,1,0.4,main_c06_v0_D00,1.656282969626298,2.819034926980954,0.7059050890530086,11.404444444444445,0.18085594912978376,0.57352487834522,0.10798597059220288,0.17986161689730518,4127,8,7,1220,12,10,-0.15,0,1.586,1.7264957264957266,291.7179281755371,302.6104909218722,280.83624711026727,-26.463396560700097,-27.692145593877175,0.10150480315397857,11.217884551217884,5.993333333333333,0.34877085795019963,0.030997521283193715,1.0524924173634675e-05,0.00048755829230076055,6.2133374998749495,0.6134200647539546,1.0,-0.09999999999999999,0.059885245879513604
main,6,0,1,False,9,100,50,0.001,1,0.4,main_c06_v0_D01,1.5825420623021822,2.8045977011494254,0.7348417682414166,11.118888888888891,0.1641534004617801,0.5768596574392039,0.08282230210756326,0.1640106088560886,4342,6,7,1277,15,14,0.43333333333333335,0,1.5493333333333332,1.6157176157176156,299.86486009665674,303.5265929298764,296.20678533819546,-26.185889817064524,-26.75810103356227,0.09717363540451997,10.90868646424202,6.0744444444444445,0.3139846235619233,0.026530090211025932,9.950626321063599e-06,0.00047086757962353523,6.680598360346014,0.6164524406024467,0.0,-0.08333333333333334,0.07801874168094969
main,6,0,2,False,9,100,50,0.001,1,0.4,main_c06_v0_D02,1.6738297517907712,2.8572380476428454,0.714387809088352,11.31111111111111,0.18233186517842412,0.5617688238090208,0.11587639850825786,0.1825801749271137,4121,5,7,1253,12,12,0.21666666666666667,0,1.6488888888888888,1.6987456987456988,290.6419737217445,295.40324210154813,285.88546185380875,-26.963749549883758,-27.48138451821096,0.09389749569659615,11.215660104548993,6.096666666666667,0.34352044254745584,0.04862568832598364,7.96092743503428e-06,0.0004954210315284329,6.742517825278174,0.6066732744092007,0.0,0.06666666666666667,0.054279858114909985
main,6,0,3,False,9,100,50,0.001,1,0.4,main_c06_v0_D03,1.5884280082181133,2.7570659114887,0.7122388362953049,11.19111111111111,0.17004795116509672,0.5615284439107183,0.09944440537309233,0.16904705039407691,4195,8,7,1254,13,9,0.09999999999999999,1,1.5962222222222222,1.5806415806415806,300.28324950711095,300.75495155728714,299.8120186877541,-26.666224138248673,-26.324960593301387,0.09783996890443666,11.184517851184518,6.043333333333333,0.32058177358857315,0.013574895035717897,1.1348609935824009e-05,0.00047583829660395794,6.506480859628152,0.6274433406175229,0.0,0.049999999999999996,0.05489909966786399
main,6,0,4,False,9,100,50,0.001,1,0.4,main_c06_v0_D04,1.6088622355488922,2.7725026375701036,0.7080754855856535,11.135555555555555,0.16860672179869113,0.5618791866112058,0.08576186511240633,0.16820195895522388,4296,8,7,1209,11,11,0.016666666666666666,0,1.6128888888888888,1.6048396048396047,296.7385429876124,298.3381426502413,295.14054132664444,-26.776714190630607,-26.84164223785001,0.09795102448775612,11.104437771104438,5.985555555555556,0.33140268362873504,0.02396881225143274,1.0190137570368641e-05,0.000522425520095092,6.742737597645919,0.663628666537094,0.0,-0.03333333333333333,0.05066953484978853
main,6,0,5,False,9,100,50,0.001,1,0.4,main_c06_v0_D05,1.6246321283802543,2.8031539785662725,0.7091466159947704,11.202222222222224,0.17642065759246506,0.5568086208014402,0.11201265213504778,0.17607013301088273,4142,7,7,1231,12,11,-0.41666666666666663,0,1.5804444444444445,1.6687756687756687,297.5219483291856,302.08289661682466,292.96555643344226,-26.444254035731408,-27.25547853574426,0.09911710811261036,11.035479924368813,6.0088888888888885,0.33805349625024816,0.024171757673096754,1.0798416806974086e-05,0.0004780901796913998,6.60642975581335,0.6339379553038298,0.0,-0.38333333333333336,0.05437202739392433
main,6,0,6,False,9,100,50,0.001,1,0.4,main_c06_v0_D06,1.584207896051974,2.7798323060691876,0.7218241633826361,11.12888888888889,0.1690977352159039,0.6194492528771908,0.09876021414482954,0.16889838556505227,4218,6,6,1187,12,11,-0.8166666666666667,0,1.5808888888888888,1.5875235875235876,303.7962800923236,305.71587085351536,301.87860700422,-26.259742960647444,-26.52454603035523,0.10344827586206896,11.053275497719941,6.064444444444445,0.3330766360247448,0.01717939342238119,1.2473015510414912e-05,0.0005159060101915502,6.725326332467539,0.6531132173815992,0.0,-0.35,0.03129633141602994
main,6,0,7,False,9,100,50,0.001,1,0.4,main_c06_v0_D07,1.630962296629463,2.833583208395802,0.7233080745768409,11.185555555555556,0.16940754251857637,0.5852879470841768,0.09131326949384405,0.16933765632237147,4325,7,9,1242,13,15,-0.8200908605806086,0,1.6157777777777778,1.6461316461316462,296.29923174905855,302.3928486110171,290.21170241643273,-26.738082232519822,-27.11606438540973,0.0983397190293742,11.220108997886776,6.0,0.32907125955217553,0.008410222573943674,1.3960650043638104e-05,0.0004951251563171078,7.063217608052198,0.5952914254764616,0.0,-0.6333333333333333,0.04573749721959075
main,6,0,8,False,9,100,50,0.001,1,0.4,main_c06_v0_D08,1.618413015714365,2.7728358043200623,0.7159169667689615,11.153333333333334,0.17353399706384198,0.562635613428494,0.09769204271443334,0.1734128878281623,4196,6,7,1221,14,12,0.08333333333333334,0,1.6346666666666667,1.6021756021756022,294.9442754715417,298.1386290744456,291.7531130310782,-26.76810165800255,-26.530075109286752,0.10361485923704815,11.453675898120343,5.9366666666666665,0.3396072317892099,0.023514894070121816,9.868073615247927e-06,0.00048342936963363426,5.876966335456468,0.566038973520053,0.0,-0.48333333333333334,0.04507157422261798
main,6,0,-1,True,9,100,50,0.001,1,0.4,main_c06_v0_label,1.6049752901327115,2.8095952023988007,0.720755666574163,11.11111111111111,0.17048958698087327,0.5881210753920627,0.09794101279910963,0.17031914893617023,4237,7,10,1267,14,14,-0.13333333333333333,0,1.6211111111111112,1.5888555888555889,299.06777269567465,294.8016207049996,303.32966279624907,-26.827670451875935,-26.301352600784075,0.09817313565439502,11.235680124569013,5.9511111111111115,0.32301782478058816,,,,,,,,
main,6,1,-1,False,9,100,50,0.001,1,0.4,main_c06_v1_A,1.6006441223832528,2.7954911433172303,0.7230322464965719,11.143333333333334,0.16809139011383098,0.5891814751907516,0.09635362197587674,0.16776115914933398,4286,7,7,1256,9,16,0.09999999999999999,0,1.5893333333333333,1.611943611943612,298.74244067137573,304.58212633819426,292.9085888563722,-26.368838717777013,-26.87635264951451,0.09417513465489477,11.017684351017683,6.007777777777778,0.3214669946995863,0.06202598130121893,1.0804354434907583e-05,0.0005340157035520648,6.065503067558721,0.6216214988142382,0.0,0.09999999999999999,0.06084490050193381
main,6,1,0,False,9,100,50,0.001,1,0.4,main_c06_v1_D00,1.621855738797268,2.8122605363984676,0.7122062641816853,10.990000000000002,0.1722793181027485,0.5996848197850295,0.10030959752321982,0.17201228153046763,4241,7,6,1217,12,12,-0.13333333333333333,0,1.6137777777777778,1.62992562992563,292.3953033961979,287.7034537453748,297.08246588453267,-26.873677871665222,-26.841351057118537,0.09367538452995725,11.05105105105105,5.97,0.3353337504535557,0.032077746646083705,9.772797308887304e-06,0.0004885159347445738,6.1245038449766005,0.6195279457799766,1.0,0.5166666666666667,0.03608876439321307
main,6,1,1,False,9,100,50,0.001,1,0.4,main_c06_v1_D01,1.612749180965073,2.7740574157365763,0.7151227701802849,11.152222222222223,0.1728157889259929,0.564463940641132,0.0944206008583691,0.17202905453679448,4206,7,5,1237,11,11,0.11666666666666665,0,1.6293333333333333,1.5961815961815962,293.07322498592316,287.1826206170361,298.9579446351611,-26.89150336814644,-26.372609216166442,0.09672941307124215,11.0888666444222,5.971111111111111,0.3345958098789222,0.025575617881699292,9.081435723406554e-06,0.00055859238945573,6.43972660145845,0.5784387195095972,1.0,0.8166666666666667,0.02107554012306423
main,6,1,2,False,9,100,50,0.001,1,0.4,main_c06_v1_D02,1.5915375645510579,2.7989338664001333,0.7242605999226506,11.124444444444444,0.16529966935945287,0.5903717371465991,0.09006734006734007,0.16526461751791083,4330,3,7,1250,16,11,-0.049999999999999996,0,1.535111111111111,1.647907647907648,302.2582654144536,318.32050248172146,286.21207453806215,-25.832286583096693,-27.25308953397151,0.09162085623854739,10.82860638416194,6.177777777777778,0.3124323115047497,0.042593535716534216,9.308766816671654e-06,0.0005365338401276519,6.308665442431403,0.6295362882380006,0.0,-0.33333333333333337,0.06255872731472323
main,6,1,3,False,9,100,50,0.001,1,0.4,main_c06_v1_D03,1.592314953634294,2.8044866455661057,0.722336005217334,11.13888888888889,0.16413635344789906,0.5864665277786645,0.08924821503569928,0.1641691565157435,4356,5,8,1286,12,13,0.13333333333333333,0,1.5977777777777777,1.586857586857587,300.2527942921808,298.76984435799824,301.7342627578976,-26.553744639731715,-26.41458262135329,0.10161585873729802,11.122233344455566,6.105555555555555,0.3201957396762682,0.1569290148717538,1.033642444679491e-05,0.0005483304541665531,5.885349890323649,0.6259297984313472,1.0,0.6833333333333333,0.03728130717382783
main,6,1,4,False,9,100,50,0.001,1,0.4,main_c06_v1_D04,1.5789882836359599,2.773502137819979,0.7071298793346766,11.22777777777778,0.1692412660072671,0.6067104118988108,0.09657122658183104,0.16893505253104107,4196,8,9,1188,15,12,0.39999999999999997,0,1.5951111111111111,1.5628815628815629,299.22245979468175,293.73471967455987,304.7047176569414,-26.819179121367725,-26.412555169721514,0.10206008107057582,11.184517851184518,6.0744444444444445,0.31629541302609854,0.07597182225793221,8.193398566257991e-06,0.0005479513995048036,6.177597793377212,0.6642718243048159,0.0,-0.18333333333333335,0.04394840949359491
main,6,1,5,False,9,100,50,0.001,1,0.4,main_c06_v1_D05,1.576322949636293,2.7707257482369925,0.7047983512000777,11.11888888888889,0.16714171171880698,0.5779228086809507,0.08834972059135601,0.16684795459919605,4236,7,8,1263,10,11,0.016666666666666666,0,1.5708888888888888,1.5817515817515817,302.2699176723832,310.5391582617876,294.0089380625887,-26.288095865604422,-26.547153635144472,0.09817313565439502,11.017684351017683,5.935555555555555,0.31579597500083045,0.013499348493933265,1.0886478699103044e-05,0.00048505255153354353,6.442644216194531,0.6209847345392248,0.0,0.43333333333333335,0.03304509758703489
main,6,1,6,False,9,100,50,0.001,1,0.4,main_c06_v1_D06,1.6306291298795046,2.8574601588094843,0.7171554390189158,11.193333333333335,0.16840528508333005,0.59638488578934,0.0922213860573305,0.16841499884978148,4353,6,5,1261,12,12,0.049999999999999996,0,1.6233333333333333,1.637917637917638,293.37741605422343,294.32918103190514,292.42660189070523,-26.8857598520713,-27.062767669249176,0.08379143761452607,11.213435657880103,6.118888888888889,0.3225171362827677,0.015621149368161448,1.032490963481564e-05,0.0004966189110729228,6.636701493715117,0.6332381285665506,1.0,0.18333333333333335,0.027486498558715766
main,6,1,7,False,9,100,50,0.001,1,0.4,main_c06_v1_D07,1.5736576156366262,2.778943861402632,0.721580495825338,11.16111111111111,0.16554120708706513,0.5763915761153873,0.08396567619317778,0.16545305549051748,4277,6,7,1294,11,15,-0.25,0,1.6031111111111112,1.5442335442335442,308.57270368930864,299.60570231477845,317.53074702050753,-26.67997407536248,-25.86774945653256,0.09622966294630463,11.255700144589033,6.015555555555555,0.3093939059548419,0.018549345218787823,1.0226400860646638e-05,0.00048507784459021557,6.926939740095243,0.5633059041553236,0.0,0.6666666666666667,0.04329692547142372
main,6,1,8,False,9,100,50,0.001,1,0.4,main_c06_v1_D08,1.5658837248042645,2.7610639124882,0.7267112945884139,11.077777777777778,0.16684181102237097,0.5738425336890468,0.09566889870351902,0.16683685585371644,4216,5,8,1296,13,14,-0.25,0,1.521111111111111,1.6106116106116106,306.0625080740296,313.83666496491145,298.2961175736482,-25.79218063098037,-26.681053499350725,0.09850630240435337,10.915359804248693,6.02,0.30887400148871325,0.02078961522309423,1.078703220107407e-05,0.00052086462828907,6.772470176675726,0.6208742133618251,0.0,-0.2333333333333333,0.053805453282450344
main,6,1,-1,True,9,100,50,0.001,1,0.4,main_c06_v1_label,1.6006441223832528,2.7954911433172303,0.7230322464965719,11.143333333333334,0.16809139011383098,0.5891814751907516,0.09635362197587674,0.16776115914933395,4286,7,7,1256,9,16,0.09999999999999999,0,1.5893333333333333,1.611943611943612,298.74244067137573,304.58212633819426,292.9085888563722,-26.368838717777013,-26.87635264951451,0.09417513465489477,11.017684351017683,6.007777777777778,0.3214669946995863,,,,,,,,
main,7,0,-1,False,9,100,50,0.001,1,0.4,main_c07_v0_A,1.5788772280526404,2.847131989560775,0.7253850076914005,11.145555555555555,0.16268961566622842,0.597210844580272,0.08577494692144373,0.1615649380449748,4367,9,7,1314,11,13,-0.2333333333333333,0,1.5544444444444445,1.6032856032856033,302.1107280162133,305.71503675437765,298.51001998607904,-26.22192607989435,-26.836037903060443,0.09734021877949914,10.935379824268713,6.084444444444444,0.3109720844511356,0.03574713160899135,9.020386362932164e-06,0.0005064299804367422,6.785990697928451,0.6658655633166277,0.0,0.0,0.05455247519290651
main,7,0,0,False,9,100,50,0.001,1,0.4,main_c07_v0_D00,1.5992003998000999,2.833583208395802,0.7165631405902857,11.156666666666665,0.1659775352676423,0.5815502036403388,0.08868095803365687,0.1654797687861272,4334,9,7,1254,13,14,-0.43333333333333335,0,1.5602222222222222,1.638139638139638,303.0399641044123,308.529354808739,297.5560573068831,-26.231487805758615,-26.913609812835425,0.09561885723804764,11.04882660438216,6.093333333333334,0.3222368048202131,0.021012872134270562,1.0789850309608492e-05,0.0005147004239926077,7.124613277792537,0.5974645269901914,0.0,0.3,0.04819677788196941
main,7,0,1,False,9,100,50,0.001,1,0.4,main_c07_v0_D01,1.6009772891332112,2.787717252484869,0.7183394437468913,11.16,0.17001895960270552,0.594849758817613,0.09821303922937316,0.1692990764859105,4230,7,7,1259,13,12,0.43333333333333335,1,1.55,1.6519036519036518,296.19708664894455,302.98478840529145,289.4161658134333,-26.123723516711056,-27.16120589260204,0.08989949469709589,10.964297630964298,6.016666666666667,0.3335106401861654,0.031006030560653923,7.308391586590483e-06,0.0004608600695762282,6.0646862947044955,0.6198460060015458,0.0,-0.33333333333333337,0.04981967922032027
main,7,0,2,False,9,100,50,0.001,1,0.4,main_c07_v0_D02,1.6204120162141151,2.756510633572103,0.7149339278413354,11.204444444444444,0.1781429728995938,0.5498281680833923,0.11196139262323337,0.17758198727361724,4095,9,5,1216,14,13,0.2833333333333333,0,1.626,1.6148296148296148,299.1707398005073,300.62820621066527,297.7147294007491,-26.74690069234534,-26.664135567538654,0.09711810761286023,11.146702257813368,5.966666666666667,0.3406111697634365,0.04720227486419842,8.903803118494708e-06,0.0005031961739631054,6.2872656273148815,0.644150562725421,0.0,0.6333333333333333,0.044131836625666665
main,7,0,3,False,9,100,50,0.001,1,0.4,main_c07_v0_D03,1.6630573602087846,2.8019323671497585,0.7082006877537659,11.272222222222222,0.18026203288199502,0.5835660753144728,0.11260323641979453,0.1797463768115942,4149,9,9,1208,13,11,0.0,0,1.6586666666666667,1.6674436674436675,287.16545945041764,288.8773327048643,285.4552963590624,-27.010416306562654,-27.24458149934662,0.09067688378033206,11.157824491157823,6.03,0.3499429196847536,0.013525114974224964,1.0038226062997582e-05,0.0005252691169591946,7.263360738046921,0.5871720853698613,0.0,0.08333333333333334,0.05153032188138695
main,7,0,4,False,9,100,50,0.001,1,0.4,main_c07_v0_D04,1.5882058970514743,2.7758343050696874,0.7206292668000555,11.275555555555556,0.171166675676501,0.5870282127176083,0.08681287782932659,0.17067226890756307,4171,6,9,1234,16,12,-0.6,0,1.6068888888888888,1.5695415695415695,302.54216943996346,303.213468574502,301.87154093393093,-26.719567244732886,-26.40155094366507,0.10144927536231885,11.284617951284618,6.033333333333333,0.31834270494686934,0.007986392499207228,1.1583095161017623e-05,0.0005095147968415461,6.856471480971753,0.5922111300175453,0.0,-0.11666666666666665,0.02281426232116246
main,7,0,5,False,9,100,50,0.001,1,0.4,main_c07_v0_D05,1.569437503470487,2.7313010161585876,0.7190265165221589,11.074444444444445,0.1690936722328896,0.5880850870407226,0.09699686877312838,0.16815240833932424,4180,7,9,1232,11,10,-0.5,0,1.5753333333333333,1.5635475635475635,301.9494774590312,300.35321867934385,303.54414157460286,-26.506953674575335,-26.166390621785315,0.10044977511244378,11.002113224335446,5.941111111111111,0.3251253272370863,0.025296687934060473,8.749733876576144e-06,0.000498857951162035,6.599971429603053,0.6445170388949518,0.0,-0.26666666666666666,0.06016843593531007
main,7,0,6,False,9,100,50,0.001,1,0.4,main_c07_v0_D06,1.5928702315508911,2.7956021989005495,0.7285353086234283,11.018888888888888,0.16632190528468568,0.5885679600237279,0.09479436698661808,0.16616515045486355,4293,6,10,1299,17,12,0.13333333333333333,0,1.5782222222222222,1.6075036075036075,300.71524556864796,304.4102431687541,297.0239392748357,-26.328380960170126,-26.561887681954794,0.09361985673829752,11.019908797686575,6.038888888888889,0.31934089141808886,0.05244237137722851,1.0999036338120885e-05,0.0005302679784180768,6.067450166061247,0.5773972749518861,0.0,-0.19999999999999998,0.06873279499561136
main,7,0,7,False,9,100,50,0.001,1,0.4,main_c07_v0_D07,1.6247431839635738,2.8346937642289967,0.7206329230231951,11.252222222222223,0.16915419483064006,0.5845820731424312,0.10353118988733169,0.16907025272432183,4321,8,9,1225,13,12,0.11666666666666665,0,1.5951111111111111,1.6543456543456543,298.66846288805726,298.10366771566964,299.2326938295033,-26.616241178043648,-27.171382466643614,0.10067188627908268,11.126682237793348,6.02,0.3302160559967718,0.04376275127967442,9.395323626695193e-06,0.000475958091284464,6.465078894729047,0.6106737062039762,0.0,0.35,0.01920667517524066
main,7,0,8,False,9,100,50,0.001,1,0.4,main_c07_v0_D08,1.6322949636292965,2.798600699650175,0.724575166217476,11.266666666666667,0.17399010254294392,0.5732587116437694,0.09699911135415955,0.17399097815764486,4218,6,9,1199,10,13,0.09999999999999999,0,1.6493333333333333,1.6152736152736153,296.55441231522207,293.4834208319049,299.62233587497946,-27.084720055204986,-26.74571921679164,0.09700705202954078,11.346902458013568,6.097777777777778,0.32996997374494824,0.019915545548903183,1.1796100377288706e-05,0.0005090715018096505,6.847987908514771,0.6303257650040295,0.0,-0.016666666666666666,0.045084568944105285
main,7,0,-1,True,9,100,50,0.001,1,0.4,main_c07_v0_label,1.5788772280526404,2.847131989560775,0.7253850076914005,11.145555555555555,0.16268961566622842,0.597210844580272,0.08577494692144373,0.16156493804497477,4367,9,7,1314,11,13,-0.2333333333333333,0,1.5544444444444445,1.6032856032856033,302.1107280162133,305.71503675437765,298.51001998607904,-26.22192607989435,-26.836037903060443,0.09734021877949914,10.935379824268713,6.084444444444444,0.3109720844511356,,,,,,,,
main,7,1,-1,False,9,100,50,0.001,1,0.4,main_c07_v1_A,1.616414015214615,2.7616191904047978,0.7122746332156052,11.166666666666666,0.18022688809166776,0.5847060181677552,0.11068148864185597,0.179952888668485,4040,7,6,1185,12,11,-0.25104822262671694,0,1.6102222222222222,1.6225996225996226,298.5701746242511,303.5295380357071,293.6157656217975,-26.656481653480085,-26.965359512546613,0.09945027486256872,11.137804471137803,5.855555555555555,0.3367197940490856,0.04772861335830444,1.1334812064581617e-05,0.0005732013899976624,6.338336619280706,0.6262802421826046,0.0,0.09999999999999999,0.05839812909783859
main,7,1,0,False,9,100,50,0.001,1,0.4,main_c07_v1_D00,1.5834305069687378,2.79960019990005,0.7352673170139141,11.114444444444445,0.16535434161643595,0.6008112722198589,0.0882228490832158,0.16494426381792848,4314,8,7,1287,12,13,-0.11666666666666665,0,1.5713333333333332,1.5955155955155955,306.0697364278267,315.686692195636,296.4623880084369,-26.249706461111455,-26.47762351709812,0.09611860736298518,11.057724391057723,6.091111111111111,0.31747993467734625,0.0261321318789468,9.176907472318337e-06,0.0004838973813422327,6.394627958396594,0.6121103938666885,1.0,0.6166666666666666,0.0754843690101552
main,7,1,1,False,9,100,50,0.001,1,0.4,main_c07_v1_D01,1.5701038369704037,2.818035426731079,0.7171963325117706,11.035555555555556,0.16418501794517848,0.594554113173381,0.0818168893943702,0.16380032580870377,4305,8,7,1302,13,16,0.18333333333333335,0,1.5493333333333332,1.5908535908535908,309.1184405123621,318.24044355521477,300.0055503596621,-26.0964602301654,-26.501174770388545,0.10100505302904103,11.024357691024358,6.166666666666667,0.3206703944119314,0.04433370760760747,9.780470845850586e-06,0.0005056790992052664,6.4636623044946475,0.6390112260067633,0.0,-0.15,0.06316882972058124
main,7,1,2,False,9,100,50,0.001,1,0.4,main_c07_v1_D02,1.6296296296296295,2.8292520406463435,0.7156767631267583,11.076666666666666,0.17193918381911263,0.5787976052582396,0.09167523124357657,0.17162288930581615,4270,6,6,1302,12,12,0.08333333333333334,0,1.6262222222222222,1.633033633033633,300.03594904645837,306.4995213842086,293.57883382393067,-26.600245134664085,-26.76221524610961,0.09978344161252707,11.017684351017683,5.947777777777778,0.32915664652109755,0.014974801975094,1.296642706336181e-05,0.0005357989326286275,6.830653790409928,0.5613739847270632,0.0,-0.26666666666666666,0.0343107603879389
main,7,1,3,False,9,100,50,0.001,1,0.4,main_c07_v1_D03,1.5547781664723195,2.7810539174857016,0.7265013095224058,10.872222222222222,0.1611606725665925,0.5743328563834155,0.08171178286781072,0.160881606277406,4341,8,8,1331,11,14,-0.25,0,1.5033333333333334,1.6061716061716063,310.2064608990237,322.9280481042874,297.4975825720868,-25.710511306223932,-26.603978498370232,0.09267588428008218,10.75075075075075,5.972222222222222,0.3059293478672844,0.040185676307118605,1.1145903462163342e-05,0.0004782252356473476,6.7057561814073425,0.6423256276206504,0.0,0.16666666666666669,0.05256080341294478
main,7,1,4,False,9,100,50,0.001,1,0.4,main_c07_v1_D04,1.5830973402187796,2.7778333055694375,0.7067308399568011,11.100000000000001,0.17186109273644284,0.5980708435547971,0.10750564334085778,0.1715475615644616,4151,9,6,1216,13,16,0.18333333333333335,0,1.5631111111111111,1.603063603063603,300.35314345543827,302.73631616208087,297.9723515407104,-26.198013353968317,-26.59664912712277,0.10444777611194403,11.102213324435546,6.011111111111111,0.3359100617879002,0.03697106336726472,1.2437686672219134e-05,0.0005418498962965327,6.852930041540552,0.6425187734101181,0.0,0.43333333333333335,0.029302801358966235
main,7,1,5,False,9,100,50,0.001,1,0.4,main_c07_v1_D05,1.6133044588816703,2.819590204897551,0.7366127155189198,11.114444444444445,0.172773938612868,0.579054761595663,0.09685447632215693,0.1726210350584307,4198,5,6,1295,11,13,-0.16666666666666669,0,1.6311111111111112,1.5955155955155955,297.9342514949421,295.43974662538943,300.42626435163805,-26.854034808946015,-26.401469201537154,0.09606307957132545,11.24902680458236,6.124444444444444,0.32641046278604635,0.023094608828061563,9.936747535834694e-06,0.0004714525653734181,6.889661148011639,0.6543106387223167,0.0,0.09999999999999999,0.06506022298745506
main,7,1,6,False,9,100,50,0.001,1,0.4,main_c07_v1_D06,1.55666611138875,2.753623188405797,0.7056464670409304,10.872222222222222,0.16165427862671516,0.6208062995539942,0.08611170861117086,0.16172110261755848,4324,7,7,1265,13,11,0.18333333333333335,0,1.5586666666666666,1.5546675546675546,306.86878057619344,311.7122883096114,302.0301115118399,-26.291600376496916,-26.259501992759137,0.0981176078627353,10.881993104215326,6.028888888888889,0.309509782002192,0.02562557434481001,1.242832753339812e-05,0.0005610163645686091,6.903922511444268,0.6291301302210692,0.0,0.5499999999999999,0.03926152475554545
main,7,1,7,False,9,100,50,0.001,1,0.4,main_c07_v1_D07,1.6085290687989338,2.817369093231162,0.7093076968247659,11.17111111111111,0.17051518797246584,0.5676003408802406,0.09730891940629768,0.17009896324222434,4250,6,7,1298,12,14,-0.3,0,1.582,1.635031635031635,302.0321968589539,305.95612121221853,298.11219251003814,-26.435944927254297,-26.770359313926008,0.09645177411294353,11.14892670448226,6.11,0.3201678569439307,0.01873307817146901,9.482186966290277e-06,0.0005593090870365908,6.855572713776395,0.5852090267858238,0.0,-0.39999999999999997,0.050389635192743754
main,7,1,8,False,9,100,50,0.001,1,0.4,main_c07_v1_D08,1.6051974012993504,2.8351379865622746,0.7268423925530691,11.136666666666667,0.1643813433283346,0.5752239701642807,0.08727399165507649,0.16422227283079027,4397,6,7,1322,15,11,0.10041928905068676,0,1.5595555555555556,1.6507936507936507,301.09977241018095,312.5171293318863,289.69382143944637,-26.14513564454929,-27.12019086908269,0.09361985673829752,10.944277610944278,6.14,0.3156150703356259,0.033888106562464416,1.383406347434624e-05,0.000552789413849493,6.28559839126493,0.5857036987714881,1.0,0.6166666666666666,0.03549794153362029
main,7,1,-1,True,9,100,50,0.001,1,0.4,main_c07_v1_label,1.616414015214615,2.7616191904047978,0.7122746332156052,11.166666666666666,0.18022688809166776,0.5847060181677552,0.11068148864185597,0.179952888668485,4040,7,6,1185,12,11,-0.25104822262671694,0,1.6102222222222222,1.6225996225996226,298.5701746242511,303.5295380357071,293.6157656217975,-26.656481653480085,-26.965359512546613,0.09945027486256872,11.137804471137803,5.855555555555555,0.3367197940490856,,,,,,,,
main,8,0,-1,False,9,100,50,0.001,1,0.4,main_c08_v0_A,1.5579987783885836,2.790160475317897,0.7146127369494274,10.947777777777778,0.1634421440388573,0.5703289271238902,0.07883609259657422,0.16290021032951624,4288,9,8,1378,11,14,-0.03333333333333333,0,1.5533333333333332,1.5626595626595627,309.9546218284601,313.5946766931941,306.3182033821724,-26.08164831739189,-26.17136016752484,0.10278194236215225,10.886441997553108,6.05,0.3126020678205101,0.04350746217524707,1.1493188741139844e-05,0.00057088726747815,6.691379334826034,0.6333660586075242,0.0,0.09999999999999999,0.033781090478356646
main,8,0,0,False,9,100,50,0.001,1,0.4,main_c08_v0_D00,1.6133044588816703,2.7618413015714367,0.7218418027804322,11.172222222222222,0.17910943064348478,0.5847217738490684,0.11756158317187933,0.17842846553002228,4056,9,8,1208,13,14,0.39999999999999997,0,1.6257777777777778,1.600843600843601,297.03670537069587,289.0210167186117,305.04438634180894,-26.93428371568063,-26.34707141401769,0.09567438502970736,11.398064731398064,5.981111111111111,0.335556684357565,0.023278092044977765,1.0489117106477606e-05,0.00043230851182439456,7.089312256635143,0.6684651216151356,1.0,0.16666666666666669,0.03479279507271826
main,8,0,1,False,9,100,50,0.001,1,0.4,main_c08_v0_D01,1.5980898439669053,2.789272030651341,0.7086569137583568,11.147777777777778,0.16972768581067296,0.5641711337414108,0.08821271547211948,0.16966358682776594,4226,5,9,1220,12,15,0.65,1,1.6282222222222222,1.5679875679875679,296.7350661634251,294.61742661951877,298.85059018331145,-26.902909559373768,-26.218405852930772,0.09817313565439502,11.25125125125125,6.013333333333334,0.32912074504902544,0.017971432422720684,1.21341689939836e-05,0.0004769965801338527,6.923559816401796,0.5600939626275793,1.0,-0.11666666666666665,0.047483007495088714
main,8,0,2,False,9,100,50,0.001,1,0.4,main_c08_v0_D02,1.5743239491365428,2.765839302570937,0.720905443389665,11.016666666666666,0.16561088444961553,0.5593684434484288,0.10046082949308756,0.16560741088180114,4271,7,7,1311,9,12,-0.25,0,1.5377777777777777,1.6108336108336108,311.4776494921452,322.6723585644845,300.2941239453526,-25.797831595516378,-26.55523063455317,0.10655783219501361,10.975419864308753,6.014444444444444,0.3122034331004588,0.03685936450852117,9.746990350191802e-06,0.0005270299583101178,6.4230649052115325,0.6083834955447218,0.0,0.06666666666666667,0.06814960477916543
main,8,0,3,False,9,100,50,0.001,1,0.4,main_c08_v0_D03,1.646954300627464,2.789605197401299,0.7222707509513498,11.294444444444444,0.17829516606556323,0.5599810127620063,0.11644299850887894,0.17822931785195936,4142,8,9,1156,15,14,0.2333333333333333,0,1.6208888888888888,1.672993672993673,299.3259857043692,309.8216334847518,288.8408230866043,-26.727582986477852,-27.334076958591634,0.09761785773779777,11.1889667445223,6.088888888888889,0.335228948064101,0.02493831540535552,1.1565922839756242e-05,0.0005765779680397387,6.5964240494011745,0.6378642656811322,0.0,0.16666666666666669,0.05572179547701239
main,8,0,4,False,9,100,50,0.001,1,0.4,main_c08_v0_D04,1.602643122883003,2.763951357654506,0.6991499497489789,11.136666666666667,0.17595398501734869,0.5652589938910166,0.10068936703572175,0.1757942326490714,4096,4,6,1214,12,12,0.5690426379538917,1,1.5913333333333333,1.6139416139416138,298.58415021529646,302.46722288224754,294.70495674181893,-26.46032514302306,-26.72723121165309,0.09473041257149203,10.964297630964298,6.053333333333334,0.3378477845587941,0.033917617340914884,1.216161918299092e-05,0.0005293095866952119,6.5232647939878525,0.5753324115973015,0.0,-0.21666666666666667,0.053468854926904896
main,8,0,5,False,9,100,50,0.001,1,0.4,main_c08_v0_D05,1.5934255094674885,2.809484146815481,0.7310107313314167,11.0,0.16925541885115558,0.6087853774525301,0.09512468478565425,0.169126006631928,4230,8,9,1288,15,13,-0.016666666666666666,0,1.6273333333333333,1.5595515595515594,301.1044149211776,295.86443493169816,306.3391601654128,-26.782319274103475,-26.253198155436777,0.1000610805708257,11.095539984428873,6.014444444444444,0.3172358942525609,0.0181093725793796,9.234437406033004e-06,0.0004634358983503423,6.529653729178398,0.6263915636270334,0.0,-0.33333333333333337,0.03497038987410406
main,8,0,6,False,9,100,50,0.001,1,0.4,main_c08_v0_D06,1.5735465600533067,2.7832750291520907,0.7195400409334072,11.104444444444447,0.16792390849946773,0.590590069063169,0.0898772788536568,0.16772587147261087,4224,7,3,1235,12,13,0.4100454302903043,0,1.5313333333333334,1.6157176157176156,301.5735223531717,310.01433196565137,293.14114511792735,-25.995573315450404,-26.8388853004359,0.09967238602920762,11.086642197753308,6.0377777777777775,0.3160337618857232,0.0755607107110447,1.0872177500265458e-05,0.0005183862634143558,5.512052345838648,0.6673607668624197,0.0,-0.016666666666666666,0.05555900019348314
main,8,0,7,False,9,100,50,0.001,1,0.4,main_c08_v0_D07,1.6421789105447275,2.8255872063968015,0.7095638567969083,11.227777777777778,0.17734554907525532,0.5729043936076713,0.12036974104533406,0.17768654914271917,4148,7,9,1234,12,12,0.2833333333333333,1,1.618,1.6663336663336663,293.73910395667883,291.7972797328476,295.6789882961706,-26.85535352851638,-27.00829616187928,0.09073241157199179,11.220108997886776,6.104444444444445,0.3486054517675732,0.01907716086922788,1.0202874661482585e-05,0.0005327111523303313,6.292764341836541,0.6234077338460473,0.0,0.5499999999999999,0.044471916786051224
main,8,0,8,False,9,100,50,0.001,1,0.4,main_c08_v0_D08,1.6178577377977679,2.787606196901549,0.7185320579600418,11.107777777777779,0.17398321058158306,0.584325812789285,0.10280825225971159,0.17376225783305432,4190,9,6,1243,14,18,0.4937281711658766,0,1.6013333333333333,1.6343656343656343,292.6024841387224,299.2314483801113,285.98014223923303,-26.606907138750685,-26.948093709567747,0.09545227386306847,11.10888666444222,6.097777777777778,0.33811780941580755,0.0389476985566274,1.1344083648016741e-05,0.000490638079785513,6.844322480362719,0.6229071885168113,0.0,0.38333333333333336,0.038737207319940126
main,8,0,-1,True,9,100,50,0.001,1,0.4,main_c08_v0_label,1.5579987783885836,2.790160475317897,0.7146127369494274,10.947777777777778,0.1634421440388573,0.5703289271238902,0.07883609259657422,0.16290021032951627,4288,9,8,1378,11,14,-0.03333333333333333,0,1.5533333333333332,1.5626595626595627,309.9546218284601,313.5946766931941,306.3182033821724,-26.08164831739189,-26.17136016752484,0.10278194236215225,10.886441997553108,6.05,0.3126020678205101,,,,,,,,
main,8,1,-1,False,9,100,50,0.001,1,0.4,main_c08_v1_A,1.6145260702981843,2.7954911433172303,0.7055385169005645,11.193333333333333,0.17448616530001873,0.5653501946913392,0.12168141592920353,0.1741923818707811,4156,8,6,1260,11,12,-0.6,0,1.6064444444444443,1.6225996225996226,298.5771444443167,295.29172053068453,301.85928621617705,-26.79356461153468,-26.644688947203395,0.09872841357099228,11.19119119119119,6.016666666666667,0.34031548223418734,0.0487392054203171,1.0021967621035319e-05,0.0005128381981381001,6.6783018402710965,0.58174558032887,0.0,-0.18333333333333335,0.043606239088575194
main,8,1,0,False,9,100,50,0.001,1,0.4,main_c08_v1_D00,1.571658615136876,2.7699483591537564,0.7052317739880366,11.185555555555556,0.1690363485399794,0.5834339309360235,0.09023196424771228,0.1687859195402299,4184,8,8,1269,15,13,-0.13333333333333333,0,1.5993333333333333,1.544011544011544,305.29705885410345,300.14746814133133,310.44150512060907,-26.538460132678594,-26.023667798223297,0.10533622077849963,11.226782337893448,5.933333333333334,0.32122909611635453,0.03442854178956089,9.858287011188094e-06,0.0004821378218822667,6.782397259266638,0.6466951190899932,0.0,-0.016666666666666666,0.0675174622951431
main,8,1,1,False,9,100,50,0.001,1,0.4,main_c08_v1_D01,1.5989782886334611,2.7988228108168136,0.7207721286043668,11.072222222222223,0.16889646196506863,0.5910523736240672,0.09928087691126161,0.16882200799435693,4258,5,7,1242,12,13,0.00836827408755723,0,1.6315555555555556,1.5664335664335665,302.7726213118556,297.53946115798504,308.00055353350433,-26.738461208851607,-26.331211746060564,0.09478594036315176,11.06884662440218,5.996666666666667,0.32448138860692527,0.0284534520254365,8.807921111325525e-06,0.0004830528399326194,6.802522924434773,0.6425391854862541,0.0,0.8333333333333333,0.04214536965213256
main,8,1,2,False,9,100,50,0.001,1,0.4,main_c08_v1_D02,1.5916486201343774,2.7482925204064634,0.708536382380152,11.190000000000001,0.17260993134716981,0.599430214942945,0.0991016282987086,0.1720854453294714,4153,10,7,1209,13,11,-0.8166666666666667,0,1.5524444444444445,1.6308136308136307,306.67875686510445,314.2846625871855,299.080449450438,-26.244849965053916,-26.77306384083418,0.10450330390360375,10.966522077633188,6.015555555555555,0.33133046251437115,0.08090187158887782,8.302073378288474e-06,0.00042572911897338314,5.864046230976488,0.616531492502375,0.0,-0.21666666666666667,0.05222688089659755
main,8,1,3,False,9,100,50,0.001,1,0.4,main_c08_v1_D03,1.6244100172136153,2.820478649564107,0.7100453551010921,11.016666666666667,0.1745931800704811,0.6125564126622711,0.1000343997248022,0.173690504663956,4190,9,7,1289,18,12,-0.2833333333333333,0,1.6371111111111112,1.6117216117216118,298.65714260863456,292.9659407488964,304.3426589520294,-26.789737857365477,-26.64495752826385,0.09589649619634627,10.939828717606495,5.97,0.3272825411464559,0.02064341871539647,7.992364717475986e-06,0.0005045031611715813,7.162812883294879,0.6240379531702144,0.0,0.06666666666666667,0.03131904816083875
main,8,1,4,False,9,100,50,0.001,1,0.4,main_c08_v1_D04,1.6391804097951024,2.8110389249819536,0.7240439926629288,11.16777777777778,0.17981172477997612,0.5498010980890016,0.11863252519749387,0.17974822781715963,4100,9,10,1242,13,12,0.8333333333333333,0,1.6171111111111112,1.6612276612276613,293.19779505753274,298.1083726139856,288.29212317296447,-26.68641822054296,-27.21434957952363,0.09800655227941585,11.086642197753308,6.027777777777778,0.3461897250914449,0.015502684335413372,9.281706465048159e-06,0.0005074120678678612,6.886097328136742,0.588497550224725,0.0,-0.7,0.03357618530634454
main,8,1,5,False,9,100,50,0.001,1,0.4,main_c08_v1_D05,1.5850963407185297,2.7687267477372424,0.7184044120654592,11.152222222222223,0.16829708753035855,0.5857298943243764,0.09195240442160107,0.16833136094674558,4232,7,7,1294,16,13,-0.06666666666666667,0,1.5902222222222222,1.57997557997558,304.174324427319,305.81191596582823,302.53836884439266,-26.400119561526008,-26.19475222091488,0.09950580265422844,11.16894672450228,6.095555555555555,0.3251332164324704,0.016480144491906122,1.2114860708761914e-05,0.0004902481013004449,6.681962568130358,0.5867002382400057,0.0,0.0,0.04870691321553977
main,8,1,6,False,9,100,50,0.001,1,0.4,main_c08_v1_D06,1.5990893442167804,2.8205897051474262,0.7262975171222285,11.076666666666668,0.16790088575897136,0.5848896217281524,0.09485227352098903,0.16736078614880676,4283,9,6,1291,13,11,-0.3765723339400754,0,1.558,1.6401376401376402,306.71091516277215,311.8764261053949,301.5505645707414,-26.087421004756422,-26.83592512153488,0.09262035648842246,10.884217550884218,6.041111111111111,0.31642663108214913,0.04299297582782703,1.0171605991441487e-05,0.00048226630046936046,6.861900898006193,0.5887576018372994,0.0,-0.6,0.0522013233201335
main,8,1,7,False,9,100,50,0.001,1,0.4,main_c08_v1_D07,1.6041979010494753,2.775501138319729,0.716212905070337,11.07888888888889,0.1716048269331904,0.6029284049549641,0.11017480325927989,0.17158221797323137,4193,9,8,1219,10,13,0.21666666666666667,0,1.6031111111111112,1.6052836052836053,297.0868286775764,297.4351939920308,296.73881138041924,-26.662540896407044,-26.761717696279188,0.09500805152979067,11.015459904348793,6.0633333333333335,0.33532376912345446,0.06507264559291075,1.3314117155351196e-05,0.0005488423463146687,6.082886903869526,0.6210305661914555,0.0,0.31666666666666665,0.030578267285847005
main,8,1,8,False,9,100,50,0.001,1,0.4,main_c08_v1_D08,1.5808762285523905,2.7752790271530903,0.7123971759922088,11.046666666666665,0.16433444094806943,0.5901570884293192,0.09302818393727484,0.16375086665125957,4336,9,6,1233,13,15,-0.3666666666666667,0,1.5682222222222222,1.5935175935175936,301.7854132242986,307.43950818721765,296.13696670789597,-26.29943097318047,-26.720717145999792,0.09478594036315176,11.04882660438216,5.988888888888889,0.3238097973534078,0.028899204696301053,1.2616682281694467e-05,0.0005493526709139059,6.885241928067465,0.5983217893520829,0.0,-0.3,0.05741651990928176
main,8,1,-1,True,9,100,50,0.001,1,0.4,main_c08_v1_label,1.6145260702981843,2.7954911433172303,0.7055385169005645,11.193333333333333,0.17448616530001873,0.5653501946913392,0.12168141592920353,0.1741923818707811,4156,8,6,1260,11,12,-0.6,0,1.6064444444444443,1.6225996225996226,298.5771444443167,295.29172053068453,301.85928621617705,-26.79356461153468,-26.644688947203395,0.09872841357099228,11.19119119119119,6.016666666666667,0.34031548223418734,,,,,,,,
main,9,0,-1,False,9,100,50,0.001,1,0.4,main_c09_v0_A,1.657282469876173,2.812482647565106,0.7196931104277278,11.33222222222222,0.180603467594414,0.585865166975989,0.12275025278058645,0.18060951918406995,4128,10,5,1146,11,14,-0.4267819784654187,0,1.5993333333333333,1.7151737151737152,283.1985610289325,287.9118002046972,278.49003038381284,-26.861914102450474,-27.57300042579926,0.0888444666555611,11.32910688466244,6.068888888888889,0.35027464281047077,0.02762056068905485,8.599513381121768e-06,0.0005430350846949991,6.657987776094858,0.6648031184600598,0.0,-0.13333333333333333,0.041927165259949106
main,9,0,0,False,9,100,50,0.001,1,0.4,main_c09_v0_D00,1.6291854072963519,2.763507135321228,0.7131464302277978,11.41,0.17565371965639717,0.5697539839383206,0.11174255391989045,0.17541456380677725,4166,5,8,1159,15,13,-0.26666666666666666,0,1.6417777777777778,1.6166056166056166,293.1421141271239,289.4442339030099,296.83630016519976,-27.143703026173473,-26.58883632470834,0.10455883169526348,11.464798131464798,6.01,0.34812878846280887,0.024880655793097742,1.0459562887942635e-05,0.0005375878410207519,6.292229588135516,0.6362695616718956,0.0,0.45,0.030805715636802233
main,9,0,1,False,9,100,50,0.001,1,0.4,main_c09_v0_D01,1.602421011716364,2.8053750902326615,0.7337192810073637,11.101111111111111,0.16872982485109836,0.6061600251199849,0.0892819834250296,0.16834076507862006,4268,7,7,1246,14,10,0.09999999999999999,0,1.6486666666666667,1.5562215562215562,298.18158015577546,287.52257961641476,308.82993234294906,-27.055909006278696,-26.055373125956997,0.08951080015547781,11.33133133133133,6.09,0.3246564658273536,0.059788329802591376,9.16006341501185e-06,0.0005074727419408591,6.5235665212216665,0.6288051874200903,1.0,0.25,0.07777604633713509
main,9,0,2,False,9,100,50,0.001,1,0.4,main_c09_v0_D02,1.6104170137153646,2.800821811316564,0.706470270128439,11.236666666666668,0.17067663253684848,0.5932658064873874,0.09516218464097588,0.1705049551675319,4246,8,6,1205,12,11,0.11666666666666665,0,1.5853333333333333,1.6354756354756355,297.6410120658353,299.7759610938507,295.5081958540317,-26.596619605303825,-26.976858234458057,0.10106058082070075,11.042153264375486,5.998888888888889,0.3295480004618689,0.023518035963586127,1.0435503662056376e-05,0.00046787841846188875,6.315361303518272,0.6451947829775714,0.0,-0.5666666666666667,0.03578254465384134
main,9,0,3,False,9,100,50,0.001,1,0.4,main_c09_v0_D03,1.6059747903825865,2.8273640957299127,0.7203623492150454,11.253333333333336,0.16866816213804625,0.5934866190933964,0.08757906443316883,0.16836448598130843,4287,7,6,1291,12,13,0.0,0,1.634,1.577977577977578,300.4935890233171,297.11958494811876,303.86422246507374,-26.875384946575558,-26.449788684473177,0.09367538452995725,11.22900678456234,6.145555555555555,0.3226296855959055,0.040918269955457394,1.1335428901876174e-05,0.0004744982628298118,6.492340106915793,0.6496809871314855,0.0,-0.11666666666666665,0.03559614953312007
main,9,0,4,False,9,100,50,0.001,1,0.4,main_c09_v0_D04,1.583208395802099,2.807485146315731,0.7147480129962502,11.049999999999999,0.16577157502983017,0.550178210428726,0.10601577909270217,0.16591546006539,4290,8,8,1293,12,14,0.5,1,1.5662222222222222,1.6001776001776002,296.1117142456956,303.6499294167355,288.5810297591423,-26.21676035656586,-26.854162725980345,0.09783996890443666,10.999888777666555,5.931111111111111,0.31916614399050086,0.02446873864872937,9.164224583233802e-06,0.0005004391776492831,6.921505219520193,0.6972244048101414,0.0,0.45,0.06700458281744659
main,9,0,5,False,9,100,50,0.001,1,0.4,main_c09_v0_D05,1.6075295685490587,2.8154811483147317,0.7230851032271731,11.177777777777777,0.17035610024745532,0.5863737386834428,0.09691079486289483,0.17012756909992915,4238,5,9,1228,12,15,-0.016666666666666666,1,1.6182222222222222,1.5968475968475968,294.86019714531784,289.0257935088781,300.68877220669617,-26.858468277594724,-26.463698589469438,0.0985618301960131,11.257924591257924,6.0777777777777775,0.3286821709074515,0.02398243106370539,9.403135985209585e-06,0.0004936409025570305,6.845432999071347,0.5868559495422638,0.0,-0.2833333333333333,0.03862671543959095
main,9,0,6,False,9,100,50,0.001,1,0.4,main_c09_v0_D06,1.6224110167138652,2.840912876894886,0.7104346073407163,11.224444444444446,0.16979980689717677,0.5861293710437503,0.09467536928890416,0.16973193473193476,4294,4,9,1259,13,15,0.5499999999999999,1,1.5693333333333332,1.6754356754356754,294.2334804608294,296.93306635828924,291.536591452378,-26.570473214725045,-27.358840686205205,0.0957299128213671,11.082193304415526,6.001111111111111,0.3274067873303168,0.016265054828054362,9.183486373888479e-06,0.0005553070786894441,6.60331806149621,0.566871794707789,0.0,0.7666666666666667,0.05140277188709774
main,9,0,7,False,9,100,50,0.001,1,0.4,main_c09_v0_D07,1.6175245710478094,2.73474373924149,0.7089486526739485,11.265555555555554,0.17925281769690357,0.6062731324403855,0.10834887093432774,0.17927704877444914,4048,9,7,1114,15,13,0.19999999999999998,0,1.6255555555555556,1.6095016095016095,290.1535165130325,293.8785389808028,286.43221534642885,-26.697327669322547,-26.778380608806053,0.1026708867788328,11.284617951284618,5.906666666666666,0.3477245601388343,0.014831563985400845,1.171457033905818e-05,0.0006298514862220987,6.490741026028617,0.6241620040561374,0.0,0.13333333333333333,0.09479682373046217
main,9,0,8,False,9,100,50,0.001,1,0.4,main_c09_v0_D08,1.6406241323782553,2.798378588483536,0.7075106910097638,11.223333333333334,0.17632369361846678,0.5641296754706662,0.10818713450292397,0.17586743240009572,4186,7,8,1264,11,10,-0.6527253788294639,0,1.6944444444444444,1.586857586857587,294.07153860195507,290.14895932966755,297.99019921363094,-27.225357489841503,-26.621177253917185,0.09389749569659615,11.398064731398064,6.141111111111111,0.33804671195872943,0.011530434931614519,1.1039360006608274e-05,0.000470403847414631,6.895649797907169,0.6189498316248699,0.0,-0.16666666666666669,0.042040589378984805
main,9,0,-1,True,9,100,50,0.001,1,0.4,main_c09_v0_label,1.657282469876173,2.812482647565106,0.7196931104277278,11.33222222222222,0.180603467594414,0.585865166975989,0.12275025278058645,0.18060951918406995,4128,10,5,1146,11,14,-0.4267819784654187,0,1.5993333333333333,1.7151737151737152,283.1985610289325,287.9118002046972,278.49003038381284,-26.861914102450474,-27.57300042579926,0.0888444666555611,11.32910688466244,6.068888888888889,0.35027464281047077,,,,,,,,
main,9,1,-1,False,9,100,50,0.001,1,0.4,main_c09_v1_A,1.600199900049975,2.76317396857127,0.727081716559679,11.22,0.17325590487578602,0.5713908763662886,0.0976919322222997,0.17303614457831323,4154,4,6,1218,17,13,0.09999999999999999,0,1.59,1.6103896103896105,298.93571525724076,307.38072654203296,290.4991405471586,-26.391079969083435,-26.673607893189185,0.1005053029041035,11.12890668446224,6.102222222222222,0.3337031262501757,0.045886699129426056,1.0237394816122162e-05,0.000489503226613131,6.404501256344172,0.6425692611776689,1.0,0.6833333333333333,0.06110667998757435
main,9,1,0,False,9,100,50,0.001,1,0.4,main_c09_v1_D00,1.6097506802154478,2.765950358154256,0.7065136572151486,11.07888888888889,0.174819451797714,0.5775084275191248,0.09923028916163927,0.1745588590766256,4144,7,6,1213,15,13,0.0,0,1.604,1.6154956154956155,296.8335103697707,297.1163011331815,296.55100211461496,-26.68591829577848,-26.649616001162855,0.09017713365539452,11.059948837726616,5.957777777777777,0.3375100968850933,0.0653263163372567,8.383703515095327e-06,0.00047375506604776314,6.173631261541316,0.6319849514656051,0.0,0.11666666666666665,0.0347240115802947
main,9,1,1,False,9,100,50,0.001,1,0.4,main_c09_v1_D01,1.608084846465656,2.8442445443944693,0.7327763575770928,11.016666666666667,0.16793400748695442,0.585180945052025,0.09389312977099237,0.1677599441730635,4309,10,10,1244,13,16,-0.45,0,1.588,1.6281496281496282,300.37661412124476,306.4036922145677,294.35555708495815,-26.447570020103697,-26.843053149467387,0.09628519073796435,10.91091091091091,6.066666666666666,0.32114117774197987,0.018900821286146653,1.0529313553953867e-05,0.0005208930547312529,6.502558214265749,0.5990012306354373,0.0,-0.26666666666666666,0.04991052647228855
main,9,1,2,False,9,100,50,0.001,1,0.4,main_c09_v1_D02,1.5959797878838358,2.7747237492364927,0.7305628790050899,11.20111111111111,0.17188671613527762,0.6029261965861832,0.09769752956819931,0.17115660919540232,4185,9,7,1175,12,13,-0.17573375583870185,0,1.6195555555555556,1.5724275724275725,300.46385907153353,293.8267760625934,307.0943116279172,-26.8279280805657,-26.382818273110814,0.10039424732078406,11.335780224669113,6.0777777777777775,0.3242477768220722,0.05530524076513398,1.0320179736281278e-05,0.0005060370975603856,5.7529915439420884,0.6120789019521142,0.0,-0.3666666666666667,0.03860325072287196
main,9,1,3,False,9,100,50,0.001,1,0.4,main_c09_v1_D03,1.5985340663001832,2.8083735909822867,0.7206212825473264,11.121111111111112,0.16699921321391722,0.5845386984227273,0.09356235162686775,0.16653479171515012,4305,8,8,1277,11,11,0.6276205565667923,0,1.5564444444444445,1.6405816405816407,298.0989708976619,306.9032209650263,289.30351628491024,-26.257819042915028,-27.038396347866605,0.09312010661335998,11.039928817706596,6.07,0.3219638426934105,0.07456475821263242,9.221663834571963e-06,0.00046874435530792343,6.685601609247551,0.660368725930976,0.0,-0.11666666666666665,0.035086107147805023
main,9,1,4,False,9,100,50,0.001,1,0.4,main_c09_v1_D04,1.5973124548836692,2.7640624132378253,0.7134290541114595,11.152222222222221,0.16922993325736838,0.5837759651368505,0.0853948287910552,0.16888442448593716,4241,10,7,1194,13,10,0.03333333333333333,0,1.5691111111111111,1.6254856254856256,296.32955613907285,303.1780915834488,289.4878623884475,-26.343066864449312,-26.848914242354038,0.09367538452995725,11.026582137693248,6.015555555555555,0.3240503828765994,0.025670301236395014,1.1245254183607481e-05,0.0005249468666852744,6.006511676410708,0.5910049688733742,0.0,0.3,0.03526870920853753
main,9,1,5,False,9,100,50,0.001,1,0.4,main_c09_v1_D05,1.6378477427952691,2.8049308678993836,0.7093264151478667,11.304444444444444,0.1777317402156288,0.5877125844324451,0.10985339243095807,0.17720144752714112,4154,9,7,1197,13,11,0.016666666666666666,0,1.6464444444444444,1.6292596292596293,291.7865173970322,292.0398447841499,291.53344308422726,-27.033056750040274,-27.025880639757155,0.10067188627908268,11.262373484595706,6.0744444444444445,0.3464265272725197,0.05269135457951043,8.549715589728961e-06,0.0004985327485992677,6.222698657603119,0.6315586802554383,0.0,-0.25,0.04957168032343873
main,9,1,6,False,9,100,50,0.001,1,0.4,main_c09_v1_D06,1.6037536787161975,2.787273030151591,0.7094647732899647,11.36111111111111,0.16869177379944195,0.5850132690089022,0.08636901859719998,0.16825117370892018,4272,12,9,1188,14,12,-0.35,0,1.5748888888888888,1.6325896325896325,297.3011836354842,300.3091898264236,294.29618244573453,-26.61483846585063,-26.79521269022,0.1000610805708257,11.177844511177844,6.104444444444445,0.3240266585227163,0.019442518254794965,1.043247299608803e-05,0.0004904112212325806,6.803571034960167,0.5863161338548126,0.0,-0.6166666666666666,0.05552741282579632
main,9,1,7,False,9,100,50,0.001,1,0.4,main_c09_v1_D07,1.5848742295518907,2.761286023654839,0.7187926807520117,11.055555555555557,0.1686756513183208,0.5617829632828215,0.09467164074048004,0.16842979127134727,4224,8,7,1260,12,13,-0.1338923854009157,0,1.529111111111111,1.6405816405816407,307.2445501281488,319.0432832630943,295.457603939392,-25.792767802373547,-26.820000641735913,0.09634071852962407,10.87309531753976,6.017777777777778,0.3261096700607219,0.03847067686431501,1.3024980663700721e-05,0.0005331108111890096,6.412412452053752,0.6254235309654974,1.0,0.5166666666666667,0.04914094537645042
main,9,1,8,False,9,100,50,0.001,1,0.4,main_c09_v1_D08,1.614970292631462,2.7793880837359097,0.7124726983424017,11.102222222222222,0.172638512693491,0.5915037979331653,0.09513595793260915,0.17179090259585617,4207,8,9,1194,11,10,0.1338923854009157,0,1.6111111111111112,1.618825618825619,298.56167236133655,297.18861829990317,299.9333547403909,-26.80713092717677,-26.69062206797589,0.09656282969626298,11.057724391057723,6.09,0.32631631566510744,0.015269443073858703,1.0798179548455213e-05,0.0005863920427224325,6.979193385708298,0.6072647184805212,0.0,0.09999999999999999,0.06061518510142605
main,9,1,-1,True,9,100,50,0.001,1,0.4,main_c09_v1_label,1.600199900049975,2.76317396857127,0.727081716559679,11.22,0.17325590487578602,0.5713908763662886,0.0976919322222997,0.17303614457831326,4154,4,6,1218,17,13,0.09999999999999999,0,1.59,1.6103896103896105,298.93571525724076,307.38072654203296,290.4991405471586,-26.391079969083435,-26.673607893189185,0.1005053029041035,11.12890668446224,6.102222222222222,0.3337031262501757,,,,,,,,
main,10,0,-1,False,9,100,50,0.001,1,0.4,main_c10_v0_A,1.570437003720362,2.76928202565384,0.7263407696745324,11.016666666666667,0.1646196878841102,0.5835480390632629,0.09019830833747956,0.1641656942823804,4292,7,6,1282,12,11,0.25,0,1.5555555555555556,1.5853035853035853,306.5392065551596,313.3331461663722,299.75205409640563,-26.166681982810832,-26.389739743906965,0.09778444111277694,11.079968857746636,5.995555555555556,0.3090284105600721,0.027286914989823798,1.2138838621968392e-05,0.0005591285613364131,6.880803540923664,0.5887999544610923,0.0,0.11666666666666665,0.0707670318793987
main,10,0,0,False,9,100,50,0.001,1,0.4,main_c10_v0_D00,1.6345160752956855,2.790937864401133,0.7135389388757293,11.331111111111111,0.1740159197179929,0.5778150039041957,0.10768180266302492,0.17393263757115748,4222,6,8,1232,14,11,0.13333333333333333,0,1.6433333333333333,1.6257076257076257,293.8712187975691,301.9030657276219,285.8473956906232,-27.062308783821354,-26.875401771950543,0.09978344161252707,11.333555778000223,6.102222222222222,0.33933065713516825,0.009814892828706305,1.0550531477841418e-05,0.0005078048863039025,6.602762493950024,0.6237042305965147,0.0,0.11666666666666665,0.06501656824195834
main,10,0,1,False,9,100,50,0.001,1,0.4,main_c10_v0_D01,1.6598367482925205,2.8100394247320786,0.7098153753696597,11.270000000000001,0.18342743994431454,0.5609015773601854,0.12774679121026813,0.18331689272503082,4063,8,9,1198,13,13,0.08333333333333334,1,1.6646666666666667,1.655011655011655,291.0333152423359,288.3277643352832,293.73616330132967,-27.175916748098448,-26.99262562036518,0.09434171802987396,11.260149037926816,6.145555555555555,0.3418970765039026,0.04711050950865357,9.93133674506026e-06,0.0005447536373696723,7.0107863209364,0.6239457110628406,1.0,0.03333333333333333,0.031026890527414253
main,10,0,2,False,9,100,50,0.001,1,0.4,main_c10_v0_D02,1.6039757898828364,2.7500694097395746,0.7154736480935348,11.268888888888888,0.17410653061534334,0.5799092926129007,0.09714683368128045,0.17358627356210732,4147,9,9,1234,10,12,-0.4435185266405332,0,1.5957777777777777,1.6121656121656123,303.2077160264103,304.27704002240966,302.13946028615123,-26.589676375805826,-26.56400791005486,0.1024487756121939,11.335780224669113,6.038888888888889,0.3323950529818259,0.03814511446470851,8.425961494502555e-06,0.0004985605050279557,6.028333921775028,0.5549380562635766,0.0,-0.2833333333333333,0.031000251731256867
main,10,0,3,False,9,100,50,0.001,1,0.4,main_c10_v0_D03,1.581986784385585,2.821256038647343,0.7290886745029302,11.106666666666667,0.16515099234255243,0.5745893921194282,0.09818156188328164,0.165026688326758,4315,6,4,1283,15,13,-0.05020964452534338,0,1.5848888888888888,1.5790875790875791,297.13098997317894,296.9357520793787,297.3260328241282,-26.588455730321485,-26.41408159431133,0.09978344161252707,11.106662217773328,6.015555555555555,0.31747014212324026,0.011385126982943736,8.256134019880875e-06,0.00047185303251688176,6.693418689549707,0.5445446116298022,0.0,0.13333333333333333,0.042163783405101185
main,10,0,4,False,9,100,50,0.001,1,0.4,main_c10_v0_D04,1.6148592370481425,2.794491643067355,0.7287578344685652,11.196666666666665,0.17606145588449373,0.5692508366192532,0.09636639955788892,0.17579432452097987,4132,9,5,1275,13,16,-0.108787563138244,0,1.6213333333333333,1.6083916083916083,300.0706046562894,293.08350317912254,307.0507260121005,-26.828158608647442,-26.412520660449907,0.09861735798767284,11.340229118006896,6.046666666666667,0.3332845103911558,0.055562011110490056,8.780643933904044e-06,0.0005153977020119632,6.71793997004727,0.5656256863471794,0.0,-0.25,0.04178893000485573
main,10,0,5,False,9,100,50,0.001,1,0.4,main_c10_v0_D05,1.6004220112166139,2.7711699705702704,0.7063642835223539,11.147777777777778,0.1735633989048532,0.5809530651562324,0.1072200906871294,0.1732923002655081,4151,8,6,1235,16,12,0.41666666666666663,0,1.5464444444444445,1.6543456543456543,302.52631160300587,313.1451610470922,291.9180704001225,-25.983020990148745,-27.02555884407404,0.10072741407074241,10.957624290957623,5.97,0.32993517633376634,0.01898145949959618,7.951554180616663e-06,0.0004403393580335777,6.928893024456911,0.5912843752598103,0.0,0.049999999999999996,0.05882323032003001
main,10,0,6,False,9,100,50,0.001,1,0.4,main_c10_v0_D06,1.643511577544561,2.817369093231162,0.705315597135969,11.266666666666666,0.17859685195929173,0.5662148558604673,0.10942806683874473,0.17826139670223085,4131,7,9,1297,11,13,0.18333333333333335,0,1.6602222222222223,1.6268176268176269,295.6435971250398,293.8346101088377,297.4507769614055,-27.150332377733633,-26.776550249059465,0.10211560886223554,11.338004671338004,5.993333333333333,0.34242231200142326,0.02154721743581786,1.1450083791895914e-05,0.0005057439638530984,6.437697075091335,0.5983772804816816,1.0,0.5333333333333333,0.032393734698416665
main,10,0,7,False,9,100,50,0.001,1,0.4,main_c10_v0_D07,1.5687711699705702,2.7753900827364095,0.7210223258757552,11.034444444444443,0.16577962079698666,0.5852268887131523,0.09587188612099644,0.16503414174711564,4253,6,6,1265,13,14,-0.43333333333333335,0,1.6124444444444443,1.5251415251415252,307.94366677163026,304.24981445499907,311.63382892610696,-26.63747784460909,-26.036045494485855,0.09761785773779777,11.095539984428873,6.1177777777777775,0.3223887580893624,0.14729648430543293,1.0010831199950707e-05,0.0005506544958067912,6.849959509455134,0.5845694619658696,0.0,0.39999999999999997,0.031402967841017926
main,10,0,8,False,9,100,50,0.001,1,0.4,main_c10_v0_D08,1.6086401243822532,2.788272530401466,0.7225340391245084,11.121111111111112,0.17272421770456492,0.5630633478667392,0.09870292016369564,0.1724414155906265,4188,6,6,1240,10,14,0.3,1,1.62,1.5972915972915973,300.7956744486547,296.85008510609043,304.7373221435241,-26.806558811150474,-26.452240676791536,0.09839524682103393,11.077744411077743,5.871111111111111,0.3282142479639774,0.05428664161956134,8.900832736477789e-06,0.0005878517788274108,6.465767968079898,0.6080890245814978,1.0,0.2833333333333333,0.036489452246996734
main,10,0,-1,True,9,100,50,0.001,1,0.4,main_c10_v0_label,1.570437003720362,2.76928202565384,0.7263407696745324,11.016666666666666,0.1646196878841102,0.5835480390632629,0.09019830833747956,0.1641656942823804,4292,7,6,1282,12,11,0.25,0,1.5555555555555556,1.5853035853035853,306.5392065551596,313.3331461663722,299.75205409640563,-26.166681982810832,-26.389739743906965,0.09778444111277694,11.079968857746636,5.995555555555556,0.3090284105600721,,,,,,,,
main,10,1,-1,False,9,100,50,0.001,1,0.4,main_c10_v1_A,1.6429562996279639,2.8069298683991337,0.715875564881896,11.27111111111111,0.17517757483007645,0.5594380324094925,0.10297016244137837,0.17433523266856601,4221,9,7,1192,13,12,0.25,0,1.6595555555555555,1.6263736263736264,293.9238314851624,290.5097546075132,297.33449769660024,-27.22490836574522,-26.864139139101006,0.09772891332111722,11.173395617840063,5.9622222222222225,0.3442992428165485,0.06112422131403921,1.0992942577833328e-05,0.0005775193395840829,6.222210025746571,0.5706718107508016,0.0,-0.016666666666666666,0.048083613652750046
main,10,1,0,False,9,100,50,0.001,1,0.4,main_c10_v1_D00,1.629962796379588,2.7827197512354935,0.7260912782847718,11.14111111111111,0.1769079093770228,0.5836077516969633,0.10627225417693782,0.17656325739214737,4132,6,11,1234,15,11,0.4666666666666666,0,1.6333333333333333,1.6265956265956265,293.16118027112225,289.1412683653598,297.1770762808749,-26.86381994504047,-26.80361238502144,0.1002831917374646,11.086642197753308,6.0488888888888885,0.3379556877773629,0.060678486687685496,1.1565439753085034e-05,0.0005996601938954516,6.0447466691316585,0.5994237379685047,0.0,-0.39999999999999997,0.032019010743766785
main,10,1,1,False,9,100,50,0.001,1,0.4,main_c10_v1_D01,1.5903159531345439,2.7958243100671885,0.7131033347325776,11.242222222222223,0.16807686618568754,0.5963861335674238,0.09040460803596516,0.1674454097205917,4265,6,6,1248,16,11,0.07531446678801507,0,1.5686666666666667,1.611943611943612,302.01394663850976,310.18001176271457,293.8560394215219,-26.44167824231036,-26.90173722056432,0.10094952523738131,11.15115115115115,6.166666666666667,0.31491690138426487,0.030802180940434506,8.658483803453748e-06,0.0005033414334384476,6.301356762798521,0.6511365844690243,0.0,0.31666666666666665,0.03664664415259722
main,10,1,2,False,9,100,50,0.001,1,0.4,main_c10_v1_D02,1.5949802876339607,2.8316952634793715,0.7250631239847173,11.177777777777777,0.1653872064721369,0.5595014778491911,0.09030451522576129,0.1650473113316409,4339,6,5,1307,15,10,-0.43333333333333335,0,1.5706666666666667,1.6192696192696192,299.3934321273635,303.9798858246753,294.8115603018772,-26.48392125738818,-26.874132844698508,0.09717363540451997,11.146702257813368,6.1,0.31798944004748875,0.013782010349277011,1.0499635780394366e-05,0.00047034529322534683,6.890704628554367,0.5905791329972867,0.0,0.5333333333333333,0.03791295604665379
main,10,1,3,False,9,100,50,0.001,1,0.4,main_c10_v1_D03,1.594313954134044,2.7739463601532566,0.7132254019041214,11.097777777777779,0.17174748808300971,0.5735425816947964,0.09428411319697394,0.1711353816610658,4175,9,8,1296,12,11,0.0,0,1.5762222222222222,1.6123876123876124,306.3983885080602,307.1620441810529,305.63549572784757,-26.32646595041156,-26.65177629546342,0.10955633294463879,10.955399844288733,6.075555555555556,0.3247639871838673,0.022711447159865204,1.0521246113884948e-05,0.00047992679867666553,6.811489321649147,0.6426309871593624,0.0,0.26666666666666666,0.05571294659330306
main,10,1,4,False,9,100,50,0.001,1,0.4,main_c10_v1_D04,1.6252984618801711,2.8075962018990506,0.7150331657680254,11.117777777777777,0.1732500482302201,0.5837567400484422,0.09658817876021143,0.17297201138519924,4224,8,6,1245,11,15,0.6666666666666667,1,1.6435555555555557,1.607059607059607,298.8994572849357,297.40981992693014,300.38760649373245,-26.9363347512316,-26.593762423939907,0.09761785773779777,11.233455677900123,5.99,0.3213260388182681,0.019549075585978085,1.0448485437031015e-05,0.000528854228039862,6.489890340992473,0.6088724225663341,1.0,0.33333333333333337,0.03394183810038953
main,10,1,5,False,9,100,50,0.001,1,0.4,main_c10_v1_D05,1.5749902826364595,2.807263035149092,0.7347527951769791,11.167777777777777,0.16228964677428426,0.5851014973185619,0.0940843074743181,0.16234213547646384,4362,7,7,1335,12,11,-0.3666666666666667,0,1.5913333333333333,1.5586635586635587,300.23945555695684,293.5535901461937,306.91864178149535,-26.607226785359654,-26.1527286435956,0.09989449719584652,11.24902680458236,6.072222222222222,0.31691545975556246,0.07283036577187431,9.023612784912758e-06,0.0004678387690603491,5.546233290606379,0.5896230877053384,0.0,-0.18333333333333335,0.06208371924583389
main,10,1,6,False,9,100,50,0.001,1,0.4,main_c10_v1_D06,1.6247431839635738,2.7854961408184797,0.7129253853706604,11.187777777777777,0.1761534120284924,0.5854501987636598,0.10280566634575712,0.1758516549891278,4146,7,7,1249,13,12,0.5833333333333334,0,1.6208888888888888,1.6285936285936287,296.142718467987,301.4139342274704,290.8767686583131,-26.712339222889543,-26.697202776538976,0.09345327336331834,11.222333444555666,6.018888888888889,0.3427094384934258,0.018638094432980142,1.0059404471069982e-05,0.0005390318889557025,6.761719092955838,0.624218549250425,0.0,-0.3666666666666667,0.04124676759875001
main,10,1,7,False,9,100,50,0.001,1,0.4,main_c10_v1_D07,1.6349602976289632,2.8201454828141483,0.7201859182780612,11.256666666666666,0.17167297152034566,0.562186411959668,0.10926835926835927,0.17189849624060152,4263,7,10,1204,14,14,-0.06666666666666667,1,1.662,1.607947607947608,293.5940753993746,293.70359287364374,293.4846673331718,-27.249626656145395,-26.748058069780548,0.0978954966960964,11.346902458013568,6.092222222222222,0.33326219149043157,0.047834612941310264,1.094926515994073e-05,0.0005656816500888706,6.389039291604117,0.6012164490938281,0.0,-0.06666666666666667,0.04133789085480544
main,10,1,8,False,9,100,50,0.001,1,0.4,main_c10_v1_D08,1.5513354433894164,2.8025987006496753,0.7220591307911656,10.983333333333333,0.15972564858617072,0.5615668962083447,0.07223541261961292,0.15934493815849748,4373,7,8,1335,14,14,0.42857142857142866,0,1.5466666666666666,1.555999555999556,313.0065335191566,312.0070327377967,314.00503579823743,-26.15367773379396,-26.229383998563332,0.10078294186240214,10.962073184295406,6.12,0.29891789017737386,0.02242108576232331,1.1766696014025633e-05,0.0004881935344530954,6.179660620435741,0.6561573408131677,0.0,-0.2333333333333333,0.08621822250859168
main,10,1,-1,True,9,100,50,0.001,1,0.4,main_c10_v1_label,1.6429562996279639,2.8069298683991337,0.715875564881896,11.27111111111111,0.17517757483007645,0.5594380324094925,0.10297016244137837,0.17433523266856601,4221,9,7,1192,13,12,0.25,0,1.6595555555555555,1.6263736263736264,293.9238314851624,290.5097546075132,297.33449769660024,-27.22490836574522,-26.864139139101006,0.09772891332111722,11.173395617840063,5.9622222222222225,0.3442992428165485,,,,,,,,
main,11,0,-1,False,9,100,50,0.001,1,0.4,main_c11_v0_A,1.5972013993003498,2.817035926481204,0.724108309903017,11.01,0.16499493260839684,0.6025853588162104,0.09197090502168136,0.16474712643678163,4357,7,5,1317,13,10,-0.5833333333333334,0,1.5788888888888888,1.6154956154956155,299.7050841098392,301.1355136884343,298.2760835318222,-26.422480390602658,-26.632969702934602,0.09128768948858904,10.85307529751974,6.023333333333333,0.3145724942421606,0.09453924953760486,1.0527821704662853e-05,0.0005561864689785168,6.784776799073547,0.6181518413362533,0.0,0.35,0.11304767165566432
main,11,0,0,False,9,100,50,0.001,1,0.4,main_c11_v0_D00,1.5846521183852518,2.793158976067522,0.7246565509205927,11.136666666666665,0.16641625037193086,0.6083372907512585,0.09468122578372666,0.16600046750818143,4285,7,6,1227,14,11,-0.4666666666666666,0,1.574,1.5952935952935954,301.257905517722,306.08502417025113,296.4356091615491,-26.45546964844619,-26.698984901730217,0.09034371703037371,10.999888777666555,6.162222222222222,0.319196938779543,0.03086610068827737,7.782380248015296e-06,0.0005161465883639845,6.151768239813634,0.5862639852653987,0.0,-0.15,0.08020323755084746
main,11,0,1,False,9,100,50,0.001,1,0.4,main_c11_v0_D01,1.5698817258037647,2.7487367427397413,0.7218737407926973,10.93,0.16698747043046053,0.5659308027234172,0.08706467661691543,0.16682044002838894,4234,7,6,1274,16,14,-0.06666666666666667,0,1.568,1.5717615717615718,302.9739886066952,301.71889924114964,304.22782413671064,-26.30663711220175,-26.325526957075276,0.09167638403020711,10.79079079079079,5.935555555555555,0.32406748166742516,0.023271129202680724,9.601116939267585e-06,0.0005094926077171446,6.514580498458582,0.6462825311883497,0.0,-0.09999999999999999,0.048085571639944646
main,11,0,2,False,9,100,50,0.001,1,0.4,main_c11_v0_D02,1.5717696707201954,2.8009328668998834,0.7180093296463392,11.13888888888889,0.16189586594219463,0.5796822992616196,0.07307719622185924,0.1619907940161105,4351,6,10,1261,13,12,0.30640794734168797,0,1.5793333333333333,1.5642135642135642,299.6734800723238,300.66173368164806,298.6862137293426,-26.623534687731112,-26.43030090365731,0.09289799544672109,11.019908797686575,6.116666666666666,0.3042799860529986,0.018603317057477683,1.0585568640194367e-05,0.0004768358172521161,6.389087887193232,0.5485668897515096,0.0,0.06666666666666667,0.052855045866550654
main,11,0,3,False,9,100,50,0.001,1,0.4,main_c11_v0_D03,1.6381809095452273,2.8035982008995504,0.7137301083912325,11.345555555555556,0.17580392053346236,0.5999676644373667,0.1073738680465718,0.17577825670498085,4184,8,8,1200,14,12,-0.18333333333333335,0,1.6744444444444444,1.601953601953602,291.1333976430425,288.9590968410012,293.3055263164104,-27.28584377286382,-26.697852204908422,0.09828419123771448,11.355800244689133,6.027777777777778,0.3376677627862521,0.013617600506333141,8.724747829600386e-06,0.0005726281132475042,7.1154930948954265,0.60387944056236,0.0,0.2333333333333333,0.02173486093309407
main,11,0,4,False,9,100,50,0.001,1,0.4,main_c11_v0_D04,1.6117496807151979,2.813593203398301,0.7310167583695268,11.263333333333332,0.16909748762453147,0.5760495745692792,0.08639667705088266,0.1688670411985019,4278,6,10,1297,12,12,0.09999999999999999,0,1.656,1.5675435675435676,297.05230150928537,286.6115846947437,307.4825880372989,-27.066882791989116,-26.349079673421464,0.09023266144705425,11.302413524635746,6.087777777777778,0.32455017863031277,0.015477758790750572,8.098867788375773e-06,0.0004632978183736872,6.606447998362914,0.6231133104593825,0.0,-0.2833333333333333,0.05504048948870377
main,11,0,5,False,9,100,50,0.001,1,0.4,main_c11_v0_D05,1.6480648564606586,2.8199233716475094,0.7067339242296988,11.457777777777778,0.17862357150508276,0.5569071734172817,0.11160774752810511,0.17923021060275962,4139,8,6,1218,12,14,0.25,0,1.6471111111111112,1.649017649017649,287.13277556201155,294.37535713487057,279.89742933537923,-27.043906071322212,-27.21729713880545,0.09200955078016547,11.422533644755866,6.05,0.34234264918172624,0.05174032403337278,1.3541674954996144e-05,0.0005104142545638905,5.565403760781172,0.61141450230158,0.0,-0.8166666666666667,0.03839136016264888
main,11,0,6,False,9,100,50,0.001,1,0.4,main_c11_v0_D06,1.6350713532122827,2.810483647065356,0.7128193082251847,11.263333333333332,0.17583305923646295,0.5855759060264882,0.11320240043644299,0.17597122302158275,4177,7,7,1171,13,12,-0.5166666666666667,0,1.5968888888888888,1.673215673215673,297.2104804989435,301.46647215807513,292.9587405797311,-26.600683364522606,-27.278752992030363,0.09484146815481148,11.166722277833388,6.017777777777778,0.3411171862373352,0.012416940961877902,1.10167163757073e-05,0.0005317016691039823,6.972430297006646,0.5756684432746807,0.0,-0.016666666666666666,0.056003540505884075
main,11,0,7,False,9,100,50,0.001,1,0.4,main_c11_v0_D07,1.5812093953023487,2.7561774668221446,0.7123875845899231,11.21,0.17159684235199577,0.5669779347088499,0.0986939639957642,0.17157004830917874,4147,7,5,1249,13,10,0.33333333333333337,0,1.5786666666666667,1.5837495837495839,304.60002262352384,304.2188294497371,304.9808349849491,-26.4863472204875,-26.381515617194893,0.1002831917374646,11.324657991324658,6.013333333333334,0.3331747193342778,0.02638045129522383,9.953106525285427e-06,0.0005062219692087658,6.626696630914666,0.6796397065875707,0.0,-0.25,0.06659846456858531
main,11,0,8,False,9,100,50,0.001,1,0.4,main_c11_v0_D08,1.5722138930534733,2.783163973568771,0.7224246512003828,10.99,0.16352678817119987,0.5942644100653475,0.09214169092070704,0.16332095613831515,4316,7,7,1267,11,15,0.025104822262671692,0,1.5673333333333332,1.5770895770895772,303.16292712616615,303.6686727996224,302.657686693143,-26.4158951947168,-26.302810656813055,0.09206507857182519,11.00878656434212,6.041111111111111,0.3134559790807875,0.22469490330364292,1.0417171544073653e-05,0.0005222495075563639,6.7908236061601945,0.6595401623860518,0.0,-0.09999999999999999,0.03926539444444188
main,11,0,-1,True,9,100,50,0.001,1,0.4,main_c11_v0_label,1.5972013993003498,2.817035926481204,0.724108309903017,11.009999999999998,0.16499493260839684,0.6025853588162104,0.09197090502168136,0.16474712643678163,4357,7,5,1317,13,10,-0.5833333333333334,0,1.5788888888888888,1.6154956154956155,299.7050841098392,301.1355136884343,298.2760835318222,-26.422480390602658,-26.632969702934602,0.09128768948858904,10.85307529751974,6.023333333333333,0.3145724942421606,,,,,,,,
main,11,1,-1,False,9,100,50,0.001,1,0.4,main_c11_v1_A,1.5671053362207785,2.7542895219057137,0.7383203314344917,10.994444444444447,0.1700185372146722,0.6002225681698756,0.09469939523301316,0.16993226898887276,4140,6,10,1239,10,14,0.16666666666666669,0,1.6195555555555556,1.5147075147075146,304.2182168790398,295.4572166677883,312.97046484232794,-26.634534439003573,-25.925687973728547,0.0985618301960131,11.16894672450228,5.99,0.32639070640315243,0.09996281731369273,1.130163246452163e-05,0.0005452274950378655,5.791305606124043,0.6026802689398452,0.0,0.5666666666666667,0.11721389777784452
main,11,1,0,False,9,100,50,0.001,1,0.4,main_c11_v1_D00,1.6761619190404797,2.8827808318063193,0.7122903265449322,11.247777777777777,0.17732920318134265,0.554878930880648,0.10606565017644318,0.17723308979495642,4250,7,9,1261,14,13,-0.050209644525343385,0,1.662,1.6903096903096904,289.71561730938095,288.5675286055504,290.86255907144937,-27.16960112015802,-27.44423934320581,0.09734021877949914,11.160048937826716,6.112222222222222,0.3501745159736046,0.0395148139285406,1.1638710852259411e-05,0.0005514153077850365,5.979084473501124,0.5312603749621589,0.0,-0.4666666666666666,0.02983417700818336
main,11,1,1,False,9,100,50,0.001,1,0.4,main_c11_v1_D01,1.6008662335498918,2.761730245988117,0.7238257078594169,11.134444444444444,0.17207547146173627,0.5857212061051078,0.09695194252633048,0.17164393395549174,4189,10,7,1174,11,12,0.2333333333333333,0,1.6271111111111112,1.5746475746475745,298.38301301893307,296.16546593969923,300.5983447664195,-26.704603330000058,-26.50332436455224,0.09645177411294353,11.09109109109109,5.927777777777778,0.3251355171633926,0.047531424402991504,1.033196964227408e-05,0.0004991988874353268,5.956293899794106,0.6449656315407232,0.0,-0.08333333333333334,0.055975312399880295
main,11,1,2,False,9,100,50,0.001,1,0.4,main_c11_v1_D02,1.6004220112166139,2.787606196901549,0.7188274425552345,11.091111111111111,0.17198804914539587,0.579535370428587,0.0922529809636706,0.17181883537023723,4180,7,9,1274,14,10,0.5333333333333333,0,1.5677777777777777,1.633033633033633,297.94925517062046,301.88023177381257,294.02220561698203,-26.34867691892163,-26.83675461904524,0.09656282969626298,11.117784451117783,6.05,0.3285363834094337,0.059837066316385315,1.0260818118304832e-05,0.0004899309068560538,6.489681104698568,0.6302556986231876,0.0,0.06666666666666667,0.02278539752899178
main,11,1,3,False,9,100,50,0.001,1,0.4,main_c11_v1_D03,1.6304070187128659,2.821700260980621,0.7204035246973881,11.148888888888889,0.17116197295496732,0.5580130112797134,0.09362808842652796,0.17085574000467618,4285,8,9,1279,15,16,-0.41666666666666663,0,1.6391111111111112,1.6217116217116216,296.42195499391204,291.7355004880863,301.1037277270047,-26.907683014986432,-26.672415811954554,0.09484146815481148,11.19119119119119,6.06,0.33180975805717133,0.05315752406197207,1.2385168900582416e-05,0.0005253072670536434,6.345244489848561,0.5617565916523555,1.0,0.21666666666666667,0.03593505902949801
main,11,1,4,False,9,100,50,0.001,1,0.4,main_c11_v1_D04,1.6302959631295464,2.8353600977289135,0.7225159743247941,11.105555555555556,0.174929463097948,0.5734628066771529,0.10370573326940201,0.17482667941668661,4191,8,7,1273,16,14,0.3666666666666667,1,1.632,1.6285936285936287,292.75084010226925,291.98796460922773,293.51295348193105,-26.886769418527507,-26.855048021804663,0.09195402298850575,11.140028917806696,6.0377777777777775,0.3329702683081385,0.02045964892365359,1.0529722191260836e-05,0.0005004031171022596,6.816804509541868,0.5740788047195167,0.0,0.5,0.03519744441027228
main,11,1,5,False,9,100,50,0.001,1,0.4,main_c11_v1_D05,1.6015325670498084,2.8001554778166473,0.7129469684424135,11.116666666666667,0.16933315326599052,0.5925121549510969,0.09714763930539089,0.16928251121076232,4246,9,6,1228,15,12,-0.31666666666666665,0,1.6106666666666667,1.5924075924075924,293.44629629264733,289.4991377239363,297.38951164600496,-26.81021325946835,-26.64618244140853,0.10283747015381198,11.180068957846736,5.952222222222222,0.3217520520008562,0.08949070174679583,9.099281904481758e-06,0.00047432823614240125,6.491748354708136,0.6711094909612756,1.0,0.15,0.06160666299089712
main,11,1,6,False,9,100,50,0.001,1,0.4,main_c11_v1_D06,1.5865400633016824,2.7942695319007163,0.720127154753801,11.038888888888888,0.16784391465489407,0.5819617712413192,0.09164382598917703,0.16773016246762423,4255,8,6,1298,14,14,-0.25,0,1.5864444444444445,1.5866355866355866,302.46019707255607,302.58244174750035,302.3380745201642,-26.519031676365024,-26.49842939575917,0.08673441057249154,11.06884662440218,6.145555555555555,0.3153711701367724,0.02554328901320842,1.292030908011773e-05,0.000503565342418048,6.888282605757142,0.6120256867358301,1.0,0.5499999999999999,0.059160848328900784
main,11,1,7,False,9,100,50,0.001,1,0.4,main_c11_v1_D07,1.6135265700483092,2.845910378144261,0.7176461805788481,11.167777777777777,0.16864719203262318,0.579877811826976,0.0862951182409072,0.1684896439376309,4304,7,8,1325,14,8,0.049999999999999996,0,1.5766666666666667,1.6503496503496504,299.804175578045,311.45947959864554,288.1605152178046,-26.341075603572648,-27.2711541022447,0.09062135598867233,11.04882660438216,6.184444444444445,0.3240660985892477,0.023065971799188414,1.0901568714225366e-05,0.0005300843867439988,6.702823107207847,0.6286577664260627,1.0,0.45,0.024884469386307728
main,11,1,8,False,9,100,50,0.001,1,0.4,main_c11_v1_D08,1.5782108945527236,2.7749458604031316,0.7178907769279351,10.923333333333334,0.16417354078143945,0.5809326726667774,0.09392030575412273,0.16396051103368178,4312,7,5,1253,12,12,-0.21666666666666667,0,1.5775555555555556,1.5788655788655788,304.3195465937891,304.5639909654236,304.075346422326,-26.30587935704379,-26.436176645665782,0.09439724582153368,10.904237570904238,6.021111111111111,0.3154075490874729,0.025284884163104402,1.0275462775223433e-05,0.00048453558158235565,6.911877672528274,0.633109485201522,0.0,-0.2833333333333333,0.07125007911312764
main,11,1,-1,True,9,100,50,0.001,1,0.4,main_c11_v1_label,1.5671053362207785,2.7542895219057137,0.7383203314344917,10.994444444444445,0.1700185372146722,0.6002225681698756,0.09469939523301316,0.16993226898887276,4140,6,10,1239,10,14,0.16666666666666669,0,1.6195555555555556,1.5147075147075146,304.2182168790398,295.4572166677883,312.97046484232794,-26.634534439003573,-25.925687973728547,0.0985618301960131,11.16894672450228,5.99,0.32639070640315243,,,,,,,,
main,12,0,-1,False,9,100,50,0.001,1,0.4,main_c12_v0_A,1.6167471819645733,2.8157032594813702,0.7204253828752462,11.229999999999999,0.17153521652039494,0.565191664159804,0.08576755748912368,0.17096203725536432,4250,9,6,1302,10,12,0.5,0,1.5764444444444445,1.657009657009657,300.0694327245072,307.4819963397673,292.6642742677039,-26.359834460936458,-27.283793430891528,0.09295352323838081,11.104437771104438,6.072222222222222,0.33250983864451744,0.035733800040900314,1.1683572887731335e-05,0.0005621540394196671,6.46348645731192,0.6036740037564293,1.0,0.049999999999999996,0.028273054305088863
main,12,0,0,False,9,100,50,0.001,1,0.4,main_c12_v0_D00,1.5825420623021822,2.7802765284024655,0.7267758481533118,11.143333333333334,0.1670659785062282,0.5712877101546947,0.08762522929307182,0.16684284707540523,4265,8,5,1264,13,12,0.32636268941473195,0,1.5417777777777777,1.6232656232656233,306.47219403805394,313.6698813188598,299.28169725403217,-26.083243731924068,-26.629372777386646,0.0985618301960131,11.046602157713268,6.138888888888889,0.32049054981988023,0.011758873544143355,9.755645644277373e-06,0.000542938140446031,6.674854920264217,0.6132986836514691,0.0,0.016666666666666666,0.024321440400200345
main,12,0,1,False,9,100,50,0.001,1,0.4,main_c12_v0_D01,1.606863235049142,2.7990449219834526,0.7183598667420892,11.143333333333334,0.1686334324617529,0.5611288241716866,0.09080810885865037,0.16865042174320524,4276,8,10,1349,11,14,-0.19999999999999998,0,1.6071111111111112,1.6066156066156065,301.62756928354094,298.27939226241284,304.97240147248004,-26.71342900884876,-26.37526970608595,0.09922816369592981,11.177844511177844,6.092222222222222,0.3252017609109548,0.02423768953753121,1.0714755254743647e-05,0.0005028959484098337,6.074649613558017,0.6139572008876785,0.0,-0.16666666666666669,0.062394479617466914
main,12,0,2,False,9,100,50,0.001,1,0.4,main_c12_v0_D02,1.597978788383586,2.759509134321728,0.7165117083892675,11.213333333333331,0.17542712486472806,0.5706202708790911,0.10295452958021932,0.17539119804400982,4096,6,6,1269,12,10,-0.03333333333333333,0,1.5946666666666667,1.6012876012876014,304.58362464974385,306.83360461948286,302.33589241224234,-26.304506518667715,-26.645503448918515,0.10378144261202732,11.09109109109109,6.018888888888889,0.3311045915463016,0.01861561096316216,9.586805228718384e-06,0.0005076283512687679,6.50023759255472,0.6695559024968382,0.0,0.5333333333333333,0.041837095832391924
main,12,0,3,False,9,100,50,0.001,1,0.4,main_c12_v0_D03,1.597978788383586,2.7980454217335775,0.7169058660327617,11.232222222222221,0.1678370603328447,0.5649812143807809,0.0946162977445709,0.16760233918128656,4282,7,7,1252,13,10,-0.25,0,1.6495555555555557,1.5464535464535465,300.813271026415,284.97814778919275,316.632574959704,-27.0471484575061,-26.12423154445664,0.09528569048808928,11.475920364809253,6.004444444444444,0.3239511245788175,0.01384361813062217,1.0915682458872117e-05,0.0005312904299853464,6.6706850353882805,0.6005234338839549,0.0,0.13333333333333333,0.05191490449988123
main,12,0,4,False,9,100,50,0.001,1,0.4,main_c12_v0_D04,1.6317396857126991,2.7958243100671885,0.7073019458564014,11.28888888888889,0.17514134046546667,0.5858681080158507,0.09570753748202916,0.1742580181905218,4186,8,8,1232,12,11,-0.11666666666666665,0,1.6328888888888888,1.6305916305916306,296.9165061779446,298.77400865848256,295.06085934424044,-27.073049714425352,-26.67276366086039,0.09967238602920762,11.402513624735846,6.02,0.3435555013415374,0.03471650899104852,8.589723554214413e-06,0.0005551729501967514,6.053627385309697,0.6255981835413622,0.0,-0.11666666666666665,0.06016704667300132
main,12,0,5,False,9,100,50,0.001,1,0.4,main_c12_v0_D05,1.658726192459326,2.822255538897218,0.7248289313700141,11.283333333333335,0.1780319838465051,0.5962398901951771,0.11053552206673843,0.17784825275251318,4184,6,9,1217,11,14,-0.016666666666666666,0,1.6217777777777778,1.6956376956376957,288.2954455748387,297.1066244099341,279.4930691162019,-26.73123943603065,-27.49765904150803,0.09189849519684602,11.306862417973528,6.06,0.3419823642905528,0.036498761911141445,1.1421819618038491e-05,0.0005221933158839421,6.500651394164936,0.5962857747386928,0.0,-0.2833333333333333,0.030194293008889872
main,12,0,6,False,9,100,50,0.001,1,0.4,main_c12_v0_D06,1.5280137708923316,2.7406296851574212,0.7106843096784765,10.946666666666665,0.15987624247775636,0.602141771174607,0.07261304697202133,0.15948777648428406,4302,7,8,1239,11,16,0.15,0,1.5377777777777777,1.5182595182595182,317.115434230015,310.4806777883729,323.74356254334384,-26.09868509670501,-25.91385836598344,0.1063357210283747,11.022133244355466,6.096666666666667,0.3082694387589934,0.03179375152775624,9.487006143446192e-06,0.0005708858048654421,6.49964624682216,0.5788230621701507,0.0,-0.8499999999999999,0.044486330531299245
main,12,0,7,False,9,100,50,0.001,1,0.4,main_c12_v0_D07,1.6276306291298794,2.772280526403465,0.705266452538883,11.285555555555554,0.17835827884453442,0.552118412125721,0.10626329148658846,0.17808152306565778,4106,9,8,1203,14,14,0.19999999999999998,0,1.5893333333333333,1.6658896658896658,294.4166856049432,302.49295670606085,286.3484827067237,-26.59420043972425,-27.404648715412044,0.10400355377866623,11.17117117117117,5.8966666666666665,0.33897897026328117,0.08177974514626038,8.429975584028105e-06,0.0005305128123815556,6.025998575899703,0.6659826616190678,0.0,0.18333333333333335,0.05278525006079349
main,12,0,8,False,9,100,50,0.001,1,0.4,main_c12_v0_D08,1.6420678549614083,2.8211449830640234,0.7215127123939752,11.11,0.17637415958416103,0.5736184185394304,0.11158710730314157,0.17584928229665076,4188,8,7,1216,11,13,-0.65,0,1.6573333333333333,1.6268176268176269,293.10256257926767,286.7094056526718,299.4893327357072,-27.153392184275038,-26.79696548672894,0.08934421678049864,11.137804471137803,6.021111111111111,0.33720886565686214,0.06504204164378145,1.1137576484880185e-05,0.0005386364448064751,6.234560944863028,0.6187934829290993,0.0,0.45,0.05942805730737177
main,12,0,-1,True,9,100,50,0.001,1,0.4,main_c12_v0_label,1.6167471819645733,2.8157032594813702,0.7204253828752462,11.23,0.17153521652039494,0.565191664159804,0.08576755748912368,0.17096203725536432,4250,9,6,1302,10,12,0.5,0,1.5764444444444445,1.657009657009657,300.0694327245072,307.4819963397673,292.6642742677039,-26.359834460936458,-27.283793430891528,0.09295352323838081,11.104437771104438,6.072222222222222,0.33250983864451744,,,,,,,,
main,12,1,-1,False,9,100,50,0.001,1,0.4,main_c12_v1_A,1.5687711699705702,2.817146982064523,0.724035548561973,11.101111111111111,0.158836949543764,0.5765629825243074,0.07754143842925233,0.15857368183866608,4444,6,5,1332,13,13,-0.25941649671427414,0,1.5377777777777777,1.5997335997335997,309.97361517438736,313.77950168538086,306.1715307478204,-25.912346747322765,-26.555014832349258,0.09939474707090899,10.942053164275386,6.015555555555555,0.30078006296707716,0.0550727131978041,1.032222430965655e-05,0.0005008502559248657,6.70562478166873,0.6768503204754859,0.0,-0.31666666666666665,0.03224870604026364
main,12,1,0,False,9,100,50,0.001,1,0.4,main_c12_v1_D00,1.592537064800933,2.825698261980121,0.7107283569624046,11.183333333333334,0.16512404673175496,0.5887874505521568,0.08664842489300498,0.16432687874596588,4347,9,8,1276,12,13,0.016666666666666666,0,1.6186666666666667,1.5664335664335665,305.1014129839006,302.56068774490166,307.63960003584765,-26.734473444966845,-26.36864779636558,0.10322616469543006,11.240129017906796,6.097777777777778,0.31899885972282677,0.03851008778817627,1.0354024522219939e-05,0.0005166015777510009,6.562937991953645,0.5825309160677434,0.0,0.25,0.03457761324244757
main,12,1,1,False,9,100,50,0.001,1,0.4,main_c12_v1_D01,1.6267421844633239,2.848020434227331,0.7296028033479738,11.254444444444443,0.16979769905989361,0.5602831193545232,0.09769484083424808,0.16953288403439462,4310,7,7,1278,12,13,0.510464719340991,0,1.6442222222222223,1.6092796092796093,295.3524805548591,292.99786853551285,297.70474031444576,-27.067367059646394,-26.62525555770237,0.1020045532789161,11.362473584695806,6.043333333333333,0.32672453674627217,0.013772592846495854,9.451009895863192e-06,0.0005202542987387819,6.856427545352073,0.6116495287412157,0.0,0.049999999999999996,0.029262668764033606
main,12,1,2,False,9,100,50,0.001,1,0.4,main_c12_v1_D02,1.6054195124659891,2.817591204397801,0.7155657933481762,11.258888888888889,0.17190601732226674,0.5652902570430004,0.08860143264482927,0.17157166706415455,4202,9,8,1280,16,14,0.15062893357603013,0,1.5797777777777777,1.631035631035631,302.2792979510512,305.6102498912637,298.9516736351546,-26.557058377204303,-26.82964722113825,0.10211560886223554,11.2890668446224,6.167777777777777,0.3233577471254401,0.019600057142554,8.926166208903305e-06,0.0005339342573394289,7.029900947258121,0.6427547452176038,1.0,0.11666666666666665,0.03369997624989196
main,12,1,3,False,9,100,50,0.001,1,0.4,main_c12_v1_D03,1.631406518962741,2.8590149369759565,0.7314520519288242,11.206666666666667,0.16856906430778384,0.5726682775893378,0.09510460823191577,0.16845251782018858,4355,6,6,1318,15,13,-0.3,0,1.6222222222222222,1.6405816405816407,295.0388453504163,297.15038755074386,292.9294125828563,-26.8379803061962,-26.999405731633306,0.09828419123771448,11.184517851184518,6.17,0.3293571695209219,0.028491527427918103,1.0904011437466885e-05,0.0005459866227692515,6.608635339728298,0.5695666998157203,0.0,-0.38333333333333336,0.043940555398904735
main,12,1,4,False,9,100,50,0.001,1,0.4,main_c12_v1_D04,1.6367371869620746,2.8144816480648567,0.726558771994528,11.247777777777777,0.17325392029092906,0.5982139321556641,0.10254485911168724,0.17294464075382807,4253,8,7,1218,14,15,0.09205101496312953,0,1.6513333333333333,1.6221556221556221,297.84898175768654,293.0089578009993,302.6841705256059,-26.886873551455857,-26.679591879403965,0.1020045532789161,11.302413524635746,6.064444444444445,0.3389439844370606,0.01574024331427663,1.179233434629226e-05,0.0005393760564039567,6.678227279947691,0.6040198211657235,1.0,0.5833333333333334,0.04477147922850122
main,12,1,5,False,9,100,50,0.001,1,0.4,main_c12_v1_D05,1.6463990227108667,2.793714253984119,0.7127546902537139,11.092222222222222,0.1806077199996862,0.5735935391235273,0.11313720173535792,0.1802904564315353,4104,7,7,1262,13,12,-0.025104822262671692,0,1.6462222222222223,1.6465756465756465,295.92086584927455,297.06879939456195,294.77407909074566,-26.73330837266121,-26.995563596693966,0.1005053029041035,11.122233344455566,6.0088888888888885,0.34118424234695716,0.021122320285045577,1.3821277041035356e-05,0.000535590676661009,6.821457480885539,0.6146181087517282,0.0,0.09999999999999999,0.061233425581150414
main,12,1,6,False,9,100,50,0.001,1,0.4,main_c12_v1_D06,1.607085346215781,2.818035426731079,0.7244102338691205,11.244444444444444,0.16837328362505263,0.5540721428173272,0.09472588480222068,0.16843640606767796,4292,7,9,1283,12,13,0.08333333333333334,0,1.5902222222222222,1.623931623931624,302.83475102121935,304.02179082792,301.6488970684715,-26.43117505270862,-26.74315087971115,0.10339274807040924,11.280169057946836,6.067777777777778,0.32355368786274313,0.033418641503626,1.0315915816802861e-05,0.0005653350831610901,5.813624179574599,0.6562830660832325,0.0,-0.3,0.05287298050868117
main,12,1,7,False,9,100,50,0.001,1,0.4,main_c12_v1_D07,1.617191404297851,2.812482647565106,0.7133461692980573,11.12,0.17241536533978405,0.5860978876365974,0.09388374982741958,0.17234776403425311,4212,8,6,1263,13,11,0.11666666666666665,0,1.6193333333333333,1.615051615051615,301.4599237881801,301.7230249604844,301.19708545420986,-26.718236321894306,-26.55987219696117,0.10211560886223554,11.079968857746636,6.1866666666666665,0.32779853539617426,0.03597085027604822,1.3035281452707606e-05,0.0005172611683088684,5.7851870796513065,0.610500954282236,0.0,-0.18333333333333335,0.03910823967933652
main,12,1,8,False,9,100,50,0.001,1,0.4,main_c12_v1_D08,1.5965350658004331,2.8144816480648567,0.7299932596506078,11.06777777777778,0.1705622574366423,0.5987531564686394,0.10355919166491853,0.17021428571428573,4206,6,9,1283,11,11,-0.33333333333333337,0,1.6037777777777777,1.5892995892995894,300.13258244372696,299.78238026343917,300.4824347716868,-26.51109035721519,-26.517521071340486,0.09839524682103393,11.184517851184518,6.093333333333334,0.32155765621118443,0.10492307219039002,9.284542464014625e-06,0.0004846101667231451,6.4646581632173,0.6588944905130931,0.0,0.16666666666666669,0.026063381329578306
main,12,1,-1,True,9,100,50,0.001,1,0.4,main_c12_v1_label,1.5687711699705702,2.817146982064523,0.724035548561973,11.101111111111111,0.158836949543764,0.5765629825243074,0.07754143842925233,0.15857368183866608,4444,6,5,1332,13,13,-0.25941649671427414,0,1.5377777777777777,1.5997335997335997,309.97361517438736,313.77950168538086,306.1715307478204,-25.912346747322765,-26.555014832349258,0.09939474707090899,10.942053164275386,6.015555555555555,0.30078006296707716,,,,,,,,
main,13,0,-1,False,9,100,50,0.001,1,0.4,main_c13_v0_A,1.6140818479649064,2.7956021989005495,0.7290720014715505,11.149999999999999,0.17193593197428889,0.5578390591500141,0.09491525423728814,0.17145394269476677,4231,8,6,1280,11,13,0.049999999999999996,0,1.6153333333333333,1.612831612831613,296.1005770399325,297.93203729436374,294.2709464161251,-26.70388669865375,-26.645657409159664,0.0957299128213671,11.11111111111111,5.888888888888889,0.3383151678592032,0.04475610234426711,9.448543728873456e-06,0.0004980493841337156,6.485524958469211,0.6787692324561794,1.0,0.31666666666666665,0.022485021710565434
main,13,0,0,False,9,100,50,0.001,1,0.4,main_c13_v0_D00,1.632406019212616,2.775501138319729,0.7187285369283308,11.297777777777778,0.17775577443730403,0.5673021551066454,0.0924404272801972,0.1772065955383123,4134,10,8,1156,12,12,0.19999999999999998,0,1.6402222222222222,1.6245976245976246,292.6332825656495,287.34354433523947,297.91773634228286,-27.102559571576123,-26.811192067263853,0.09728469098783941,11.462573684795906,5.973333333333334,0.3367839298016414,0.013795983728484826,1.0449285680483851e-05,0.0005223307868010137,6.621685009117833,0.5822949475417347,0.0,-0.6666666666666667,0.07829857350762381
main,13,0,1,False,9,100,50,0.001,1,0.4,main_c13_v0_D01,1.6037536787161975,2.7881614748181467,0.7354042164548454,10.94888888888889,0.16906380924074657,0.5848015516866929,0.09493979258021856,0.16887036167214653,4265,7,8,1253,12,13,0.16173874084416223,0,1.5995555555555556,1.607947607947608,300.5510942087678,297.9375885546188,303.1619889681573,-26.615014195644918,-26.62180170997536,0.09256482869676273,10.924257590924258,6.055555555555555,0.3173933090173683,0.03362380371085684,1.0177237117573554e-05,0.0004828256777596049,6.187143041901995,0.5732203537812626,0.0,-0.33333333333333337,0.035030157769313064
main,13,0,2,False,9,100,50,0.001,1,0.4,main_c13_v0_D02,1.5847631739685712,2.7514020767394083,0.7093273127664689,11.002222222222223,0.17221533215990542,0.5941093398573294,0.10406538434439512,0.17167755991285405,4138,7,6,1190,16,13,0.06666666666666667,0,1.5533333333333332,1.6161616161616161,294.93042435374196,296.0399643693045,293.82199276976337,-26.275875183693003,-26.79520526437206,0.09339774557165861,10.80858636414192,5.903333333333333,0.3296290872838129,0.029035484714939212,1.1436269062034438e-05,0.0005402714076333226,7.0134233260646965,0.6657691478574747,0.0,0.33333333333333337,0.062019449469005394
main,13,0,3,False,9,100,50,0.001,1,0.4,main_c13_v0_D03,1.5984230107168638,2.8189238713976343,0.7259023294716247,11.036666666666669,0.1662605436738546,0.5810190579073572,0.08356020942408376,0.16598427018274348,4331,8,6,1331,12,13,-0.18333333333333335,0,1.5764444444444445,1.6203796203796204,303.122256735401,306.52279830703714,299.725112308192,-26.079844304314705,-26.809080577411407,0.09339774557165861,10.942053164275386,6.067777777777778,0.3154368246929778,0.019877503259298865,1.3016868538749541e-05,0.0005129453149146596,5.990226247331355,0.6308936581200614,0.0,-0.11666666666666665,0.04567170020749245
main,13,0,4,False,9,100,50,0.001,1,0.4,main_c13_v0_D04,1.5962018990504747,2.818035426731079,0.7260212487300743,11.097777777777779,0.16770860722661723,0.5737898829392263,0.09313382743672213,0.16755207114439505,4282,9,5,1292,14,15,-0.2833333333333333,0,1.6477777777777778,1.5446775446775447,297.8581606048408,289.7456020683795,305.9626146872197,-27.052777746329,-26.11038754734247,0.0901216058637348,11.164497831164498,6.066666666666666,0.3191571309921703,0.031162043138359293,1.0501195298043157e-05,0.0005660562677552266,6.166100063724773,0.6288494843797456,0.0,0.13333333333333333,0.03970658437151542
main,13,0,5,False,9,100,50,0.001,1,0.4,main_c13_v0_D05,1.5834305069687378,2.851018934976956,0.7320485936440266,11.088888888888889,0.15953824658632892,0.6021446233679877,0.07324122374171718,0.15928170594837265,4463,8,6,1303,18,14,0.18333333333333335,0,1.596,1.5708735708735708,301.95229875587444,297.12517733136247,306.7745978812611,-26.65453736311736,-26.38969283265937,0.09389749569659615,11.21121121121121,6.211111111111111,0.30861775167158706,0.011917958479108003,1.046239491201132e-05,0.0005030250309800038,6.800233938686882,0.5438413051554953,0.0,0.11666666666666665,0.01836806953673431
main,13,0,6,False,9,100,50,0.001,1,0.4,main_c13_v0_D06,1.6059747903825865,2.787828308068188,0.7209692100540553,11.076666666666666,0.17628963121596913,0.607880177622974,0.10810059747116854,0.17626993865030677,4082,7,11,1208,12,14,-0.03347309635022892,0,1.6215555555555556,1.5904095904095905,300.9011056645769,295.6283075188743,306.1686362796644,-26.654213494602963,-26.496703931328256,0.09689599644622134,11.07107107107107,5.9911111111111115,0.3293416108897424,0.10635413565198133,1.0836192946504686e-05,0.00047644557640881866,6.2498372832647915,0.5955110902174781,0.0,0.016666666666666666,0.07261083396033996
main,13,0,7,False,9,100,50,0.001,1,0.4,main_c13_v0_D07,1.5904270087178634,2.813148981065023,0.7217281031752348,11.085555555555556,0.16592262498391644,0.586410851134606,0.09792222378211428,0.16575278810408925,4312,8,7,1296,13,13,-0.43333333333333335,0,1.5555555555555556,1.6252636252636252,304.67427892638193,310.3793334182489,298.97492378965165,-26.209320521373726,-26.841147677292593,0.0948969959464712,11.066622177733288,6.043333333333333,0.31175989320333153,0.01566510618866105,1.0791628485895329e-05,0.0005356176388293094,6.610971594736965,0.5928245678535964,0.0,0.18333333333333335,0.04458646050622406
main,13,0,8,False,9,100,50,0.001,1,0.4,main_c13_v0_D08,1.603420511966239,2.867788328058193,0.7268153122057761,11.164444444444444,0.16492774638068305,0.6087875104227405,0.09593144768008917,0.16435428571428573,4382,7,5,1260,16,15,0.26666666666666666,0,1.5984444444444443,1.6083916083916083,292.5266537151314,291.0348767823867,294.0169403612299,-26.792950884897046,-26.726726634432563,0.08912210561385973,11.195640084528973,6.105555555555555,0.3184704308911833,0.02030201909418034,9.652179745830934e-06,0.0005551962032387341,6.7525229222382634,0.571383497823987,0.0,0.2333333333333333,0.04699079253055061
main,13,0,-1,True,9,100,50,0.001,1,0.4,main_c13_v0_label,1.6140818479649064,2.7956021989005495,0.7290720014715505,11.149999999999999,0.17193593197428889,0.5578390591500141,0.09491525423728814,0.17145394269476677,4231,8,6,1280,11,13,0.049999999999999996,0,1.6153333333333333,1.612831612831613,296.1005770399325,297.93203729436374,294.2709464161251,-26.70388669865375,-26.645657409159664,0.0957299128213671,11.11111111111111,5.888888888888889,0.3383151678592032,,,,,,,,
main,13,1,-1,False,9,100,50,0.001,1,0.4,main_c13_v1_A,1.6140818479649064,2.8189238713976343,0.7217737301842887,11.166666666666666,0.17185660986019433,0.5919226281062251,0.10188001105888858,0.17179791271347253,4220,4,9,1304,12,11,0.45,1,1.5873333333333333,1.6408036408036408,299.6115600639533,301.6545971549409,297.57056396906046,-26.516416506094338,-26.83373666631495,0.09922816369592981,11.07107107107107,5.982222222222222,0.3278185512467221,0.01105433725713173,9.428898403114315e-06,0.0004898972018821204,6.734821876077463,0.5809989906144045,0.0,-0.06666666666666667,0.04963130069407384
main,13,1,0,False,9,100,50,0.001,1,0.4,main_c13_v1_D00,1.6051974012993504,2.792492642567605,0.7086847121461075,11.13,0.1755228820129921,0.551081032157884,0.09912414847768664,0.1750182437363172,4119,8,5,1261,11,11,0.46025507481564765,0,1.5755555555555556,1.6348096348096348,299.06221734463594,308.05701171082677,290.0764087870028,-26.359901065945834,-26.87092150885998,0.10528069298683991,11.135580024468913,5.932222222222222,0.3348306985182521,0.030413791905224214,9.588355143147841e-06,0.0005129657707023087,6.520655596998155,0.6204210397513451,0.0,0.2333333333333333,0.08758364075052327
main,13,1,1,False,9,100,50,0.001,1,0.4,main_c13_v1_D01,1.5932033983008496,2.8081514798156477,0.7217303238736346,11.203333333333335,0.16703807060677012,0.584029746141438,0.08320482265526427,0.16663157894736844,4283,8,8,1288,11,13,-0.30125786715206027,0,1.5584444444444445,1.627927627927628,300.0255727938557,308.94103713601163,291.11901500948414,-26.17398778915539,-26.77844254029636,0.09145427286356822,11.126682237793348,6.221111111111111,0.3144964236905866,0.15779392103829015,1.1465371058989591e-05,0.0005424603415823961,6.302405448555493,0.5995960104444977,0.0,-0.25,0.03422273772875428
main,13,1,2,False,9,100,50,0.001,1,0.4,main_c13_v1_D02,1.621078349714032,2.772058415236826,0.7127693072156671,11.186666666666666,0.17908775497981452,0.5650781421907989,0.11390400110185249,0.17837604731394777,4066,8,7,1270,12,13,0.17573375583870185,1,1.6135555555555556,1.6285936285936287,300.7688127543443,309.3511344413067,292.1950648153209,-26.527693692609564,-26.669729110052504,0.09484146815481148,11.186742297853408,5.996666666666667,0.33889875480459025,0.011896785553054996,9.788086531614754e-06,0.0005002879323635864,6.859273173129281,0.6112444366195681,0.0,-0.08333333333333334,0.06595517264932482
main,13,1,3,False,9,100,50,0.001,1,0.4,main_c13_v1_D03,1.583208395802099,2.7979343661502583,0.7211559612207976,11.007777777777779,0.16321126745856074,0.5700881726588761,0.09517095523440254,0.16375460405156542,4348,4,8,1315,12,15,0.43333333333333335,0,1.5975555555555556,1.568875568875569,307.07859009038117,309.3372655463382,304.8221710534611,-26.427820565519962,-26.35093982513167,0.09345327336331834,11.039928817706596,6.044444444444444,0.31908747183881636,0.010602358507052335,1.2987842797766129e-05,0.0005728784324976581,6.745818843999855,0.5943205403772984,0.0,-0.31666666666666665,0.04836030466768193
main,13,1,4,False,9,100,50,0.001,1,0.4,main_c13_v1_D04,1.6023099561330445,2.7541784663223945,0.7250551268698139,11.03,0.17210531024018727,0.5884718782792128,0.09768673355629877,0.17182188173330143,4182,5,7,1216,13,10,0.2833333333333333,0,1.5988888888888888,1.6057276057276058,299.51879634883176,304.25978782284676,294.7825411300355,-26.57333543392032,-26.68619701790528,0.10183796990393693,11.019908797686575,5.99,0.3302618718823339,0.04810891784226684,9.93555981736644e-06,0.0004638278447040332,6.907112114168721,0.6863940799250893,0.0,0.41666666666666663,0.06462473445898809
main,13,1,5,False,9,100,50,0.001,1,0.4,main_c13_v1_D05,1.5634405019712365,2.821256038647343,0.72803637640315,11.17,0.16201629954468674,0.5889620934546036,0.07888167748377434,0.1621362586605081,4335,5,8,1285,14,14,0.05857791861290061,0,1.526,1.600843600843601,304.41335882918827,315.115027569345,293.722381066794,-26.16159495091589,-26.400735255199123,0.09234271753012382,11.153375597820043,6.101111111111111,0.3042634743004392,0.03682736124518067,1.0272956877594175e-05,0.0005973951648731751,6.1127047636092815,0.6314352003023624,0.0,0.016666666666666666,0.05781984420917752
main,13,1,6,False,9,100,50,0.001,1,0.4,main_c13_v1_D06,1.647398522960742,2.7544005774890334,0.7071632905047185,11.33,0.18197333600581747,0.5608147441964908,0.11668358714043993,0.1818796068796069,4075,5,7,1118,10,15,-0.31666666666666665,0,1.6266666666666667,1.668109668109668,290.57297146715297,296.1632493480762,284.98827827941744,-26.69873887240918,-27.111988725812022,0.0981176078627353,11.358024691358024,6.081111111111111,0.3473987841777369,0.0197578386741631,1.0187878188722172e-05,0.0004647005504908955,6.3240664864647975,0.5938437295209819,1.0,0.6833333333333333,0.03460929814525571
main,13,1,7,False,9,100,50,0.001,1,0.4,main_c13_v1_D07,1.62751957354656,2.78749514131823,0.7071943285186899,11.16777777777778,0.17505707803216514,0.5797893729579204,0.11192647966531788,0.17484993997599044,4173,8,9,1211,12,12,0.11666666666666665,0,1.6426666666666667,1.6123876123876124,296.12384454853816,294.9051735728378,297.3412980707164,-26.923386881115796,-26.68838090932064,0.09911710811261036,11.162273384495606,6.053333333333334,0.34164143939150643,0.01775662975373073,1.3141417738613078e-05,0.0005088385846382377,6.7646337419361435,0.606703920588072,0.0,-0.75,0.06599608881333552
main,13,1,8,False,9,100,50,0.001,1,0.4,main_c13_v1_D08,1.6116386251318786,2.815259037148093,0.7221376838110509,11.122222222222222,0.17013787328916327,0.5752569031012258,0.0889443059019119,0.16968984962406017,4265,9,7,1270,12,11,0.36820405985251814,1,1.6033333333333333,1.6199356199356199,296.6039856572139,294.8126928542281,298.3934889569,-26.740328898792395,-26.799596026572534,0.09384196790493642,11.142253364475586,6.021111111111111,0.3328615737239071,0.05032586832279886,9.916757031437562e-06,0.0005098349389472472,6.643875097170092,0.6455993591015887,0.0,0.11666666666666665,0.05464601785428158
main,13,1,-1,True,9,100,50,0.001,1,0.4,main_c13_v1_label,1.6140818479649064,2.8189238713976343,0.7217737301842887,11.166666666666666,0.17185660986019433,0.5919226281062251,0.10188001105888858,0.1717979127134725,4220,4,9,1304,12,11,0.45,1,1.5873333333333333,1.6408036408036408,299.6115600639533,301.6545971549409,297.57056396906046,-26.516416506094338,-26.83373666631495,0.09922816369592981,11.07107107107107,5.982222222222222,0.3278185512467221,,,,,,,,
main,14,0,-1,False,9,100,50,0.001,1,0.4,main_c14_v0_A,1.6118607362985173,2.8108168138153147,0.7245068943749913,11.19111111111111,0.1685784842629943,0.5612081423863813,0.09167070553209167,0.1683775605214153,4303,7,6,1326,12,10,-0.41666666666666663,0,1.6135555555555556,1.6101676101676101,300.5572575039922,298.0770589767814,303.0349783103966,-26.683737216496333,-26.72148097502209,0.09523016269642956,11.03103103103103,6.131111111111111,0.32242725761241764,0.030256798828181667,9.962523714369949e-06,0.0005095729609702162,6.534336701677712,0.5677920118752257,0.0,-0.15,0.015463707628384782
main,14,0,0,False,9,100,50,0.001,1,0.4,main_c14_v0_D00,1.6053084568826699,2.7893830862346602,0.7194533246747401,11.196666666666665,0.17096934755936763,0.5738993291096527,0.0956781545302946,0.17111586961694028,4210,7,9,1274,11,14,-0.5833333333333334,0,1.6262222222222222,1.5844155844155845,302.41522851253177,300.06237699936014,304.7657295246912,-26.717955955848915,-26.470471777346017,0.09883946915431173,11.286842397953508,6.026666666666666,0.32783153462297265,0.03960257116099487,9.307440164994831e-06,0.00048647544229512055,6.394432764911538,0.6394037167985981,0.0,0.3,0.027895354918939574
main,14,0,1,False,9,100,50,0.001,1,0.4,main_c14_v0_D01,1.6035315675495585,2.8110389249819536,0.7112141111116543,11.195555555555554,0.16866735378034178,0.5850033682695256,0.08846475341320702,0.16811032863849767,4269,9,10,1218,13,14,0.19999999999999998,0,1.58,1.627039627039627,301.41352080805905,301.4939111406648,301.33321078547584,-26.53251068752957,-26.80305142217587,0.09900605252929091,11.082193304415526,6.057777777777778,0.33385075052708774,0.047546324069586025,1.17602782911026e-05,0.0005364352415175012,6.905858531776011,0.600164370426541,0.0,0.06666666666666667,0.047862763924371166
main,14,0,2,False,9,100,50,0.001,1,0.4,main_c14_v0_D02,1.5743239491365428,2.796379587983786,0.7258012213549594,11.022222222222222,0.16268709290900724,0.602336813252084,0.09097360204371274,0.16213726393367112,4351,9,6,1259,14,14,0.06666666666666667,0,1.548,1.6006216006216005,310.6010231006355,313.4219431251418,307.7829211780517,-26.00491832664827,-26.542274196450677,0.09772891332111722,10.933155377599821,6.056666666666667,0.31889795766432966,0.026059961061458633,1.1148236183367913e-05,0.0005257804379029848,6.228367643113274,0.5738743790968838,0.0,0.19999999999999998,0.048646728283813445
main,14,0,3,False,9,100,50,0.001,1,0.4,main_c14_v0_D03,1.5895385640513078,2.795713254483869,0.7096130947301338,11.055555555555555,0.17008080374008597,0.5955568735341269,0.0929694078024137,0.16997143537253037,4207,6,6,1305,13,12,0.4666666666666666,0,1.543111111111111,1.635919635919636,304.44305694366454,313.6757755899128,295.2195617925674,-25.966395942920016,-26.791468452289134,0.09278693986340163,11.022133244355466,6.024444444444445,0.32889814200826156,0.022235319001221082,9.965531655388082e-06,0.0005214777423088192,6.515051946432875,0.600185097633887,0.0,-0.43333333333333335,0.06442782622002596
main,14,0,4,False,9,100,50,0.001,1,0.4,main_c14_v0_D04,1.6583930257093675,2.8023765894830364,0.7039643632769877,11.45,0.18409545702865904,0.5357984889805608,0.11660943917053794,0.18410833539450902,4049,6,8,1203,14,12,-0.39999999999999997,0,1.6384444444444444,1.6783216783216783,286.1824943566088,288.56647340279375,283.8008969078725,-27.124183598904086,-27.310314089999636,0.09933921927924927,11.415860304749193,6.071111111111111,0.3492857680213835,0.02177163170967254,9.726974423276607e-06,0.0005220858971167236,6.05308594657695,0.5637041806364566,0.0,-0.7999999999999999,0.04865318085933268
main,14,0,5,False,9,100,50,0.001,1,0.4,main_c14_v0_D05,1.5540007773890832,2.7514020767394083,0.7184862660042844,11.056666666666667,0.16381571215262458,0.6048264770913896,0.09034066407934455,0.16362356254400376,4268,7,5,1265,11,11,-0.08333333333333334,0,1.5224444444444445,1.5855255855255854,309.40474120043376,315.91165161974016,302.9043311911367,-25.880026119937938,-26.35366665510868,0.10505858182020102,10.966522077633188,6.03,0.3151650795085643,0.03463400654327852,1.0262679681205946e-05,0.0005416707673171995,6.516526136369548,0.6851087832545728,0.0,0.45,0.05823839162539457
main,14,0,6,False,9,100,50,0.001,1,0.4,main_c14_v0_D06,1.6245210727969348,2.798156477316897,0.7148108605114497,11.172222222222224,0.17265724754623202,0.5821265524100097,0.10258348220420503,0.17240767045454544,4231,7,8,1210,13,13,0.03333333333333333,0,1.5682222222222222,1.6807636807636808,303.5559661830571,317.4029960677846,289.7227694950175,-26.21003434987172,-27.416677564767728,0.09950580265422844,11.073295517739963,6.01,0.3240052685527753,0.02743813801810791,1.161433690655526e-05,0.0005438885554635171,6.131742183129661,0.5738000216370205,0.0,-0.049999999999999996,0.0498213336930462
main,14,0,7,False,9,100,50,0.001,1,0.4,main_c14_v0_D07,1.5712143928035982,2.7557332444888667,0.7217587331488896,11.035555555555554,0.16593331495906946,0.6126692994697975,0.09149676777722526,0.1654072504708098,4258,10,7,1223,12,17,-0.43333333333333335,0,1.5857777777777777,1.5566655566655567,305.45552965261027,303.23562585896286,307.67321576015013,-26.36505507025033,-26.15399704656761,0.10361485923704815,11.102213324435546,5.953333333333333,0.3230780880792888,0.013951850304043365,1.2174499345301977e-05,0.0005262166854666374,6.831995050622343,0.5551231487642081,0.0,-0.43333333333333335,0.030278159760314338
main,14,0,8,False,9,100,50,0.001,1,0.4,main_c14_v0_D08,1.6179687933810873,2.835249042145594,0.7231775689266128,11.045555555555557,0.16679246924080363,0.5710992360262616,0.0840967008747159,0.16669726876291027,4362,5,8,1288,14,14,-0.18333333333333335,0,1.6251111111111112,1.6108336108336108,294.3501668384516,292.1652695770349,296.53288138532145,-26.79887342377755,-26.826179803437316,0.09095452273863068,11.002113224335446,6.082222222222223,0.32582694513014704,0.0174275050633941,1.0987645499582065e-05,0.0005709395130503105,6.72151909764308,0.5463694503782048,1.0,0.16666666666666669,0.03914584044315461
main,14,0,-1,True,9,100,50,0.001,1,0.4,main_c14_v0_label,1.6118607362985173,2.8108168138153147,0.7245068943749913,11.19111111111111,0.1685784842629943,0.5612081423863813,0.09167070553209167,0.1683775605214153,4303,7,6,1326,12,10,-0.41666666666666663,0,1.6135555555555556,1.6101676101676101,300.5572575039922,298.0770589767814,303.0349783103966,-26.683737216496333,-26.72148097502209,0.09523016269642956,11.03103103103103,6.131111111111111,0.32242725761241764,,,,,,,,
main,14,1,-1,False,9,100,50,0.001,1,0.4,main_c14_v1_A,1.5863179521350437,2.8228108168138153,0.7382819068046502,11.111111111111109,0.16243019043921947,0.5570132654491156,0.08622265982136577,0.16229489516864176,4394,6,5,1359,17,12,-0.35,0,1.6224444444444444,1.5502275502275502,308.87272113219274,303.8055080269316,313.9348720864996,-26.736040434048977,-26.045503021505496,0.09678494086290189,11.14892670448226,6.026666666666666,0.31504686926400505,0.03915913751236099,1.0898638892982945e-05,0.00050653410570149,6.5624642323479305,0.6286847496894731,1.0,0.6166666666666666,0.03934998151362379
main,14,1,0,False,9,100,50,0.001,1,0.4,main_c14_v1_D00,1.6312954633794214,2.8251429840635236,0.7129269400607723,11.257777777777777,0.173260766682442,0.5860033027913446,0.10508683166962943,0.17328442972077612,4229,3,9,1259,12,14,0.049999999999999996,0,1.6442222222222223,1.6183816183816184,301.4200642493469,302.4089185152905,300.432197849803,-26.972882698945305,-26.679837091751104,0.10272641457049253,11.24902680458236,6.14,0.32925388701240893,0.00996097478284026,1.1193397430912103e-05,0.0005796376109715738,6.6991206747397465,0.5774038256459737,0.0,0.75,0.0269565635432798
main,14,1,1,False,9,100,50,0.001,1,0.4,main_c14_v1_D01,1.6195235715475595,2.8189238713976343,0.7113596517935472,11.100000000000001,0.17259039532412238,0.5865663869218213,0.11118770248845385,0.17246790299572043,4215,9,9,1275,10,13,0.03333333333333333,0,1.5737777777777777,1.6652236652236652,299.74414272282485,304.13142474956635,295.361243595211,-26.455941865065316,-26.97879046450698,0.09839524682103393,11.042153264375486,6.09,0.334500648935682,0.06273215447229696,1.0151379993889397e-05,0.000498672849639848,6.7933183594624325,0.6277145978741197,0.0,-0.45,0.06527129813667898
main,14,1,2,False,9,100,50,0.001,1,0.4,main_c14_v1_D02,1.56277416847132,2.8373590982286636,0.7308771170831898,11.045555555555556,0.1596980347292291,0.5566459356906134,0.07764285714285714,0.15942622950819674,4399,7,6,1362,10,14,-0.3666666666666667,0,1.56,1.5655455655455655,306.7636905325539,314.6527518760869,298.88251036918433,-26.1509340464279,-26.385595945611897,0.09783996890443666,11.037704371037703,6.036666666666667,0.3127611144604315,0.03687847743726455,8.621490106383243e-06,0.0004934377020532046,6.120563293435049,0.6275485009184846,0.0,-0.016666666666666666,0.030215584455277167
main,14,1,3,False,9,100,50,0.001,1,0.4,main_c14_v1_D03,1.6426231328780054,2.786828807818313,0.7060600079720208,11.277777777777779,0.17935490853001498,0.5486112376244705,0.11058967557641297,0.17874149659863947,4123,7,8,1217,14,13,0.13333333333333333,0,1.707111111111111,1.5781995781995781,297.4429982037995,288.03585765788563,306.8407410069102,-27.470693763974538,-26.34985638960198,0.10133821977899939,11.482593704815926,6.096666666666667,0.35687297215546027,0.013354329046147298,9.986073983698183e-06,0.0004713250904602386,7.164359511193893,0.5715659450638326,0.0,0.13333333333333333,0.04450238219783387
main,14,1,4,False,9,100,50,0.001,1,0.4,main_c14_v1_D04,1.6147481814648232,2.7716141929035483,0.7127647394600094,11.213333333333333,0.17556664587081647,0.5798478394410344,0.11562932226832642,0.17515158864904196,4132,9,7,1209,14,14,-0.35,0,1.5653333333333332,1.664113664113664,293.9232788063776,297.4824975394539,290.36761573637125,-26.51013156728369,-27.166104253191065,0.09756232994613805,11.113335557780003,6.001111111111111,0.3402150721263647,0.047572138134117974,1.3144777389921445e-05,0.0005393126094275197,6.321096241156052,0.5601050389200124,1.0,0.5,0.04610130403327162
main,14,1,5,False,9,100,50,0.001,1,0.4,main_c14_v1_D05,1.6125270697984342,2.8000444222333276,0.6970755059471877,11.327777777777778,0.17170200059539864,0.5706071442100864,0.11054963311643362,0.1717732350843832,4217,10,7,1247,14,13,0.2833333333333333,0,1.5866666666666667,1.6383616383616384,298.52450790140267,303.9533267331092,293.10111246513236,-26.530029012390266,-27.085754643539442,0.10350380365372869,11.264597931264598,6.177777777777778,0.3220233272427441,0.027156706137274337,1.3121218684888711e-05,0.0005418708597740517,6.728687129992163,0.5949908318242504,0.0,-0.6333333333333333,0.030309679112519916
main,14,1,6,False,9,100,50,0.001,1,0.4,main_c14_v1_D06,1.5953134543839191,2.7530679104891997,0.7083798457049371,11.156666666666666,0.1702671731412744,0.5703983922075945,0.09730675061210213,0.17010688836104515,4216,6,8,1262,14,16,0.5774109120414489,0,1.6264444444444444,1.5642135642135642,301.12130356665017,299.17966844257086,303.0609989953008,-26.707291356794503,-26.234750839158938,0.10355933144538841,11.224557891224558,5.978888888888889,0.3376422854650016,0.02045531928711244,1.1468501851384738e-05,0.0005503304341714938,6.21008986763522,0.611626656065171,0.0,0.016666666666666666,0.032206510732663673
main,14,1,7,False,9,100,50,0.001,1,0.4,main_c14_v1_D07,1.6061969015492255,2.7756121939030485,0.7136754947585672,11.117777777777778,0.17515348402527955,0.5901157474200951,0.09497672479677621,0.17468461911693353,4130,8,9,1269,10,11,-0.41666666666666663,0,1.6402222222222222,1.572205572205572,305.5977496662115,302.84306567765157,308.3496817227149,-26.777754989249786,-26.1865690895877,0.1046143594869232,11.257924591257924,5.958888888888889,0.33382333205294656,0.04607288772095183,1.0410483268414734e-05,0.000526610994638853,6.658037632588703,0.6953240831789773,0.0,0.13333333333333333,0.04741718949838969
main,14,1,8,False,9,100,50,0.001,1,0.4,main_c14_v1_D08,1.5929812871342106,2.815592203898051,0.7254442347794254,11.091111111111111,0.16657272029307596,0.5804221010674245,0.07614106429222464,0.16589851024208568,4306,10,7,1270,14,15,0.5166666666666667,1,1.5475555555555556,1.6383616383616384,299.3186991302731,307.38257911461136,291.262874970095,-26.117393233139225,-27.13575485980524,0.09800655227941585,10.888666444222,6.065555555555555,0.3182144858365296,0.1244780687826846,9.641568689124009e-06,0.00048005632253084386,6.663343564918397,0.6682125075366031,0.0,-0.4666666666666666,0.054678248974340704
main,14,1,-1,True,9,100,50,0.001,1,0.4,main_c14_v1_label,1.5863179521350437,2.8228108168138153,0.7382819068046502,11.111111111111112,0.16243019043921947,0.5570132654491156,0.08622265982136577,0.16229489516864176,4394,6,5,1359,17,12,-0.35,0,1.6224444444444444,1.5502275502275502,308.87272113219274,303.8055080269316,313.9348720864996,-26.736040434048977,-26.045503021505496,0.09678494086290189,11.14892670448226,6.026666666666666,0.31504686926400505,,,,,,,,
main,15,0,-1,False,9,100,50,0.001,1,0.4,main_c15_v0_A,1.568438003220612,2.7780554167360765,0.7298486676366611,11.026666666666667,0.16589195434604884,0.5887621438409022,0.083374866500534,0.16526501766784454,4253,8,10,1321,15,14,-0.33333333333333337,0,1.5666666666666667,1.5702075702075702,308.9744662224695,309.2492794697795,308.69992751386815,-26.185679001401276,-26.220236233470786,0.1000610805708257,10.959848737626515,6.003333333333333,0.3139655128294205,0.13981101811943097,9.146837199826861e-06,0.000571775869917132,6.659493450925799,0.6611918850334151,0.0,0.09999999999999999,0.05852191021352837
main,15,0,0,False,9,100,50,0.001,1,0.4,main_c15_v0_D00,1.6028652340496419,2.7270809039924484,0.7113472764005234,11.302222222222222,0.1739079172862103,0.5810084002274706,0.10298424208618046,0.17339316032015525,4133,10,7,1140,12,10,0.2845213189769458,0,1.6195555555555556,1.5861915861915863,296.56269210861825,286.27207872454926,306.8430251596362,-26.928798292016623,-26.55978173121155,0.10494752623688156,11.393615838060283,5.905555555555556,0.3388371025516712,0.05431097454129179,1.1283508070427808e-05,0.0005248800544616358,6.566159149638832,0.612860038040549,0.0,-0.03333333333333333,0.05197604878151196
main,15,0,1,False,9,100,50,0.001,1,0.4,main_c15_v0_D01,1.5772113943028485,2.756066411238825,0.7146733118424802,11.063333333333334,0.16891395377415944,0.5888270892199158,0.09825157499823034,0.16867398044359647,4199,6,9,1249,13,12,0.41666666666666663,0,1.5615555555555556,1.592851592851593,304.180297544465,309.59148437203186,298.77451649794466,-26.18221080461506,-26.65536411057934,0.09734021877949914,10.962073184295406,5.864444444444445,0.3253271739951038,0.030178225762471783,8.750852351523447e-06,0.000504621869090456,5.934953551517484,0.6545622859832463,1.0,-0.03333333333333333,0.043008214194628636
main,15,0,2,False,9,100,50,0.001,1,0.4,main_c15_v0_D02,1.6205230717974346,2.791048919984452,0.7066718806786899,11.291111111111112,0.17643542773433596,0.5824858426775932,0.09884281581485053,0.17608642874484096,4124,5,7,1214,12,10,0.3666666666666667,0,1.6235555555555556,1.6174936174936174,291.87764905180205,291.68081518343473,292.07428628293826,-26.88285278275959,-26.91638291141809,0.10183796990393693,11.197864531197864,6.021111111111111,0.3351853712995538,0.07642148346840962,1.2518677357592058e-05,0.000539492796453783,6.1724947728523984,0.6023589993589681,0.0,-0.38333333333333336,0.051727382086482976
main,15,0,3,False,9,100,50,0.001,1,0.4,main_c15_v0_D03,1.5846521183852518,2.818590704647676,0.7240400339032004,11.073333333333332,0.1652092110887986,0.5957411225439297,0.10022538385688125,0.16507310280807613,4318,9,5,1320,14,13,0.13333333333333333,0,1.5751111111111111,1.5941835941835942,303.7610806546162,304.35802962519466,303.16472803665573,-26.467109045452414,-26.469897515463572,0.09511910711311011,11.140028917806696,6.024444444444445,0.3151032818435825,0.05510093095704381,9.695725092745201e-06,0.0005452203314146535,6.784531876231905,0.6148755021332906,0.0,-0.43333333333333335,0.04368702782034006
main,15,0,4,False,9,100,50,0.001,1,0.4,main_c15_v0_D04,1.5483369426397913,2.796379587983786,0.7481147849188416,10.964444444444446,0.15957554404315794,0.6164489707170309,0.08263628497259878,0.1591714614499425,4353,8,6,1325,14,9,0.19999999999999998,0,1.4875555555555555,1.609057609057609,313.61400515100615,327.2770590617952,299.9646006447233,-25.45077899985533,-26.498434881582106,0.09728469098783941,10.735179624068513,6.051111111111111,0.3014930666105389,0.05742618366259372,9.81154857793876e-06,0.0004631951061317331,6.6006110577421,0.664078494319324,1.0,-0.08333333333333334,0.1152932283883672
main,15,0,5,False,9,100,50,0.001,1,0.4,main_c15_v0_D05,1.6018657337997668,2.773057915486701,0.7204591035393588,11.120000000000001,0.16987096332128843,0.5877311560650064,0.09583507452291405,0.16962219598583236,4242,7,8,1179,9,13,0.5333333333333333,1,1.6091111111111112,1.5946275946275947,296.0802876911063,291.82378579950506,300.3325373330656,-26.87407362232405,-26.504363641146565,0.09173191182186684,11.255700144589033,5.9688888888888885,0.32505938149970326,0.012509255379305202,1.0760325934334718e-05,0.0005564197238217525,6.958743963073703,0.6057028504883315,0.0,0.25,0.027208107753978084
main,15,0,6,False,9,100,50,0.001,1,0.4,main_c15_v0_D06,1.5698817258037647,2.7544005774890334,0.7224504366924086,10.962222222222222,0.16596935372792193,0.5770926548686032,0.09657919066922693,0.16574052272192139,4254,7,6,1297,17,12,-0.21666666666666667,0,1.5702222222222222,1.5695415695415695,306.13458169708775,305.2158971631516,307.05234846425674,-26.242099119219255,-26.220714475131082,0.10322616469543006,10.899788677566455,5.946666666666666,0.3193991960218411,0.027659683385710815,7.016210691248465e-06,0.0004967485243959297,6.3092816734295685,0.6885051396071787,1.0,0.049999999999999996,0.07944082418151766
main,15,0,7,False,9,100,50,0.001,1,0.4,main_c15_v0_D07,1.6239657948803377,2.8356932644788717,0.7210017270082782,11.245555555555555,0.17392761266527362,0.5535719171961503,0.10861500412201154,0.17432335329341317,4182,7,8,1261,9,16,-0.2333333333333333,0,1.5886666666666667,1.6592296592296591,294.95238549075054,301.73152160232655,288.1800217429224,-26.51760072449108,-27.224994046108506,0.0948969959464712,11.097764431097763,6.022222222222222,0.3268054144289132,0.02352536409180326,9.05376291403598e-06,0.00044871913940141276,6.702145901199867,0.6724159064182706,0.0,-0.3666666666666667,0.039070533658701834
main,15,0,8,False,9,100,50,0.001,1,0.4,main_c15_v0_D08,1.581764673218946,2.7980454217335775,0.7243113330110945,11.067777777777778,0.16812647500104153,0.5820592004372934,0.09480812641083522,0.1678190859578499,4228,5,6,1315,14,9,-0.21666666666666667,0,1.6446666666666667,1.5189255189255189,303.8373980122183,288.5297825670184,319.12972113429606,-26.99682505838089,-25.820414218453827,0.10122716419567994,11.226782337893448,6.002222222222223,0.3198659856332141,0.05093247103991769,9.728663671918607e-06,0.0005008023150135559,6.467682315226998,0.6420271341005843,1.0,-0.09999999999999999,0.03511299735991713
main,15,0,-1,True,9,100,50,0.001,1,0.4,main_c15_v0_label,1.568438003220612,2.7780554167360765,0.7298486676366611,11.026666666666667,0.16589195434604884,0.5887621438409022,0.083374866500534,0.16526501766784454,4253,8,10,1321,15,14,-0.33333333333333337,0,1.5666666666666667,1.5702075702075702,308.9744662224695,309.2492794697795,308.69992751386815,-26.185679001401276,-26.220236233470786,0.1000610805708257,10.959848737626515,6.003333333333333,0.3139655128294205,,,,,,,,
main,15,1,-1,False,9,100,50,0.001,1,0.4,main_c15_v1_A,1.5327891609750681,2.7879393636515077,0.726680598099522,10.892222222222223,0.15562176081652,0.5826045804630077,0.08423121723937099,0.15538617886178865,4434,6,7,1358,12,12,-0.2833333333333333,1,1.5326666666666666,1.5329115329115328,318.6888867371452,317.07575722492186,320.3004047313743,-25.962372943430026,-25.898329767421163,0.09839524682103393,10.893115337559781,6.038888888888889,0.2980379916624765,0.015082955813673023,9.310337812019976e-06,0.0004889769208987725,6.6749108876457095,0.6041781086364382,0.0,0.48333333333333334,0.02912617894429559
main,15,1,0,False,9,100,50,0.001,1,0.4,main_c15_v1_D00,1.6089732911322117,2.7736131934032984,0.7094178162113195,11.121111111111112,0.17732912670944753,0.57588592015491,0.10826566729127629,0.17701939602258776,4081,8,7,1219,12,13,0.05857791861290061,0,1.5917777777777777,1.6261516261516262,299.5078003289955,301.69474381930695,297.32304159741557,-26.6130489996763,-26.85343536531166,0.09017713365539452,11.03103103103103,5.953333333333333,0.3310449640336383,0.02095808590684815,1.0542367284404758e-05,0.0005179365019084241,6.335112542173211,0.6013253806877619,0.0,-0.38333333333333336,0.0626270291041493
main,15,1,1,False,9,100,50,0.001,1,0.4,main_c15_v1_D01,1.608306957632295,2.762174468321395,0.7145958612529101,11.07888888888889,0.175554041821288,0.6037988346032427,0.11345353675450763,0.17599902534113063,4112,8,5,1156,10,12,-0.06666666666666667,0,1.628,1.5886335886335887,294.08877062575823,292.29509521300554,295.88065415498164,-26.906199346416127,-26.539658850906065,0.09561885723804764,11.053275497719941,5.985555555555556,0.3349732571290729,0.009162025086243638,9.922620562031064e-06,0.0005555236911124069,6.747262943193717,0.5844809621063388,0.0,-0.3666666666666667,0.04734522213237824
main,15,1,2,False,9,100,50,0.001,1,0.4,main_c15_v1_D02,1.6352934643789216,2.7871619745682716,0.7213640414613313,11.213333333333333,0.1741417262745706,0.5679478648381432,0.10425052875759024,0.17424458719961933,4211,8,8,1230,11,12,-0.2983193277310925,0,1.6282222222222222,1.6423576423576423,294.09863612065544,298.46657893159346,289.7350568889492,-26.76938218816979,-26.90533896479931,0.09534121827974902,11.175620064508953,6.016666666666667,0.34095734857528665,0.014636212890910997,1.1403184422551062e-05,0.0005156413656976023,6.459784814332346,0.6290366937556862,1.0,0.19999999999999998,0.042028393442365086
main,15,1,3,False,9,100,50,0.001,1,0.4,main_c15_v1_D03,1.5812093953023487,2.7857182519851187,0.7210787317424507,11.123333333333335,0.16609407726272785,0.5606845045301574,0.0916472498764386,0.16561842412906244,4285,8,9,1302,12,15,0.2333333333333333,0,1.6333333333333333,1.529137529137529,307.5362067027376,293.5527150466201,321.5057288367212,-26.745220443957855,-25.860004119315576,0.09917263590427008,11.104437771104438,5.95,0.3153690249033293,0.11387229257070111,1.0028875407437936e-05,0.000503820727879002,6.620948028672308,0.6525830079841022,0.0,-0.049999999999999996,0.07345695421236087
main,15,1,4,False,9,100,50,0.001,1,0.4,main_c15_v1_D04,1.661724693208951,2.781609195402299,0.7243370611612402,11.31,0.18358796584733597,0.5514284456180997,0.11680548092423429,0.18303395669291342,4073,9,10,1245,12,11,-0.6527253788294639,0,1.6791111111111112,1.6443556443556444,285.84465535548566,280.4014705211525,291.2824024427316,-27.249762050795646,-26.866902892706733,0.08823366094730413,11.418084751418084,5.972222222222222,0.3474905144735122,0.02356614363877691,8.854420107807752e-06,0.0004944092965755644,6.812721758007989,0.6315075795075588,0.0,-0.03333333333333333,0.0825986199796489
main,15,1,5,False,9,100,50,0.001,1,0.4,main_c15_v1_D05,1.6086401243822532,2.8120384252318287,0.7409422254080784,10.955555555555556,0.17034536127231817,0.618439961516887,0.09327323162274619,0.16993163602074493,4248,6,7,1287,13,14,0.26666666666666666,0,1.5888888888888888,1.6283716283716283,297.08212328112046,299.64736855435416,294.51944069047744,-26.22428303052796,-26.607865123081588,0.09539674607140874,10.826381937493048,6.03,0.321067760682691,0.0339895154611179,8.84309687577891e-06,0.0005066247299316615,6.773503987938763,0.6610895914721046,0.0,0.5833333333333334,0.06354983092859356
main,15,1,6,False,9,100,50,0.001,1,0.4,main_c15_v1_D06,1.6031984007996003,2.7940474207340773,0.7376157321410164,11.322222222222223,0.16818134146019198,0.5811868442690957,0.09107987753966044,0.16804484933426772,4287,6,8,1213,16,12,0.39999999999999997,0,1.5904444444444445,1.615939615939616,300.4821515085577,300.02837944169033,300.9354702566769,-26.62359887927519,-26.544918792335878,0.10017213615414515,11.26904682460238,6.014444444444444,0.3243893027818104,0.04491487417443271,9.66532726162047e-06,0.0005228707718890702,6.6669333963282424,0.6164165816633296,0.0,0.43333333333333335,0.041050873602671345
main,15,1,7,False,9,100,50,0.001,1,0.4,main_c15_v1_D07,1.6458437447942695,2.7456271864067965,0.7078548139487019,11.284444444444444,0.18338865315479297,0.5767331982925337,0.10994231421784866,0.18287484510532837,4042,7,5,1143,17,15,-0.36820405985251814,0,1.6191111111111112,1.6725496725496725,294.30535613023045,301.7882442438152,286.82994342934666,-26.805129706170447,-27.190880891525698,0.09961685823754789,11.395840284729173,6.01,0.34491949447694414,0.01003008337144189,1.0469655025511437e-05,0.0005431862150954673,6.788540983440499,0.571025897698016,0.0,0.6166666666666666,0.042048319594641725
main,15,1,8,False,9,100,50,0.001,1,0.4,main_c15_v1_D08,1.5966461213837526,2.7991559775667723,0.7189512501458583,11.293333333333333,0.17200689076096945,0.6008314215900495,0.09069312465064282,0.17177303262955856,4175,7,7,1203,12,11,-0.08333333333333334,0,1.5891111111111111,1.604173604173604,291.70848885869367,288.0455151163144,295.36780328664497,-26.767992554795548,-26.769351474502486,0.0944527736131934,11.344678011344678,6.096666666666667,0.3272115470541445,0.04067119899847301,1.1028738469800577e-05,0.0005537709330179489,6.966872919578077,0.6123513029555568,0.0,0.16666666666666669,0.07426340891672112
main,15,1,-1,True,9,100,50,0.001,1,0.4,main_c15_v1_label,1.5327891609750681,2.7879393636515077,0.726680598099522,10.892222222222223,0.15562176081652,0.5826045804630077,0.08423121723937099,0.15538617886178863,4434,6,7,1358,12,12,-0.2833333333333333,1,1.5326666666666666,1.5329115329115328,318.6888867371452,317.07575722492186,320.3004047313743,-25.962372943430026,-25.898329767421163,0.09839524682103393,10.893115337559781,6.038888888888889,0.2980379916624765,,,,,,,,
size27,0,0,-1,False,27,100,100,0.001,1,0.5768998281229634,size27_c00_v0_A,1.9512465989227608,3.7048512780646714,0.9195107354363732,12.722222222222221,0.16487596727491455,0.5366467230482563,0.07868683593079373,0.16425034474113076,15987,33,26,6687,48,54,0.28335877862595416,0,1.9557037037037037,1.9467939467939468,302.91630723898425,299.4268319365737,306.40229655208174,-31.425309380431152,-31.36794435653574,0.06324615470042756,12.82838393949505,6.615185185185185,0.3126911081818502,,,,,,,,
size27,0,0,0,False,27,100,100,0.001,1,0.5768998281229634,size27_c00_v0_D00,1.9772336054195125,3.702074888481685,0.9198153008897957,12.728518518518522,0.1703303598785733,0.5312335570589216,0.08970305972676978,0.16998082454458296,15673,28,23,6468,53,53,0.22866738169025505,0,1.975111111111111,1.9793539793539794,295.10203688834997,293.0880696603885,297.11399216103877,-31.730516945022554,-31.606348579477103,0.06069187628408018,12.72828383939495,6.537407407407407,0.3233824648057177,,,,,,,,
size27,0,0,26,False,27,100,100,0.001,1,0.5768998281229634,size27_c00_v0_D26,1.9499509504507007,3.7248412830621724,0.9227632512841966,12.710000000000003,0.1644629474232301,0.5449645437666497,0.0736124895030155,0.16414444861684818,16006,28,27,6753,50,54,0.06014349024429939,0,1.9694074074074075,1.9305139305139305,303.0900421855086,298.3661506855474,307.80921451314214,-31.468732498428793,-31.151722369456483,0.057989523756640196,12.823935046157267,6.639259259259259,0.30632853403983945,,,,,,,,
size27,0,1,-1,False,27,100,100,0.001,1,0.5768998281229634,size27_c00_v1_A,1.946360153256705,3.7186962074518295,0.9234772610720565,12.642962962962963,0.16291648397161992,0.5399325615004633,0.07397354537808701,0.16268318430203677,16131,27,26,6607,49,47,0.08608058608058607,0,1.931851851851852,1.9608539608539608,299.39048757569446,302.3551477494931,296.42878910037115,-31.14672936545438,-31.555347209551282,0.06089547818683251,12.607422237051866,6.583703703703704,0.3115519938576167,,,,,,,,
size27,0,1,0,False,27,100,100,0.001,1,0.5768998281229634,size27_c00_v1_D00,1.9655727691709701,3.745090417754086,0.9213661963732477,12.68074074074074,0.16588048927745097,0.5425239689817022,0.0787616145941752,0.16557141068969833,16008,30,25,6697,54,58,-0.11360513187867945,0,1.9359259259259258,1.9951899951899952,299.42698303507467,300.4266059101779,298.4283587842222,-31.328235268777107,-31.677332210560667,0.062080071075573326,12.677121566010454,6.6066666666666665,0.3117850277493962,,,,,,,,
size27,0,1,26,False,27,100,100,0.001,1,0.5768998281229634,size27_c00_v1_D26,1.9159309234271753,3.6857497177337257,0.9203545312585459,12.661111111111111,0.16119500407919843,0.5362748729410421,0.07546143384495822,0.16070582366878663,16070,32,22,6612,49,53,0.11421591215759706,0,1.9233333333333333,1.9085359085359086,302.09865341943555,300.05530623804134,304.1399592949542,-31.295976758211637,-31.09962969211637,0.06257982120051085,12.718644570496421,6.625925925925926,0.3034555817424835,,,,,,,,
size27,1,0,-1,False,27,100,100,0.001,1,0.5768998281229634,size27_c01_v0_A,1.9540229885057472,3.6846761804283044,0.9146315142948467,12.6,0.16768950155840823,0.5332315888834136,0.08243850430279491,0.16728430436166825,15729,24,28,6575,50,51,0.19911437092714782,0,1.9563703703703703,1.9516779516779517,299.68848128109767,299.39986546039245,299.9768087743097,-31.38792065076795,-31.44199474355519,0.06256131193662429,12.56441626811997,6.464444444444444,0.31693260770162907,,,,,,,,
size27,1,0,0,False,27,100,100,0.001,1,0.5768998281229634,size27_c01_v0_D00,1.9542450996723861,3.7377607492550022,0.9276236308299531,12.742592592592596,0.1647378946617629,0.5423562896209982,0.08299861034436809,0.16443846923461733,16019,27,25,6691,54,52,-0.13526717557251908,0,1.9745925925925927,1.933917933917934,297.5177923811365,293.2256358384951,301.80566105510394,-31.756229149697006,-31.347990973531765,0.059710885298091695,12.671189708226745,6.615185185185185,0.30888386398568324,,,,,,,,
size27,1,0,26,False,27,100,100,0.001,1,0.5768998281229634,size27_c01_v0_D26,1.9671645658652155,3.729542636089363,0.9234665569940023,12.789259259259259,0.16628499215138606,0.5363601499121636,0.08102228443872725,0.16566499372647428,15969,29,25,6528,51,59,0.04212454212454213,0,1.9666666666666666,1.9676619676619678,298.2471873042308,297.1747228451739,299.31858037022164,-31.67574898855219,-31.527157140134545,0.059007533270401834,12.769806843880916,6.565555555555555,0.31245005864877184,,,,,,,,
size27,1,1,-1,False,27,100,100,0.001,1,0.5768998281229634,size27_c01_v1_A,1.925666796231514,3.6918947933440687,0.9185367272245576,12.660370370370371,0.16303109392306342,0.5402979169827424,0.07689187623131301,0.16281414928373963,15945,29,23,6708,52,55,-0.052816364529257843,0,1.9306666666666668,1.9206719206719207,303.2020428259099,301.0510214158531,305.3509153634293,-31.269129288134916,-31.233195516048323,0.06282044163103634,12.63634004374745,6.544074074074074,0.30421045582536377,,,,,,,,
size27,1,1,0,False,27,100,100,0.001,1,0.5768998281229634,size27_c01_v1_D00,1.9885242563903234,3.735243489366428,0.9262848706074921,12.796296296296296,0.17141206289836966,0.5295873632474035,0.08802724652868744,0.17101829346296532,15660,26,31,6588,43,53,0.20515952002116342,0,1.9834074074074075,1.9936359936359935,294.0880889421919,294.9626953457383,293.2143562713165,-31.76620244658095,-31.77091357092304,0.06087696892294593,12.751269788306825,6.569629629629629,0.3241489663787473,,,,,,,,
size27,1,1,26,False,27,100,100,0.001,1,0.5768998281229634,size27_c01_v1_D26,1.959131545338442,3.6982619801210506,0.9241779312604383,12.750370370370373,0.16444886589719393,0.5292759225334828,0.07780541998214863,0.1642408018427442,16087,24,20,6601,52,50,-0.04335877862595419,0,1.9410370370370371,1.9772079772079771,297.07302674000545,299.1023573115295,295.04572347174974,-31.363580387671952,-31.495543818504192,0.062080071075573326,12.806880955029103,6.625555555555556,0.31687866997969705,,,,,,,,
size27,2,0,-1,False,27,100,100,0.001,1,0.5768998281229634,size27_c02_v0_A,1.9501730616173394,3.687785736761249,0.9128489351329722,12.732222222222223,0.1666285617974205,0.5345609351666342,0.08343986719838195,0.16613434727503168,15807,27,25,6551,46,56,-0.0073282446164323655,0,1.947111111111111,1.9532319532319533,298.3971073301774,300.2998847964316,296.4962307405128,-31.262903101463344,-31.504270704613386,0.059266662964813886,12.72235198161124,6.574074074074074,0.316625686707116,,,,,,,,
size27,2,0,0,False,27,100,100,0.001,1,0.5768998281229634,size27_c02_v0_D00,1.9510985248116683,3.7265811538675107,0.9247576748579168,12.677037037037037,0.16652974520331165,0.5408138300898991,0.08326186800830904,0.16638455686572842,15799,25,26,6710,45,51,0.38631856244468465,1,1.992962962962963,1.9092759092759093,299.05172356030073,290.67799910730076,307.41708265420675,-31.874405121275466,-31.09791638902186,0.062228145186665924,12.717161606050494,6.592962962962963,0.3149095481519023,,,,,,,,
size27,2,0,26,False,27,100,100,0.001,1,0.5768998281229634,size27_c02_v0_D26,1.9137838488163326,3.718807263035149,0.9242720084455383,12.643703703703704,0.15991477218769826,0.5267780100570687,0.07587306525628063,0.15960104399701716,16121,29,31,6765,51,44,-0.2179819900224861,0,1.909185185185185,1.9183779183779184,301.48628457263163,299.1003031244144,303.8698824229985,-31.293566824536516,-31.078340725723073,0.060377218798008406,12.649686723760796,6.551481481481481,0.30193842298797674,,,,,,,,
size27,2,1,-1,False,27,100,100,0.001,1,0.5768998281229634,size27_c02_v1_A,1.9403261332296815,3.714105910007959,0.921737139614664,12.667037037037039,0.16486939278733462,0.5341283688028416,0.077679769894535,0.16464929986123378,15880,26,27,6754,56,52,0.011295985477355722,1,1.9371851851851851,1.9434639434639434,298.78038781492427,298.7186036712972,298.8421102361301,-31.311785826368464,-31.432179108201073,0.060284672478575524,12.569606643680716,6.613333333333333,0.3104763471818402,,,,,,,,
size27,2,1,0,False,27,100,100,0.001,1,0.5768998281229634,size27_c02_v1_D00,1.9567623595609602,3.689303496399948,0.9212309391767213,12.72444444444445,0.16799821205585,0.5388267329874452,0.08663347522043174,0.16779207542362085,15722,24,28,6441,49,50,0.2967485914591828,0,1.948,1.9655159655159655,297.0615324195421,296.7208518982704,297.4018726006329,-31.480187517626685,-31.627662740349248,0.061876469172821,12.750528306083861,6.514074074074074,0.31571523298910237,,,,,,,,
size27,2,1,26,False,27,100,100,0.001,1,0.5768998281229634,size27_c02_v1_D26,1.9670164917541229,3.7065541303422362,0.9250209486549964,12.76,0.16773567569189712,0.5319580681077077,0.0829218457347182,0.16736212245931742,15823,30,27,6518,51,55,0.278998778998779,0,1.958074074074074,1.975949975949976,295.3534732435989,299.1161273860927,291.59457799635226,-31.567659099891898,-31.633789282365207,0.059951505728617176,12.743854966077187,6.598148148148148,0.3191675638198906,,,,,,,,
size27,3,0,-1,False,27,100,100,0.001,1,0.5768998281229634,size27_c03_v0_A,1.9398819108964036,3.6584670627649136,0.9130578260912687,12.71037037037037,0.1662931219414902,0.5456389879222747,0.08183701657458564,0.16610368956743007,15748,28,26,6447,49,54,0.0048847504766943665,0,1.94,1.9397639397639397,302.57869233394945,303.76655273472016,301.3920186069058,-31.20514776929112,-31.20245248276256,0.06158032095063579,12.815037259481704,6.609629629629629,0.3109697598204504,,,,,,,,
size27,3,0,0,False,27,100,100,0.001,1,0.5768998281229634,size27_c03_v0_D00,1.9324411868140003,3.7100338719529122,0.9270002341069111,12.624814814814815,0.1649149223579702,0.5427635041661978,0.07795284690654133,0.16449068795134927,15816,30,31,6583,55,52,-0.022591970954711445,0,1.8954074074074074,1.9694379694379693,298.98302081029493,304.27446690578836,293.69686087473707,-31.01364390801101,-31.591959776852587,0.06319062690876784,12.594075557038519,6.54,0.306953816542426,,,,,,,,
size27,3,0,26,False,27,100,100,0.001,1,0.5768998281229634,size27_c03_v0_D26,1.9317378347863106,3.6926721824273048,0.928048640973823,12.68703703703704,0.16345241401704103,0.5480040070452833,0.08017487096525691,0.16312268358565238,15945,26,27,6567,46,45,-0.07601892929355608,0,1.9203703703703703,1.9430939430939431,302.13375801714204,306.774303441987,297.4978485018125,-31.205457922448925,-31.354758839466914,0.0667258963111037,12.692692692692692,6.650740740740741,0.30574632230851695,,,,,,,,
size27,3,1,-1,False,27,100,100,0.001,1,0.5768998281229634,size27_c03_v1_A,1.968497232865049,3.6758287522905215,0.9154215995646013,12.754444444444445,0.16949142267290412,0.5294966685992959,0.08505729737907038,0.16902055931554083,15686,24,24,6501,50,52,-0.2082124890690974,0,1.9502222222222223,1.9867539867539867,293.7256115591625,297.3296315223294,290.1251920155392,-31.44364383825536,-31.70463877342472,0.060765913339626484,12.640788937085233,6.57,0.32325248334051593,,,,,,,,
size27,3,1,0,False,27,100,100,0.001,1,0.5768998281229634,size27_c03_v1_D00,1.9897828863346105,3.696892294593444,0.914288354529126,12.774444444444443,0.17075328039139848,0.5338676001653853,0.08884069621791396,0.17059535951045385,15716,28,27,6348,55,51,0.09102016307283226,0,1.9856296296296296,1.993931993931994,291.2190018080239,291.9569862040769,290.4817546591199,-31.7971115111291,-31.80001172392677,0.06100653377015196,12.772772772772772,6.581111111111111,0.323583266214593,,,,,,,,
size27,3,1,26,False,27,100,100,0.001,1,0.5768998281229634,size27_c03_v1_D26,1.9317378347863106,3.6987432209821014,0.9215684343931966,12.662222222222223,0.16367447935172738,0.54651022796847,0.07985596271976277,0.16358548701502862,15928,25,21,6541,42,47,0.1887022988731334,0,1.9544444444444444,1.9090539090539091,301.9725673153809,297.64263765826865,306.29817136844,-31.62248252080693,-31.103787839361377,0.05980343161752457,12.740889037185333,6.596666666666667,0.30723211690503127,,,,,,,,
size27,4,0,-1,False,27,100,100,0.001,1,0.5768998281229634,size27_c04_v0_A,1.9425842634238437,3.6874525700112906,0.9121079698434916,12.707407407407405,0.16578692229473752,0.5372880726033273,0.08131762903380255,0.16536634791970112,15821,30,27,6558,44,49,-0.34371184371184366,0,1.894962962962963,1.9901579901579902,301.22449569225563,309.5462683377037,292.9110365059938,-30.95655136751751,-31.682136673765513,0.06006256131193662,12.667482297111926,6.588148148148148,0.3080589150081656,,,,,,,,
size27,4,0,0,False,27,100,100,0.001,1,0.5768998281229634,size27_c04_v0_D00,1.9346252799526162,3.7274695985340665,0.920941660675209,12.620000000000001,0.16274317353337195,0.5466060894009531,0.07786664615857879,0.16253666146645868,16052,27,27,6718,56,53,-0.053901359614480976,0,1.9388888888888889,1.9303659303659304,301.20113919771404,299.5670090014686,302.833636896261,-31.362900000202238,-31.21449465194881,0.06446776611694154,12.599265932599264,6.533333333333333,0.3059004720623221,,,,,,,,
size27,4,0,26,False,27,100,100,0.001,1,0.5768998281229634,size27_c04_v0_D26,1.9607233420326873,3.706220963592278,0.917324488902245,12.781481481481482,0.16411669153283517,0.5341684083349395,0.07866788044302837,0.163923382590339,16134,28,30,6470,51,47,-0.06624942834016735,0,1.9368888888888889,1.9845339845339844,298.4270674747115,301.7192870419618,295.1381368380978,-31.275866482944977,-31.569267079600415,0.06167286727006867,12.703814926037147,6.547407407407407,0.3134628373352216,,,,,,,,
size27,4,1,-1,False,27,100,100,0.001,1,0.5768998281229634,size27_c04_v1_A,1.9506543024783904,3.710404057230644,0.9196784812519933,12.731851851851854,0.165868595563516,0.5361519132485518,0.08676582761250953,0.16549548981265377,15880,27,27,6602,50,59,0.04060448833752192,0,1.9396296296296296,1.9616679616679618,295.45366623583095,297.595590460013,293.31388179608865,-31.349532669296703,-31.614294871359718,0.06115460788124456,12.652652652652652,6.576296296296296,0.31692359545226395,,,,,,,,
size27,4,1,0,False,27,100,100,0.001,1,0.5768998281229634,size27_c04_v1_D00,1.9384381883132509,3.6910433672052863,0.9214315541926625,12.682962962962963,0.16378690606217247,0.5318829402354193,0.07798138731651157,0.16365204843465714,15962,23,25,6588,51,54,0.1394105986629494,0,1.9408148148148148,1.936063936063936,299.5640528146822,296.8872378167892,302.2381936717182,-31.368325141017362,-31.198631384731105,0.0636718677698188,12.6823119415712,6.577407407407407,0.31195842981951266,,,,,,,,
size27,4,1,26,False,27,100,100,0.001,1,0.5768998281229634,size27_c04_v1_D26,1.9730875303089197,3.717030373702038,0.9201634818807924,12.75037037037037,0.16759406397880858,0.5292804470850768,0.08109280138768431,0.16730114710702135,15893,27,27,6618,52,53,-0.0708288819120683,0,2.001037037037037,1.945165945165945,296.7355096178235,290.41352979233295,303.0511737791526,-31.83979996777053,-31.26882654418424,0.06280193236714976,12.777963148333518,6.615185185185185,0.31816254622808793,,,,,,,,
size27,5,0,-1,False,27,100,100,0.001,1,0.5768998281229634,size27_c05_v0_A,1.9593166379773077,3.7350583967275623,0.927926694656912,12.686666666666667,0.16599126622169447,0.5377687991088996,0.08207921355777807,0.16591537784483842,15930,24,24,6659,55,56,0.2857142857142857,0,1.9399259259259258,1.9786879786879787,295.860466256421,297.82999313845676,293.8929069337079,-31.4292895728907,-31.699964354929712,0.056453254854054453,12.653394134875615,6.554444444444444,0.31210376181415633,,,,,,,,
size27,5,0,0,False,27,100,100,0.001,1,0.5768998281229634,size27_c05_v0_D00,1.9763081422251838,3.686379032705869,0.9255355467304939,12.73851851851852,0.16997214564005336,0.5347905522812806,0.0858730457713317,0.1694534891144736,15693,30,29,6463,55,47,-0.2238509722233119,0,1.979037037037037,1.9735819735819735,296.7107083255642,293.91737598849556,299.50125012083754,-31.576007538913032,-31.490631928542168,0.05987746867307087,12.714195677158639,6.557407407407408,0.32359406825591214,,,,,,,,
size27,5,0,26,False,27,100,100,0.001,1,0.5768998281229634,size27_c05_v0_D26,1.9009754382068225,3.681714698206452,0.9251034943418897,12.645185185185186,0.15954898568473086,0.5421829048113915,0.07422845848255348,0.15925545171339564,16076,26,33,6830,51,51,0.231556462373224,0,1.8663703703703705,1.9355459355459355,306.95358598649324,313.0057311020007,300.90748697000225,-30.712245931555405,-31.37180682185463,0.06248727488107798,12.595558521484447,6.605555555555555,0.3004124612117236,,,,,,,,
size27,5,1,-1,False,27,100,100,0.001,1,0.5768998281229634,size27_c05_v1_A,1.945878912395654,3.7144760952856903,0.9295237714234762,12.74407407407407,0.16437586491415546,0.5390523185247771,0.07669069425058794,0.16407337723424273,15972,27,25,6620,52,51,0.03541444095603416,0,1.9611851851851851,1.9305879305879305,299.66795934955263,298.9941254629905,300.341120075389,-31.502527913079053,-31.311188466876306,0.062283672978325655,12.73644014384755,6.633703703703704,0.3127365722569074,,,,,,,,
size27,5,1,0,False,27,100,100,0.001,1,0.5768998281229634,size27_c05_v1_D00,1.9434727080903993,3.6886001443722582,0.9197744909054638,12.684814814814816,0.16429023539014212,0.5419260495795837,0.08024135619193563,0.16364463691709033,15966,33,30,6528,44,50,0.028396947888675417,0,1.9371851851851851,1.9497539497539498,301.27773637255643,301.7786322120936,300.7773409284634,-31.334236889284984,-31.43850261527932,0.06287596942269606,12.70010751492233,6.587407407407407,0.31176403650378337,,,,,,,,
size27,5,1,26,False,27,100,100,0.001,1,0.5768998281229634,size27_c05_v1_D26,1.9604271938105022,3.6729042885964427,0.9186712921063934,12.723333333333334,0.16899045969789334,0.5395299309993447,0.08713401435461209,0.16855132715062363,15663,28,27,6431,46,52,0.1282051282051282,0,1.9924444444444445,1.9284419284419285,298.81098724997355,293.96911814911806,303.6480193187603,-31.72977856310613,-31.233272677734448,0.06058082070076073,12.799466132799465,6.554074074074074,0.3202398939315034,,,,,,,,
size27,6,0,-1,False,27,100,100,0.001,1,0.5768998281229634,size27_c06_v0_A,1.921779850815333,3.6717196957077016,0.916516401746306,12.670740740740744,0.16198832999139529,0.5399413001677522,0.07379888160058823,0.1617102464656575,16008,22,25,6597,48,47,0.23881511132944147,0,1.9346666666666668,1.9089059089059088,303.0349265075122,302.7264526478,303.34309220153034,-31.170248878079086,-31.09477573583524,0.06024765395080238,12.691951210469728,6.6,0.3050796025721999,,,,,,,,
size27,6,0,0,False,27,100,100,0.001,1,0.5768998281229634,size27_c06_v0_D00,1.9237788513150833,3.685083384233809,0.9163867283533952,12.597407407407404,0.16320032668867523,0.5398809031692582,0.0795854441393712,0.1629342900302115,15910,22,31,6559,46,53,0.05800641191074561,0,1.948,1.8995818995818996,300.0219369775826,294.5396665663665,305.49873059518103,-31.457770936033498,-30.99908945451069,0.06320913617265442,12.68824379935491,6.569259259259259,0.3088020147121448,,,,,,,,
size27,6,0,26,False,27,100,100,0.001,1,0.5768998281229634,size27_c06_v0_D26,1.9503581542562052,3.6831954393173785,0.9152293841553126,12.72222222222222,0.1647193867301655,0.5363265525379217,0.0830486152201714,0.16425079902237263,15988,31,27,6394,55,53,-0.3969465648854961,0,1.9544444444444444,1.9462759462759462,297.205285323836,297.0796304387881,297.33081467952826,-31.38857522902162,-31.398783501044953,0.061413737575656616,12.750528306083861,6.58037037037037,0.3106125560337135,,,,,,,,
size27,6,1,-1,False,27,100,100,0.001,1,0.5768998281229634,size27_c06_v1_A,1.9158198678438558,3.7253225239232237,0.9259263420804938,12.69888888888889,0.15812146143169506,0.53997656348729,0.0685649910651853,0.15786733631408098,16354,27,29,6728,45,50,0.27079835455174395,1,1.908962962962963,1.9226699226699226,304.15208861877824,302.0233649721787,306.27868566832825,-31.1449360173864,-31.134966353216893,0.0641160901030966,12.686760834908982,6.647777777777778,0.3028889454117062,,,,,,,,
size27,6,1,0,False,27,100,100,0.001,1,0.5768998281229634,size27_c06_v1_D00,1.9482480981731356,3.72609991300646,0.9222034303600566,12.638518518518518,0.16539043836513462,0.5377453274914525,0.07764728349088132,0.1649943274927518,15899,33,25,6615,51,49,-0.00870361897457625,0,1.9799259259259259,1.9166019166019166,298.41303726124147,296.11310907081014,300.71066782111285,-31.586129542141833,-31.268438824875975,0.06104355229792511,12.631149668186705,6.586296296296296,0.3119796098676039,,,,,,,,
size27,6,1,26,False,27,100,100,0.001,1,0.5768998281229634,size27_c06_v1_D26,1.951764858311585,3.658504081292687,0.9262215726220046,12.668888888888887,0.1669784708936087,0.5456789499694895,0.08137008234217749,0.16666666666666666,15764,26,36,6340,49,45,0.07846130453190327,0,1.9696296296296296,1.933917933917934,299.17086116099944,297.4871667618177,300.85287354779445,-31.467441179255232,-31.205400124388447,0.06145075610342977,12.66229192155118,6.58,0.3171603414672529,,,,,,,,
size27,7,0,-1,False,27,100,100,0.001,1,0.5768998281229634,size27_c07_v0_A,1.9292205748977362,3.691413552483018,0.9157222100818831,12.680740740740744,0.16150188298697382,0.5390782812682039,0.07767776257203986,0.1613958255683936,16123,25,22,6669,52,53,0.007637087915270479,0,1.9294814814814816,1.9289599289599288,306.30260933887865,305.29308809234874,307.3111220726748,-31.16592461529188,-31.20447194063227,0.06311658985322154,12.657101545990434,6.638888888888889,0.3040015695143004,,,,,,,,
size27,7,0,0,False,27,100,100,0.001,1,0.5768998281229634,size27_c07_v0_D00,1.931071501286394,3.6941159050104577,0.9189089381178446,12.66,0.16299426590785077,0.5431618754172954,0.07586206896551724,0.16275068939583856,15982,26,31,6522,45,51,-0.041215082147108714,1,1.9377037037037037,1.9244459244459244,303.9220403933668,298.6263286403094,309.2124617250924,-31.363608710560495,-31.13839589476791,0.06381994188091139,12.70010751492233,6.587037037037037,0.3069070005028499,,,,,,,,
size27,7,0,26,False,27,100,100,0.001,1,0.5768998281229634,size27_c07_v0_D26,1.9945582764173468,3.7402780091435766,0.9236166524154225,12.74962962962963,0.17135524091443927,0.5351540638480266,0.08946396253521652,0.17086626721060685,15718,30,28,6473,55,50,0.10256410256410256,0,1.9914074074074075,1.9977059977059977,292.6483877489158,293.5440266635574,291.75364357844467,-31.83256356337695,-31.893238079106872,0.05974790382586485,12.749045341637933,6.587037037037037,0.3201862506607501,,,,,,,,
size27,7,1,-1,False,27,100,100,0.001,1,0.5768998281229634,size27_c07_v1_A,1.9410294852573713,3.6941159050104577,0.9180927022770673,12.759259259259258,0.16529493393828365,0.5437070139481358,0.07882632527118709,0.16499304853387262,15853,29,29,6483,46,50,-0.1435114570718005,0,1.9388888888888889,1.9431679431679432,301.3757584265949,300.4666374095721,302.28397123081345,-31.38095464319695,-31.35761999458066,0.06498602550576564,12.707522337151966,6.621851851851852,0.3120219658941657,,,,,,,,
size27,7,1,0,False,27,100,100,0.001,1,0.5768998281229634,size27_c07_v1_D00,1.9957058507783145,3.7332074703389044,0.9154717014950305,12.785555555555554,0.1686990740531124,0.531922703003534,0.08826052896631477,0.1683347956881424,15984,28,22,6541,51,49,-0.343206106870229,0,1.9877037037037038,2.0037000037000037,295.43077298976635,298.2921134791895,292.5722909823507,-31.715402694154246,-31.96026774699713,0.05913709811760786,12.838764690616541,6.566666666666666,0.3206626393295366,,,,,,,,
size27,7,1,26,False,27,100,100,0.001,1,0.5768998281229634,size27_c07_v1_D26,1.9632776204490348,3.7064060562311436,0.922356970889634,12.778888888888888,0.1663065044985522,0.5419310787857903,0.08114562996379628,0.16589137540859944,15938,30,26,6498,56,55,0.07264957264957266,0,1.9664444444444444,1.96011396011396,296.9317267140098,298.0125125852293,295.8520205489554,-31.56299197175111,-31.563665714130636,0.0635237936587262,12.752752752752752,6.561481481481482,0.3146413531315362,,,,,,,,
wall,0,0,-1,False,9,100,50,0.001,1,0.5,wall_c00_v0_A,1.5485590538064302,2.6545616080848466,0.7168893861705234,10.933333333333334,0.16899548792545716,0.6147784192708278,0.09551249729885472,0.16916890080428953,4111,8,6,1104,12,13,0.06666666666666667,0,1.504,1.593073593073593,300.3469430101345,305.84748959256456,294.85189147923523,-25.59750576619684,-26.65401867503583,0.049419734577155865,10.73295517739962,5.95,0.33176905612229873,,,,,,,,
wall,0,0,0,False,9,100,50,0.001,1,0.5,wall_c00_v0_D00,1.5629962796379588,2.68221444833139,0.7282406498298251,10.884444444444446,0.16896680450332546,0.6283234706543827,0.0896438512597245,0.16871541977387539,4165,8,6,1115,10,13,0.09999999999999999,0,1.5533333333333332,1.5726495726495726,301.5776013839908,298.0366205037087,305.11504482083603,-26.053607645032354,-26.42789452154178,0.04847576211894053,10.806361917473028,5.944444444444445,0.33179663200412396,,,,,,,,
wall,0,0,8,False,9,100,50,0.001,1,0.5,wall_c00_v0_D08,1.551779665722694,2.6592259425842633,0.7129279947033411,10.793333333333333,0.175515822109737,0.6208733139588642,0.09931679252067602,0.17554183467741935,3976,8,8,1141,12,10,-0.4666666666666666,0,1.48,1.6234876234876234,302.3191407186632,317.1335196493323,287.5195613673455,-25.243077639666495,-26.855978346833172,0.04886445666055861,10.494939383828273,5.992222222222222,0.3358855385009,,,,,,,,
wall,0,1,-1,False,9,100,50,0.001,1,0.5,wall_c00_v1_A,1.5714365039702372,2.6727747237492365,0.7123271321318667,11.004444444444445,0.17456808880003238,0.588314218361523,0.10527063503338542,0.17483287942560038,4046,7,3,1135,14,12,-0.2333333333333333,0,1.614,1.528915528915529,296.43934220561613,295.8843336001568,296.9937963569241,-26.644574354868556,-26.143036249733758,0.04036870453662058,11.037704371037703,5.963333333333333,0.3324502209708024,,,,,,,,
wall,0,1,0,False,9,100,50,0.001,1,0.5,wall_c00_v1_D00,1.5952023988005997,2.681548114831473,0.7117914460807381,10.95,0.17964471279931596,0.5860714276768295,0.10668065757257783,0.1793734335839599,3998,8,7,1117,13,15,0.06666666666666667,0,1.6,1.5904095904095905,297.118306770502,299.78580503888685,294.45347333555213,-26.432288698184223,-26.43650399276915,0.04231217724471098,10.975419864308753,6.018888888888889,0.3337696709594399,,,,,,,,
wall,0,1,8,False,9,100,50,0.001,1,0.5,wall_c00_v1_D08,1.5715475595535566,2.6427897162529845,0.7016058159516805,10.973333333333334,0.17642937077525223,0.6000349730924279,0.1078125,0.17597142140887442,3998,9,7,1021,11,12,0.6166666666666666,0,1.5866666666666667,1.5564435564435564,297.9952054137627,297.9967755919061,297.99363680422874,-26.626745703888417,-26.242002374706978,0.04242323282803043,10.986542097653208,5.913333333333333,0.3386410739200403,,,,,,,,
wall,1,0,-1,False,9,100,50,0.001,1,0.5,wall_c01_v0_A,1.5691043367205286,2.58703981342662,0.7033266496394516,10.838888888888889,0.1805668312088421,0.615804135414828,0.10574254607557106,0.18023613963039015,3903,7,6,1023,10,9,-0.03333333333333333,0,1.5831111111111111,1.555111555111555,299.4229932704947,298.4444680532966,300.40054094002323,-26.24745464364366,-26.099693141690175,0.04547726136931534,10.726281837392948,5.847777777777778,0.3498802300831785,,,,,,,,
wall,1,0,0,False,9,100,50,0.001,1,0.5,wall_c01_v0_D00,1.525126325726026,2.638680659670165,0.6963093423766589,10.86888888888889,0.17212399600631673,0.5948129194341512,0.09750384305687725,0.171940185976376,3984,5,8,1099,13,12,0.09999999999999999,0,1.4793333333333334,1.5708735708735708,303.3985672780141,316.4423829087165,290.36778243215764,-25.522660673885696,-26.481907728497127,0.04564384474429452,10.639528417306195,5.892222222222222,0.326765887879394,,,,,,,,
wall,1,0,8,False,9,100,50,0.001,1,0.5,wall_c01_v0_D08,1.5287911599755677,2.6744405574990284,0.7323455434763301,10.530000000000001,0.16445910700458444,0.6189043230140261,0.09347159339856871,0.1642464114832536,4188,8,6,1137,13,14,-0.08333333333333334,0,1.5577777777777777,1.4998334998335,303.78932188598014,297.4665972167555,310.10573014694387,-26.393983978241494,-25.578471250314838,0.04381142761952357,10.744077410744078,5.981111111111111,0.31964842244130826,,,,,,,,
wall,1,1,-1,False,9,100,50,0.001,1,0.5,wall_c01_v1_A,1.5796546171358765,2.683547115331223,0.7037251059375774,10.993333333333332,0.17406035370575687,0.5824209411336532,0.10506248676127938,0.17416851441241687,4067,8,9,1171,13,11,-0.16666666666666669,0,1.5293333333333334,1.62992562992563,296.04742824337706,306.8215409837698,285.2840788523753,-25.946690901153687,-26.95470487611417,0.047087567327447385,10.82860638416194,5.958888888888889,0.33667824786267564,,,,,,,,
wall,1,1,0,False,9,100,50,0.001,1,0.5,wall_c01_v1_D00,1.576322949636293,2.6172469320895106,0.7006720052362725,10.898888888888889,0.18060718371983117,0.5831305443165279,0.10783619101601247,0.18036261491317673,3926,10,5,1020,15,10,0.2833333333333333,0,1.6293333333333333,1.5233655233655234,297.5217413458219,292.4202102378735,302.61817601909706,-26.92889470134836,-25.861726329752898,0.04675440057748903,11.104437771104438,5.905555555555556,0.35039346518940034,,,,,,,,
wall,1,1,8,False,9,100,50,0.001,1,0.5,wall_c01_v1_D08,1.5454494974734856,2.6494530512521517,0.7216819516636961,10.723333333333333,0.17337432482766696,0.6223068485621758,0.11184971098265896,0.17281468531468533,4013,9,8,1129,12,11,0.48333333333333334,0,1.5182222222222221,1.5726495726495726,303.01798035025695,312.43672240498205,293.608647628254,-25.802828819192868,-26.36951565635131,0.04464434449441946,10.603937270603938,5.872222222222222,0.3300490707048715,,,,,,,,
wall,2,0,-1,False,9,100,50,0.001,1,0.5,wall_c02_v0_A,1.5434504969737353,2.647565106335721,0.7208936702290811,10.661111111111111,0.17077300473588736,0.6218730714170188,0.11242132677421689,0.17016029593094945,4063,8,9,1129,11,12,-0.059072255804079904,0,1.5635555555555556,1.5233655233655234,302.47490401594655,299.05648549648305,305.88990753189404,-25.953355545887703,-25.941147761577568,0.04181242711977345,10.737404070737403,5.7811111111111115,0.3406414039663089,,,,,,,,
wall,2,0,0,False,9,100,50,0.001,1,0.5,wall_c02_v0_D00,1.5586651118885002,2.7029818424121275,0.7159042794601232,10.73,0.17368515892558084,0.6162680963600905,0.09977064220183486,0.1731465410364493,4042,9,8,1173,13,14,-0.06666666666666667,0,1.528,1.5892995892995894,301.8876189061443,305.466365229608,298.31244775383294,-26.047183320607086,-26.562747722350686,0.04292298295296796,10.706261817372928,6.022222222222222,0.32540056103338555,,,,,,,,
wall,2,0,8,False,9,100,50,0.001,1,0.5,wall_c02_v0_D08,1.5583319451385418,2.589260925093009,0.694844113149046,11.017777777777777,0.17984942068222365,0.5994369979461687,0.10992475815120029,0.17931742365922507,3902,5,7,1015,12,13,0.06666666666666667,0,1.5362222222222222,1.5804195804195804,300.3137242948009,304.3043341816416,296.3271010312239,-26.16766709812616,-26.509973369275215,0.047476261869065464,10.881993104215326,5.7877777777777775,0.33942417091442845,,,,,,,,
wall,2,1,-1,False,9,100,50,0.001,1,0.5,wall_c02_v1_A,1.5737686712199457,2.589260925093009,0.6970076459818701,10.94777777777778,0.1849194496017626,0.6154804635547246,0.11646358741853216,0.1846315237345922,3819,6,8,1030,9,13,-0.75,0,1.6142222222222222,1.5333555333555333,295.35277999555655,291.20792612845764,299.49349314950155,-26.647243317264227,-25.93222086716662,0.04569937253595425,10.922033144255366,5.782222222222222,0.3528737080212489,,,,,,,,
wall,2,1,0,False,9,100,50,0.001,1,0.5,wall_c02_v1_D00,1.5463379421400412,2.5982564273418847,0.7027087025231767,10.79888888888889,0.17327250925209337,0.6058324855383049,0.09759792252759143,0.17310766924806395,4009,6,8,1052,9,14,-0.21666666666666667,0,1.5502222222222222,1.5424575424575424,300.6733800852835,298.9988840329331,302.3462033144047,-26.163722489647043,-26.082332992506352,0.04469987228607918,10.953175397619841,5.8277777777777775,0.3411867426221536,,,,,,,,
wall,2,1,8,False,9,100,50,0.001,1,0.5,wall_c02_v1_D08,1.5320117718918318,2.6377922150036093,0.7314481894534579,10.635555555555557,0.17084796829080715,0.6086475587719914,0.10044399155688187,0.17075471698113207,4034,6,6,1127,12,10,0.33473096350228926,0,1.518,1.546009546009546,310.0567363945702,311.60266759781047,308.5123495781463,-25.810894485040645,-25.905475258720507,0.0481981231606419,10.543877210543878,5.91,0.326913683906012,,,,,,,,
wall,3,0,-1,False,9,100,50,0.001,1,0.5,wall_c03_v0_A,1.5608862235548893,2.624909767338553,0.7151964446246767,10.85111111111111,0.1729617985240367,0.6106109881016212,0.11008583690987124,0.17226745620528006,4058,5,7,1069,12,16,0.13333333333333333,0,1.5931111111111111,1.5286935286935286,302.5619834215631,295.5897948334043,309.5272067863571,-26.49888447005655,-25.998752537388157,0.04592148370259315,10.964297630964298,5.961111111111111,0.3397178852158931,,,,,,,,
wall,3,0,0,False,9,100,50,0.001,1,0.5,wall_c03_v0_D00,1.5414514964739852,2.6196901549225386,0.7188586490682224,10.797777777777775,0.1727343694789837,0.6329238108401782,0.10175260718424102,0.172382851445663,4018,6,7,1033,13,12,0.34309923758984645,1,1.5533333333333332,1.5295815295815296,299.31150576842043,294.352331052704,304.2657262636416,-26.16097196619276,-26.014786184857883,0.04203453828641235,10.719608497386275,5.937777777777778,0.3338388578200464,,,,,,,,
wall,3,0,8,False,9,100,50,0.001,1,0.5,wall_c03_v0_D08,1.5513354433894164,2.6237992115053586,0.7085712956786215,10.89111111111111,0.172520347109704,0.6088613558193399,0.10061173083843108,0.17264267990074442,4036,6,7,1068,11,11,-0.19999999999999998,0,1.5286666666666666,1.573981573981574,297.43944698317745,302.61807837081244,292.26598905347214,-26.009726005524104,-26.357269318570793,0.04458881670275973,10.93093093093093,5.877777777777778,0.3305945648093876,,,,,,,,
wall,3,1,-1,False,9,100,50,0.001,1,0.5,wall_c03_v1_A,1.515797656727192,2.6429007718363042,0.7187595424013079,10.615555555555554,0.1641834950276091,0.5972464687478732,0.08795580110497238,0.16387213510253318,4151,6,9,1134,13,11,-0.7999999999999999,0,1.553111111111111,1.4785214785214784,310.22895309542577,302.67922617631336,317.7711378298038,-25.999680202213142,-25.2675320566112,0.04608806707757233,10.8130352574797,6.0055555555555555,0.31022390429988556,,,,,,,,
wall,3,1,0,False,9,100,50,0.001,1,0.5,wall_c03_v1_D00,1.5756566161363763,2.688100394247321,0.7284196851702792,10.775555555555556,0.17312758079826937,0.6277282225651106,0.10664682539682539,0.172509765625,4103,7,6,1125,13,11,0.11666666666666665,1,1.6313333333333333,1.52003552003552,295.71324862028507,288.17370633535376,303.2452588949416,-26.597558320921753,-25.728674747278994,0.043922483202843025,11.026582137693248,5.885555555555555,0.33842123890884873,,,,,,,,
wall,3,1,8,False,9,100,50,0.001,1,0.5,wall_c03_v1_D08,1.5448942195568882,2.6443444944194567,0.7132862294668673,10.752222222222223,0.16889444614647664,0.576456110488922,0.08783588558220168,0.16863746958637468,4115,5,7,1128,11,15,0.19999999999999998,0,1.549111111111111,1.5406815406815406,304.86304010628345,302.0498798825,307.6733899801929,-26.003964798850795,-25.91843638617672,0.047531789660725195,10.824157490824158,5.964444444444444,0.33301815904351273,,,,,,,,
wall,4,0,-1,False,9,100,50,0.001,1,0.5,wall_c04_v0_A,1.5380087733910823,2.6423454939197066,0.7216681690337874,10.722222222222221,0.16642622266550605,0.5880207352571314,0.08388969521044992,0.16627261761158021,4152,7,8,1150,10,12,-0.03333333333333333,0,1.538888888888889,1.537129537129537,308.07418046362056,309.6622382848395,306.4877091137514,-25.797962364785477,-26.041116160770798,0.03920262091176634,10.57279501723946,5.786666666666667,0.3185765401051137,,,,,,,,
wall,4,0,0,False,9,100,50,0.001,1,0.5,wall_c04_v0_D00,1.51213282247765,2.6160253206729966,0.7288439236115111,10.453333333333333,0.1650367102719576,0.6148923060483446,0.08406524466750313,0.16447848285922684,4121,8,6,1155,10,12,-0.22594340036404525,0,1.5544444444444445,1.4698634698634698,308.6419720581916,302.32992970493274,314.94770867483373,-26.095489410662346,-25.08403248478085,0.043644844244544394,10.69069069069069,5.873333333333333,0.3222356630911733,,,,,,,,
wall,4,0,8,False,9,100,50,0.001,1,0.5,wall_c04_v0_D08,1.566439002720862,2.636459548003776,0.6916299343999891,10.877777777777776,0.17965863731836806,0.5763803607223844,0.10930597121276898,0.17992317541613315,3912,7,8,1087,11,10,-0.5523060897787773,0,1.5604444444444445,1.5724275724275725,300.3791385722917,302.61294452105557,298.1475641979022,-26.161496646477403,-26.406629149505388,0.044311177744461104,10.888666444222,5.89,0.35019004670167236,,,,,,,,
wall,4,1,-1,False,9,100,50,0.001,1,0.5,wall_c04_v1_A,1.5417846632239436,2.63157310233772,0.7055369452238391,10.925555555555555,0.17239702049283676,0.5782142733366005,0.09720613781123336,0.17238675958188152,4024,6,4,1084,12,11,-0.11666666666666665,0,1.5653333333333332,1.5182595182595182,303.1801201133629,299.1799732406151,307.17627083538855,-26.391783609844865,-25.928560685315862,0.052695874285079686,11.184517851184518,5.904444444444445,0.33780071345252133,,,,,,,,
wall,4,1,0,False,9,100,50,0.001,1,0.5,wall_c04_v1_D00,1.5586651118885002,2.5517241379310347,0.7042403629940341,10.752222222222223,0.18122316045299364,0.609809563409976,0.11854451686841917,0.18096348096348097,3866,5,6,984,13,14,-0.19999999999999998,0,1.5477777777777777,1.5695415695415695,307.0131392908038,304.72270258562224,309.3012878474286,-25.991666860894924,-26.193325092100643,0.052862457660058856,10.6884662440218,5.782222222222222,0.3561462037305283,,,,,,,,
wall,4,1,8,False,9,100,50,0.001,1,0.5,wall_c04_v1_D08,1.607085346215781,2.6743295019157087,0.7173275670912068,10.956666666666667,0.17929731897130424,0.5955782455551831,0.11116511595611721,0.17888530287984114,4034,6,7,1084,9,14,-0.6861984751796929,0,1.6706666666666667,1.5435675435675436,293.12127736715695,281.5538208534267,304.6771779802741,-27.293503157334655,-26.184600750969217,0.04825365095230163,11.097764431097763,5.974444444444444,0.34653683821711695,,,,,,,,
wall,5,0,-1,False,9,100,50,0.001,1,0.5,wall_c05_v0_A,1.5887611749680715,2.647565106335721,0.7212611265282082,10.990000000000002,0.17794553887235984,0.5793365592966082,0.10923779416930102,0.17736461192912403,4016,9,9,1057,11,14,-0.16666666666666669,0,1.6473333333333333,1.5302475302475302,301.35419381504096,298.53555719132,304.170014617959,-26.79020221444749,-26.06510420997744,0.0501415958687323,10.92870648426204,5.948888888888889,0.34643395052349985,,,,,,,,
wall,5,0,0,False,9,100,50,0.001,1,0.5,wall_c05_v0_D00,1.6023099561330445,2.6919873396635015,0.7098795357188344,11.036666666666669,0.18119944920108236,0.5889883721963676,0.11844579068310006,0.1812972292191436,3976,6,7,1160,12,15,-0.39999999999999997,0,1.5748888888888888,1.6297036297036298,301.0368940282311,310.7447698664711,291.33871636765167,-26.26973030144016,-27.0320894939761,0.050086068077072575,10.857524190857523,5.956666666666667,0.34241673354971625,,,,,,,,
wall,5,0,8,False,9,100,50,0.001,1,0.5,wall_c05_v0_D08,1.5860958409684047,2.6461213837525683,0.7043697497445024,11.053333333333335,0.17852506649524189,0.592337189887593,0.11128284389489954,0.17854988690625787,3984,5,8,1068,12,12,0.08333333333333334,0,1.5733333333333333,1.5988455988455987,302.7043147312965,305.0812578769554,300.3297461542146,-26.249596329306755,-26.48864287816292,0.04786495641068355,11.09109109109109,5.9255555555555555,0.3479076267337456,,,,,,,,
wall,5,1,-1,False,9,100,50,0.001,1,0.5,wall_c05_v1_A,1.5315675495585541,2.613582097839969,0.7197128746771906,10.738888888888889,0.1686057857198056,0.644462357469024,0.09341500765696784,0.16830225711481844,4083,7,7,1058,13,11,-0.26666666666666666,0,1.5024444444444445,1.5606615606615606,300.99483251393235,305.14831192452914,296.845502433416,-25.53880443224533,-26.240313226537836,0.044144594369481926,10.601712823935046,5.742222222222222,0.3299176015295533,,,,,,,,
wall,5,1,0,False,9,100,50,0.001,1,0.5,wall_c05_v1_D00,1.590093841967905,2.741073907490699,0.7158367219270773,10.885555555555555,0.17348762442003218,0.6002998592899779,0.10023162771109707,0.17314049586776858,4122,8,6,1178,14,14,0.03333333333333333,0,1.6193333333333333,1.560883560883561,296.3618434740583,290.9312986352524,301.786963193145,-26.740742317770298,-26.2669018455771,0.04381142761952357,10.724057390724058,5.941111111111111,0.3293153987411164,,,,,,,,
wall,5,1,8,False,9,100,50,0.001,1,0.5,wall_c05_v1_D08,1.5461158309734022,2.6744405574990284,0.7371271931480927,10.57,0.1688386890030128,0.6144818120219796,0.09462287982677733,0.16879863813229576,4120,8,6,1195,12,9,-0.43333333333333335,0,1.5593333333333332,1.5329115329115328,304.4566403535062,307.246938603484,301.66912961426766,-26.05338980703591,-25.951651803172425,0.043256149702926315,10.503837170503838,5.933333333333334,0.33023176871762056,,,,,,,,
wall,6,0,-1,False,9,100,50,0.001,1,0.5,wall_c06_v0_A,1.5985340663001832,2.703203953578766,0.734250975120346,10.988888888888889,0.17491694558824664,0.5912375338989461,0.10893230983949756,0.1749024390243903,4107,7,8,1173,11,10,0.3,1,1.6653333333333333,1.531801531801532,293.2567911384097,280.9059255645988,305.59531818517377,-27.15049656422383,-25.988135898173113,0.04142373257815537,11.142253364475586,5.928888888888889,0.3353767496997839,,,,,,,,
wall,6,0,0,False,9,100,50,0.001,1,0.5,wall_c06_v0_D00,1.5839857848853351,2.688655672163918,0.7145453590703049,10.872222222222224,0.17570623347406236,0.5796237792622245,0.10816340929937204,0.17558859975216856,4044,9,6,1149,17,10,0.03333333333333333,0,1.6117777777777778,1.5562215562215562,297.31398258071397,292.375935317885,302.24709672939423,-26.568144718375166,-26.162404504691477,0.045199622411016716,10.919808697586475,5.973333333333334,0.3391751641666968,,,,,,,,
wall,6,0,8,False,9,100,50,0.001,1,0.5,wall_c06_v0_D08,1.6008662335498918,2.655672163918041,0.6949866706782496,10.944444444444443,0.18154437585719327,0.5867007340222196,0.1106694560669456,0.1811691605376617,3952,9,8,1063,10,16,0.0,0,1.612,1.5897435897435896,294.83557556638493,292.45278995097186,297.2159807765878,-26.714872680427668,-26.470694811292677,0.04925315120217669,11.044377711044378,5.943333333333333,0.3501465628267632,,,,,,,,
wall,6,1,-1,False,9,100,50,0.001,1,0.5,wall_c06_v1_A,1.5766561163862514,2.633794214004109,0.7135301308067508,11.004444444444443,0.18054398300122187,0.6079980030613542,0.11072566371681417,0.18028797145769623,3933,9,6,1075,12,9,-0.16666666666666669,0,1.5906666666666667,1.5626595626595627,297.6914983750637,295.61113687218807,299.76978159471963,-26.403714364847406,-26.247570720383784,0.04542173357765562,11.039928817706596,5.8966666666666665,0.35004543284585155,,,,,,,,
wall,6,1,0,False,9,100,50,0.001,1,0.5,wall_c06_v1_D00,1.5826531178855017,2.624687656171914,0.6954439506921308,11.073333333333332,0.18059518190375318,0.588697545240946,0.11691243914485289,0.18041539245667687,3931,7,10,1007,13,11,0.18333333333333335,0,1.5771111111111111,1.5881895881895882,293.43823214658073,295.0453396898416,291.8327301053612,-26.55840104356448,-26.625486322071964,0.04442223332778055,11.160048937826716,5.981111111111111,0.3561555540804362,,,,,,,,
wall,6,1,8,False,9,100,50,0.001,1,0.5,wall_c06_v1_D08,1.529346437892165,2.6173579876728303,0.7152821348771914,10.79,0.16769995474271315,0.6117043525863637,0.09478984238178634,0.16744441729782553,4102,9,7,1038,10,16,-0.049999999999999996,0,1.484,1.5746475746475745,301.64528451565263,308.1496097004429,295.1474571582198,-25.675479644894548,-26.358072944202956,0.044533288911100005,10.697364030697363,5.934444444444445,0.3262787575088536,,,,,,,,
wall,7,0,-1,False,9,100,50,0.001,1,0.5,wall_c07_v0_A,1.563773668721195,2.6994280637459047,0.7204353902758623,10.922222222222222,0.16849700337988274,0.5789122946671578,0.09681792237442922,0.16829414587332056,4175,7,10,1156,10,13,-0.6610936529170212,0,1.5004444444444445,1.627039627039627,297.04511758772225,305.363091183341,288.73545365603513,-25.741623598861796,-27.07232872047968,0.04053528791159976,10.659548437326215,6.013333333333334,0.33239727650901435,,,,,,,,
wall,7,0,0,False,9,100,50,0.001,1,0.5,wall_c07_v0_D00,1.594313954134044,2.7217502359931145,0.735546012425905,10.871111111111112,0.17464299354113968,0.5891852344086206,0.11143756558237146,0.17436399217221135,4096,8,10,1145,10,12,0.016666666666666666,0,1.54,1.6485736485736486,294.1142624956422,303.84453326689675,284.3937122746087,-25.875048585223933,-26.869042558557773,0.04458881670275973,10.67289511733956,5.944444444444445,0.33779114417988537,,,,,,,,
wall,7,0,8,False,9,100,50,0.001,1,0.5,wall_c07_v0_D08,1.6021989005497252,2.6865456160808483,0.6949754685238317,10.935555555555556,0.17914166427138026,0.6006112429356906,0.10214604236343366,0.17875466998754672,4023,8,8,1098,10,12,0.4666666666666666,0,1.6473333333333333,1.557109557109557,293.57477075956757,287.1363759347155,300.0067336215576,-27.036615239902172,-26.239310287011996,0.04464434449441946,11.053275497719941,6.001111111111111,0.35476430407408344,,,,,,,,
wall,7,1,-1,False,9,100,50,0.001,1,0.5,wall_c07_v1_A,1.5427841634738186,2.6381253817535675,0.7119409915246783,10.755555555555556,0.17191288792876636,0.6091367913773275,0.09743032935215346,0.1713452469595433,4039,10,9,1092,12,10,-0.5166666666666667,0,1.525111111111111,1.5604395604395604,302.26950035422436,309.73248776493404,294.81396847539366,-25.828797291366044,-26.367628339976264,0.04575490032761397,10.64842620398176,5.854444444444445,0.33511869260828775,,,,,,,,
wall,7,1,0,False,9,100,50,0.001,1,0.5,wall_c07_v1_D00,1.5893164528846688,2.7254150702426565,0.7347163065274234,10.733333333333334,0.17636717369499746,0.617460102648489,0.108872666011512,0.17624876360039565,4051,7,6,1195,15,12,0.6,0,1.628,1.5506715506715507,303.44422492586443,300.46316611403205,306.42230565696565,-26.601334567444205,-26.043781990196067,0.048808928868898885,10.77299521743966,5.953333333333333,0.33106112948973054,,,,,,,,
wall,7,1,8,False,9,100,50,0.001,1,0.5,wall_c07_v1_D08,1.5836526181353767,2.7464045754900326,0.7298180010491907,10.860000000000001,0.17378268174300848,0.6021752137002989,0.10912166925137459,0.17334473491326655,4100,7,6,1221,11,12,-0.42678197846541877,0,1.5811111111111111,1.5861915861915863,304.9503733499934,308.39746398421215,301.5067263627619,-26.164847427028718,-26.378416358484873,0.04569937253595425,10.75075075075075,6.023333333333333,0.3288326608467292,,,,,,,,
