arm,cooling_start_K,cooling_end_K,P_freeze_in_interval_given_liquid_no_frailty
distilled_matched_null,0.0,0.05,3.3169635235905937e-07
distilled_matched_null,0.05,0.1,3.575302364958749e-07
distilled_matched_null,0.1,0.15000000000000002,3.8537617001537513e-07
distilled_matched_null,0.15,0.2,4.153908595542588e-07
distilled_matched_null,0.2,0.25,4.477432166931031e-07
distilled_matched_null,0.25,0.3,4.826153085246919e-07
distilled_matched_null,0.3,0.35,5.20203382256335e-07
distilled_matched_null,0.35000000000000003,0.4,5.607189696117777e-07
distilled_matched_null,0.4,0.45,6.043900772476688e-07
distilled_matched_null,0.45,0.5,6.514624698842428e-07
distilled_matched_null,0.5,0.55,7.022010533700292e-07
distilled_matched_null,0.55,0.6000000000000001,7.568913654647206e-07
distilled_matched_null,0.6,0.65,8.158411827290281e-07
distilled_matched_null,0.65,0.7000000000000001,8.793822525640876e-07
distilled_matched_null,0.7000000000000001,0.7500000000000001,9.47872160148192e-07
distilled_matched_null,0.75,0.8,1.0216963407755349e-06
distilled_matched_null,0.8,0.8500000000000001,1.1012702489225428e-06
distilled_matched_null,0.85,0.9,1.1870416962472496e-06
distilled_matched_null,0.9,0.9500000000000001,1.2794933716783444e-06
distilled_matched_null,0.9500000000000001,1.0,1.3791455577765105e-06
distilled_matched_null,1.0,1.05,1.4865590586518933e-06
distilled_matched_null,1.05,1.1,1.6023383559159209e-06
distilled_matched_null,1.1,1.1500000000000001,1.7271350104259086e-06
distilled_matched_null,1.1500000000000001,1.2000000000000002,1.861651328964539e-06
distilled_matched_null,1.2,1.25,2.0066443164892575e-06
distilled_matched_null,1.25,1.3,2.1629299361887747e-06
distilled_matched_null,1.3,1.35,2.3313877013212245e-06
distilled_matched_null,1.35,1.4000000000000001,2.512965624671613e-06
distilled_matched_null,1.4000000000000001,1.4500000000000002,2.7086855534788476e-06
distilled_matched_null,1.45,1.5,2.919648919854792e-06
distilled_matched_null,1.5,1.55,3.1470429390486177e-06
distilled_matched_null,1.55,1.6,3.392147290437692e-06
distilled_matched_null,1.6,1.6500000000000001,3.6563413188359904e-06
distilled_matched_null,1.6500000000000001,1.7000000000000002,3.94111179663979e-06
distilled_matched_null,1.7,1.75,4.248061290490076e-06
distilled_matched_null,1.75,1.8,4.578917179522062e-06
distilled_matched_null,1.8,1.85,4.935541375949884e-06
distilled_matched_null,1.85,1.9000000000000001,5.3199408026763915e-06
distilled_matched_null,1.9000000000000001,1.9500000000000002,5.734278686879027e-06
distilled_matched_null,1.95,2.0,6.1808867331185715e-06
distilled_matched_null,2.0,2.05,6.662278244450707e-06
distilled_matched_null,2.05,2.0999999999999996,7.18116226537075e-06
distilled_matched_null,2.1,2.15,7.740458826154527e-06
distilled_matched_null,2.15,2.1999999999999997,8.343315374358028e-06
distilled_matched_null,2.2,2.25,8.993124485924109e-06
distilled_matched_null,2.25,2.3,9.693542955514808e-06
distilled_matched_null,2.3000000000000003,2.35,1.0448512373481038e-05
distilled_matched_null,2.35,2.4,1.1262281305208272e-05
distilled_matched_null,2.4,2.4499999999999997,1.2139429197596958e-05
distilled_matched_null,2.45,2.5,1.3084892147169381e-05
distilled_matched_null,2.5,2.55,1.4103990674707347e-05
distilled_matched_null,2.5500000000000003,2.6,1.5202459662671835e-05
distilled_matched_null,2.6,2.65,1.638648062375922e-05
distilled_matched_null,2.65,2.6999999999999997,1.7662716482067372e-05
distilled_matched_null,2.7,2.75,1.9038349062498253e-05
distilled_matched_null,2.75,2.8,2.0521119499165045e-05
distilled_matched_null,2.8000000000000003,2.85,2.2119371790069908e-05
distilled_matched_null,2.85,2.9,2.3842099742913842e-05
distilled_matched_null,2.9,2.9499999999999997,2.569899757598636e-05
distilled_matched_null,2.95,3.0,2.7700514458624294e-05
distilled_matched_null,3.0,3.05,2.9857913297798058e-05
distilled_matched_null,3.0500000000000003,3.1,3.218333410129719e-05
distilled_matched_null,3.1,3.15,3.4689862273617186e-05
distilled_matched_null,3.15,3.1999999999999997,3.739160222835723e-05
distilled_matched_null,3.2,3.25,4.030375673080325e-05
distilled_matched_null,3.25,3.3,4.344271241643538e-05
distilled_matched_null,3.3000000000000003,3.35,4.682613196584237e-05
distilled_matched_null,3.35,3.4,5.047305345376836e-05
distilled_matched_null,3.4,3.4499999999999997,5.440399743025703e-05
distilled_matched_null,3.45,3.5,5.8641082335236966e-05
distilled_matched_null,3.5,3.55,6.320814889446763e-05
distilled_matched_null,3.5500000000000003,3.6,6.81308941951984e-05
distilled_matched_null,3.6,3.65,7.343701619396905e-05
distilled_matched_null,3.65,3.6999999999999997,7.915636946739757e-05
distilled_matched_null,3.7,3.75,8.532113307973829e-05
distilled_matched_null,3.75,3.8,9.196599150859115e-05
distilled_matched_null,3.8000000000000003,3.85,9.912832964328836e-05
distilled_matched_null,3.85,3.9,0.00010684844294893147
distilled_matched_null,3.9,3.9499999999999997,0.00011516976397373132
distilled_matched_null,3.95,4.0,0.00012413910646856232
distilled_matched_null,4.0,4.05,0.000133806928485569
distilled_matched_null,4.05,4.1,0.0001442276159286712
distilled_matched_null,4.1,4.1499999999999995,0.00015545978814234603
distilled_matched_null,4.15,4.2,0.0001675666272478033
distilled_matched_null,4.2,4.25,0.00018061623306743198
distilled_matched_null,4.25,4.3,0.00019468200562050735
distilled_matched_null,4.3,4.35,0.00020984305732585988
distilled_matched_null,4.3500000000000005,4.4,0.00022618465721175533
distilled_matched_null,4.4,4.45,0.00024379870961018665
distilled_matched_null,4.45,4.5,0.00026278427000312176
distilled_matched_null,4.5,4.55,0.00028324810089316513
distilled_matched_null,4.55,4.6,0.00030530527079129517
distilled_matched_null,4.6000000000000005,4.65,0.0003290797996513133
distilled_matched_null,4.65,4.7,0.0003547053543353313
distilled_matched_null,4.7,4.75,0.00038232599796839275
distilled_matched_null,4.75,4.8,0.0004120969973346415
distilled_matched_null,4.8,4.85,0.0004441856927835745
distilled_matched_null,4.8500000000000005,4.9,0.0004787724354545966
distilled_matched_null,4.9,4.95,0.0005160515969928473
distilled_matched_null,4.95,5.0,0.0005562326573207106
distilled_matched_null,5.0,5.05,0.000599541376449835
distilled_matched_null,5.05,5.1,0.0006462210567691375
distilled_matched_null,5.1000000000000005,5.15,0.0006965339027279185
distilled_matched_null,5.15,5.2,0.0007507624853514692
distilled_matched_null,5.2,5.25,0.0008092113195817231
distilled_matched_null,5.25,5.3,0.0008722085630304972
distilled_matched_null,5.3,5.35,0.0009401078453691169
distilled_matched_null,5.3500000000000005,5.4,0.0010132902382595033
distilled_matched_null,5.4,5.45,0.0010921663764595468
distilled_matched_null,5.45,5.5,0.0011771787415131593
distilled_matched_null,5.5,5.55,0.0012688041202657497
distilled_matched_null,5.55,5.6,0.0013675562513309977
distilled_matched_null,5.6000000000000005,5.65,0.0014739886735780675
distilled_matched_null,5.65,5.7,0.0015886977917127865
distilled_matched_null,5.7,5.75,0.0017123261750935366
distilled_matched_null,5.75,5.8,0.0018455661070565837
distilled_matched_null,5.8,5.85,0.001989163403227475
distilled_matched_null,5.8500000000000005,5.9,0.002143921518568224
distilled_matched_null,5.9,5.95,0.002310705964254937
distilled_matched_null,5.95,6.0,0.0024904490569002745
distilled_matched_null,6.0,6.05,0.002684155024128582
distilled_matched_null,6.05,6.1,0.0028929054920810693
distilled_matched_null,6.1000000000000005,6.15,0.0031178653820707874
distilled_matched_null,6.15,6.2,0.003360289245323332
distilled_matched_null,6.2,6.25,0.003621528066523163
distilled_matched_null,6.25,6.3,0.0039030365687350377
distilled_matched_null,6.3,6.35,0.004206381054176258
distilled_matched_null,6.3500000000000005,6.4,0.0045332478172715185
distilled_matched_null,6.4,6.45,0.004885452168413524
distilled_matched_null,6.45,6.5,0.005264948108867532
distilled_matched_null,6.5,6.55,0.005673838699272861
distilled_matched_null,6.55,6.6,0.00611438716619109
distilled_matched_null,6.6000000000000005,6.65,0.006589028793094364
distilled_matched_null,6.65,6.7,0.007100383644045847
distilled_matched_null,6.7,6.75,0.00765127017005425
distilled_matched_null,6.75,6.8,0.008244719749631462
distilled_matched_null,6.8,6.85,0.008883992216387549
distilled_matched_null,6.8500000000000005,6.9,0.009572592427484322
distilled_matched_null,6.9,6.95,0.010314287927350495
distilled_matched_null,6.95,7.0,0.011113127761135327
distilled_matched_null,7.0,7.05,0.01197346249181967
distilled_matched_null,7.05,7.1,0.012899965473573452
distilled_matched_null,7.1000000000000005,7.15,0.013897655431677982
distilled_matched_null,7.15,7.2,0.014971920395926219
distilled_matched_null,7.2,7.25,0.016128543029650673
distilled_matched_null,7.25,7.3,0.017373727390144367
distilled_matched_null,7.3,7.35,0.01871412714793417
distilled_matched_null,7.3500000000000005,7.4,0.02015687528179633
distilled_matched_null,7.4,7.45,0.021709615253170125
distilled_matched_null,7.45,7.5,0.023380533647280675
distilled_matched_null,7.5,7.55,0.02517839424830567
distilled_matched_null,7.55,7.6,0.027112573491742672
distilled_matched_null,7.6000000000000005,7.65,0.02919309720808336
distilled_matched_null,7.65,7.7,0.03143067853725026
distilled_matched_null,7.7,7.75,0.03383675685218588
distilled_matched_null,7.75,7.8,0.03642353748156179
distilled_matched_null,7.8,7.85,0.03920403196483452
distilled_matched_null,7.8500000000000005,7.9,0.04219209850666338
distilled_matched_null,7.9,7.95,0.04540248222087721
distilled_matched_null,7.95,8.0,0.04885085466540493
distilled_matched_null,8.0,8.05,0.052553852067560275
distilled_matched_null,8.05,8.100000000000001,0.05652911152231575
distilled_matched_null,8.1,8.15,0.06079530431336636
distilled_matched_null,8.15,8.200000000000001,0.06537216535630119
distilled_matched_null,8.2,8.25,0.07028051759385949
distilled_matched_null,8.25,8.3,0.07554228998367539
distilled_matched_null,8.3,8.350000000000001,0.08118052750820856
distilled_matched_null,8.35,8.4,0.08721939140403175
distilled_matched_null,8.4,8.450000000000001,0.0936841475531843
distilled_matched_null,8.45,8.5,0.10060114070348125
distilled_matched_null,8.5,8.55,0.10799775188904805
distilled_matched_null,8.55,8.600000000000001,0.11590233610964924
distilled_matched_null,8.6,8.65,0.12434413700204619
distilled_matched_null,8.65,8.700000000000001,0.13335317490499202
distilled_matched_null,8.700000000000001,8.750000000000002,0.14296010439045093
distilled_matched_null,8.75,8.8,0.15319603701923068
distilled_matched_null,8.8,8.850000000000001,0.16409232479498265
distilled_matched_null,8.85,8.9,0.17568029955659187
distilled_matched_null,8.9,8.950000000000001,0.1879909633904
distilled_matched_null,8.950000000000001,9.000000000000002,0.20105462509141156
distilled_matched_null,9.0,9.05,0.2149004777941693
distilled_matched_null,9.05,9.100000000000001,0.22955611317385272
distilled_matched_null,9.1,9.15,0.24504696813836851
distilled_matched_null,9.15,9.200000000000001,0.2613957007524166
distilled_matched_null,9.200000000000001,9.250000000000002,0.2786214933210505
distilled_matched_null,9.25,9.3,0.2967392821856566
distilled_matched_null,9.3,9.350000000000001,0.3157589159252743
distilled_matched_null,9.35,9.4,0.33568424638671995
distilled_matched_null,9.4,9.450000000000001,0.35651216035901834
distilled_matched_null,9.450000000000001,9.500000000000002,0.37823156381938455
distilled_matched_null,9.5,9.55,0.40082233554624974
distilled_matched_null,9.55,9.600000000000001,0.424254272521725
distilled_matched_null,9.6,9.65,0.44848605588446794
distilled_matched_null,9.65,9.700000000000001,0.47346427313012646
distilled_matched_null,9.700000000000001,9.750000000000002,0.4991225395886195
distilled_matched_null,9.75,9.8,0.5253807696254713
distilled_matched_null,9.8,9.850000000000001,0.5521446550783011
distilled_matched_null,9.85,9.9,0.5793054145625782
distilled_matched_null,9.9,9.950000000000001,0.6067398817186158
distilled_matched_null,9.950000000000001,10.000000000000002,0.6343110023246418
distilled_matched_null,10.0,10.05,0.6618688084345783
distilled_matched_null,10.05,10.100000000000001,0.6892519311913926
distilled_matched_null,10.1,10.15,0.7162897015877566
distilled_matched_null,10.15,10.200000000000001,0.7428048691779399
distilled_matched_null,10.200000000000001,10.250000000000002,0.7686169418468769
distilled_matched_null,10.25,10.3,0.7935461149551519
distilled_matched_null,10.3,10.350000000000001,0.8174177159622508
distilled_matched_null,10.35,10.4,0.8400670424120004
distilled_matched_null,10.4,10.450000000000001,0.8613444195604154
distilled_matched_null,10.450000000000001,10.500000000000002,0.881120252886475
distilled_matched_null,10.5,10.55,0.8992898055355558
distilled_matched_null,10.55,10.600000000000001,0.9157773978073224
distilled_matched_null,10.6,10.65,0.9305397121417103
distilled_matched_null,10.65,10.700000000000001,0.9435678995043986
distilled_matched_null,10.700000000000001,10.750000000000002,0.9548882271146285
distilled_matched_null,10.75,10.8,0.9645610858772339
distilled_matched_null,10.8,10.850000000000001,0.972678287352844
distilled_matched_null,10.85,10.9,0.9793587180438017
distilled_matched_null,10.9,10.950000000000001,0.9847425708296627
distilled_matched_null,10.950000000000001,11.000000000000002,0.9889845219135024
distilled_matched_null,11.0,11.05,0.9922463455124102
distilled_matched_null,11.05,11.100000000000001,0.9946895362836086
distilled_matched_null,11.1,11.15,0.9964685235208032
distilled_matched_null,11.15,11.200000000000001,0.9977250022160541
distilled_matched_null,11.200000000000001,11.250000000000002,0.9985837768616321
distilled_matched_null,11.25,11.3,0.999150330564488
distilled_matched_null,11.3,11.350000000000001,0.9995101227859137
distilled_matched_null,11.35,11.4,0.9997294188772587
distilled_matched_null,11.4,11.450000000000001,0.9998572980149979
distilled_matched_null,11.450000000000001,11.500000000000002,0.9999283986746487
distilled_matched_null,11.5,11.55,0.9999659525094711
distilled_matched_null,11.55,11.600000000000001,0.9999847206334342
distilled_matched_null,11.6,11.65,0.9999935579589994
distilled_matched_null,11.65,11.700000000000001,0.9999974606142018
distilled_matched_null,11.700000000000001,11.750000000000002,0.9999990690084671
distilled_matched_null,11.75,11.8,0.9999996843380824
distilled_matched_null,11.8,11.850000000000001,0.9999999016182303
distilled_matched_null,11.85,11.9,0.9999999719989874
distilled_matched_null,11.9,11.950000000000001,0.9999999927734955
distilled_matched_null,11.950000000000001,12.000000000000002,0.9999999983217068
filtered_matched_null,0.0,0.05,3.3169635235905937e-07
filtered_matched_null,0.05,0.1,3.575302364958749e-07
filtered_matched_null,0.1,0.15000000000000002,3.8537617001537513e-07
filtered_matched_null,0.15,0.2,4.153908595542588e-07
filtered_matched_null,0.2,0.25,4.477432166931031e-07
filtered_matched_null,0.25,0.3,4.826153085246919e-07
filtered_matched_null,0.3,0.35,5.20203382256335e-07
filtered_matched_null,0.35000000000000003,0.4,5.607189696117777e-07
filtered_matched_null,0.4,0.45,6.043900772476688e-07
filtered_matched_null,0.45,0.5,6.514624698842428e-07
filtered_matched_null,0.5,0.55,7.022010533700292e-07
filtered_matched_null,0.55,0.6000000000000001,7.568913654647206e-07
filtered_matched_null,0.6,0.65,8.158411827290281e-07
filtered_matched_null,0.65,0.7000000000000001,8.793822525640876e-07
filtered_matched_null,0.7000000000000001,0.7500000000000001,9.47872160148192e-07
filtered_matched_null,0.75,0.8,1.0216963407755349e-06
filtered_matched_null,0.8,0.8500000000000001,1.1012702489225428e-06
filtered_matched_null,0.85,0.9,1.1870416962472496e-06
filtered_matched_null,0.9,0.9500000000000001,1.2794933716783444e-06
filtered_matched_null,0.9500000000000001,1.0,1.3791455577765105e-06
filtered_matched_null,1.0,1.05,1.4865590586518933e-06
filtered_matched_null,1.05,1.1,1.6023383559159209e-06
filtered_matched_null,1.1,1.1500000000000001,1.7271350104259086e-06
filtered_matched_null,1.1500000000000001,1.2000000000000002,1.861651328964539e-06
filtered_matched_null,1.2,1.25,2.0066443164892575e-06
filtered_matched_null,1.25,1.3,2.1629299361887747e-06
filtered_matched_null,1.3,1.35,2.3313877013212245e-06
filtered_matched_null,1.35,1.4000000000000001,2.512965624671613e-06
filtered_matched_null,1.4000000000000001,1.4500000000000002,2.7086855534788476e-06
filtered_matched_null,1.45,1.5,2.919648919854792e-06
filtered_matched_null,1.5,1.55,3.1470429390486177e-06
filtered_matched_null,1.55,1.6,3.392147290437692e-06
filtered_matched_null,1.6,1.6500000000000001,3.6563413188359904e-06
filtered_matched_null,1.6500000000000001,1.7000000000000002,3.94111179663979e-06
filtered_matched_null,1.7,1.75,4.248061290490076e-06
filtered_matched_null,1.75,1.8,4.578917179522062e-06
filtered_matched_null,1.8,1.85,4.935541375949884e-06
filtered_matched_null,1.85,1.9000000000000001,5.3199408026763915e-06
filtered_matched_null,1.9000000000000001,1.9500000000000002,5.734278686879027e-06
filtered_matched_null,1.95,2.0,6.1808867331185715e-06
filtered_matched_null,2.0,2.05,6.662278244450707e-06
filtered_matched_null,2.05,2.0999999999999996,7.18116226537075e-06
filtered_matched_null,2.1,2.15,7.740458826154527e-06
filtered_matched_null,2.15,2.1999999999999997,8.343315374358028e-06
filtered_matched_null,2.2,2.25,8.993124485924109e-06
filtered_matched_null,2.25,2.3,9.693542955514808e-06
filtered_matched_null,2.3000000000000003,2.35,1.0448512373481038e-05
filtered_matched_null,2.35,2.4,1.1262281305208272e-05
filtered_matched_null,2.4,2.4499999999999997,1.2139429197596958e-05
filtered_matched_null,2.45,2.5,1.3084892147169381e-05
filtered_matched_null,2.5,2.55,1.4103990674707347e-05
filtered_matched_null,2.5500000000000003,2.6,1.5202459662671835e-05
filtered_matched_null,2.6,2.65,1.638648062375922e-05
filtered_matched_null,2.65,2.6999999999999997,1.7662716482067372e-05
filtered_matched_null,2.7,2.75,1.9038349062498253e-05
filtered_matched_null,2.75,2.8,2.0521119499165045e-05
filtered_matched_null,2.8000000000000003,2.85,2.2119371790069908e-05
filtered_matched_null,2.85,2.9,2.3842099742913842e-05
filtered_matched_null,2.9,2.9499999999999997,2.569899757598636e-05
filtered_matched_null,2.95,3.0,2.7700514458624294e-05
filtered_matched_null,3.0,3.05,2.9857913297798058e-05
filtered_matched_null,3.0500000000000003,3.1,3.218333410129719e-05
filtered_matched_null,3.1,3.15,3.4689862273617186e-05
filtered_matched_null,3.15,3.1999999999999997,3.739160222835723e-05
filtered_matched_null,3.2,3.25,4.030375673080325e-05
filtered_matched_null,3.25,3.3,4.344271241643538e-05
filtered_matched_null,3.3000000000000003,3.35,4.682613196584237e-05
filtered_matched_null,3.35,3.4,5.047305345376836e-05
filtered_matched_null,3.4,3.4499999999999997,5.440399743025703e-05
filtered_matched_null,3.45,3.5,5.8641082335236966e-05
filtered_matched_null,3.5,3.55,6.320814889446763e-05
filtered_matched_null,3.5500000000000003,3.6,6.81308941951984e-05
filtered_matched_null,3.6,3.65,7.343701619396905e-05
filtered_matched_null,3.65,3.6999999999999997,7.915636946739757e-05
filtered_matched_null,3.7,3.75,8.532113307973829e-05
filtered_matched_null,3.75,3.8,9.196599150859115e-05
filtered_matched_null,3.8000000000000003,3.85,9.912832964328836e-05
filtered_matched_null,3.85,3.9,0.00010684844294893147
filtered_matched_null,3.9,3.9499999999999997,0.00011516976397373132
filtered_matched_null,3.95,4.0,0.00012413910646856232
filtered_matched_null,4.0,4.05,0.000133806928485569
filtered_matched_null,4.05,4.1,0.0001442276159286712
filtered_matched_null,4.1,4.1499999999999995,0.00015545978814234603
filtered_matched_null,4.15,4.2,0.0001675666272478033
filtered_matched_null,4.2,4.25,0.00018061623306743198
filtered_matched_null,4.25,4.3,0.00019468200562050735
filtered_matched_null,4.3,4.35,0.00020984305732585988
filtered_matched_null,4.3500000000000005,4.4,0.00022618465721175533
filtered_matched_null,4.4,4.45,0.00024379870961018665
filtered_matched_null,4.45,4.5,0.00026278427000312176
filtered_matched_null,4.5,4.55,0.00028324810089316513
filtered_matched_null,4.55,4.6,0.00030530527079129517
filtered_matched_null,4.6000000000000005,4.65,0.0003290797996513133
filtered_matched_null,4.65,4.7,0.0003547053543353313
filtered_matched_null,4.7,4.75,0.00038232599796839275
filtered_matched_null,4.75,4.8,0.0004120969973346415
filtered_matched_null,4.8,4.85,0.0004441856927835745
filtered_matched_null,4.8500000000000005,4.9,0.0004787724354545966
filtered_matched_null,4.9,4.95,0.0005160515969928473
filtered_matched_null,4.95,5.0,0.0005562326573207106
filtered_matched_null,5.0,5.05,0.000599541376449835
filtered_matched_null,5.05,5.1,0.0006462210567691375
filtered_matched_null,5.1000000000000005,5.15,0.0006965339027279185
filtered_matched_null,5.15,5.2,0.0007507624853514692
filtered_matched_null,5.2,5.25,0.0008092113195817231
filtered_matched_null,5.25,5.3,0.0008722085630304972
filtered_matched_null,5.3,5.35,0.0009401078453691169
filtered_matched_null,5.3500000000000005,5.4,0.0010132902382595033
filtered_matched_null,5.4,5.45,0.0010921663764595468
filtered_matched_null,5.45,5.5,0.0011771787415131593
filtered_matched_null,5.5,5.55,0.0012688041202657497
filtered_matched_null,5.55,5.6,0.0013675562513309977
filtered_matched_null,5.6000000000000005,5.65,0.0014739886735780675
filtered_matched_null,5.65,5.7,0.0015886977917127865
filtered_matched_null,5.7,5.75,0.0017123261750935366
filtered_matched_null,5.75,5.8,0.0018455661070565837
filtered_matched_null,5.8,5.85,0.001989163403227475
filtered_matched_null,5.8500000000000005,5.9,0.002143921518568224
filtered_matched_null,5.9,5.95,0.002310705964254937
filtered_matched_null,5.95,6.0,0.0024904490569002745
filtered_matched_null,6.0,6.05,0.002684155024128582
filtered_matched_null,6.05,6.1,0.0028929054920810693
filtered_matched_null,6.1000000000000005,6.15,0.0031178653820707874
filtered_matched_null,6.15,6.2,0.003360289245323332
filtered_matched_null,6.2,6.25,0.003621528066523163
filtered_matched_null,6.25,6.3,0.0039030365687350377
filtered_matched_null,6.3,6.35,0.004206381054176258
filtered_matched_null,6.3500000000000005,6.4,0.0045332478172715185
filtered_matched_null,6.4,6.45,0.004885452168413524
filtered_matched_null,6.45,6.5,0.005264948108867532
filtered_matched_null,6.5,6.55,0.005673838699272861
filtered_matched_null,6.55,6.6,0.00611438716619109
filtered_matched_null,6.6000000000000005,6.65,0.006589028793094364
filtered_matched_null,6.65,6.7,0.007100383644045847
filtered_matched_null,6.7,6.75,0.00765127017005425
filtered_matched_null,6.75,6.8,0.008244719749631462
filtered_matched_null,6.8,6.85,0.008883992216387549
filtered_matched_null,6.8500000000000005,6.9,0.009572592427484322
filtered_matched_null,6.9,6.95,0.010314287927350495
filtered_matched_null,6.95,7.0,0.011113127761135327
filtered_matched_null,7.0,7.05,0.01197346249181967
filtered_matched_null,7.05,7.1,0.012899965473573452
filtered_matched_null,7.1000000000000005,7.15,0.013897655431677982
filtered_matched_null,7.15,7.2,0.014971920395926219
filtered_matched_null,7.2,7.25,0.016128543029650673
filtered_matched_null,7.25,7.3,0.017373727390144367
filtered_matched_null,7.3,7.35,0.01871412714793417
filtered_matched_null,7.3500000000000005,7.4,0.02015687528179633
filtered_matched_null,7.4,7.45,0.021709615253170125
filtered_matched_null,7.45,7.5,0.023380533647280675
filtered_matched_null,7.5,7.55,0.02517839424830567
filtered_matched_null,7.55,7.6,0.027112573491742672
filtered_matched_null,7.6000000000000005,7.65,0.02919309720808336
filtered_matched_null,7.65,7.7,0.03143067853725026
filtered_matched_null,7.7,7.75,0.03383675685218588
filtered_matched_null,7.75,7.8,0.03642353748156179
filtered_matched_null,7.8,7.85,0.03920403196483452
filtered_matched_null,7.8500000000000005,7.9,0.04219209850666338
filtered_matched_null,7.9,7.95,0.04540248222087721
filtered_matched_null,7.95,8.0,0.04885085466540493
filtered_matched_null,8.0,8.05,0.052553852067560275
filtered_matched_null,8.05,8.100000000000001,0.05652911152231575
filtered_matched_null,8.1,8.15,0.06079530431336636
filtered_matched_null,8.15,8.200000000000001,0.06537216535630119
filtered_matched_null,8.2,8.25,0.07028051759385949
filtered_matched_null,8.25,8.3,0.07554228998367539
filtered_matched_null,8.3,8.350000000000001,0.08118052750820856
filtered_matched_null,8.35,8.4,0.08721939140403175
filtered_matched_null,8.4,8.450000000000001,0.0936841475531843
filtered_matched_null,8.45,8.5,0.10060114070348125
filtered_matched_null,8.5,8.55,0.10799775188904805
filtered_matched_null,8.55,8.600000000000001,0.11590233610964924
filtered_matched_null,8.6,8.65,0.12434413700204619
filtered_matched_null,8.65,8.700000000000001,0.13335317490499202
filtered_matched_null,8.700000000000001,8.750000000000002,0.14296010439045093
filtered_matched_null,8.75,8.8,0.15319603701923068
filtered_matched_null,8.8,8.850000000000001,0.16409232479498265
filtered_matched_null,8.85,8.9,0.17568029955659187
filtered_matched_null,8.9,8.950000000000001,0.1879909633904
filtered_matched_null,8.950000000000001,9.000000000000002,0.20105462509141156
filtered_matched_null,9.0,9.05,0.2149004777941693
filtered_matched_null,9.05,9.100000000000001,0.22955611317385272
filtered_matched_null,9.1,9.15,0.24504696813836851
filtered_matched_null,9.15,9.200000000000001,0.2613957007524166
filtered_matched_null,9.200000000000001,9.250000000000002,0.2786214933210505
filtered_matched_null,9.25,9.3,0.2967392821856566
filtered_matched_null,9.3,9.350000000000001,0.3157589159252743
filtered_matched_null,9.35,9.4,0.33568424638671995
filtered_matched_null,9.4,9.450000000000001,0.35651216035901834
filtered_matched_null,9.450000000000001,9.500000000000002,0.37823156381938455
filtered_matched_null,9.5,9.55,0.40082233554624974
filtered_matched_null,9.55,9.600000000000001,0.424254272521725
filtered_matched_null,9.6,9.65,0.44848605588446794
filtered_matched_null,9.65,9.700000000000001,0.47346427313012646
filtered_matched_null,9.700000000000001,9.750000000000002,0.4991225395886195
filtered_matched_null,9.75,9.8,0.5253807696254713
filtered_matched_null,9.8,9.850000000000001,0.5521446550783011
filtered_matched_null,9.85,9.9,0.5793054145625782
filtered_matched_null,9.9,9.950000000000001,0.6067398817186158
filtered_matched_null,9.950000000000001,10.000000000000002,0.6343110023246418
filtered_matched_null,10.0,10.05,0.6618688084345783
filtered_matched_null,10.05,10.100000000000001,0.6892519311913926
filtered_matched_null,10.1,10.15,0.7162897015877566
filtered_matched_null,10.15,10.200000000000001,0.7428048691779399
filtered_matched_null,10.200000000000001,10.250000000000002,0.7686169418468769
filtered_matched_null,10.25,10.3,0.7935461149551519
filtered_matched_null,10.3,10.350000000000001,0.8174177159622508
filtered_matched_null,10.35,10.4,0.8400670424120004
filtered_matched_null,10.4,10.450000000000001,0.8613444195604154
filtered_matched_null,10.450000000000001,10.500000000000002,0.881120252886475
filtered_matched_null,10.5,10.55,0.8992898055355558
filtered_matched_null,10.55,10.600000000000001,0.9157773978073224
filtered_matched_null,10.6,10.65,0.9305397121417103
filtered_matched_null,10.65,10.700000000000001,0.9435678995043986
filtered_matched_null,10.700000000000001,10.750000000000002,0.9548882271146285
filtered_matched_null,10.75,10.8,0.9645610858772339
filtered_matched_null,10.8,10.850000000000001,0.972678287352844
filtered_matched_null,10.85,10.9,0.9793587180438017
filtered_matched_null,10.9,10.950000000000001,0.9847425708296627
filtered_matched_null,10.950000000000001,11.000000000000002,0.9889845219135024
filtered_matched_null,11.0,11.05,0.9922463455124102
filtered_matched_null,11.05,11.100000000000001,0.9946895362836086
filtered_matched_null,11.1,11.15,0.9964685235208032
filtered_matched_null,11.15,11.200000000000001,0.9977250022160541
filtered_matched_null,11.200000000000001,11.250000000000002,0.9985837768616321
filtered_matched_null,11.25,11.3,0.999150330564488
filtered_matched_null,11.3,11.350000000000001,0.9995101227859137
filtered_matched_null,11.35,11.4,0.9997294188772587
filtered_matched_null,11.4,11.450000000000001,0.9998572980149979
filtered_matched_null,11.450000000000001,11.500000000000002,0.9999283986746487
filtered_matched_null,11.5,11.55,0.9999659525094711
filtered_matched_null,11.55,11.600000000000001,0.9999847206334342
filtered_matched_null,11.6,11.65,0.9999935579589994
filtered_matched_null,11.65,11.700000000000001,0.9999974606142018
filtered_matched_null,11.700000000000001,11.750000000000002,0.9999990690084671
filtered_matched_null,11.75,11.8,0.9999996843380824
filtered_matched_null,11.8,11.850000000000001,0.9999999016182303
filtered_matched_null,11.85,11.9,0.9999999719989874
filtered_matched_null,11.9,11.950000000000001,0.9999999927734955
filtered_matched_null,11.950000000000001,12.000000000000002,0.9999999983217068
heated_matched_null,0.0,0.05,3.3169635235905937e-07
heated_matched_null,0.05,0.1,3.575302364958749e-07
heated_matched_null,0.1,0.15000000000000002,3.8537617001537513e-07
heated_matched_null,0.15,0.2,4.153908595542588e-07
heated_matched_null,0.2,0.25,4.477432166931031e-07
heated_matched_null,0.25,0.3,4.826153085246919e-07
heated_matched_null,0.3,0.35,5.20203382256335e-07
heated_matched_null,0.35000000000000003,0.4,5.607189696117777e-07
heated_matched_null,0.4,0.45,6.043900772476688e-07
heated_matched_null,0.45,0.5,6.514624698842428e-07
heated_matched_null,0.5,0.55,7.022010533700292e-07
heated_matched_null,0.55,0.6000000000000001,7.568913654647206e-07
heated_matched_null,0.6,0.65,8.158411827290281e-07
heated_matched_null,0.65,0.7000000000000001,8.793822525640876e-07
heated_matched_null,0.7000000000000001,0.7500000000000001,9.47872160148192e-07
heated_matched_null,0.75,0.8,1.0216963407755349e-06
heated_matched_null,0.8,0.8500000000000001,1.1012702489225428e-06
heated_matched_null,0.85,0.9,1.1870416962472496e-06
heated_matched_null,0.9,0.9500000000000001,1.2794933716783444e-06
heated_matched_null,0.9500000000000001,1.0,1.3791455577765105e-06
heated_matched_null,1.0,1.05,1.4865590586518933e-06
heated_matched_null,1.05,1.1,1.6023383559159209e-06
heated_matched_null,1.1,1.1500000000000001,1.7271350104259086e-06
heated_matched_null,1.1500000000000001,1.2000000000000002,1.861651328964539e-06
heated_matched_null,1.2,1.25,2.0066443164892575e-06
heated_matched_null,1.25,1.3,2.1629299361887747e-06
heated_matched_null,1.3,1.35,2.3313877013212245e-06
heated_matched_null,1.35,1.4000000000000001,2.512965624671613e-06
heated_matched_null,1.4000000000000001,1.4500000000000002,2.7086855534788476e-06
heated_matched_null,1.45,1.5,2.919648919854792e-06
heated_matched_null,1.5,1.55,3.1470429390486177e-06
heated_matched_null,1.55,1.6,3.392147290437692e-06
heated_matched_null,1.6,1.6500000000000001,3.6563413188359904e-06
heated_matched_null,1.6500000000000001,1.7000000000000002,3.94111179663979e-06
heated_matched_null,1.7,1.75,4.248061290490076e-06
heated_matched_null,1.75,1.8,4.578917179522062e-06
heated_matched_null,1.8,1.85,4.935541375949884e-06
heated_matched_null,1.85,1.9000000000000001,5.3199408026763915e-06
heated_matched_null,1.9000000000000001,1.9500000000000002,5.734278686879027e-06
heated_matched_null,1.95,2.0,6.1808867331185715e-06
heated_matched_null,2.0,2.05,6.662278244450707e-06
heated_matched_null,2.05,2.0999999999999996,7.18116226537075e-06
heated_matched_null,2.1,2.15,7.740458826154527e-06
heated_matched_null,2.15,2.1999999999999997,8.343315374358028e-06
heated_matched_null,2.2,2.25,8.993124485924109e-06
heated_matched_null,2.25,2.3,9.693542955514808e-06
heated_matched_null,2.3000000000000003,2.35,1.0448512373481038e-05
heated_matched_null,2.35,2.4,1.1262281305208272e-05
heated_matched_null,2.4,2.4499999999999997,1.2139429197596958e-05
heated_matched_null,2.45,2.5,1.3084892147169381e-05
heated_matched_null,2.5,2.55,1.4103990674707347e-05
heated_matched_null,2.5500000000000003,2.6,1.5202459662671835e-05
heated_matched_null,2.6,2.65,1.638648062375922e-05
heated_matched_null,2.65,2.6999999999999997,1.7662716482067372e-05
heated_matched_null,2.7,2.75,1.9038349062498253e-05
heated_matched_null,2.75,2.8,2.0521119499165045e-05
heated_matched_null,2.8000000000000003,2.85,2.2119371790069908e-05
heated_matched_null,2.85,2.9,2.3842099742913842e-05
heated_matched_null,2.9,2.9499999999999997,2.569899757598636e-05
heated_matched_null,2.95,3.0,2.7700514458624294e-05
heated_matched_null,3.0,3.05,2.9857913297798058e-05
heated_matched_null,3.0500000000000003,3.1,3.218333410129719e-05
heated_matched_null,3.1,3.15,3.4689862273617186e-05
heated_matched_null,3.15,3.1999999999999997,3.739160222835723e-05
heated_matched_null,3.2,3.25,4.030375673080325e-05
heated_matched_null,3.25,3.3,4.344271241643538e-05
heated_matched_null,3.3000000000000003,3.35,4.682613196584237e-05
heated_matched_null,3.35,3.4,5.047305345376836e-05
heated_matched_null,3.4,3.4499999999999997,5.440399743025703e-05
heated_matched_null,3.45,3.5,5.8641082335236966e-05
heated_matched_null,3.5,3.55,6.320814889446763e-05
heated_matched_null,3.5500000000000003,3.6,6.81308941951984e-05
heated_matched_null,3.6,3.65,7.343701619396905e-05
heated_matched_null,3.65,3.6999999999999997,7.915636946739757e-05
heated_matched_null,3.7,3.75,8.532113307973829e-05
heated_matched_null,3.75,3.8,9.196599150859115e-05
heated_matched_null,3.8000000000000003,3.85,9.912832964328836e-05
heated_matched_null,3.85,3.9,0.00010684844294893147
heated_matched_null,3.9,3.9499999999999997,0.00011516976397373132
heated_matched_null,3.95,4.0,0.00012413910646856232
heated_matched_null,4.0,4.05,0.000133806928485569
heated_matched_null,4.05,4.1,0.0001442276159286712
heated_matched_null,4.1,4.1499999999999995,0.00015545978814234603
heated_matched_null,4.15,4.2,0.0001675666272478033
heated_matched_null,4.2,4.25,0.00018061623306743198
heated_matched_null,4.25,4.3,0.00019468200562050735
heated_matched_null,4.3,4.35,0.00020984305732585988
heated_matched_null,4.3500000000000005,4.4,0.00022618465721175533
heated_matched_null,4.4,4.45,0.00024379870961018665
heated_matched_null,4.45,4.5,0.00026278427000312176
heated_matched_null,4.5,4.55,0.00028324810089316513
heated_matched_null,4.55,4.6,0.00030530527079129517
heated_matched_null,4.6000000000000005,4.65,0.0003290797996513133
heated_matched_null,4.65,4.7,0.0003547053543353313
heated_matched_null,4.7,4.75,0.00038232599796839275
heated_matched_null,4.75,4.8,0.0004120969973346415
heated_matched_null,4.8,4.85,0.0004441856927835745
heated_matched_null,4.8500000000000005,4.9,0.0004787724354545966
heated_matched_null,4.9,4.95,0.0005160515969928473
heated_matched_null,4.95,5.0,0.0005562326573207106
heated_matched_null,5.0,5.05,0.000599541376449835
heated_matched_null,5.05,5.1,0.0006462210567691375
heated_matched_null,5.1000000000000005,5.15,0.0006965339027279185
heated_matched_null,5.15,5.2,0.0007507624853514692
heated_matched_null,5.2,5.25,0.0008092113195817231
heated_matched_null,5.25,5.3,0.0008722085630304972
heated_matched_null,5.3,5.35,0.0009401078453691169
heated_matched_null,5.3500000000000005,5.4,0.0010132902382595033
heated_matched_null,5.4,5.45,0.0010921663764595468
heated_matched_null,5.45,5.5,0.0011771787415131593
heated_matched_null,5.5,5.55,0.0012688041202657497
heated_matched_null,5.55,5.6,0.0013675562513309977
heated_matched_null,5.6000000000000005,5.65,0.0014739886735780675
heated_matched_null,5.65,5.7,0.0015886977917127865
heated_matched_null,5.7,5.75,0.0017123261750935366
heated_matched_null,5.75,5.8,0.0018455661070565837
heated_matched_null,5.8,5.85,0.001989163403227475
heated_matched_null,5.8500000000000005,5.9,0.002143921518568224
heated_matched_null,5.9,5.95,0.002310705964254937
heated_matched_null,5.95,6.0,0.0024904490569002745
heated_matched_null,6.0,6.05,0.002684155024128582
heated_matched_null,6.05,6.1,0.0028929054920810693
heated_matched_null,6.1000000000000005,6.15,0.0031178653820707874
heated_matched_null,6.15,6.2,0.003360289245323332
heated_matched_null,6.2,6.25,0.003621528066523163
heated_matched_null,6.25,6.3,0.0039030365687350377
heated_matched_null,6.3,6.35,0.004206381054176258
heated_matched_null,6.3500000000000005,6.4,0.0045332478172715185
heated_matched_null,6.4,6.45,0.004885452168413524
heated_matched_null,6.45,6.5,0.005264948108867532
heated_matched_null,6.5,6.55,0.005673838699272861
heated_matched_null,6.55,6.6,0.00611438716619109
heated_matched_null,6.6000000000000005,6.65,0.006589028793094364
heated_matched_null,6.65,6.7,0.007100383644045847
heated_matched_null,6.7,6.75,0.00765127017005425
heated_matched_null,6.75,6.8,0.008244719749631462
heated_matched_null,6.8,6.85,0.008883992216387549
heated_matched_null,6.8500000000000005,6.9,0.009572592427484322
heated_matched_null,6.9,6.95,0.010314287927350495
heated_matched_null,6.95,7.0,0.011113127761135327
heated_matched_null,7.0,7.05,0.01197346249181967
heated_matched_null,7.05,7.1,0.012899965473573452
heated_matched_null,7.1000000000000005,7.15,0.013897655431677982
heated_matched_null,7.15,7.2,0.014971920395926219
heated_matched_null,7.2,7.25,0.016128543029650673
heated_matched_null,7.25,7.3,0.017373727390144367
heated_matched_null,7.3,7.35,0.01871412714793417
heated_matched_null,7.3500000000000005,7.4,0.02015687528179633
heated_matched_null,7.4,7.45,0.021709615253170125
heated_matched_null,7.45,7.5,0.023380533647280675
heated_matched_null,7.5,7.55,0.02517839424830567
heated_matched_null,7.55,7.6,0.027112573491742672
heated_matched_null,7.6000000000000005,7.65,0.02919309720808336
heated_matched_null,7.65,7.7,0.03143067853725026
heated_matched_null,7.7,7.75,0.03383675685218588
heated_matched_null,7.75,7.8,0.03642353748156179
heated_matched_null,7.8,7.85,0.03920403196483452
heated_matched_null,7.8500000000000005,7.9,0.04219209850666338
heated_matched_null,7.9,7.95,0.04540248222087721
heated_matched_null,7.95,8.0,0.04885085466540493
heated_matched_null,8.0,8.05,0.052553852067560275
heated_matched_null,8.05,8.100000000000001,0.05652911152231575
heated_matched_null,8.1,8.15,0.06079530431336636
heated_matched_null,8.15,8.200000000000001,0.06537216535630119
heated_matched_null,8.2,8.25,0.07028051759385949
heated_matched_null,8.25,8.3,0.07554228998367539
heated_matched_null,8.3,8.350000000000001,0.08118052750820856
heated_matched_null,8.35,8.4,0.08721939140403175
heated_matched_null,8.4,8.450000000000001,0.0936841475531843
heated_matched_null,8.45,8.5,0.10060114070348125
heated_matched_null,8.5,8.55,0.10799775188904805
heated_matched_null,8.55,8.600000000000001,0.11590233610964924
heated_matched_null,8.6,8.65,0.12434413700204619
heated_matched_null,8.65,8.700000000000001,0.13335317490499202
heated_matched_null,8.700000000000001,8.750000000000002,0.14296010439045093
heated_matched_null,8.75,8.8,0.15319603701923068
heated_matched_null,8.8,8.850000000000001,0.16409232479498265
heated_matched_null,8.85,8.9,0.17568029955659187
heated_matched_null,8.9,8.950000000000001,0.1879909633904
heated_matched_null,8.950000000000001,9.000000000000002,0.20105462509141156
heated_matched_null,9.0,9.05,0.2149004777941693
heated_matched_null,9.05,9.100000000000001,0.22955611317385272
heated_matched_null,9.1,9.15,0.24504696813836851
heated_matched_null,9.15,9.200000000000001,0.2613957007524166
heated_matched_null,9.200000000000001,9.250000000000002,0.2786214933210505
heated_matched_null,9.25,9.3,0.2967392821856566
heated_matched_null,9.3,9.350000000000001,0.3157589159252743
heated_matched_null,9.35,9.4,0.33568424638671995
heated_matched_null,9.4,9.450000000000001,0.35651216035901834
heated_matched_null,9.450000000000001,9.500000000000002,0.37823156381938455
heated_matched_null,9.5,9.55,0.40082233554624974
heated_matched_null,9.55,9.600000000000001,0.424254272521725
heated_matched_null,9.6,9.65,0.44848605588446794
heated_matched_null,9.65,9.700000000000001,0.47346427313012646
heated_matched_null,9.700000000000001,9.750000000000002,0.4991225395886195
heated_matched_null,9.75,9.8,0.5253807696254713
heated_matched_null,9.8,9.850000000000001,0.5521446550783011
heated_matched_null,9.85,9.9,0.5793054145625782
heated_matched_null,9.9,9.950000000000001,0.6067398817186158
heated_matched_null,9.950000000000001,10.000000000000002,0.6343110023246418
heated_matched_null,10.0,10.05,0.6618688084345783
heated_matched_null,10.05,10.100000000000001,0.6892519311913926
heated_matched_null,10.1,10.15,0.7162897015877566
heated_matched_null,10.15,10.200000000000001,0.7428048691779399
heated_matched_null,10.200000000000001,10.250000000000002,0.7686169418468769
heated_matched_null,10.25,10.3,0.7935461149551519
heated_matched_null,10.3,10.350000000000001,0.8174177159622508
heated_matched_null,10.35,10.4,0.8400670424120004
heated_matched_null,10.4,10.450000000000001,0.8613444195604154
heated_matched_null,10.450000000000001,10.500000000000002,0.881120252886475
heated_matched_null,10.5,10.55,0.8992898055355558
heated_matched_null,10.55,10.600000000000001,0.9157773978073224
heated_matched_null,10.6,10.65,0.9305397121417103
heated_matched_null,10.65,10.700000000000001,0.9435678995043986
heated_matched_null,10.700000000000001,10.750000000000002,0.9548882271146285
heated_matched_null,10.75,10.8,0.9645610858772339
heated_matched_null,10.8,10.850000000000001,0.972678287352844
heated_matched_null,10.85,10.9,0.9793587180438017
heated_matched_null,10.9,10.950000000000001,0.9847425708296627
heated_matched_null,10.950000000000001,11.000000000000002,0.9889845219135024
heated_matched_null,11.0,11.05,0.9922463455124102
heated_matched_null,11.05,11.100000000000001,0.9946895362836086
heated_matched_null,11.1,11.15,0.9964685235208032
heated_matched_null,11.15,11.200000000000001,0.9977250022160541
heated_matched_null,11.200000000000001,11.250000000000002,0.9985837768616321
heated_matched_null,11.25,11.3,0.999150330564488
heated_matched_null,11.3,11.350000000000001,0.9995101227859137
heated_matched_null,11.35,11.4,0.9997294188772587
heated_matched_null,11.4,11.450000000000001,0.9998572980149979
heated_matched_null,11.450000000000001,11.500000000000002,0.9999283986746487
heated_matched_null,11.5,11.55,0.9999659525094711
heated_matched_null,11.55,11.600000000000001,0.9999847206334342
heated_matched_null,11.6,11.65,0.9999935579589994
heated_matched_null,11.65,11.700000000000001,0.9999974606142018
heated_matched_null,11.700000000000001,11.750000000000002,0.9999990690084671
heated_matched_null,11.75,11.8,0.9999996843380824
heated_matched_null,11.8,11.850000000000001,0.9999999016182303
heated_matched_null,11.85,11.9,0.9999999719989874
heated_matched_null,11.9,11.950000000000001,0.9999999927734955
heated_matched_null,11.950000000000001,12.000000000000002,0.9999999983217068
boiled_matched_null,0.0,0.05,3.3169635235905937e-07
boiled_matched_null,0.05,0.1,3.575302364958749e-07
boiled_matched_null,0.1,0.15000000000000002,3.8537617001537513e-07
boiled_matched_null,0.15,0.2,4.153908595542588e-07
boiled_matched_null,0.2,0.25,4.477432166931031e-07
boiled_matched_null,0.25,0.3,4.826153085246919e-07
boiled_matched_null,0.3,0.35,5.20203382256335e-07
boiled_matched_null,0.35000000000000003,0.4,5.607189696117777e-07
boiled_matched_null,0.4,0.45,6.043900772476688e-07
boiled_matched_null,0.45,0.5,6.514624698842428e-07
boiled_matched_null,0.5,0.55,7.022010533700292e-07
boiled_matched_null,0.55,0.6000000000000001,7.568913654647206e-07
boiled_matched_null,0.6,0.65,8.158411827290281e-07
boiled_matched_null,0.65,0.7000000000000001,8.793822525640876e-07
boiled_matched_null,0.7000000000000001,0.7500000000000001,9.47872160148192e-07
boiled_matched_null,0.75,0.8,1.0216963407755349e-06
boiled_matched_null,0.8,0.8500000000000001,1.1012702489225428e-06
boiled_matched_null,0.85,0.9,1.1870416962472496e-06
boiled_matched_null,0.9,0.9500000000000001,1.2794933716783444e-06
boiled_matched_null,0.9500000000000001,1.0,1.3791455577765105e-06
boiled_matched_null,1.0,1.05,1.4865590586518933e-06
boiled_matched_null,1.05,1.1,1.6023383559159209e-06
boiled_matched_null,1.1,1.1500000000000001,1.7271350104259086e-06
boiled_matched_null,1.1500000000000001,1.2000000000000002,1.861651328964539e-06
boiled_matched_null,1.2,1.25,2.0066443164892575e-06
boiled_matched_null,1.25,1.3,2.1629299361887747e-06
boiled_matched_null,1.3,1.35,2.3313877013212245e-06
boiled_matched_null,1.35,1.4000000000000001,2.512965624671613e-06
boiled_matched_null,1.4000000000000001,1.4500000000000002,2.7086855534788476e-06
boiled_matched_null,1.45,1.5,2.919648919854792e-06
boiled_matched_null,1.5,1.55,3.1470429390486177e-06
boiled_matched_null,1.55,1.6,3.392147290437692e-06
boiled_matched_null,1.6,1.6500000000000001,3.6563413188359904e-06
boiled_matched_null,1.6500000000000001,1.7000000000000002,3.94111179663979e-06
boiled_matched_null,1.7,1.75,4.248061290490076e-06
boiled_matched_null,1.75,1.8,4.578917179522062e-06
boiled_matched_null,1.8,1.85,4.935541375949884e-06
boiled_matched_null,1.85,1.9000000000000001,5.3199408026763915e-06
boiled_matched_null,1.9000000000000001,1.9500000000000002,5.734278686879027e-06
boiled_matched_null,1.95,2.0,6.1808867331185715e-06
boiled_matched_null,2.0,2.05,6.662278244450707e-06
boiled_matched_null,2.05,2.0999999999999996,7.18116226537075e-06
boiled_matched_null,2.1,2.15,7.740458826154527e-06
boiled_matched_null,2.15,2.1999999999999997,8.343315374358028e-06
boiled_matched_null,2.2,2.25,8.993124485924109e-06
boiled_matched_null,2.25,2.3,9.693542955514808e-06
boiled_matched_null,2.3000000000000003,2.35,1.0448512373481038e-05
boiled_matched_null,2.35,2.4,1.1262281305208272e-05
boiled_matched_null,2.4,2.4499999999999997,1.2139429197596958e-05
boiled_matched_null,2.45,2.5,1.3084892147169381e-05
boiled_matched_null,2.5,2.55,1.4103990674707347e-05
boiled_matched_null,2.5500000000000003,2.6,1.5202459662671835e-05
boiled_matched_null,2.6,2.65,1.638648062375922e-05
boiled_matched_null,2.65,2.6999999999999997,1.7662716482067372e-05
boiled_matched_null,2.7,2.75,1.9038349062498253e-05
boiled_matched_null,2.75,2.8,2.0521119499165045e-05
boiled_matched_null,2.8000000000000003,2.85,2.2119371790069908e-05
boiled_matched_null,2.85,2.9,2.3842099742913842e-05
boiled_matched_null,2.9,2.9499999999999997,2.569899757598636e-05
boiled_matched_null,2.95,3.0,2.7700514458624294e-05
boiled_matched_null,3.0,3.05,2.9857913297798058e-05
boiled_matched_null,3.0500000000000003,3.1,3.218333410129719e-05
boiled_matched_null,3.1,3.15,3.4689862273617186e-05
boiled_matched_null,3.15,3.1999999999999997,3.739160222835723e-05
boiled_matched_null,3.2,3.25,4.030375673080325e-05
boiled_matched_null,3.25,3.3,4.344271241643538e-05
boiled_matched_null,3.3000000000000003,3.35,4.682613196584237e-05
boiled_matched_null,3.35,3.4,5.047305345376836e-05
boiled_matched_null,3.4,3.4499999999999997,5.440399743025703e-05
boiled_matched_null,3.45,3.5,5.8641082335236966e-05
boiled_matched_null,3.5,3.55,6.320814889446763e-05
boiled_matched_null,3.5500000000000003,3.6,6.81308941951984e-05
boiled_matched_null,3.6,3.65,7.343701619396905e-05
boiled_matched_null,3.65,3.6999999999999997,7.915636946739757e-05
boiled_matched_null,3.7,3.75,8.532113307973829e-05
boiled_matched_null,3.75,3.8,9.196599150859115e-05
boiled_matched_null,3.8000000000000003,3.85,9.912832964328836e-05
boiled_matched_null,3.85,3.9,0.00010684844294893147
boiled_matched_null,3.9,3.9499999999999997,0.00011516976397373132
boiled_matched_null,3.95,4.0,0.00012413910646856232
boiled_matched_null,4.0,4.05,0.000133806928485569
boiled_matched_null,4.05,4.1,0.0001442276159286712
boiled_matched_null,4.1,4.1499999999999995,0.00015545978814234603
boiled_matched_null,4.15,4.2,0.0001675666272478033
boiled_matched_null,4.2,4.25,0.00018061623306743198
boiled_matched_null,4.25,4.3,0.00019468200562050735
boiled_matched_null,4.3,4.35,0.00020984305732585988
boiled_matched_null,4.3500000000000005,4.4,0.00022618465721175533
boiled_matched_null,4.4,4.45,0.00024379870961018665
boiled_matched_null,4.45,4.5,0.00026278427000312176
boiled_matched_null,4.5,4.55,0.00028324810089316513
boiled_matched_null,4.55,4.6,0.00030530527079129517
boiled_matched_null,4.6000000000000005,4.65,0.0003290797996513133
boiled_matched_null,4.65,4.7,0.0003547053543353313
boiled_matched_null,4.7,4.75,0.00038232599796839275
boiled_matched_null,4.75,4.8,0.0004120969973346415
boiled_matched_null,4.8,4.85,0.0004441856927835745
boiled_matched_null,4.8500000000000005,4.9,0.0004787724354545966
boiled_matched_null,4.9,4.95,0.0005160515969928473
boiled_matched_null,4.95,5.0,0.0005562326573207106
boiled_matched_null,5.0,5.05,0.000599541376449835
boiled_matched_null,5.05,5.1,0.0006462210567691375
boiled_matched_null,5.1000000000000005,5.15,0.0006965339027279185
boiled_matched_null,5.15,5.2,0.0007507624853514692
boiled_matched_null,5.2,5.25,0.0008092113195817231
boiled_matched_null,5.25,5.3,0.0008722085630304972
boiled_matched_null,5.3,5.35,0.0009401078453691169
boiled_matched_null,5.3500000000000005,5.4,0.0010132902382595033
boiled_matched_null,5.4,5.45,0.0010921663764595468
boiled_matched_null,5.45,5.5,0.0011771787415131593
boiled_matched_null,5.5,5.55,0.0012688041202657497
boiled_matched_null,5.55,5.6,0.0013675562513309977
boiled_matched_null,5.6000000000000005,5.65,0.0014739886735780675
boiled_matched_null,5.65,5.7,0.0015886977917127865
boiled_matched_null,5.7,5.75,0.0017123261750935366
boiled_matched_null,5.75,5.8,0.0018455661070565837
boiled_matched_null,5.8,5.85,0.001989163403227475
boiled_matched_null,5.8500000000000005,5.9,0.002143921518568224
boiled_matched_null,5.9,5.95,0.002310705964254937
boiled_matched_null,5.95,6.0,0.0024904490569002745
boiled_matched_null,6.0,6.05,0.002684155024128582
boiled_matched_null,6.05,6.1,0.0028929054920810693
boiled_matched_null,6.1000000000000005,6.15,0.0031178653820707874
boiled_matched_null,6.15,6.2,0.003360289245323332
boiled_matched_null,6.2,6.25,0.003621528066523163
boiled_matched_null,6.25,6.3,0.0039030365687350377
boiled_matched_null,6.3,6.35,0.004206381054176258
boiled_matched_null,6.3500000000000005,6.4,0.0045332478172715185
boiled_matched_null,6.4,6.45,0.004885452168413524
boiled_matched_null,6.45,6.5,0.005264948108867532
boiled_matched_null,6.5,6.55,0.005673838699272861
boiled_matched_null,6.55,6.6,0.00611438716619109
boiled_matched_null,6.6000000000000005,6.65,0.006589028793094364
boiled_matched_null,6.65,6.7,0.007100383644045847
boiled_matched_null,6.7,6.75,0.00765127017005425
boiled_matched_null,6.75,6.8,0.008244719749631462
boiled_matched_null,6.8,6.85,0.008883992216387549
boiled_matched_null,6.8500000000000005,6.9,0.009572592427484322
boiled_matched_null,6.9,6.95,0.010314287927350495
boiled_matched_null,6.95,7.0,0.011113127761135327
boiled_matched_null,7.0,7.05,0.01197346249181967
boiled_matched_null,7.05,7.1,0.012899965473573452
boiled_matched_null,7.1000000000000005,7.15,0.013897655431677982
boiled_matched_null,7.15,7.2,0.014971920395926219
boiled_matched_null,7.2,7.25,0.016128543029650673
boiled_matched_null,7.25,7.3,0.017373727390144367
boiled_matched_null,7.3,7.35,0.01871412714793417
boiled_matched_null,7.3500000000000005,7.4,0.02015687528179633
boiled_matched_null,7.4,7.45,0.021709615253170125
boiled_matched_null,7.45,7.5,0.023380533647280675
boiled_matched_null,7.5,7.55,0.02517839424830567
boiled_matched_null,7.55,7.6,0.027112573491742672
boiled_matched_null,7.6000000000000005,7.65,0.02919309720808336
boiled_matched_null,7.65,7.7,0.03143067853725026
boiled_matched_null,7.7,7.75,0.03383675685218588
boiled_matched_null,7.75,7.8,0.03642353748156179
boiled_matched_null,7.8,7.85,0.03920403196483452
boiled_matched_null,7.8500000000000005,7.9,0.04219209850666338
boiled_matched_null,7.9,7.95,0.04540248222087721
boiled_matched_null,7.95,8.0,0.04885085466540493
boiled_matched_null,8.0,8.05,0.052553852067560275
boiled_matched_null,8.05,8.100000000000001,0.05652911152231575
boiled_matched_null,8.1,8.15,0.06079530431336636
boiled_matched_null,8.15,8.200000000000001,0.06537216535630119
boiled_matched_null,8.2,8.25,0.07028051759385949
boiled_matched_null,8.25,8.3,0.07554228998367539
boiled_matched_null,8.3,8.350000000000001,0.08118052750820856
boiled_matched_null,8.35,8.4,0.08721939140403175
boiled_matched_null,8.4,8.450000000000001,0.0936841475531843
boiled_matched_null,8.45,8.5,0.10060114070348125
boiled_matched_null,8.5,8.55,0.10799775188904805
boiled_matched_null,8.55,8.600000000000001,0.11590233610964924
boiled_matched_null,8.6,8.65,0.12434413700204619
boiled_matched_null,8.65,8.700000000000001,0.13335317490499202
boiled_matched_null,8.700000000000001,8.750000000000002,0.14296010439045093
boiled_matched_null,8.75,8.8,0.15319603701923068
boiled_matched_null,8.8,8.850000000000001,0.16409232479498265
boiled_matched_null,8.85,8.9,0.17568029955659187
boiled_matched_null,8.9,8.950000000000001,0.1879909633904
boiled_matched_null,8.950000000000001,9.000000000000002,0.20105462509141156
boiled_matched_null,9.0,9.05,0.2149004777941693
boiled_matched_null,9.05,9.100000000000001,0.22955611317385272
boiled_matched_null,9.1,9.15,0.24504696813836851
boiled_matched_null,9.15,9.200000000000001,0.2613957007524166
boiled_matched_null,9.200000000000001,9.250000000000002,0.2786214933210505
boiled_matched_null,9.25,9.3,0.2967392821856566
boiled_matched_null,9.3,9.350000000000001,0.3157589159252743
boiled_matched_null,9.35,9.4,0.33568424638671995
boiled_matched_null,9.4,9.450000000000001,0.35651216035901834
boiled_matched_null,9.450000000000001,9.500000000000002,0.37823156381938455
boiled_matched_null,9.5,9.55,0.40082233554624974
boiled_matched_null,9.55,9.600000000000001,0.424254272521725
boiled_matched_null,9.6,9.65,0.44848605588446794
boiled_matched_null,9.65,9.700000000000001,0.47346427313012646
boiled_matched_null,9.700000000000001,9.750000000000002,0.4991225395886195
boiled_matched_null,9.75,9.8,0.5253807696254713
boiled_matched_null,9.8,9.850000000000001,0.5521446550783011
boiled_matched_null,9.85,9.9,0.5793054145625782
boiled_matched_null,9.9,9.950000000000001,0.6067398817186158
boiled_matched_null,9.950000000000001,10.000000000000002,0.6343110023246418
boiled_matched_null,10.0,10.05,0.6618688084345783
boiled_matched_null,10.05,10.100000000000001,0.6892519311913926
boiled_matched_null,10.1,10.15,0.7162897015877566
boiled_matched_null,10.15,10.200000000000001,0.7428048691779399
boiled_matched_null,10.200000000000001,10.250000000000002,0.7686169418468769
boiled_matched_null,10.25,10.3,0.7935461149551519
boiled_matched_null,10.3,10.350000000000001,0.8174177159622508
boiled_matched_null,10.35,10.4,0.8400670424120004
boiled_matched_null,10.4,10.450000000000001,0.8613444195604154
boiled_matched_null,10.450000000000001,10.500000000000002,0.881120252886475
boiled_matched_null,10.5,10.55,0.8992898055355558
boiled_matched_null,10.55,10.600000000000001,0.9157773978073224
boiled_matched_null,10.6,10.65,0.9305397121417103
boiled_matched_null,10.65,10.700000000000001,0.9435678995043986
boiled_matched_null,10.700000000000001,10.750000000000002,0.9548882271146285
boiled_matched_null,10.75,10.8,0.9645610858772339
boiled_matched_null,10.8,10.850000000000001,0.972678287352844
boiled_matched_null,10.85,10.9,0.9793587180438017
boiled_matched_null,10.9,10.950000000000001,0.9847425708296627
boiled_matched_null,10.950000000000001,11.000000000000002,0.9889845219135024
boiled_matched_null,11.0,11.05,0.9922463455124102
boiled_matched_null,11.05,11.100000000000001,0.9946895362836086
boiled_matched_null,11.1,11.15,0.9964685235208032
boiled_matched_null,11.15,11.200000000000001,0.9977250022160541
boiled_matched_null,11.200000000000001,11.250000000000002,0.9985837768616321
boiled_matched_null,11.25,11.3,0.999150330564488
boiled_matched_null,11.3,11.350000000000001,0.9995101227859137
boiled_matched_null,11.35,11.4,0.9997294188772587
boiled_matched_null,11.4,11.450000000000001,0.9998572980149979
boiled_matched_null,11.450000000000001,11.500000000000002,0.9999283986746487
boiled_matched_null,11.5,11.55,0.9999659525094711
boiled_matched_null,11.55,11.600000000000001,0.9999847206334342
boiled_matched_null,11.6,11.65,0.9999935579589994
boiled_matched_null,11.65,11.700000000000001,0.9999974606142018
boiled_matched_null,11.700000000000001,11.750000000000002,0.9999990690084671
boiled_matched_null,11.75,11.8,0.9999996843380824
boiled_matched_null,11.8,11.850000000000001,0.9999999016182303
boiled_matched_null,11.85,11.9,0.9999999719989874
boiled_matched_null,11.9,11.950000000000001,0.9999999927734955
boiled_matched_null,11.950000000000001,12.000000000000002,0.9999999983217068
untreated_matched_null,0.0,0.05,3.3169635235905937e-07
untreated_matched_null,0.05,0.1,3.575302364958749e-07
untreated_matched_null,0.1,0.15000000000000002,3.8537617001537513e-07
untreated_matched_null,0.15,0.2,4.153908595542588e-07
untreated_matched_null,0.2,0.25,4.477432166931031e-07
untreated_matched_null,0.25,0.3,4.826153085246919e-07
untreated_matched_null,0.3,0.35,5.20203382256335e-07
untreated_matched_null,0.35000000000000003,0.4,5.607189696117777e-07
untreated_matched_null,0.4,0.45,6.043900772476688e-07
untreated_matched_null,0.45,0.5,6.514624698842428e-07
untreated_matched_null,0.5,0.55,7.022010533700292e-07
untreated_matched_null,0.55,0.6000000000000001,7.568913654647206e-07
untreated_matched_null,0.6,0.65,8.158411827290281e-07
untreated_matched_null,0.65,0.7000000000000001,8.793822525640876e-07
untreated_matched_null,0.7000000000000001,0.7500000000000001,9.47872160148192e-07
untreated_matched_null,0.75,0.8,1.0216963407755349e-06
untreated_matched_null,0.8,0.8500000000000001,1.1012702489225428e-06
untreated_matched_null,0.85,0.9,1.1870416962472496e-06
untreated_matched_null,0.9,0.9500000000000001,1.2794933716783444e-06
untreated_matched_null,0.9500000000000001,1.0,1.3791455577765105e-06
untreated_matched_null,1.0,1.05,1.4865590586518933e-06
untreated_matched_null,1.05,1.1,1.6023383559159209e-06
untreated_matched_null,1.1,1.1500000000000001,1.7271350104259086e-06
untreated_matched_null,1.1500000000000001,1.2000000000000002,1.861651328964539e-06
untreated_matched_null,1.2,1.25,2.0066443164892575e-06
untreated_matched_null,1.25,1.3,2.1629299361887747e-06
untreated_matched_null,1.3,1.35,2.3313877013212245e-06
untreated_matched_null,1.35,1.4000000000000001,2.512965624671613e-06
untreated_matched_null,1.4000000000000001,1.4500000000000002,2.7086855534788476e-06
untreated_matched_null,1.45,1.5,2.919648919854792e-06
untreated_matched_null,1.5,1.55,3.1470429390486177e-06
untreated_matched_null,1.55,1.6,3.392147290437692e-06
untreated_matched_null,1.6,1.6500000000000001,3.6563413188359904e-06
untreated_matched_null,1.6500000000000001,1.7000000000000002,3.94111179663979e-06
untreated_matched_null,1.7,1.75,4.248061290490076e-06
untreated_matched_null,1.75,1.8,4.578917179522062e-06
untreated_matched_null,1.8,1.85,4.935541375949884e-06
untreated_matched_null,1.85,1.9000000000000001,5.3199408026763915e-06
untreated_matched_null,1.9000000000000001,1.9500000000000002,5.734278686879027e-06
untreated_matched_null,1.95,2.0,6.1808867331185715e-06
untreated_matched_null,2.0,2.05,6.662278244450707e-06
untreated_matched_null,2.05,2.0999999999999996,7.18116226537075e-06
untreated_matched_null,2.1,2.15,7.740458826154527e-06
untreated_matched_null,2.15,2.1999999999999997,8.343315374358028e-06
untreated_matched_null,2.2,2.25,8.993124485924109e-06
untreated_matched_null,2.25,2.3,9.693542955514808e-06
untreated_matched_null,2.3000000000000003,2.35,1.0448512373481038e-05
untreated_matched_null,2.35,2.4,1.1262281305208272e-05
untreated_matched_null,2.4,2.4499999999999997,1.2139429197596958e-05
untreated_matched_null,2.45,2.5,1.3084892147169381e-05
untreated_matched_null,2.5,2.55,1.4103990674707347e-05
untreated_matched_null,2.5500000000000003,2.6,1.5202459662671835e-05
untreated_matched_null,2.6,2.65,1.638648062375922e-05
untreated_matched_null,2.65,2.6999999999999997,1.7662716482067372e-05
untreated_matched_null,2.7,2.75,1.9038349062498253e-05
untreated_matched_null,2.75,2.8,2.0521119499165045e-05
untreated_matched_null,2.8000000000000003,2.85,2.2119371790069908e-05
untreated_matched_null,2.85,2.9,2.3842099742913842e-05
untreated_matched_null,2.9,2.9499999999999997,2.569899757598636e-05
untreated_matched_null,2.95,3.0,2.7700514458624294e-05
untreated_matched_null,3.0,3.05,2.9857913297798058e-05
untreated_matched_null,3.0500000000000003,3.1,3.218333410129719e-05
untreated_matched_null,3.1,3.15,3.4689862273617186e-05
untreated_matched_null,3.15,3.1999999999999997,3.739160222835723e-05
untreated_matched_null,3.2,3.25,4.030375673080325e-05
untreated_matched_null,3.25,3.3,4.344271241643538e-05
untreated_matched_null,3.3000000000000003,3.35,4.682613196584237e-05
untreated_matched_null,3.35,3.4,5.047305345376836e-05
untreated_matched_null,3.4,3.4499999999999997,5.440399743025703e-05
untreated_matched_null,3.45,3.5,5.8641082335236966e-05
untreated_matched_null,3.5,3.55,6.320814889446763e-05
untreated_matched_null,3.5500000000000003,3.6,6.81308941951984e-05
untreated_matched_null,3.6,3.65,7.343701619396905e-05
untreated_matched_null,3.65,3.6999999999999997,7.915636946739757e-05
untreated_matched_null,3.7,3.75,8.532113307973829e-05
untreated_matched_null,3.75,3.8,9.196599150859115e-05
untreated_matched_null,3.8000000000000003,3.85,9.912832964328836e-05
untreated_matched_null,3.85,3.9,0.00010684844294893147
untreated_matched_null,3.9,3.9499999999999997,0.00011516976397373132
untreated_matched_null,3.95,4.0,0.00012413910646856232
untreated_matched_null,4.0,4.05,0.000133806928485569
untreated_matched_null,4.05,4.1,0.0001442276159286712
untreated_matched_null,4.1,4.1499999999999995,0.00015545978814234603
untreated_matched_null,4.15,4.2,0.0001675666272478033
untreated_matched_null,4.2,4.25,0.00018061623306743198
untreated_matched_null,4.25,4.3,0.00019468200562050735
untreated_matched_null,4.3,4.35,0.00020984305732585988
untreated_matched_null,4.3500000000000005,4.4,0.00022618465721175533
untreated_matched_null,4.4,4.45,0.00024379870961018665
untreated_matched_null,4.45,4.5,0.00026278427000312176
untreated_matched_null,4.5,4.55,0.00028324810089316513
untreated_matched_null,4.55,4.6,0.00030530527079129517
untreated_matched_null,4.6000000000000005,4.65,0.0003290797996513133
untreated_matched_null,4.65,4.7,0.0003547053543353313
untreated_matched_null,4.7,4.75,0.00038232599796839275
untreated_matched_null,4.75,4.8,0.0004120969973346415
untreated_matched_null,4.8,4.85,0.0004441856927835745
untreated_matched_null,4.8500000000000005,4.9,0.0004787724354545966
untreated_matched_null,4.9,4.95,0.0005160515969928473
untreated_matched_null,4.95,5.0,0.0005562326573207106
untreated_matched_null,5.0,5.05,0.000599541376449835
untreated_matched_null,5.05,5.1,0.0006462210567691375
untreated_matched_null,5.1000000000000005,5.15,0.0006965339027279185
untreated_matched_null,5.15,5.2,0.0007507624853514692
untreated_matched_null,5.2,5.25,0.0008092113195817231
untreated_matched_null,5.25,5.3,0.0008722085630304972
untreated_matched_null,5.3,5.35,0.0009401078453691169
untreated_matched_null,5.3500000000000005,5.4,0.0010132902382595033
untreated_matched_null,5.4,5.45,0.0010921663764595468
untreated_matched_null,5.45,5.5,0.0011771787415131593
untreated_matched_null,5.5,5.55,0.0012688041202657497
untreated_matched_null,5.55,5.6,0.0013675562513309977
untreated_matched_null,5.6000000000000005,5.65,0.0014739886735780675
untreated_matched_null,5.65,5.7,0.0015886977917127865
untreated_matched_null,5.7,5.75,0.0017123261750935366
untreated_matched_null,5.75,5.8,0.0018455661070565837
untreated_matched_null,5.8,5.85,0.001989163403227475
untreated_matched_null,5.8500000000000005,5.9,0.002143921518568224
untreated_matched_null,5.9,5.95,0.002310705964254937
untreated_matched_null,5.95,6.0,0.0024904490569002745
untreated_matched_null,6.0,6.05,0.002684155024128582
untreated_matched_null,6.05,6.1,0.0028929054920810693
untreated_matched_null,6.1000000000000005,6.15,0.0031178653820707874
untreated_matched_null,6.15,6.2,0.003360289245323332
untreated_matched_null,6.2,6.25,0.003621528066523163
untreated_matched_null,6.25,6.3,0.0039030365687350377
untreated_matched_null,6.3,6.35,0.004206381054176258
untreated_matched_null,6.3500000000000005,6.4,0.0045332478172715185
untreated_matched_null,6.4,6.45,0.004885452168413524
untreated_matched_null,6.45,6.5,0.005264948108867532
untreated_matched_null,6.5,6.55,0.005673838699272861
untreated_matched_null,6.55,6.6,0.00611438716619109
untreated_matched_null,6.6000000000000005,6.65,0.006589028793094364
untreated_matched_null,6.65,6.7,0.007100383644045847
untreated_matched_null,6.7,6.75,0.00765127017005425
untreated_matched_null,6.75,6.8,0.008244719749631462
untreated_matched_null,6.8,6.85,0.008883992216387549
untreated_matched_null,6.8500000000000005,6.9,0.009572592427484322
untreated_matched_null,6.9,6.95,0.010314287927350495
untreated_matched_null,6.95,7.0,0.011113127761135327
untreated_matched_null,7.0,7.05,0.01197346249181967
untreated_matched_null,7.05,7.1,0.012899965473573452
untreated_matched_null,7.1000000000000005,7.15,0.013897655431677982
untreated_matched_null,7.15,7.2,0.014971920395926219
untreated_matched_null,7.2,7.25,0.016128543029650673
untreated_matched_null,7.25,7.3,0.017373727390144367
untreated_matched_null,7.3,7.35,0.01871412714793417
untreated_matched_null,7.3500000000000005,7.4,0.02015687528179633
untreated_matched_null,7.4,7.45,0.021709615253170125
untreated_matched_null,7.45,7.5,0.023380533647280675
untreated_matched_null,7.5,7.55,0.02517839424830567
untreated_matched_null,7.55,7.6,0.027112573491742672
untreated_matched_null,7.6000000000000005,7.65,0.02919309720808336
untreated_matched_null,7.65,7.7,0.03143067853725026
untreated_matched_null,7.7,7.75,0.03383675685218588
untreated_matched_null,7.75,7.8,0.03642353748156179
untreated_matched_null,7.8,7.85,0.03920403196483452
untreated_matched_null,7.8500000000000005,7.9,0.04219209850666338
untreated_matched_null,7.9,7.95,0.04540248222087721
untreated_matched_null,7.95,8.0,0.04885085466540493
untreated_matched_null,8.0,8.05,0.052553852067560275
untreated_matched_null,8.05,8.100000000000001,0.05652911152231575
untreated_matched_null,8.1,8.15,0.06079530431336636
untreated_matched_null,8.15,8.200000000000001,0.06537216535630119
untreated_matched_null,8.2,8.25,0.07028051759385949
untreated_matched_null,8.25,8.3,0.07554228998367539
untreated_matched_null,8.3,8.350000000000001,0.08118052750820856
untreated_matched_null,8.35,8.4,0.08721939140403175
untreated_matched_null,8.4,8.450000000000001,0.0936841475531843
untreated_matched_null,8.45,8.5,0.10060114070348125
untreated_matched_null,8.5,8.55,0.10799775188904805
untreated_matched_null,8.55,8.600000000000001,0.11590233610964924
untreated_matched_null,8.6,8.65,0.12434413700204619
untreated_matched_null,8.65,8.700000000000001,0.13335317490499202
untreated_matched_null,8.700000000000001,8.750000000000002,0.14296010439045093
untreated_matched_null,8.75,8.8,0.15319603701923068
untreated_matched_null,8.8,8.850000000000001,0.16409232479498265
untreated_matched_null,8.85,8.9,0.17568029955659187
untreated_matched_null,8.9,8.950000000000001,0.1879909633904
untreated_matched_null,8.950000000000001,9.000000000000002,0.20105462509141156
untreated_matched_null,9.0,9.05,0.2149004777941693
untreated_matched_null,9.05,9.100000000000001,0.22955611317385272
untreated_matched_null,9.1,9.15,0.24504696813836851
untreated_matched_null,9.15,9.200000000000001,0.2613957007524166
untreated_matched_null,9.200000000000001,9.250000000000002,0.2786214933210505
untreated_matched_null,9.25,9.3,0.2967392821856566
untreated_matched_null,9.3,9.350000000000001,0.3157589159252743
untreated_matched_null,9.35,9.4,0.33568424638671995
untreated_matched_null,9.4,9.450000000000001,0.35651216035901834
untreated_matched_null,9.450000000000001,9.500000000000002,0.37823156381938455
untreated_matched_null,9.5,9.55,0.40082233554624974
untreated_matched_null,9.55,9.600000000000001,0.424254272521725
untreated_matched_null,9.6,9.65,0.44848605588446794
untreated_matched_null,9.65,9.700000000000001,0.47346427313012646
untreated_matched_null,9.700000000000001,9.750000000000002,0.4991225395886195
untreated_matched_null,9.75,9.8,0.5253807696254713
untreated_matched_null,9.8,9.850000000000001,0.5521446550783011
untreated_matched_null,9.85,9.9,0.5793054145625782
untreated_matched_null,9.9,9.950000000000001,0.6067398817186158
untreated_matched_null,9.950000000000001,10.000000000000002,0.6343110023246418
untreated_matched_null,10.0,10.05,0.6618688084345783
untreated_matched_null,10.05,10.100000000000001,0.6892519311913926
untreated_matched_null,10.1,10.15,0.7162897015877566
untreated_matched_null,10.15,10.200000000000001,0.7428048691779399
untreated_matched_null,10.200000000000001,10.250000000000002,0.7686169418468769
untreated_matched_null,10.25,10.3,0.7935461149551519
untreated_matched_null,10.3,10.350000000000001,0.8174177159622508
untreated_matched_null,10.35,10.4,0.8400670424120004
untreated_matched_null,10.4,10.450000000000001,0.8613444195604154
untreated_matched_null,10.450000000000001,10.500000000000002,0.881120252886475
untreated_matched_null,10.5,10.55,0.8992898055355558
untreated_matched_null,10.55,10.600000000000001,0.9157773978073224
untreated_matched_null,10.6,10.65,0.9305397121417103
untreated_matched_null,10.65,10.700000000000001,0.9435678995043986
untreated_matched_null,10.700000000000001,10.750000000000002,0.9548882271146285
untreated_matched_null,10.75,10.8,0.9645610858772339
untreated_matched_null,10.8,10.850000000000001,0.972678287352844
untreated_matched_null,10.85,10.9,0.9793587180438017
untreated_matched_null,10.9,10.950000000000001,0.9847425708296627
untreated_matched_null,10.950000000000001,11.000000000000002,0.9889845219135024
untreated_matched_null,11.0,11.05,0.9922463455124102
untreated_matched_null,11.05,11.100000000000001,0.9946895362836086
untreated_matched_null,11.1,11.15,0.9964685235208032
untreated_matched_null,11.15,11.200000000000001,0.9977250022160541
untreated_matched_null,11.200000000000001,11.250000000000002,0.9985837768616321
untreated_matched_null,11.25,11.3,0.999150330564488
untreated_matched_null,11.3,11.350000000000001,0.9995101227859137
untreated_matched_null,11.35,11.4,0.9997294188772587
untreated_matched_null,11.4,11.450000000000001,0.9998572980149979
untreated_matched_null,11.450000000000001,11.500000000000002,0.9999283986746487
untreated_matched_null,11.5,11.55,0.9999659525094711
untreated_matched_null,11.55,11.600000000000001,0.9999847206334342
untreated_matched_null,11.6,11.65,0.9999935579589994
untreated_matched_null,11.65,11.700000000000001,0.9999974606142018
untreated_matched_null,11.700000000000001,11.750000000000002,0.9999990690084671
untreated_matched_null,11.75,11.8,0.9999996843380824
untreated_matched_null,11.8,11.850000000000001,0.9999999016182303
untreated_matched_null,11.85,11.9,0.9999999719989874
untreated_matched_null,11.9,11.950000000000001,0.9999999927734955
untreated_matched_null,11.950000000000001,12.000000000000002,0.9999999983217068
bio_added_assumed,0.0,0.05,3.3169809860899596e-07
bio_added_assumed,0.05,0.1,3.5753293438744897e-07
bio_added_assumed,0.1,0.15000000000000002,3.85380338158078e-07
bio_added_assumed,0.15,0.2,4.1539729918056617e-07
bio_added_assumed,0.2,0.25,4.4775316567753934e-07
bio_added_assumed,0.25,0.3,4.826306793375836e-07
bio_added_assumed,0.3,0.35,5.202271295935461e-07
bio_added_assumed,0.35000000000000003,0.4,5.607556583690312e-07
bio_added_assumed,0.4,0.45,6.044467600198277e-07
bio_added_assumed,0.45,0.5,6.515500426691838e-07
bio_added_assumed,0.5,0.55,7.023363500808642e-07
bio_added_assumed,0.55,0.6000000000000001,7.571003938735193e-07
bio_added_assumed,0.6,0.65,8.161641238798381e-07
bio_added_assumed,0.65,0.7000000000000001,8.798811846805571e-07
bio_added_assumed,0.7000000000000001,0.7500000000000001,9.486429917841632e-07
bio_added_assumed,0.75,0.8,1.0228872470896118e-06
bio_added_assumed,0.8,0.8500000000000001,1.1031101550374585e-06
bio_added_assumed,0.85,0.9,1.1898842829814962e-06
bio_added_assumed,0.9,0.9500000000000001,1.2838850627651983e-06
bio_added_assumed,0.9500000000000001,1.0,1.3859305575877656e-06
bio_added_assumed,1.0,1.05,1.4970416315699235e-06
bio_added_assumed,1.05,1.1,1.6185335419157134e-06
bio_added_assumed,1.1,1.1500000000000001,1.7521559712954787e-06
bio_added_assumed,1.1500000000000001,1.2000000000000002,1.9003077837440052e-06
bio_added_assumed,1.2,1.25,2.0663671018250853e-06
bio_added_assumed,1.25,1.3,2.2551994173883467e-06
bio_added_assumed,1.3,1.35,2.4739406136449364e-06
bio_added_assumed,1.35,1.4000000000000001,2.733204559612268e-06
bio_added_assumed,1.4000000000000001,1.4500000000000002,3.0489464850894603e-06
bio_added_assumed,1.45,1.5,3.445339329956369e-06
bio_added_assumed,1.5,1.55,3.959214902080254e-06
bio_added_assumed,1.55,1.6,4.646922385600574e-06
bio_added_assumed,1.6,1.6500000000000001,5.594921313182507e-06
bio_added_assumed,1.6500000000000001,1.7000000000000002,6.936143839762136e-06
bio_added_assumed,1.7,1.75,8.875269960920457e-06
bio_added_assumed,1.75,1.8,1.1727772262602684e-05
bio_added_assumed,1.8,1.85,1.5980232939814132e-05
bio_added_assumed,1.85,1.9000000000000001,2.238352335416244e-05
bio_added_assumed,1.9000000000000001,1.9500000000000002,3.209674988506666e-05
bio_added_assumed,1.95,2.0,4.6909620115855144e-05
bio_added_assumed,2.0,2.05,6.958593813489521e-05
bio_added_assumed,2.05,2.0999999999999996,0.00010439417506190507
bio_added_assumed,2.1,2.15,0.00015792691000048492
bio_added_assumed,2.15,2.1999999999999997,0.00024036619875154554
bio_added_assumed,2.2,2.25,0.0003674370112569904
bio_added_assumed,2.25,2.3,0.0005634216278744234
bio_added_assumed,2.3000000000000003,2.35,0.0008658082135812963
bio_added_assumed,2.35,2.4,0.001332452302005663
bio_added_assumed,2.4,2.4499999999999997,0.0020525924315575516
bio_added_assumed,2.45,2.5,0.0031637531581742836
bio_added_assumed,2.5,2.55,0.004877584176171402
bio_added_assumed,2.5500000000000003,2.6,0.007519126461439618
bio_added_assumed,2.6,2.65,0.011585926179648367
bio_added_assumed,2.65,2.6999999999999997,0.01783570204550471
bio_added_assumed,2.7,2.75,0.02741319540833332
bio_added_assumed,2.75,2.8,0.04202617194545799
bio_added_assumed,2.8000000000000003,2.85,0.06417157591614296
bio_added_assumed,2.85,2.9,0.09738254159285403
bio_added_assumed,2.9,2.9499999999999997,0.14638951281271706
bio_added_assumed,2.95,3.0,0.21692374728181818
bio_added_assumed,3.0,3.05,0.3146115123195951
bio_added_assumed,3.0500000000000003,3.1,0.44212810613122977
bio_added_assumed,3.1,3.15,0.5941069022877388
bio_added_assumed,3.15,3.1999999999999997,0.751676668103712
bio_added_assumed,3.2,3.25,0.8837663133986828
bio_added_assumed,3.25,3.3,0.9640266682470545
bio_added_assumed,3.3000000000000003,3.35,0.9941243992140549
bio_added_assumed,3.35,3.4,0.999642498650574
bio_added_assumed,3.4,3.4499999999999997,0.9999952690148132
bio_added_assumed,3.45,3.5,0.9999999940706382
bio_added_assumed,3.5,3.55,0.9999999999998052
bio_added_assumed,3.5500000000000003,3.6,1.0
bio_added_assumed,3.6,3.65,1.0
bio_added_assumed,3.65,3.6999999999999997,1.0
bio_added_assumed,3.7,3.75,1.0
bio_added_assumed,3.75,3.8,1.0
bio_added_assumed,3.8000000000000003,3.85,1.0
bio_added_assumed,3.85,3.9,1.0
bio_added_assumed,3.9,3.9499999999999997,1.0
bio_added_assumed,3.95,4.0,1.0
bio_added_assumed,4.0,4.05,1.0
bio_added_assumed,4.05,4.1,1.0
bio_added_assumed,4.1,4.1499999999999995,1.0
bio_added_assumed,4.15,4.2,1.0
bio_added_assumed,4.2,4.25,1.0
bio_added_assumed,4.25,4.3,1.0
bio_added_assumed,4.3,4.35,1.0
bio_added_assumed,4.3500000000000005,4.4,1.0
bio_added_assumed,4.4,4.45,1.0
bio_added_assumed,4.45,4.5,1.0
bio_added_assumed,4.5,4.55,1.0
bio_added_assumed,4.55,4.6,1.0
bio_added_assumed,4.6000000000000005,4.65,1.0
bio_added_assumed,4.65,4.7,1.0
bio_added_assumed,4.7,4.75,1.0
bio_added_assumed,4.75,4.8,1.0
bio_added_assumed,4.8,4.85,1.0
bio_added_assumed,4.8500000000000005,4.9,1.0
bio_added_assumed,4.9,4.95,1.0
bio_added_assumed,4.95,5.0,1.0
bio_added_assumed,5.0,5.05,1.0
bio_added_assumed,5.05,5.1,1.0
bio_added_assumed,5.1000000000000005,5.15,1.0
bio_added_assumed,5.15,5.2,1.0
bio_added_assumed,5.2,5.25,1.0
bio_added_assumed,5.25,5.3,1.0
bio_added_assumed,5.3,5.35,1.0
bio_added_assumed,5.3500000000000005,5.4,1.0
bio_added_assumed,5.4,5.45,1.0
bio_added_assumed,5.45,5.5,1.0
bio_added_assumed,5.5,5.55,1.0
bio_added_assumed,5.55,5.6,1.0
bio_added_assumed,5.6000000000000005,5.65,1.0
bio_added_assumed,5.65,5.7,1.0
bio_added_assumed,5.7,5.75,1.0
bio_added_assumed,5.75,5.8,1.0
bio_added_assumed,5.8,5.85,1.0
bio_added_assumed,5.8500000000000005,5.9,1.0
bio_added_assumed,5.9,5.95,1.0
bio_added_assumed,5.95,6.0,1.0
bio_added_assumed,6.0,6.05,1.0
bio_added_assumed,6.05,6.1,1.0
bio_added_assumed,6.1000000000000005,6.15,1.0
bio_added_assumed,6.15,6.2,1.0
bio_added_assumed,6.2,6.25,1.0
bio_added_assumed,6.25,6.3,1.0
bio_added_assumed,6.3,6.35,1.0
bio_added_assumed,6.3500000000000005,6.4,1.0
bio_added_assumed,6.4,6.45,1.0
bio_added_assumed,6.45,6.5,1.0
bio_added_assumed,6.5,6.55,1.0
bio_added_assumed,6.55,6.6,1.0
bio_added_assumed,6.6000000000000005,6.65,1.0
bio_added_assumed,6.65,6.7,1.0
bio_added_assumed,6.7,6.75,1.0
bio_added_assumed,6.75,6.8,1.0
bio_added_assumed,6.8,6.85,1.0
bio_added_assumed,6.8500000000000005,6.9,1.0
bio_added_assumed,6.9,6.95,1.0
bio_added_assumed,6.95,7.0,1.0
bio_added_assumed,7.0,7.05,1.0
bio_added_assumed,7.05,7.1,1.0
bio_added_assumed,7.1000000000000005,7.15,1.0
bio_added_assumed,7.15,7.2,1.0
bio_added_assumed,7.2,7.25,1.0
bio_added_assumed,7.25,7.3,1.0
bio_added_assumed,7.3,7.35,1.0
bio_added_assumed,7.3500000000000005,7.4,1.0
bio_added_assumed,7.4,7.45,1.0
bio_added_assumed,7.45,7.5,1.0
bio_added_assumed,7.5,7.55,1.0
bio_added_assumed,7.55,7.6,1.0
bio_added_assumed,7.6000000000000005,7.65,1.0
bio_added_assumed,7.65,7.7,1.0
bio_added_assumed,7.7,7.75,1.0
bio_added_assumed,7.75,7.8,1.0
bio_added_assumed,7.8,7.85,1.0
bio_added_assumed,7.8500000000000005,7.9,1.0
bio_added_assumed,7.9,7.95,1.0
bio_added_assumed,7.95,8.0,1.0
bio_added_assumed,8.0,8.05,1.0
bio_added_assumed,8.05,8.100000000000001,1.0
bio_added_assumed,8.1,8.15,1.0
bio_added_assumed,8.15,8.200000000000001,1.0
bio_added_assumed,8.2,8.25,1.0
bio_added_assumed,8.25,8.3,1.0
bio_added_assumed,8.3,8.350000000000001,1.0
bio_added_assumed,8.35,8.4,1.0
bio_added_assumed,8.4,8.450000000000001,1.0
bio_added_assumed,8.45,8.5,1.0
bio_added_assumed,8.5,8.55,1.0
bio_added_assumed,8.55,8.600000000000001,1.0
bio_added_assumed,8.6,8.65,1.0
bio_added_assumed,8.65,8.700000000000001,1.0
bio_added_assumed,8.700000000000001,8.750000000000002,1.0
bio_added_assumed,8.75,8.8,1.0
bio_added_assumed,8.8,8.850000000000001,1.0
bio_added_assumed,8.85,8.9,1.0
bio_added_assumed,8.9,8.950000000000001,1.0
bio_added_assumed,8.950000000000001,9.000000000000002,1.0
bio_added_assumed,9.0,9.05,1.0
bio_added_assumed,9.05,9.100000000000001,1.0
bio_added_assumed,9.1,9.15,1.0
bio_added_assumed,9.15,9.200000000000001,1.0
bio_added_assumed,9.200000000000001,9.250000000000002,1.0
bio_added_assumed,9.25,9.3,1.0
bio_added_assumed,9.3,9.350000000000001,1.0
bio_added_assumed,9.35,9.4,1.0
bio_added_assumed,9.4,9.450000000000001,1.0
bio_added_assumed,9.450000000000001,9.500000000000002,1.0
bio_added_assumed,9.5,9.55,1.0
bio_added_assumed,9.55,9.600000000000001,1.0
bio_added_assumed,9.6,9.65,1.0
bio_added_assumed,9.65,9.700000000000001,1.0
bio_added_assumed,9.700000000000001,9.750000000000002,1.0
bio_added_assumed,9.75,9.8,1.0
bio_added_assumed,9.8,9.850000000000001,1.0
bio_added_assumed,9.85,9.9,1.0
bio_added_assumed,9.9,9.950000000000001,1.0
bio_added_assumed,9.950000000000001,10.000000000000002,1.0
bio_added_assumed,10.0,10.05,1.0
bio_added_assumed,10.05,10.100000000000001,1.0
bio_added_assumed,10.1,10.15,1.0
bio_added_assumed,10.15,10.200000000000001,1.0
bio_added_assumed,10.200000000000001,10.250000000000002,1.0
bio_added_assumed,10.25,10.3,1.0
bio_added_assumed,10.3,10.350000000000001,1.0
bio_added_assumed,10.35,10.4,1.0
bio_added_assumed,10.4,10.450000000000001,1.0
bio_added_assumed,10.450000000000001,10.500000000000002,1.0
bio_added_assumed,10.5,10.55,1.0
bio_added_assumed,10.55,10.600000000000001,1.0
bio_added_assumed,10.6,10.65,1.0
bio_added_assumed,10.65,10.700000000000001,1.0
bio_added_assumed,10.700000000000001,10.750000000000002,1.0
bio_added_assumed,10.75,10.8,1.0
bio_added_assumed,10.8,10.850000000000001,1.0
bio_added_assumed,10.85,10.9,1.0
bio_added_assumed,10.9,10.950000000000001,1.0
bio_added_assumed,10.950000000000001,11.000000000000002,1.0
bio_added_assumed,11.0,11.05,1.0
bio_added_assumed,11.05,11.100000000000001,1.0
bio_added_assumed,11.1,11.15,1.0
bio_added_assumed,11.15,11.200000000000001,1.0
bio_added_assumed,11.200000000000001,11.250000000000002,1.0
bio_added_assumed,11.25,11.3,1.0
bio_added_assumed,11.3,11.350000000000001,1.0
bio_added_assumed,11.35,11.4,1.0
bio_added_assumed,11.4,11.450000000000001,1.0
bio_added_assumed,11.450000000000001,11.500000000000002,1.0
bio_added_assumed,11.5,11.55,1.0
bio_added_assumed,11.55,11.600000000000001,1.0
bio_added_assumed,11.6,11.65,1.0
bio_added_assumed,11.65,11.700000000000001,1.0
bio_added_assumed,11.700000000000001,11.750000000000002,1.0
bio_added_assumed,11.75,11.8,1.0
bio_added_assumed,11.8,11.850000000000001,1.0
bio_added_assumed,11.85,11.9,1.0
bio_added_assumed,11.9,11.950000000000001,1.0
bio_added_assumed,11.950000000000001,12.000000000000002,1.0
mineral_added_assumed,0.0,0.05,7.796025811047997e-07
mineral_added_assumed,0.05,0.1,8.525431500832747e-07
mineral_added_assumed,0.1,0.15000000000000002,9.324500167096804e-07
mineral_added_assumed,0.15,0.2,1.0200009294198682e-06
mineral_added_assumed,0.2,0.25,1.1159406398220081e-06
mineral_added_assumed,0.25,0.3,1.2210876163996933e-06
mineral_added_assumed,0.3,0.35,1.3363414383538806e-06
mineral_added_assumed,0.35000000000000003,0.4,1.4626909390916916e-06
mineral_added_assumed,0.4,0.45,1.60122317602299e-06
mineral_added_assumed,0.45,0.5,1.7531333112191797e-06
mineral_added_assumed,0.5,0.55,1.919735496195197e-06
mineral_added_assumed,0.55,0.6000000000000001,2.1024748636895367e-06
mineral_added_assumed,0.6,0.65,2.302940739920785e-06
mineral_added_assumed,0.65,0.7000000000000001,2.5228812025043e-06
mineral_added_assumed,0.7000000000000001,0.7500000000000001,2.7642191221319485e-06
mineral_added_assumed,0.75,0.8,3.029069840370717e-06
mineral_added_assumed,0.8,0.8500000000000001,3.31976065167544e-06
mineral_added_assumed,0.85,0.9,3.638852275074534e-06
mineral_added_assumed,0.9,0.9500000000000001,3.98916252015738e-06
mineral_added_assumed,0.9500000000000001,1.0,4.373792373153025e-06
mineral_added_assumed,1.0,1.05,4.79615475223858e-06
mineral_added_assumed,1.05,1.1,5.260006207003578e-06
mineral_added_assumed,1.1,1.1500000000000001,5.769481865448145e-06
mineral_added_assumed,1.1500000000000001,1.2000000000000002,6.329133963309228e-06
mineral_added_assumed,1.2,1.25,6.943974325190794e-06
mineral_added_assumed,1.25,1.3,7.619521205249333e-06
mineral_added_assumed,1.3,1.35,8.36185093745921e-06
mineral_added_assumed,1.35,1.4000000000000001,9.177654892131745e-06
mineral_added_assumed,1.4000000000000001,1.4500000000000002,1.0074302286875278e-05
mineral_added_assumed,1.45,1.5,1.1059909457055724e-05
mineral_added_assumed,1.5,1.55,1.2143416253589306e-05
mineral_added_assumed,1.55,1.6,1.3334670305232069e-05
mineral_added_assumed,1.6,1.6500000000000001,1.4644519959048955e-05
mineral_added_assumed,1.6500000000000001,1.7000000000000002,1.6084916797243317e-05
mineral_added_assumed,1.7,1.75,1.7669028721826237e-05
mineral_added_assumed,1.75,1.8,1.941136470158674e-05
mineral_added_assumed,1.8,1.85,2.13279123895693e-05
mineral_added_assumed,1.85,1.9000000000000001,2.343628994481152e-05
mineral_added_assumed,1.9000000000000001,1.9500000000000002,2.57559135307299e-05
mineral_added_assumed,1.95,2.0,2.8308182115622262e-05
mineral_added_assumed,2.0,2.05,3.111668136972502e-05
mineral_added_assumed,2.05,2.0999999999999996,3.4207408639892486e-05
mineral_added_assumed,2.1,2.15,3.7609021188949065e-05
mineral_added_assumed,2.15,2.1999999999999997,4.135311011423243e-05
mineral_added_assumed,2.2,2.25,4.5474502610971104e-05
mineral_added_assumed,2.25,2.3,5.0011595523366114e-05
mineral_added_assumed,2.3000000000000003,2.35,5.5006723432361204e-05
mineral_added_assumed,2.35,2.4,6.050656486696683e-05
mineral_added_assumed,2.4,2.4499999999999997,6.65625905990503e-05
mineral_added_assumed,2.45,2.5,7.323155839331e-05
mineral_added_assumed,2.5,2.55,8.057605903867897e-05
mineral_added_assumed,2.5500000000000003,2.6,8.866511898919894e-05
mineral_added_assumed,2.6,2.65,9.757486549616272e-05
mineral_added_assumed,2.65,2.6999999999999997,0.00010738926072455426
mineral_added_assumed,2.7,2.75,0.00011820091202137174
mineral_added_assumed,2.75,2.8,0.00013011196624769866
mineral_added_assumed,2.8000000000000003,2.85,0.00014323509690779398
mineral_added_assumed,2.85,2.9,0.00015769459371455042
mineral_added_assumed,2.9,2.9499999999999997,0.00017362756523032826
mineral_added_assumed,2.95,3.0,0.00019118526632482243
mineral_added_assumed,3.0,3.05,0.00021053456340757495
mineral_added_assumed,3.0500000000000003,3.1,0.00023185955173376686
mineral_added_assumed,3.1,3.15,0.00025536334056015624
mineral_added_assumed,3.15,3.1999999999999997,0.000281270023557629
mineral_added_assumed,3.2,3.25,0.00030982685368260575
mineral_added_assumed,3.25,3.3,0.00034130664368799775
mineral_added_assumed,3.3000000000000003,3.35,0.0003760104156337229
mineral_added_assumed,3.35,3.4,0.00041427032515628124
mineral_added_assumed,3.4,3.4499999999999997,0.0004564528888981714
mineral_added_assumed,3.45,3.5,0.0005029625464042206
mineral_added_assumed,3.5,3.55,0.0005542455909881508
mineral_added_assumed,3.5500000000000003,3.6,0.0006107945075867123
mineral_added_assumed,3.6,3.65,0.0006731527594793519
mineral_added_assumed,3.65,3.6999999999999997,0.0007419200699909522
mineral_added_assumed,3.7,3.75,0.0008177582499474149
mineral_added_assumed,3.75,3.8,0.00090139762675507
mineral_added_assumed,3.8000000000000003,3.85,0.0009936441365644376
mineral_added_assumed,3.85,3.9,0.0010953871470965942
mineral_added_assumed,3.9,3.9499999999999997,0.001207608085400622
mineral_added_assumed,3.95,4.0,0.0013313899521171417
mineral_added_assumed,4.0,4.05,0.00146792781179248
mineral_added_assumed,4.05,4.1,0.0016185403574679505
mineral_added_assumed,4.1,4.1499999999999995,0.0017846826572054627
mineral_added_assumed,4.15,4.2,0.0019679602004514553
mineral_added_assumed,4.2,4.25,0.0021701443732288195
mineral_added_assumed,4.25,4.3,0.0023931895031222435
mineral_added_assumed,4.3,4.35,0.0026392516279177365
mineral_added_assumed,4.3500000000000005,4.4,0.002910709155598627
mineral_added_assumed,4.4,4.45,0.003210185598196665
mineral_added_assumed,4.45,4.5,0.003540574577743507
mineral_added_assumed,4.5,4.55,0.0039050673192336156
mineral_added_assumed,4.55,4.6,0.004307182863034685
mineral_added_assumed,4.6000000000000005,4.65,0.004750801247465644
mineral_added_assumed,4.65,4.7,0.005240199931154216
mineral_added_assumed,4.7,4.75,0.0057800937440723385
mineral_added_assumed,4.75,4.8,0.006375678675531189
mineral_added_assumed,4.8,4.85,0.0070326798265052184
mineral_added_assumed,4.8500000000000005,4.9,0.007757403871922673
mineral_added_assumed,4.9,4.95,0.00855679639533599
mineral_added_assumed,4.95,5.0,0.009438504472802286
mineral_added_assumed,5.0,5.05,0.010410944893765955
mineral_added_assumed,5.05,5.1,0.011483378412862037
mineral_added_assumed,5.1000000000000005,5.15,0.012665990426124632
mineral_added_assumed,5.15,5.2,0.013969978455958739
mineral_added_assumed,5.2,5.25,0.015407646808773533
mineral_added_assumed,5.25,5.3,0.01699250873416204
mineral_added_assumed,5.3,5.35,0.018739396361006487
mineral_added_assumed,5.3500000000000005,5.4,0.0206645786091342
mineral_added_assumed,5.4,5.45,0.022785887169394316
mineral_added_assumed,5.45,5.5,0.025122850503413025
mineral_added_assumed,5.5,5.55,0.027696835628616037
mineral_added_assumed,5.55,5.6,0.030531197214729803
mineral_added_assumed,5.6000000000000005,5.65,0.03365143321352818
mineral_added_assumed,5.65,5.7,0.03708534586089764
mineral_added_assumed,5.7,5.75,0.0408632064141419
mineral_added_assumed,5.75,5.8,0.045017921400544655
mineral_added_assumed,5.8,5.85,0.049585197436107696
mineral_added_assumed,5.8500000000000005,5.9,0.05460370080466374
mineral_added_assumed,5.9,5.95,0.060115206944053284
mineral_added_assumed,5.95,6.0,0.0661647337435272
mineral_added_assumed,6.0,6.05,0.07280065109058721
mineral_added_assumed,6.05,6.1,0.08007475739320148
mineral_added_assumed,6.1000000000000005,6.15,0.08804231182542642
mineral_added_assumed,6.15,6.2,0.0967620087886538
mineral_added_assumed,6.2,6.25,0.10629587854599519
mineral_added_assumed,6.25,6.3,0.11670909519017483
mineral_added_assumed,6.3,6.35,0.12806967008747666
mineral_added_assumed,6.3500000000000005,6.4,0.1404480057788886
mineral_added_assumed,6.4,6.45,0.15391628213996847
mineral_added_assumed,6.45,6.5,0.16854764359188398
mineral_added_assumed,6.5,6.55,0.1844151535882636
mineral_added_assumed,6.55,6.6,0.20159048084867437
mineral_added_assumed,6.6000000000000005,6.65,0.22014228136655875
mineral_added_assumed,6.65,6.7,0.2401342417287287
mineral_added_assumed,6.7,6.75,0.26162275354801184
mineral_added_assumed,6.75,6.8,0.2846541968013361
mineral_added_assumed,6.8,6.85,0.3092618227114141
mineral_added_assumed,6.8500000000000005,6.9,0.3354622457590955
mineral_added_assumed,6.9,6.95,0.3632515807512699
mineral_added_assumed,6.95,7.0,0.39260129577991437
mineral_added_assumed,7.0,7.05,0.4234538962543985
mineral_added_assumed,7.05,7.1,0.4557186091993549
mineral_added_assumed,7.1000000000000005,7.15,0.48926729985254247
mineral_added_assumed,7.15,7.2,0.5239309218497463
mineral_added_assumed,7.2,7.25,0.5594968733247103
mineral_added_assumed,7.25,7.3,0.5957076966384593
mineral_added_assumed,7.3,7.35,0.6322616084182795
mineral_added_assumed,7.3500000000000005,7.4,0.6688153648675608
mineral_added_assumed,7.4,7.45,0.7049899375798665
mineral_added_assumed,7.45,7.5,0.7403793783859857
mineral_added_assumed,7.5,7.55,0.7745630702354454
mineral_added_assumed,7.55,7.6,0.8071212824335416
mineral_added_assumed,7.6000000000000005,7.65,0.837653571915824
mineral_added_assumed,7.65,7.7,0.8657991154335214
mineral_added_assumed,7.7,7.75,0.891257563683772
mineral_added_assumed,7.75,7.8,0.9138085500822546
mineral_added_assumed,7.8,7.85,0.9333276640198009
mineral_added_assumed,7.8500000000000005,7.9,0.9497966269479954
mineral_added_assumed,7.9,7.95,0.963305697665675
mineral_added_assumed,7.95,8.0,0.9740470461605107
mineral_added_assumed,8.0,8.05,0.9822989557261644
mineral_added_assumed,8.05,8.100000000000001,0.9884021076354134
mineral_added_assumed,8.1,8.15,0.9927306158202535
mineral_added_assumed,8.15,8.200000000000001,0.9956615694699862
mineral_added_assumed,8.2,8.25,0.9975472689572452
mineral_added_assumed,8.25,8.3,0.9986938874947368
mineral_added_assumed,8.3,8.350000000000001,0.9993489768225722
mineral_added_assumed,8.35,8.4,0.9996983642639363
mineral_added_assumed,8.4,8.450000000000001,0.9998710835793527
mineral_added_assumed,8.45,8.5,0.9999496045314301
mineral_added_assumed,8.5,8.55,0.9999821489179254
mineral_added_assumed,8.55,8.600000000000001,0.9999943293596919
mineral_added_assumed,8.6,8.65,0.999998402920234
mineral_added_assumed,8.65,8.700000000000001,0.9999996062154448
mineral_added_assumed,8.700000000000001,8.750000000000002,0.9999999161771852
mineral_added_assumed,8.75,8.8,0.9999999848318039
mineral_added_assumed,8.8,8.850000000000001,0.999999997706144
mineral_added_assumed,8.85,8.9,0.999999999715506
mineral_added_assumed,8.9,8.950000000000001,0.9999999999716594
mineral_added_assumed,8.950000000000001,9.000000000000002,0.999999999997784
mineral_added_assumed,9.0,9.05,0.9999999999998674
mineral_added_assumed,9.05,9.100000000000001,0.9999999999999941
mineral_added_assumed,9.1,9.15,0.9999999999999998
mineral_added_assumed,9.15,9.200000000000001,1.0
mineral_added_assumed,9.200000000000001,9.250000000000002,1.0
mineral_added_assumed,9.25,9.3,1.0
mineral_added_assumed,9.3,9.350000000000001,1.0
mineral_added_assumed,9.35,9.4,1.0
mineral_added_assumed,9.4,9.450000000000001,1.0
mineral_added_assumed,9.450000000000001,9.500000000000002,1.0
mineral_added_assumed,9.5,9.55,1.0
mineral_added_assumed,9.55,9.600000000000001,1.0
mineral_added_assumed,9.6,9.65,1.0
mineral_added_assumed,9.65,9.700000000000001,1.0
mineral_added_assumed,9.700000000000001,9.750000000000002,1.0
mineral_added_assumed,9.75,9.8,1.0
mineral_added_assumed,9.8,9.850000000000001,1.0
mineral_added_assumed,9.85,9.9,1.0
mineral_added_assumed,9.9,9.950000000000001,1.0
mineral_added_assumed,9.950000000000001,10.000000000000002,1.0
mineral_added_assumed,10.0,10.05,1.0
mineral_added_assumed,10.05,10.100000000000001,1.0
mineral_added_assumed,10.1,10.15,1.0
mineral_added_assumed,10.15,10.200000000000001,1.0
mineral_added_assumed,10.200000000000001,10.250000000000002,1.0
mineral_added_assumed,10.25,10.3,1.0
mineral_added_assumed,10.3,10.350000000000001,1.0
mineral_added_assumed,10.35,10.4,1.0
mineral_added_assumed,10.4,10.450000000000001,1.0
mineral_added_assumed,10.450000000000001,10.500000000000002,1.0
mineral_added_assumed,10.5,10.55,1.0
mineral_added_assumed,10.55,10.600000000000001,1.0
mineral_added_assumed,10.6,10.65,1.0
mineral_added_assumed,10.65,10.700000000000001,1.0
mineral_added_assumed,10.700000000000001,10.750000000000002,1.0
mineral_added_assumed,10.75,10.8,1.0
mineral_added_assumed,10.8,10.850000000000001,1.0
mineral_added_assumed,10.85,10.9,1.0
mineral_added_assumed,10.9,10.950000000000001,1.0
mineral_added_assumed,10.950000000000001,11.000000000000002,1.0
mineral_added_assumed,11.0,11.05,1.0
mineral_added_assumed,11.05,11.100000000000001,1.0
mineral_added_assumed,11.1,11.15,1.0
mineral_added_assumed,11.15,11.200000000000001,1.0
mineral_added_assumed,11.200000000000001,11.250000000000002,1.0
mineral_added_assumed,11.25,11.3,1.0
mineral_added_assumed,11.3,11.350000000000001,1.0
mineral_added_assumed,11.35,11.4,1.0
mineral_added_assumed,11.4,11.450000000000001,1.0
mineral_added_assumed,11.450000000000001,11.500000000000002,1.0
mineral_added_assumed,11.5,11.55,1.0
mineral_added_assumed,11.55,11.600000000000001,1.0
mineral_added_assumed,11.6,11.65,1.0
mineral_added_assumed,11.65,11.700000000000001,1.0
mineral_added_assumed,11.700000000000001,11.750000000000002,1.0
mineral_added_assumed,11.75,11.8,1.0
mineral_added_assumed,11.8,11.850000000000001,1.0
mineral_added_assumed,11.85,11.9,1.0
mineral_added_assumed,11.9,11.950000000000001,1.0
mineral_added_assumed,11.950000000000001,12.000000000000002,1.0
bio_and_mineral_assumed,0.0,0.05,7.79604327353954e-07
bio_and_mineral_assumed,0.05,0.1,8.525458479735135e-07
bio_and_mineral_assumed,0.1,0.15000000000000002,9.324541848501032e-07
bio_and_mineral_assumed,0.15,0.2,1.0200073690422817e-06
bio_and_mineral_assumed,0.2,0.25,1.1159505887997968e-06
bio_and_mineral_assumed,0.25,0.3,1.2211029872012345e-06
bio_and_mineral_assumed,0.3,0.35,1.3363651856717103e-06
bio_and_mineral_assumed,0.35000000000000003,0.4,1.462727627815852e-06
bio_and_mineral_assumed,0.4,0.45,1.6012798587386464e-06
bio_and_mineral_assumed,0.45,0.5,1.7532208839076446e-06
bio_and_mineral_assumed,0.5,0.55,1.9198707927413037e-06
bio_and_mineral_assumed,0.55,0.6000000000000001,2.102683891817069e-06
bio_and_mineral_assumed,0.6,0.65,2.303263680591351e-06
bio_and_mineral_assumed,0.65,0.7000000000000001,2.5233801338007736e-06
bio_and_mineral_assumed,0.7000000000000001,0.7500000000000001,2.7649899523678187e-06
bio_and_mineral_assumed,0.75,0.8,3.030260744294201e-06
bio_and_mineral_assumed,0.8,0.8500000000000001,3.3216005537085374e-06
bio_and_mineral_assumed,0.85,0.9,3.64169485483929e-06
bio_and_mineral_assumed,0.9,0.9500000000000001,3.993554199344183e-06
bio_and_mineral_assumed,0.9500000000000001,1.0,4.380577352645577e-06
bio_and_mineral_assumed,1.0,1.05,4.806637290463479e-06
bio_and_mineral_assumed,1.05,1.1,5.276201333766661e-06
bio_and_mineral_assumed,1.1,1.1500000000000001,5.794502725174142e-06
bio_and_mineral_assumed,1.1500000000000001,1.2000000000000002,6.367790245391329e-06
bio_and_mineral_assumed,1.2,1.25,7.003696815654941e-06
bio_and_mineral_assumed,1.25,1.3,7.711790182970969e-06
bio_and_mineral_assumed,1.3,1.35,8.504402990120812e-06
bio_and_mineral_assumed,1.35,1.4000000000000001,9.397892359244659e-06
bio_and_mineral_assumed,1.4000000000000001,1.4500000000000002,1.0414560712247492e-05
bio_and_mineral_assumed,1.45,1.5,1.1585595587887922e-05
bio_and_mineral_assumed,1.5,1.55,1.2955580909995773e-05
bio_and_mineral_assumed,1.55,1.6,1.4589432924722376e-05
bio_and_mineral_assumed,1.6,1.6500000000000001,1.6583078651854286e-05
bio_and_mineral_assumed,1.6500000000000001,1.7000000000000002,1.907991246913721e-05
bio_and_mineral_assumed,1.7,1.75,2.229617529037594e-05
bio_and_mineral_assumed,1.75,1.8,2.656011374916397e-05
bio_and_mineral_assumed,1.8,1.85,3.2372422903858106e-05
bio_and_mineral_assumed,1.85,1.9000000000000001,4.049956336483392e-05
bio_and_mineral_assumed,1.9000000000000001,1.9500000000000002,5.21178569061189e-05
bio_and_mineral_assumed,1.95,2.0,6.903601427607439e-05
bio_and_mineral_assumed,2.0,2.05,9.403880248937275e-05
bio_and_mineral_assumed,2.05,2.0999999999999996,0.00013141779411472495
bio_and_mineral_assumed,2.1,2.15,0.00018779098647517362
bio_and_mineral_assumed,2.15,2.1999999999999997,0.00027336833439976245
bio_and_mineral_assumed,2.2,2.25,0.00040390531273746746
bio_and_mineral_assumed,2.25,2.3,0.000603717354987826
bio_and_mineral_assumed,2.3000000000000003,2.35,0.0009103283109438476
bio_and_mineral_assumed,2.35,2.4,0.0013816315237786582
bio_and_mineral_assumed,2.4,2.4499999999999997,0.0021069045437078506
bio_and_mineral_assumed,2.45,2.5,0.0032237103197481276
bio_and_mineral_assumed,2.5,2.55,0.004943732954388314
bio_and_mineral_assumed,2.5500000000000003,2.6,0.007592037854172984
bio_and_mineral_assumed,2.6,2.65,0.011666175236886612
bio_and_mineral_assumed,2.65,2.6999999999999997,0.017923829810414238
bio_and_mineral_assumed,2.7,2.75,0.027509641444749915
bio_and_mineral_assumed,2.75,2.8,0.04213115926289472
bio_and_mineral_assumed,2.8000000000000003,2.85,0.06428492196145495
bio_and_mineral_assumed,2.85,2.9,0.09750336207137807
bio_and_mineral_assumed,2.9,2.9499999999999997,0.146515789434604
bio_and_mineral_assumed,2.95,3.0,0.21705177185503274
bio_and_mineral_assumed,3.0,3.05,0.3147353497130992
bio_and_mineral_assumed,3.0500000000000003,3.1,0.4422395034660587
bio_and_mineral_assumed,3.1,3.15,0.5941964752366966
bio_and_mineral_assumed,3.15,3.1999999999999997,0.7517372310704206
bio_and_mineral_assumed,3.2,3.25,0.8837976423245392
bio_and_mineral_assumed,3.25,3.3,0.9640373838705871
bio_and_mineral_assumed,3.3000000000000003,3.35,0.9941263334600641
bio_and_mineral_assumed,3.35,3.4,0.9996426287151543
bio_and_mineral_assumed,3.4,3.4499999999999997,0.999995270917004
bio_and_mineral_assumed,3.45,3.5,0.9999999940732729
bio_and_mineral_assumed,3.5,3.55,0.9999999999998053
bio_and_mineral_assumed,3.5500000000000003,3.6,1.0
bio_and_mineral_assumed,3.6,3.65,1.0
bio_and_mineral_assumed,3.65,3.6999999999999997,1.0
bio_and_mineral_assumed,3.7,3.75,1.0
bio_and_mineral_assumed,3.75,3.8,1.0
bio_and_mineral_assumed,3.8000000000000003,3.85,1.0
bio_and_mineral_assumed,3.85,3.9,1.0
bio_and_mineral_assumed,3.9,3.9499999999999997,1.0
bio_and_mineral_assumed,3.95,4.0,1.0
bio_and_mineral_assumed,4.0,4.05,1.0
bio_and_mineral_assumed,4.05,4.1,1.0
bio_and_mineral_assumed,4.1,4.1499999999999995,1.0
bio_and_mineral_assumed,4.15,4.2,1.0
bio_and_mineral_assumed,4.2,4.25,1.0
bio_and_mineral_assumed,4.25,4.3,1.0
bio_and_mineral_assumed,4.3,4.35,1.0
bio_and_mineral_assumed,4.3500000000000005,4.4,1.0
bio_and_mineral_assumed,4.4,4.45,1.0
bio_and_mineral_assumed,4.45,4.5,1.0
bio_and_mineral_assumed,4.5,4.55,1.0
bio_and_mineral_assumed,4.55,4.6,1.0
bio_and_mineral_assumed,4.6000000000000005,4.65,1.0
bio_and_mineral_assumed,4.65,4.7,1.0
bio_and_mineral_assumed,4.7,4.75,1.0
bio_and_mineral_assumed,4.75,4.8,1.0
bio_and_mineral_assumed,4.8,4.85,1.0
bio_and_mineral_assumed,4.8500000000000005,4.9,1.0
bio_and_mineral_assumed,4.9,4.95,1.0
bio_and_mineral_assumed,4.95,5.0,1.0
bio_and_mineral_assumed,5.0,5.05,1.0
bio_and_mineral_assumed,5.05,5.1,1.0
bio_and_mineral_assumed,5.1000000000000005,5.15,1.0
bio_and_mineral_assumed,5.15,5.2,1.0
bio_and_mineral_assumed,5.2,5.25,1.0
bio_and_mineral_assumed,5.25,5.3,1.0
bio_and_mineral_assumed,5.3,5.35,1.0
bio_and_mineral_assumed,5.3500000000000005,5.4,1.0
bio_and_mineral_assumed,5.4,5.45,1.0
bio_and_mineral_assumed,5.45,5.5,1.0
bio_and_mineral_assumed,5.5,5.55,1.0
bio_and_mineral_assumed,5.55,5.6,1.0
bio_and_mineral_assumed,5.6000000000000005,5.65,1.0
bio_and_mineral_assumed,5.65,5.7,1.0
bio_and_mineral_assumed,5.7,5.75,1.0
bio_and_mineral_assumed,5.75,5.8,1.0
bio_and_mineral_assumed,5.8,5.85,1.0
bio_and_mineral_assumed,5.8500000000000005,5.9,1.0
bio_and_mineral_assumed,5.9,5.95,1.0
bio_and_mineral_assumed,5.95,6.0,1.0
bio_and_mineral_assumed,6.0,6.05,1.0
bio_and_mineral_assumed,6.05,6.1,1.0
bio_and_mineral_assumed,6.1000000000000005,6.15,1.0
bio_and_mineral_assumed,6.15,6.2,1.0
bio_and_mineral_assumed,6.2,6.25,1.0
bio_and_mineral_assumed,6.25,6.3,1.0
bio_and_mineral_assumed,6.3,6.35,1.0
bio_and_mineral_assumed,6.3500000000000005,6.4,1.0
bio_and_mineral_assumed,6.4,6.45,1.0
bio_and_mineral_assumed,6.45,6.5,1.0
bio_and_mineral_assumed,6.5,6.55,1.0
bio_and_mineral_assumed,6.55,6.6,1.0
bio_and_mineral_assumed,6.6000000000000005,6.65,1.0
bio_and_mineral_assumed,6.65,6.7,1.0
bio_and_mineral_assumed,6.7,6.75,1.0
bio_and_mineral_assumed,6.75,6.8,1.0
bio_and_mineral_assumed,6.8,6.85,1.0
bio_and_mineral_assumed,6.8500000000000005,6.9,1.0
bio_and_mineral_assumed,6.9,6.95,1.0
bio_and_mineral_assumed,6.95,7.0,1.0
bio_and_mineral_assumed,7.0,7.05,1.0
bio_and_mineral_assumed,7.05,7.1,1.0
bio_and_mineral_assumed,7.1000000000000005,7.15,1.0
bio_and_mineral_assumed,7.15,7.2,1.0
bio_and_mineral_assumed,7.2,7.25,1.0
bio_and_mineral_assumed,7.25,7.3,1.0
bio_and_mineral_assumed,7.3,7.35,1.0
bio_and_mineral_assumed,7.3500000000000005,7.4,1.0
bio_and_mineral_assumed,7.4,7.45,1.0
bio_and_mineral_assumed,7.45,7.5,1.0
bio_and_mineral_assumed,7.5,7.55,1.0
bio_and_mineral_assumed,7.55,7.6,1.0
bio_and_mineral_assumed,7.6000000000000005,7.65,1.0
bio_and_mineral_assumed,7.65,7.7,1.0
bio_and_mineral_assumed,7.7,7.75,1.0
bio_and_mineral_assumed,7.75,7.8,1.0
bio_and_mineral_assumed,7.8,7.85,1.0
bio_and_mineral_assumed,7.8500000000000005,7.9,1.0
bio_and_mineral_assumed,7.9,7.95,1.0
bio_and_mineral_assumed,7.95,8.0,1.0
bio_and_mineral_assumed,8.0,8.05,1.0
bio_and_mineral_assumed,8.05,8.100000000000001,1.0
bio_and_mineral_assumed,8.1,8.15,1.0
bio_and_mineral_assumed,8.15,8.200000000000001,1.0
bio_and_mineral_assumed,8.2,8.25,1.0
bio_and_mineral_assumed,8.25,8.3,1.0
bio_and_mineral_assumed,8.3,8.350000000000001,1.0
bio_and_mineral_assumed,8.35,8.4,1.0
bio_and_mineral_assumed,8.4,8.450000000000001,1.0
bio_and_mineral_assumed,8.45,8.5,1.0
bio_and_mineral_assumed,8.5,8.55,1.0
bio_and_mineral_assumed,8.55,8.600000000000001,1.0
bio_and_mineral_assumed,8.6,8.65,1.0
bio_and_mineral_assumed,8.65,8.700000000000001,1.0
bio_and_mineral_assumed,8.700000000000001,8.750000000000002,1.0
bio_and_mineral_assumed,8.75,8.8,1.0
bio_and_mineral_assumed,8.8,8.850000000000001,1.0
bio_and_mineral_assumed,8.85,8.9,1.0
bio_and_mineral_assumed,8.9,8.950000000000001,1.0
bio_and_mineral_assumed,8.950000000000001,9.000000000000002,1.0
bio_and_mineral_assumed,9.0,9.05,1.0
bio_and_mineral_assumed,9.05,9.100000000000001,1.0
bio_and_mineral_assumed,9.1,9.15,1.0
bio_and_mineral_assumed,9.15,9.200000000000001,1.0
bio_and_mineral_assumed,9.200000000000001,9.250000000000002,1.0
bio_and_mineral_assumed,9.25,9.3,1.0
bio_and_mineral_assumed,9.3,9.350000000000001,1.0
bio_and_mineral_assumed,9.35,9.4,1.0
bio_and_mineral_assumed,9.4,9.450000000000001,1.0
bio_and_mineral_assumed,9.450000000000001,9.500000000000002,1.0
bio_and_mineral_assumed,9.5,9.55,1.0
bio_and_mineral_assumed,9.55,9.600000000000001,1.0
bio_and_mineral_assumed,9.6,9.65,1.0
bio_and_mineral_assumed,9.65,9.700000000000001,1.0
bio_and_mineral_assumed,9.700000000000001,9.750000000000002,1.0
bio_and_mineral_assumed,9.75,9.8,1.0
bio_and_mineral_assumed,9.8,9.850000000000001,1.0
bio_and_mineral_assumed,9.85,9.9,1.0
bio_and_mineral_assumed,9.9,9.950000000000001,1.0
bio_and_mineral_assumed,9.950000000000001,10.000000000000002,1.0
bio_and_mineral_assumed,10.0,10.05,1.0
bio_and_mineral_assumed,10.05,10.100000000000001,1.0
bio_and_mineral_assumed,10.1,10.15,1.0
bio_and_mineral_assumed,10.15,10.200000000000001,1.0
bio_and_mineral_assumed,10.200000000000001,10.250000000000002,1.0
bio_and_mineral_assumed,10.25,10.3,1.0
bio_and_mineral_assumed,10.3,10.350000000000001,1.0
bio_and_mineral_assumed,10.35,10.4,1.0
bio_and_mineral_assumed,10.4,10.450000000000001,1.0
bio_and_mineral_assumed,10.450000000000001,10.500000000000002,1.0
bio_and_mineral_assumed,10.5,10.55,1.0
bio_and_mineral_assumed,10.55,10.600000000000001,1.0
bio_and_mineral_assumed,10.6,10.65,1.0
bio_and_mineral_assumed,10.65,10.700000000000001,1.0
bio_and_mineral_assumed,10.700000000000001,10.750000000000002,1.0
bio_and_mineral_assumed,10.75,10.8,1.0
bio_and_mineral_assumed,10.8,10.850000000000001,1.0
bio_and_mineral_assumed,10.85,10.9,1.0
bio_and_mineral_assumed,10.9,10.950000000000001,1.0
bio_and_mineral_assumed,10.950000000000001,11.000000000000002,1.0
bio_and_mineral_assumed,11.0,11.05,1.0
bio_and_mineral_assumed,11.05,11.100000000000001,1.0
bio_and_mineral_assumed,11.1,11.15,1.0
bio_and_mineral_assumed,11.15,11.200000000000001,1.0
bio_and_mineral_assumed,11.200000000000001,11.250000000000002,1.0
bio_and_mineral_assumed,11.25,11.3,1.0
bio_and_mineral_assumed,11.3,11.350000000000001,1.0
bio_and_mineral_assumed,11.35,11.4,1.0
bio_and_mineral_assumed,11.4,11.450000000000001,1.0
bio_and_mineral_assumed,11.450000000000001,11.500000000000002,1.0
bio_and_mineral_assumed,11.5,11.55,1.0
bio_and_mineral_assumed,11.55,11.600000000000001,1.0
bio_and_mineral_assumed,11.6,11.65,1.0
bio_and_mineral_assumed,11.65,11.700000000000001,1.0
bio_and_mineral_assumed,11.700000000000001,11.750000000000002,1.0
bio_and_mineral_assumed,11.75,11.8,1.0
bio_and_mineral_assumed,11.8,11.850000000000001,1.0
bio_and_mineral_assumed,11.85,11.9,1.0
bio_and_mineral_assumed,11.9,11.950000000000001,1.0
bio_and_mineral_assumed,11.950000000000001,12.000000000000002,1.0
bio_removed_ablation,0.0,0.05,3.3169635235905937e-07
bio_removed_ablation,0.05,0.1,3.575302364958749e-07
bio_removed_ablation,0.1,0.15000000000000002,3.8537617001537513e-07
bio_removed_ablation,0.15,0.2,4.153908595542588e-07
bio_removed_ablation,0.2,0.25,4.477432166931031e-07
bio_removed_ablation,0.25,0.3,4.826153085246919e-07
bio_removed_ablation,0.3,0.35,5.20203382256335e-07
bio_removed_ablation,0.35000000000000003,0.4,5.607189696117777e-07
bio_removed_ablation,0.4,0.45,6.043900772476688e-07
bio_removed_ablation,0.45,0.5,6.514624698842428e-07
bio_removed_ablation,0.5,0.55,7.022010533700292e-07
bio_removed_ablation,0.55,0.6000000000000001,7.568913654647206e-07
bio_removed_ablation,0.6,0.65,8.158411827290281e-07
bio_removed_ablation,0.65,0.7000000000000001,8.793822525640876e-07
bio_removed_ablation,0.7000000000000001,0.7500000000000001,9.47872160148192e-07
bio_removed_ablation,0.75,0.8,1.0216963407755349e-06
bio_removed_ablation,0.8,0.8500000000000001,1.1012702489225428e-06
bio_removed_ablation,0.85,0.9,1.1870416962472496e-06
bio_removed_ablation,0.9,0.9500000000000001,1.2794933716783444e-06
bio_removed_ablation,0.9500000000000001,1.0,1.3791455577765105e-06
bio_removed_ablation,1.0,1.05,1.4865590586518933e-06
bio_removed_ablation,1.05,1.1,1.6023383559159209e-06
bio_removed_ablation,1.1,1.1500000000000001,1.7271350104259086e-06
bio_removed_ablation,1.1500000000000001,1.2000000000000002,1.861651328964539e-06
bio_removed_ablation,1.2,1.25,2.0066443164892575e-06
bio_removed_ablation,1.25,1.3,2.1629299361887747e-06
bio_removed_ablation,1.3,1.35,2.3313877013212245e-06
bio_removed_ablation,1.35,1.4000000000000001,2.512965624671613e-06
bio_removed_ablation,1.4000000000000001,1.4500000000000002,2.7086855534788476e-06
bio_removed_ablation,1.45,1.5,2.919648919854792e-06
bio_removed_ablation,1.5,1.55,3.1470429390486177e-06
bio_removed_ablation,1.55,1.6,3.392147290437692e-06
bio_removed_ablation,1.6,1.6500000000000001,3.6563413188359904e-06
bio_removed_ablation,1.6500000000000001,1.7000000000000002,3.94111179663979e-06
bio_removed_ablation,1.7,1.75,4.248061290490076e-06
bio_removed_ablation,1.75,1.8,4.578917179522062e-06
bio_removed_ablation,1.8,1.85,4.935541375949884e-06
bio_removed_ablation,1.85,1.9000000000000001,5.3199408026763915e-06
bio_removed_ablation,1.9000000000000001,1.9500000000000002,5.734278686879027e-06
bio_removed_ablation,1.95,2.0,6.1808867331185715e-06
bio_removed_ablation,2.0,2.05,6.662278244450707e-06
bio_removed_ablation,2.05,2.0999999999999996,7.18116226537075e-06
bio_removed_ablation,2.1,2.15,7.740458826154527e-06
bio_removed_ablation,2.15,2.1999999999999997,8.343315374358028e-06
bio_removed_ablation,2.2,2.25,8.993124485924109e-06
bio_removed_ablation,2.25,2.3,9.693542955514808e-06
bio_removed_ablation,2.3000000000000003,2.35,1.0448512373481038e-05
bio_removed_ablation,2.35,2.4,1.1262281305208272e-05
bio_removed_ablation,2.4,2.4499999999999997,1.2139429197596958e-05
bio_removed_ablation,2.45,2.5,1.3084892147169381e-05
bio_removed_ablation,2.5,2.55,1.4103990674707347e-05
bio_removed_ablation,2.5500000000000003,2.6,1.5202459662671835e-05
bio_removed_ablation,2.6,2.65,1.638648062375922e-05
bio_removed_ablation,2.65,2.6999999999999997,1.7662716482067372e-05
bio_removed_ablation,2.7,2.75,1.9038349062498253e-05
bio_removed_ablation,2.75,2.8,2.0521119499165045e-05
bio_removed_ablation,2.8000000000000003,2.85,2.2119371790069908e-05
bio_removed_ablation,2.85,2.9,2.3842099742913842e-05
bio_removed_ablation,2.9,2.9499999999999997,2.569899757598636e-05
bio_removed_ablation,2.95,3.0,2.7700514458624294e-05
bio_removed_ablation,3.0,3.05,2.9857913297798058e-05
bio_removed_ablation,3.0500000000000003,3.1,3.218333410129719e-05
bio_removed_ablation,3.1,3.15,3.4689862273617186e-05
bio_removed_ablation,3.15,3.1999999999999997,3.739160222835723e-05
bio_removed_ablation,3.2,3.25,4.030375673080325e-05
bio_removed_ablation,3.25,3.3,4.344271241643538e-05
bio_removed_ablation,3.3000000000000003,3.35,4.682613196584237e-05
bio_removed_ablation,3.35,3.4,5.047305345376836e-05
bio_removed_ablation,3.4,3.4499999999999997,5.440399743025703e-05
bio_removed_ablation,3.45,3.5,5.8641082335236966e-05
bio_removed_ablation,3.5,3.55,6.320814889446763e-05
bio_removed_ablation,3.5500000000000003,3.6,6.81308941951984e-05
bio_removed_ablation,3.6,3.65,7.343701619396905e-05
bio_removed_ablation,3.65,3.6999999999999997,7.915636946739757e-05
bio_removed_ablation,3.7,3.75,8.532113307973829e-05
bio_removed_ablation,3.75,3.8,9.196599150859115e-05
bio_removed_ablation,3.8000000000000003,3.85,9.912832964328836e-05
bio_removed_ablation,3.85,3.9,0.00010684844294893147
bio_removed_ablation,3.9,3.9499999999999997,0.00011516976397373132
bio_removed_ablation,3.95,4.0,0.00012413910646856232
bio_removed_ablation,4.0,4.05,0.000133806928485569
bio_removed_ablation,4.05,4.1,0.0001442276159286712
bio_removed_ablation,4.1,4.1499999999999995,0.00015545978814234603
bio_removed_ablation,4.15,4.2,0.0001675666272478033
bio_removed_ablation,4.2,4.25,0.00018061623306743198
bio_removed_ablation,4.25,4.3,0.00019468200562050735
bio_removed_ablation,4.3,4.35,0.00020984305732585988
bio_removed_ablation,4.3500000000000005,4.4,0.00022618465721175533
bio_removed_ablation,4.4,4.45,0.00024379870961018665
bio_removed_ablation,4.45,4.5,0.00026278427000312176
bio_removed_ablation,4.5,4.55,0.00028324810089316513
bio_removed_ablation,4.55,4.6,0.00030530527079129517
bio_removed_ablation,4.6000000000000005,4.65,0.0003290797996513133
bio_removed_ablation,4.65,4.7,0.0003547053543353313
bio_removed_ablation,4.7,4.75,0.00038232599796839275
bio_removed_ablation,4.75,4.8,0.0004120969973346415
bio_removed_ablation,4.8,4.85,0.0004441856927835745
bio_removed_ablation,4.8500000000000005,4.9,0.0004787724354545966
bio_removed_ablation,4.9,4.95,0.0005160515969928473
bio_removed_ablation,4.95,5.0,0.0005562326573207106
bio_removed_ablation,5.0,5.05,0.000599541376449835
bio_removed_ablation,5.05,5.1,0.0006462210567691375
bio_removed_ablation,5.1000000000000005,5.15,0.0006965339027279185
bio_removed_ablation,5.15,5.2,0.0007507624853514692
bio_removed_ablation,5.2,5.25,0.0008092113195817231
bio_removed_ablation,5.25,5.3,0.0008722085630304972
bio_removed_ablation,5.3,5.35,0.0009401078453691169
bio_removed_ablation,5.3500000000000005,5.4,0.0010132902382595033
bio_removed_ablation,5.4,5.45,0.0010921663764595468
bio_removed_ablation,5.45,5.5,0.0011771787415131593
bio_removed_ablation,5.5,5.55,0.0012688041202657497
bio_removed_ablation,5.55,5.6,0.0013675562513309977
bio_removed_ablation,5.6000000000000005,5.65,0.0014739886735780675
bio_removed_ablation,5.65,5.7,0.0015886977917127865
bio_removed_ablation,5.7,5.75,0.0017123261750935366
bio_removed_ablation,5.75,5.8,0.0018455661070565837
bio_removed_ablation,5.8,5.85,0.001989163403227475
bio_removed_ablation,5.8500000000000005,5.9,0.002143921518568224
bio_removed_ablation,5.9,5.95,0.002310705964254937
bio_removed_ablation,5.95,6.0,0.0024904490569002745
bio_removed_ablation,6.0,6.05,0.002684155024128582
bio_removed_ablation,6.05,6.1,0.0028929054920810693
bio_removed_ablation,6.1000000000000005,6.15,0.0031178653820707874
bio_removed_ablation,6.15,6.2,0.003360289245323332
bio_removed_ablation,6.2,6.25,0.003621528066523163
bio_removed_ablation,6.25,6.3,0.0039030365687350377
bio_removed_ablation,6.3,6.35,0.004206381054176258
bio_removed_ablation,6.3500000000000005,6.4,0.0045332478172715185
bio_removed_ablation,6.4,6.45,0.004885452168413524
bio_removed_ablation,6.45,6.5,0.005264948108867532
bio_removed_ablation,6.5,6.55,0.005673838699272861
bio_removed_ablation,6.55,6.6,0.00611438716619109
bio_removed_ablation,6.6000000000000005,6.65,0.006589028793094364
bio_removed_ablation,6.65,6.7,0.007100383644045847
bio_removed_ablation,6.7,6.75,0.00765127017005425
bio_removed_ablation,6.75,6.8,0.008244719749631462
bio_removed_ablation,6.8,6.85,0.008883992216387549
bio_removed_ablation,6.8500000000000005,6.9,0.009572592427484322
bio_removed_ablation,6.9,6.95,0.010314287927350495
bio_removed_ablation,6.95,7.0,0.011113127761135327
bio_removed_ablation,7.0,7.05,0.01197346249181967
bio_removed_ablation,7.05,7.1,0.012899965473573452
bio_removed_ablation,7.1000000000000005,7.15,0.013897655431677982
bio_removed_ablation,7.15,7.2,0.014971920395926219
bio_removed_ablation,7.2,7.25,0.016128543029650673
bio_removed_ablation,7.25,7.3,0.017373727390144367
bio_removed_ablation,7.3,7.35,0.01871412714793417
bio_removed_ablation,7.3500000000000005,7.4,0.02015687528179633
bio_removed_ablation,7.4,7.45,0.021709615253170125
bio_removed_ablation,7.45,7.5,0.023380533647280675
bio_removed_ablation,7.5,7.55,0.02517839424830567
bio_removed_ablation,7.55,7.6,0.027112573491742672
bio_removed_ablation,7.6000000000000005,7.65,0.02919309720808336
bio_removed_ablation,7.65,7.7,0.03143067853725026
bio_removed_ablation,7.7,7.75,0.03383675685218588
bio_removed_ablation,7.75,7.8,0.03642353748156179
bio_removed_ablation,7.8,7.85,0.03920403196483452
bio_removed_ablation,7.8500000000000005,7.9,0.04219209850666338
bio_removed_ablation,7.9,7.95,0.04540248222087721
bio_removed_ablation,7.95,8.0,0.04885085466540493
bio_removed_ablation,8.0,8.05,0.052553852067560275
bio_removed_ablation,8.05,8.100000000000001,0.05652911152231575
bio_removed_ablation,8.1,8.15,0.06079530431336636
bio_removed_ablation,8.15,8.200000000000001,0.06537216535630119
bio_removed_ablation,8.2,8.25,0.07028051759385949
bio_removed_ablation,8.25,8.3,0.07554228998367539
bio_removed_ablation,8.3,8.350000000000001,0.08118052750820856
bio_removed_ablation,8.35,8.4,0.08721939140403175
bio_removed_ablation,8.4,8.450000000000001,0.0936841475531843
bio_removed_ablation,8.45,8.5,0.10060114070348125
bio_removed_ablation,8.5,8.55,0.10799775188904805
bio_removed_ablation,8.55,8.600000000000001,0.11590233610964924
bio_removed_ablation,8.6,8.65,0.12434413700204619
bio_removed_ablation,8.65,8.700000000000001,0.13335317490499202
bio_removed_ablation,8.700000000000001,8.750000000000002,0.14296010439045093
bio_removed_ablation,8.75,8.8,0.15319603701923068
bio_removed_ablation,8.8,8.850000000000001,0.16409232479498265
bio_removed_ablation,8.85,8.9,0.17568029955659187
bio_removed_ablation,8.9,8.950000000000001,0.1879909633904
bio_removed_ablation,8.950000000000001,9.000000000000002,0.20105462509141156
bio_removed_ablation,9.0,9.05,0.2149004777941693
bio_removed_ablation,9.05,9.100000000000001,0.22955611317385272
bio_removed_ablation,9.1,9.15,0.24504696813836851
bio_removed_ablation,9.15,9.200000000000001,0.2613957007524166
bio_removed_ablation,9.200000000000001,9.250000000000002,0.2786214933210505
bio_removed_ablation,9.25,9.3,0.2967392821856566
bio_removed_ablation,9.3,9.350000000000001,0.3157589159252743
bio_removed_ablation,9.35,9.4,0.33568424638671995
bio_removed_ablation,9.4,9.450000000000001,0.35651216035901834
bio_removed_ablation,9.450000000000001,9.500000000000002,0.37823156381938455
bio_removed_ablation,9.5,9.55,0.40082233554624974
bio_removed_ablation,9.55,9.600000000000001,0.424254272521725
bio_removed_ablation,9.6,9.65,0.44848605588446794
bio_removed_ablation,9.65,9.700000000000001,0.47346427313012646
bio_removed_ablation,9.700000000000001,9.750000000000002,0.4991225395886195
bio_removed_ablation,9.75,9.8,0.5253807696254713
bio_removed_ablation,9.8,9.850000000000001,0.5521446550783011
bio_removed_ablation,9.85,9.9,0.5793054145625782
bio_removed_ablation,9.9,9.950000000000001,0.6067398817186158
bio_removed_ablation,9.950000000000001,10.000000000000002,0.6343110023246418
bio_removed_ablation,10.0,10.05,0.6618688084345783
bio_removed_ablation,10.05,10.100000000000001,0.6892519311913926
bio_removed_ablation,10.1,10.15,0.7162897015877566
bio_removed_ablation,10.15,10.200000000000001,0.7428048691779399
bio_removed_ablation,10.200000000000001,10.250000000000002,0.7686169418468769
bio_removed_ablation,10.25,10.3,0.7935461149551519
bio_removed_ablation,10.3,10.350000000000001,0.8174177159622508
bio_removed_ablation,10.35,10.4,0.8400670424120004
bio_removed_ablation,10.4,10.450000000000001,0.8613444195604154
bio_removed_ablation,10.450000000000001,10.500000000000002,0.881120252886475
bio_removed_ablation,10.5,10.55,0.8992898055355558
bio_removed_ablation,10.55,10.600000000000001,0.9157773978073224
bio_removed_ablation,10.6,10.65,0.9305397121417103
bio_removed_ablation,10.65,10.700000000000001,0.9435678995043986
bio_removed_ablation,10.700000000000001,10.750000000000002,0.9548882271146285
bio_removed_ablation,10.75,10.8,0.9645610858772339
bio_removed_ablation,10.8,10.850000000000001,0.972678287352844
bio_removed_ablation,10.85,10.9,0.9793587180438017
bio_removed_ablation,10.9,10.950000000000001,0.9847425708296627
bio_removed_ablation,10.950000000000001,11.000000000000002,0.9889845219135024
bio_removed_ablation,11.0,11.05,0.9922463455124102
bio_removed_ablation,11.05,11.100000000000001,0.9946895362836086
bio_removed_ablation,11.1,11.15,0.9964685235208032
bio_removed_ablation,11.15,11.200000000000001,0.9977250022160541
bio_removed_ablation,11.200000000000001,11.250000000000002,0.9985837768616321
bio_removed_ablation,11.25,11.3,0.999150330564488
bio_removed_ablation,11.3,11.350000000000001,0.9995101227859137
bio_removed_ablation,11.35,11.4,0.9997294188772587
bio_removed_ablation,11.4,11.450000000000001,0.9998572980149979
bio_removed_ablation,11.450000000000001,11.500000000000002,0.9999283986746487
bio_removed_ablation,11.5,11.55,0.9999659525094711
bio_removed_ablation,11.55,11.600000000000001,0.9999847206334342
bio_removed_ablation,11.6,11.65,0.9999935579589994
bio_removed_ablation,11.65,11.700000000000001,0.9999974606142018
bio_removed_ablation,11.700000000000001,11.750000000000002,0.9999990690084671
bio_removed_ablation,11.75,11.8,0.9999996843380824
bio_removed_ablation,11.8,11.850000000000001,0.9999999016182303
bio_removed_ablation,11.85,11.9,0.9999999719989874
bio_removed_ablation,11.9,11.950000000000001,0.9999999927734955
bio_removed_ablation,11.950000000000001,12.000000000000002,0.9999999983217068
surface_x10_assumed,0.0,0.05,1.824328576447285e-06
surface_x10_assumed,0.05,0.1,1.96641471885808e-06
surface_x10_assumed,0.1,0.15000000000000002,2.1195670972148334e-06
surface_x10_assumed,0.15,0.2,2.284647592248576e-06
surface_x10_assumed,0.2,0.25,2.4625852109477607e-06
surface_x10_assumed,0.25,0.3,2.6543813145329207e-06
surface_x10_assumed,0.3,0.35,2.861115253593834e-06
surface_x10_assumed,0.35000000000000003,0.4,3.083950442096006e-06
surface_x10_assumed,0.4,0.45,3.324140904434221e-06
surface_x10_assumed,0.45,0.5,3.583038332375876e-06
surface_x10_assumed,0.5,0.55,3.862099691596956e-06
surface_x10_assumed,0.55,0.6000000000000001,4.1628954206160525e-06
surface_x10_assumed,0.6,0.65,4.487118268256659e-06
surface_x10_assumed,0.65,0.7000000000000001,4.836592819362112e-06
surface_x10_assumed,0.7000000000000001,0.7500000000000001,5.213285762364657e-06
surface_x10_assumed,0.75,0.8,5.619316956471107e-06
surface_x10_assumed,0.8,0.8500000000000001,6.056971360740775e-06
surface_x10_assumed,0.85,0.9,6.528711892167657e-06
surface_x10_assumed,0.9,0.9500000000000001,7.037193285107946e-06
surface_x10_assumed,0.9500000000000001,1.0,7.585277030033127e-06
surface_x10_assumed,1.0,1.05,8.176047475642137e-06
surface_x10_assumed,1.05,1.1,8.812829184930393e-06
surface_x10_assumed,1.1,1.1500000000000001,9.4992056428495e-06
surface_x10_assumed,1.1500000000000001,1.2000000000000002,1.0239039420795427e-05
surface_x10_assumed,1.2,1.25,1.1036493911367596e-05
surface_x10_assumed,1.25,1.3,1.1896056755643733e-05
surface_x10_assumed,1.3,1.35,1.2822565094763067e-05
surface_x10_assumed,1.35,1.4000000000000001,1.3821232787844646e-05
surface_x10_assumed,1.4000000000000001,1.4500000000000002,1.4897679749324897e-05
surface_x10_assumed,1.45,1.5,1.6057963570731745e-05
surface_x10_assumed,1.5,1.55,1.7308613604711517e-05
surface_x10_assumed,1.55,1.6,1.8656667703013233e-05
surface_x10_assumed,1.6,1.6500000000000001,2.010971181500969e-05
surface_x10_assumed,1.6500000000000001,1.7000000000000002,2.1675922669420452e-05
surface_x10_assumed,1.7,1.75,2.33641137792462e-05
surface_x10_assumed,1.75,1.8,2.5183785028536005e-05
surface_x10_assumed,1.8,1.85,2.714517611979776e-05
surface_x10_assumed,1.85,1.9000000000000001,2.925932418248842e-05
surface_x10_assumed,1.9000000000000001,1.9500000000000002,3.1538125866400177e-05
surface_x10_assumed,1.95,2.0,3.399440426897132e-05
surface_x10_assumed,2.0,2.05,3.664198107259956e-05
surface_x10_assumed,2.05,2.0999999999999996,3.9495754297378546e-05
surface_x10_assumed,2.1,2.15,4.2571782106097926e-05
surface_x10_assumed,2.15,2.1999999999999997,4.5887373132325144e-05
surface_x10_assumed,2.2,2.25,4.946118383901926e-05
surface_x10_assumed,2.25,2.3,5.3313323454390756e-05
surface_x10_assumed,2.3000000000000003,2.35,5.746546707440538e-05
surface_x10_assumed,2.35,2.4,6.194097756688937e-05
surface_x10_assumed,2.4,2.4499999999999997,6.676503696156295e-05
surface_x10_assumed,2.45,2.5,7.1964788063545e-05
surface_x10_assumed,2.5,2.55,7.75694870848031e-05
surface_x10_assumed,2.5500000000000003,2.6,8.361066815002105e-05
surface_x10_assumed,2.6,2.65,9.012232059945356e-05
surface_x10_assumed,2.65,2.6999999999999997,9.71410800829494e-05
surface_x10_assumed,2.7,2.75,0.00010470643451652114
surface_x10_assumed,2.75,2.8,0.00011286094605539616
surface_x10_assumed,2.8000000000000003,2.85,0.00012165049032735014
surface_x10_assumed,2.85,2.9,0.00013112451426590695
surface_x10_assumed,2.9,2.9499999999999997,0.00014133631398681744
surface_x10_assumed,2.95,3.0,0.0001523433342628458
surface_x10_assumed,3.0,3.05,0.00016420749127172397
surface_x10_assumed,3.0500000000000003,3.1,0.00017699552042184174
surface_x10_assumed,3.1,3.15,0.00019077935119909012
surface_x10_assumed,3.15,3.1999999999999997,0.00020563651112824165
surface_x10_assumed,3.2,3.25,0.00022165056110362317
surface_x10_assumed,3.25,3.3,0.00023891156451694693
surface_x10_assumed,3.3000000000000003,3.35,0.00025751659279735374
surface_x10_assumed,3.35,3.4,0.0002775702701791431
surface_x10_assumed,3.4,3.4499999999999997,0.0002991853607287899
surface_x10_assumed,3.45,3.5,0.00032248340089541814
surface_x10_assumed,3.5,3.55,0.00034759538109806085
surface_x10_assumed,3.5500000000000003,3.6,0.00037466248013231894
surface_x10_assumed,3.6,3.65,0.00040383685646704933
surface_x10_assumed,3.65,3.6999999999999997,0.00043528250081194855
surface_x10_assumed,3.7,3.75,0.00046917615467047827
surface_x10_assumed,3.75,3.8,0.0005057082999494741
surface_x10_assumed,3.8000000000000003,3.85,0.0005450842250819483
surface_x10_assumed,3.85,3.9,0.0005875251735311688
surface_x10_assumed,3.9,3.9499999999999997,0.0006332695809865967
surface_x10_assumed,3.95,4.0,0.0006825744080373642
surface_x10_assumed,4.0,4.05,0.0007357165756163033
surface_x10_assumed,4.05,4.1,0.0007929945110543764
surface_x10_assumed,4.1,4.1499999999999995,0.0008547298131675468
surface_x10_assumed,4.15,4.2,0.0009212690454244342
surface_x10_assumed,4.2,4.25,0.0009929856669108755
surface_x10_assumed,4.25,4.3,0.001070282111523229
surface_x10_assumed,4.3,4.35,0.0011535920265856113
surface_x10_assumed,4.3500000000000005,4.4,0.001243382682902399
surface_x10_assumed,4.4,4.45,0.001340157569127223
surface_x10_assumed,4.45,4.5,0.001444459184256943
surface_x10_assumed,4.5,4.55,0.0015568720430469334
surface_x10_assumed,4.55,4.6,0.0016780259101936061
surface_x10_assumed,4.6000000000000005,4.65,0.0018085992802461866
surface_x10_assumed,4.65,4.7,0.0019493231213931587
surface_x10_assumed,4.7,4.75,0.002100984902521713
surface_x10_assumed,4.75,4.8,0.0022644329242751176
surface_x10_assumed,4.8,4.85,0.0024405809762309714
surface_x10_assumed,4.8500000000000005,4.9,0.002630413343798149
surface_x10_assumed,4.9,4.95,0.002834990189978396
surface_x10_assumed,4.95,5.0,0.003055453338761458
surface_x10_assumed,5.0,5.05,0.0032930324886196257
surface_x10_assumed,5.05,5.1,0.0035490518863328904
surface_x10_assumed,5.1000000000000005,5.15,0.0038249374932088826
surface_x10_assumed,5.15,5.2,0.004122224677653911
surface_x10_assumed,5.2,5.25,0.00444256646999352
surface_x10_assumed,5.25,5.3,0.004787742417426139
surface_x10_assumed,5.3,5.35,0.005159668079001737
surface_x10_assumed,5.3500000000000005,5.4,0.005560405202536477
surface_x10_assumed,5.4,5.45,0.005992172627377441
surface_x10_assumed,5.45,5.5,0.006457357958891657
surface_x10_assumed,5.5,5.55,0.006958530062442316
surface_x10_assumed,5.55,5.6,0.007498452426380775
surface_x10_assumed,5.6000000000000005,5.65,0.008080097445187985
surface_x10_assumed,5.65,5.7,0.008706661675274447
surface_x10_assumed,5.7,5.75,0.00938158211702984
surface_x10_assumed,5.75,5.8,0.01010855357741353
surface_x10_assumed,5.8,5.85,0.010891547167599278
surface_x10_assumed,5.8500000000000005,5.9,0.011734829989814507
surface_x10_assumed,5.9,5.95,0.012642986066406604
surface_x10_assumed,5.95,6.0,0.013620938562171054
surface_x10_assumed,6.0,6.05,0.014673973347898576
surface_x10_assumed,6.05,6.1,0.015807763948725073
surface_x10_assumed,6.1000000000000005,6.15,0.017028397914948656
surface_x10_assumed,6.15,6.2,0.018342404645225997
surface_x10_assumed,6.2,6.25,0.01975678468213536
surface_x10_assumed,6.25,6.3,0.021279040487622594
surface_x10_assumed,6.3,6.35,0.022917208690389507
surface_x10_assumed,6.3500000000000005,6.4,0.02467989377834481
surface_x10_assumed,6.4,6.45,0.02657630318624995
surface_x10_assumed,6.45,6.5,0.028616283701032953
surface_x10_assumed,6.5,6.55,0.03081035907418094
surface_x10_assumed,6.55,6.6,0.033169768691367826
surface_x10_assumed,6.6000000000000005,6.65,0.03570650710314631
surface_x10_assumed,6.65,6.7,0.03843336416612782
surface_x10_assumed,6.7,6.75,0.041363965480549526
surface_x10_assumed,6.75,6.8,0.044512812736272535
surface_x10_assumed,6.8,6.85,0.04789532349385496
surface_x10_assumed,6.8500000000000005,6.9,0.051527869829023416
surface_x10_assumed,6.9,6.95,0.05542781515623677
surface_x10_assumed,6.95,7.0,0.059613548418683555
surface_x10_assumed,7.0,7.05,0.06410451468647334
surface_x10_assumed,7.05,7.1,0.0689212410406735
surface_x10_assumed,7.1000000000000005,7.15,0.07408535643682343
surface_x10_assumed,7.15,7.2,0.07961960403666168
surface_x10_assumed,7.2,7.25,0.08554784427018004
surface_x10_assumed,7.25,7.3,0.09189504664158352
surface_x10_assumed,7.3,7.35,0.09868726802254679
surface_x10_assumed,7.3500000000000005,7.4,0.10595161488569353
surface_x10_assumed,7.4,7.45,0.11371618662276248
surface_x10_assumed,7.45,7.5,0.1220099967694746
surface_x10_assumed,7.5,7.55,0.13086286862841567
surface_x10_assumed,7.55,7.6,0.1403053014504915
surface_x10_assumed,7.6000000000000005,7.65,0.1503683030157916
surface_x10_assumed,7.65,7.7,0.16108318416051698
surface_x10_assumed,7.7,7.75,0.1724813105469176
surface_x10_assumed,7.75,7.8,0.18459380679137852
surface_x10_assumed,7.8,7.85,0.1974512079814951
surface_x10_assumed,7.8500000000000005,7.9,0.2110830536614892
surface_x10_assumed,7.9,7.95,0.22551741958959667
surface_x10_assumed,7.95,8.0,0.2407803830207679
surface_x10_assumed,8.0,8.05,0.2568954180009726
surface_x10_assumed,8.05,8.100000000000001,0.27388271824006366
surface_x10_assumed,8.1,8.15,0.29175844662978473
surface_x10_assumed,8.15,8.200000000000001,0.31053391246679585
surface_x10_assumed,8.2,8.25,0.33021468000457843
surface_x10_assumed,8.25,8.3,0.3507996151649135
surface_x10_assumed,8.3,8.350000000000001,0.37227988115240207
surface_x10_assumed,8.35,8.4,0.3946378983775322
surface_x10_assumed,8.4,8.450000000000001,0.41784628951810426
surface_x10_assumed,8.45,8.5,0.4418668367033625
surface_x10_assumed,8.5,8.55,0.46664948459583566
surface_x10_assumed,8.55,8.600000000000001,0.49213143039670953
surface_x10_assumed,8.6,8.65,0.5182363492329346
surface_x10_assumed,8.65,8.700000000000001,0.544873810595192
surface_x10_assumed,8.700000000000001,8.750000000000002,0.5719389479396036
surface_x10_assumed,8.75,8.8,0.5993124485413857
surface_x10_assumed,8.8,8.850000000000001,0.6268609333363734
surface_x10_assumed,8.85,8.9,0.6544377958055698
surface_x10_assumed,8.9,8.950000000000001,0.6818845638431879
surface_x10_assumed,8.950000000000001,9.000000000000002,0.7090328378625954
surface_x10_assumed,9.0,9.05,0.7357068410748082
surface_x10_assumed,9.05,9.100000000000001,0.7617265930862664
surface_x10_assumed,9.1,9.15,0.7869116852949031
surface_x10_assumed,9.15,9.200000000000001,0.8110855962572692
surface_x10_assumed,9.200000000000001,9.250000000000002,0.8340804383969292
surface_x10_assumed,9.25,9.3,0.8557419764025966
surface_x10_assumed,9.3,9.350000000000001,0.8759347060055489
surface_x10_assumed,9.35,9.4,0.8945467344647461
surface_x10_assumed,9.4,9.450000000000001,0.9114941671629919
surface_x10_assumed,9.450000000000001,9.500000000000002,0.9267246851539577
surface_x10_assumed,9.5,9.55,0.9402200032784406
surface_x10_assumed,9.55,9.600000000000001,0.9519969335654587
surface_x10_assumed,9.6,9.65,0.9621068477049756
surface_x10_assumed,9.65,9.700000000000001,0.9706334353392628
surface_x10_assumed,9.700000000000001,9.750000000000002,0.9776887866917766
surface_x10_assumed,9.75,9.8,0.9834079778372282
surface_x10_assumed,9.8,9.850000000000001,0.9879424883798139
surface_x10_assumed,9.85,9.9,0.9914529140063733
surface_x10_assumed,9.9,9.950000000000001,0.9941015285690432
surface_x10_assumed,9.950000000000001,10.000000000000002,0.9960452829380371
surface_x10_assumed,10.0,10.05,0.9974297889156019
surface_x10_assumed,10.05,10.100000000000001,0.9983847252254464
surface_x10_assumed,10.1,10.15,0.9990209315563324
surface_x10_assumed,10.15,10.200000000000001,0.9994292511004057
surface_x10_assumed,10.200000000000001,10.250000000000002,0.9996809758484927
surface_x10_assumed,10.25,10.3,0.9998295775403365
surface_x10_assumed,10.3,10.350000000000001,0.9999132993215306
surface_x10_assumed,10.35,10.4,0.9999581535301272
surface_x10_assumed,10.4,10.450000000000001,0.9999809166136562
surface_x10_assumed,10.450000000000001,10.500000000000002,0.9999918135936289
surface_x10_assumed,10.5,10.55,0.9999967122113635
surface_x10_assumed,10.55,10.600000000000001,0.9999987701345384
surface_x10_assumed,10.6,10.65,0.9999995738610972
surface_x10_assumed,10.65,10.700000000000001,0.9999998640453124
surface_x10_assumed,10.700000000000001,10.750000000000002,0.9999999603179205
surface_x10_assumed,10.75,10.8,0.9999999894769355
surface_x10_assumed,10.8,10.850000000000001,0.9999999974835195
surface_x10_assumed,10.85,10.9,0.9999999994616662
surface_x10_assumed,10.9,10.950000000000001,0.9999999998978714
surface_x10_assumed,10.950000000000001,11.000000000000002,0.9999999999829777
surface_x10_assumed,11.0,11.05,0.9999999999975323
surface_x10_assumed,11.05,11.100000000000001,0.9999999999996922
surface_x10_assumed,11.1,11.15,0.9999999999999674
surface_x10_assumed,11.15,11.200000000000001,0.9999999999999971
surface_x10_assumed,11.200000000000001,11.250000000000002,0.9999999999999998
surface_x10_assumed,11.25,11.3,1.0
surface_x10_assumed,11.3,11.350000000000001,1.0
surface_x10_assumed,11.35,11.4,1.0
surface_x10_assumed,11.4,11.450000000000001,1.0
surface_x10_assumed,11.450000000000001,11.500000000000002,1.0
surface_x10_assumed,11.5,11.55,1.0
surface_x10_assumed,11.55,11.600000000000001,1.0
surface_x10_assumed,11.6,11.65,1.0
surface_x10_assumed,11.65,11.700000000000001,1.0
surface_x10_assumed,11.700000000000001,11.750000000000002,1.0
surface_x10_assumed,11.75,11.8,1.0
surface_x10_assumed,11.8,11.850000000000001,1.0
surface_x10_assumed,11.85,11.9,1.0
surface_x10_assumed,11.9,11.950000000000001,1.0
surface_x10_assumed,11.950000000000001,12.000000000000002,1.0
bio_slow_cooling,0.0,0.05,6.633960871943632e-07
bio_slow_cooling,0.05,0.1,7.150657409450988e-07
bio_slow_cooling,0.1,0.15000000000000002,7.707605277981511e-07
bio_slow_cooling,0.15,0.2,8.307944258062162e-07
bio_slow_cooling,0.2,0.25,8.955061308721814e-07
bio_slow_cooling,0.25,0.3,9.652611257427945e-07
bio_slow_cooling,0.3,0.35,1.0404539885508257e-06
bio_slow_cooling,0.35000000000000003,0.4,1.1215110022911539e-06
bio_slow_cooling,0.4,0.45,1.2088931546837696e-06
bio_slow_cooling,0.45,0.5,1.3030996608209095e-06
bio_slow_cooling,0.5,0.55,1.4046722068853799e-06
bio_slow_cooling,0.55,0.6000000000000001,1.5142002145460324e-06
bio_slow_cooling,0.6,0.65,1.632327581635799e-06
bio_slow_cooling,0.65,0.7000000000000001,1.7597615951702149e-06
bio_slow_cooling,0.7000000000000001,0.7500000000000001,1.8972850836448005e-06
bio_slow_cooling,0.75,0.8,2.0457734478809036e-06
bio_slow_cooling,0.8,0.8500000000000001,2.206219093222903e-06
bio_slow_cooling,0.85,0.9,2.3797671501383854e-06
bio_slow_cooling,0.9,0.9500000000000001,2.5677684771695422e-06
bio_slow_cooling,0.9500000000000001,1.0,2.7718591943720208e-06
bio_slow_cooling,1.0,1.05,2.9940810220062e-06
bio_slow_cooling,1.05,1.1,3.2370644641806e-06
bio_slow_cooling,1.1,1.1500000000000001,3.504308872540409e-06
bio_slow_cooling,1.1500000000000001,1.2000000000000002,3.8006119563183377e-06
bio_slow_cooling,1.2,1.25,4.132729933777172e-06
bio_slow_cooling,1.25,1.3,4.510393748852281e-06
bio_slow_cooling,1.3,1.35,4.947875106907713e-06
bio_slow_cooling,1.35,1.4000000000000001,5.4664016488173715e-06
bio_slow_cooling,1.4000000000000001,1.4500000000000002,6.097883674104251e-06
bio_slow_cooling,1.45,1.5,6.8906667895496385e-06
bio_slow_cooling,1.5,1.55,7.918414128777867e-06
bio_slow_cooling,1.55,1.6,9.293823177313492e-06
bio_slow_cooling,1.6,1.6500000000000001,1.1189811323220513e-05
bio_slow_cooling,1.6500000000000001,1.7000000000000002,1.3872239569432909e-05
bio_slow_cooling,1.7,1.75,1.775046115142403e-05
bio_slow_cooling,1.75,1.8,2.3455406984563128e-05
bio_slow_cooling,1.8,1.85,3.196021051178346e-05
bio_slow_cooling,1.85,1.9000000000000001,4.476654568620713e-05
bio_slow_cooling,1.9000000000000001,1.9500000000000002,6.419246956878014e-05
bio_slow_cooling,1.95,2.0,9.381703971925086e-05
bio_slow_cooling,2.0,2.05,0.0001391670340670043
bio_slow_cooling,2.05,2.0999999999999996,0.00020877745198002328
bio_slow_cooling,2.1,2.15,0.00031582887909206746
bio_slow_cooling,2.15,2.1999999999999997,0.00048067462159358883
bio_slow_cooling,2.2,2.25,0.0007347390125567393
bio_slow_cooling,2.25,2.3,0.0011265258118180901
bio_slow_cooling,2.3000000000000003,2.35,0.0017308668032998877
bio_slow_cooling,2.35,2.4,0.0026631291748742056
bio_slow_cooling,2.4,2.4499999999999997,0.004100971727425015
bio_slow_cooling,2.45,2.5,0.006317496982302709
bio_slow_cooling,2.5,2.55,0.009731377524947167
bio_slow_cooling,2.5500000000000003,2.6,0.014981715660136117
bio_slow_cooling,2.6,2.65,0.023037618673856473
bio_slow_cooling,2.65,2.6999999999999997,0.0353532918235534
bio_slow_cooling,2.7,2.75,0.05407490753417117
bio_slow_cooling,2.75,2.8,0.08228614476252678
bio_slow_cooling,2.8000000000000003,2.85,0.12422516067672462
bio_slow_cooling,2.85,2.9,0.1852817237786241
bio_slow_cooling,2.9,2.9499999999999997,0.27134913616388945
bio_slow_cooling,2.95,3.0,0.38679158242885026
bio_slow_cooling,3.0,3.05,0.5302426209551676
bio_slow_cooling,3.0500000000000003,3.1,0.6887789500312715
bio_slow_cooling,3.1,3.15,0.8352507932295447
bio_slow_cooling,3.15,3.1999999999999997,0.938335522835926
bio_slow_cooling,3.2,3.25,0.9864897300990668
bio_slow_cooling,3.25,3.3,0.9987059194025926
bio_slow_cooling,3.3000000000000003,3.35,0.9999654773154042
bio_slow_cooling,3.35,3.4,0.9999998721927852
bio_slow_cooling,3.4,3.4499999999999997,0.9999999999776178
bio_slow_cooling,3.45,3.5,1.0
bio_slow_cooling,3.5,3.55,1.0
bio_slow_cooling,3.5500000000000003,3.6,1.0
bio_slow_cooling,3.6,3.65,1.0
bio_slow_cooling,3.65,3.6999999999999997,1.0
bio_slow_cooling,3.7,3.75,1.0
bio_slow_cooling,3.75,3.8,1.0
bio_slow_cooling,3.8000000000000003,3.85,1.0
bio_slow_cooling,3.85,3.9,1.0
bio_slow_cooling,3.9,3.9499999999999997,1.0
bio_slow_cooling,3.95,4.0,1.0
bio_slow_cooling,4.0,4.05,1.0
bio_slow_cooling,4.05,4.1,1.0
bio_slow_cooling,4.1,4.1499999999999995,1.0
bio_slow_cooling,4.15,4.2,1.0
bio_slow_cooling,4.2,4.25,1.0
bio_slow_cooling,4.25,4.3,1.0
bio_slow_cooling,4.3,4.35,1.0
bio_slow_cooling,4.3500000000000005,4.4,1.0
bio_slow_cooling,4.4,4.45,1.0
bio_slow_cooling,4.45,4.5,1.0
bio_slow_cooling,4.5,4.55,1.0
bio_slow_cooling,4.55,4.6,1.0
bio_slow_cooling,4.6000000000000005,4.65,1.0
bio_slow_cooling,4.65,4.7,1.0
bio_slow_cooling,4.7,4.75,1.0
bio_slow_cooling,4.75,4.8,1.0
bio_slow_cooling,4.8,4.85,1.0
bio_slow_cooling,4.8500000000000005,4.9,1.0
bio_slow_cooling,4.9,4.95,1.0
bio_slow_cooling,4.95,5.0,1.0
bio_slow_cooling,5.0,5.05,1.0
bio_slow_cooling,5.05,5.1,1.0
bio_slow_cooling,5.1000000000000005,5.15,1.0
bio_slow_cooling,5.15,5.2,1.0
bio_slow_cooling,5.2,5.25,1.0
bio_slow_cooling,5.25,5.3,1.0
bio_slow_cooling,5.3,5.35,1.0
bio_slow_cooling,5.3500000000000005,5.4,1.0
bio_slow_cooling,5.4,5.45,1.0
bio_slow_cooling,5.45,5.5,1.0
bio_slow_cooling,5.5,5.55,1.0
bio_slow_cooling,5.55,5.6,1.0
bio_slow_cooling,5.6000000000000005,5.65,1.0
bio_slow_cooling,5.65,5.7,1.0
bio_slow_cooling,5.7,5.75,1.0
bio_slow_cooling,5.75,5.8,1.0
bio_slow_cooling,5.8,5.85,1.0
bio_slow_cooling,5.8500000000000005,5.9,1.0
bio_slow_cooling,5.9,5.95,1.0
bio_slow_cooling,5.95,6.0,1.0
bio_slow_cooling,6.0,6.05,1.0
bio_slow_cooling,6.05,6.1,1.0
bio_slow_cooling,6.1000000000000005,6.15,1.0
bio_slow_cooling,6.15,6.2,1.0
bio_slow_cooling,6.2,6.25,1.0
bio_slow_cooling,6.25,6.3,1.0
bio_slow_cooling,6.3,6.35,1.0
bio_slow_cooling,6.3500000000000005,6.4,1.0
bio_slow_cooling,6.4,6.45,1.0
bio_slow_cooling,6.45,6.5,1.0
bio_slow_cooling,6.5,6.55,1.0
bio_slow_cooling,6.55,6.6,1.0
bio_slow_cooling,6.6000000000000005,6.65,1.0
bio_slow_cooling,6.65,6.7,1.0
bio_slow_cooling,6.7,6.75,1.0
bio_slow_cooling,6.75,6.8,1.0
bio_slow_cooling,6.8,6.85,1.0
bio_slow_cooling,6.8500000000000005,6.9,1.0
bio_slow_cooling,6.9,6.95,1.0
bio_slow_cooling,6.95,7.0,1.0
bio_slow_cooling,7.0,7.05,1.0
bio_slow_cooling,7.05,7.1,1.0
bio_slow_cooling,7.1000000000000005,7.15,1.0
bio_slow_cooling,7.15,7.2,1.0
bio_slow_cooling,7.2,7.25,1.0
bio_slow_cooling,7.25,7.3,1.0
bio_slow_cooling,7.3,7.35,1.0
bio_slow_cooling,7.3500000000000005,7.4,1.0
bio_slow_cooling,7.4,7.45,1.0
bio_slow_cooling,7.45,7.5,1.0
bio_slow_cooling,7.5,7.55,1.0
bio_slow_cooling,7.55,7.6,1.0
bio_slow_cooling,7.6000000000000005,7.65,1.0
bio_slow_cooling,7.65,7.7,1.0
bio_slow_cooling,7.7,7.75,1.0
bio_slow_cooling,7.75,7.8,1.0
bio_slow_cooling,7.8,7.85,1.0
bio_slow_cooling,7.8500000000000005,7.9,1.0
bio_slow_cooling,7.9,7.95,1.0
bio_slow_cooling,7.95,8.0,1.0
bio_slow_cooling,8.0,8.05,1.0
bio_slow_cooling,8.05,8.100000000000001,1.0
bio_slow_cooling,8.1,8.15,1.0
bio_slow_cooling,8.15,8.200000000000001,1.0
bio_slow_cooling,8.2,8.25,1.0
bio_slow_cooling,8.25,8.3,1.0
bio_slow_cooling,8.3,8.350000000000001,1.0
bio_slow_cooling,8.35,8.4,1.0
bio_slow_cooling,8.4,8.450000000000001,1.0
bio_slow_cooling,8.45,8.5,1.0
bio_slow_cooling,8.5,8.55,1.0
bio_slow_cooling,8.55,8.600000000000001,1.0
bio_slow_cooling,8.6,8.65,1.0
bio_slow_cooling,8.65,8.700000000000001,1.0
bio_slow_cooling,8.700000000000001,8.750000000000002,1.0
bio_slow_cooling,8.75,8.8,1.0
bio_slow_cooling,8.8,8.850000000000001,1.0
bio_slow_cooling,8.85,8.9,1.0
bio_slow_cooling,8.9,8.950000000000001,1.0
bio_slow_cooling,8.950000000000001,9.000000000000002,1.0
bio_slow_cooling,9.0,9.05,1.0
bio_slow_cooling,9.05,9.100000000000001,1.0
bio_slow_cooling,9.1,9.15,1.0
bio_slow_cooling,9.15,9.200000000000001,1.0
bio_slow_cooling,9.200000000000001,9.250000000000002,1.0
bio_slow_cooling,9.25,9.3,1.0
bio_slow_cooling,9.3,9.350000000000001,1.0
bio_slow_cooling,9.35,9.4,1.0
bio_slow_cooling,9.4,9.450000000000001,1.0
bio_slow_cooling,9.450000000000001,9.500000000000002,1.0
bio_slow_cooling,9.5,9.55,1.0
bio_slow_cooling,9.55,9.600000000000001,1.0
bio_slow_cooling,9.6,9.65,1.0
bio_slow_cooling,9.65,9.700000000000001,1.0
bio_slow_cooling,9.700000000000001,9.750000000000002,1.0
bio_slow_cooling,9.75,9.8,1.0
bio_slow_cooling,9.8,9.850000000000001,1.0
bio_slow_cooling,9.85,9.9,1.0
bio_slow_cooling,9.9,9.950000000000001,1.0
bio_slow_cooling,9.950000000000001,10.000000000000002,1.0
bio_slow_cooling,10.0,10.05,1.0
bio_slow_cooling,10.05,10.100000000000001,1.0
bio_slow_cooling,10.1,10.15,1.0
bio_slow_cooling,10.15,10.200000000000001,1.0
bio_slow_cooling,10.200000000000001,10.250000000000002,1.0
bio_slow_cooling,10.25,10.3,1.0
bio_slow_cooling,10.3,10.350000000000001,1.0
bio_slow_cooling,10.35,10.4,1.0
bio_slow_cooling,10.4,10.450000000000001,1.0
bio_slow_cooling,10.450000000000001,10.500000000000002,1.0
bio_slow_cooling,10.5,10.55,1.0
bio_slow_cooling,10.55,10.600000000000001,1.0
bio_slow_cooling,10.6,10.65,1.0
bio_slow_cooling,10.65,10.700000000000001,1.0
bio_slow_cooling,10.700000000000001,10.750000000000002,1.0
bio_slow_cooling,10.75,10.8,1.0
bio_slow_cooling,10.8,10.850000000000001,1.0
bio_slow_cooling,10.85,10.9,1.0
bio_slow_cooling,10.9,10.950000000000001,1.0
bio_slow_cooling,10.950000000000001,11.000000000000002,1.0
bio_slow_cooling,11.0,11.05,1.0
bio_slow_cooling,11.05,11.100000000000001,1.0
bio_slow_cooling,11.1,11.15,1.0
bio_slow_cooling,11.15,11.200000000000001,1.0
bio_slow_cooling,11.200000000000001,11.250000000000002,1.0
bio_slow_cooling,11.25,11.3,1.0
bio_slow_cooling,11.3,11.350000000000001,1.0
bio_slow_cooling,11.35,11.4,1.0
bio_slow_cooling,11.4,11.450000000000001,1.0
bio_slow_cooling,11.450000000000001,11.500000000000002,1.0
bio_slow_cooling,11.5,11.55,1.0
bio_slow_cooling,11.55,11.600000000000001,1.0
bio_slow_cooling,11.6,11.65,1.0
bio_slow_cooling,11.65,11.700000000000001,1.0
bio_slow_cooling,11.700000000000001,11.750000000000002,1.0
bio_slow_cooling,11.75,11.8,1.0
bio_slow_cooling,11.8,11.850000000000001,1.0
bio_slow_cooling,11.85,11.9,1.0
bio_slow_cooling,11.9,11.950000000000001,1.0
bio_slow_cooling,11.950000000000001,12.000000000000002,1.0
bio_fast_cooling,0.0,0.05,1.6584906305745383e-07
bio_fast_cooling,0.05,0.1,1.7876648317245223e-07
bio_fast_cooling,0.1,0.15000000000000002,1.9269018764379322e-07
bio_fast_cooling,0.15,0.2,2.0769867115965206e-07
bio_fast_cooling,0.2,0.25,2.2387660789913746e-07
bio_fast_cooling,0.25,0.3,2.413153687853454e-07
bio_fast_cooling,0.3,0.35,2.6011359862631516e-07
bio_fast_cooling,0.35000000000000003,0.4,2.8037786849039017e-07
bio_fast_cooling,0.4,0.45,3.0222342567941333e-07
bio_fast_cooling,0.45,0.5,3.2577507439929146e-07
bio_fast_cooling,0.5,0.55,3.511682366999974e-07
bio_fast_cooling,0.55,0.6000000000000001,3.785502685869126e-07
bio_fast_cooling,0.6,0.65,4.0808214520543766e-07
bio_fast_cooling,0.65,0.7000000000000001,4.399406891141835e-07
bio_fast_cooling,0.7000000000000001,0.7500000000000001,4.7432160838257565e-07
bio_fast_cooling,0.75,0.8,5.114437543321628e-07
bio_fast_cooling,0.8,0.8500000000000001,5.515552296253149e-07
bio_fast_cooling,0.85,0.9,5.949423184689293e-07
bio_fast_cooling,0.9,0.9500000000000001,6.419427374278383e-07
bio_fast_cooling,0.9500000000000001,1.0,6.92965518894488e-07
bio_fast_cooling,1.0,1.05,7.485210959268771e-07
bio_fast_cooling,1.05,1.1,8.092670984144748e-07
bio_fast_cooling,1.1,1.1500000000000001,8.760783694043939e-07
bio_fast_cooling,1.1500000000000001,1.2000000000000002,9.501543432686406e-07
bio_fast_cooling,1.2,1.25,1.033184084647219e-06
bio_fast_cooling,1.25,1.3,1.1276003444354416e-06
bio_fast_cooling,1.3,1.35,1.2369710718711846e-06
bio_fast_cooling,1.35,1.4000000000000001,1.3666032136083057e-06
bio_fast_cooling,1.4000000000000001,1.4500000000000002,1.524474404555835e-06
bio_fast_cooling,1.45,1.5,1.7226711487761278e-06
bio_fast_cooling,1.5,1.55,1.979609410466836e-06
bio_fast_cooling,1.55,1.6,2.3234638920425157e-06
bio_fast_cooling,1.6,1.6500000000000001,2.7974645694952623e-06
bio_fast_cooling,1.6500000000000001,1.7000000000000002,3.468077933663345e-06
bio_fast_cooling,1.7,1.75,4.4376448268060334e-06
bio_fast_cooling,1.75,1.8,5.863903323982439e-06
bio_fast_cooling,1.8,1.85,7.990148391142723e-06
bio_fast_cooling,1.85,1.9000000000000001,1.1191824305546862e-05
bio_fast_cooling,1.9000000000000001,1.9500000000000002,1.604850371976915e-05
bio_fast_cooling,1.95,2.0,2.3455085128436765e-05
bio_fast_cooling,2.0,2.05,3.479357436385611e-05
bio_fast_cooling,2.05,2.0999999999999996,5.219844987003695e-05
bio_fast_cooling,2.1,2.15,7.896657286005708e-05
bio_fast_cooling,2.15,2.1999999999999997,0.00012019032223255196
bio_fast_cooling,2.2,2.25,0.00018373538497434104
bio_fast_cooling,2.25,2.3,0.0002817505056109177
bio_fast_cooling,2.3000000000000003,2.35,0.00043299785035985633
bio_fast_cooling,2.35,2.4,0.0006664482276228822
bio_fast_cooling,2.4,2.4499999999999997,0.0010268233989250658
bio_fast_cooling,2.45,2.5,0.0015831297289564947
bio_fast_cooling,2.5,2.55,0.002441773216305635
bio_fast_cooling,2.5500000000000003,2.6,0.003766657083512196
bio_fast_cooling,2.6,2.65,0.005809840211465564
bio_fast_cooling,2.65,2.6999999999999997,0.008957973668878516
bio_fast_cooling,2.7,2.75,0.013801843141213998
bio_fast_cooling,2.75,2.8,0.02123862558101425
bio_fast_cooling,2.8000000000000003,2.85,0.03261774665654682
bio_fast_cooling,2.85,2.9,0.049938181797023286
bio_fast_cooling,2.9,2.9499999999999997,0.0760895675514412
bio_fast_cooling,2.95,3.0,0.11508404200275504
bio_fast_cooling,3.0,3.05,0.17211807141331753
bio_fast_cooling,3.0500000000000003,3.1,0.25309177681004863
bio_fast_cooling,3.1,3.15,0.36290259950910075
bio_fast_cooling,3.15,3.1999999999999997,0.5016794887862954
bio_fast_cooling,3.2,3.25,0.6590693815432278
bio_fast_cooling,3.25,3.3,0.8103336304113313
bio_fast_cooling,3.3000000000000003,3.35,0.9233475324210302
bio_fast_cooling,3.35,3.4,0.9810922939142271
bio_fast_cooling,3.4,3.4499999999999997,0.9978249172000065
bio_fast_cooling,3.45,3.5,0.9999229976505313
bio_fast_cooling,3.5,3.55,0.9999995586262016
bio_fast_cooling,3.5500000000000003,3.6,0.9999999998481316
bio_fast_cooling,3.6,3.65,0.9999999999999993
bio_fast_cooling,3.65,3.6999999999999997,1.0
bio_fast_cooling,3.7,3.75,1.0
bio_fast_cooling,3.75,3.8,1.0
bio_fast_cooling,3.8000000000000003,3.85,1.0
bio_fast_cooling,3.85,3.9,1.0
bio_fast_cooling,3.9,3.9499999999999997,1.0
bio_fast_cooling,3.95,4.0,1.0
bio_fast_cooling,4.0,4.05,1.0
bio_fast_cooling,4.05,4.1,1.0
bio_fast_cooling,4.1,4.1499999999999995,1.0
bio_fast_cooling,4.15,4.2,1.0
bio_fast_cooling,4.2,4.25,1.0
bio_fast_cooling,4.25,4.3,1.0
bio_fast_cooling,4.3,4.35,1.0
bio_fast_cooling,4.3500000000000005,4.4,1.0
bio_fast_cooling,4.4,4.45,1.0
bio_fast_cooling,4.45,4.5,1.0
bio_fast_cooling,4.5,4.55,1.0
bio_fast_cooling,4.55,4.6,1.0
bio_fast_cooling,4.6000000000000005,4.65,1.0
bio_fast_cooling,4.65,4.7,1.0
bio_fast_cooling,4.7,4.75,1.0
bio_fast_cooling,4.75,4.8,1.0
bio_fast_cooling,4.8,4.85,1.0
bio_fast_cooling,4.8500000000000005,4.9,1.0
bio_fast_cooling,4.9,4.95,1.0
bio_fast_cooling,4.95,5.0,1.0
bio_fast_cooling,5.0,5.05,1.0
bio_fast_cooling,5.05,5.1,1.0
bio_fast_cooling,5.1000000000000005,5.15,1.0
bio_fast_cooling,5.15,5.2,1.0
bio_fast_cooling,5.2,5.25,1.0
bio_fast_cooling,5.25,5.3,1.0
bio_fast_cooling,5.3,5.35,1.0
bio_fast_cooling,5.3500000000000005,5.4,1.0
bio_fast_cooling,5.4,5.45,1.0
bio_fast_cooling,5.45,5.5,1.0
bio_fast_cooling,5.5,5.55,1.0
bio_fast_cooling,5.55,5.6,1.0
bio_fast_cooling,5.6000000000000005,5.65,1.0
bio_fast_cooling,5.65,5.7,1.0
bio_fast_cooling,5.7,5.75,1.0
bio_fast_cooling,5.75,5.8,1.0
bio_fast_cooling,5.8,5.85,1.0
bio_fast_cooling,5.8500000000000005,5.9,1.0
bio_fast_cooling,5.9,5.95,1.0
bio_fast_cooling,5.95,6.0,1.0
bio_fast_cooling,6.0,6.05,1.0
bio_fast_cooling,6.05,6.1,1.0
bio_fast_cooling,6.1000000000000005,6.15,1.0
bio_fast_cooling,6.15,6.2,1.0
bio_fast_cooling,6.2,6.25,1.0
bio_fast_cooling,6.25,6.3,1.0
bio_fast_cooling,6.3,6.35,1.0
bio_fast_cooling,6.3500000000000005,6.4,1.0
bio_fast_cooling,6.4,6.45,1.0
bio_fast_cooling,6.45,6.5,1.0
bio_fast_cooling,6.5,6.55,1.0
bio_fast_cooling,6.55,6.6,1.0
bio_fast_cooling,6.6000000000000005,6.65,1.0
bio_fast_cooling,6.65,6.7,1.0
bio_fast_cooling,6.7,6.75,1.0
bio_fast_cooling,6.75,6.8,1.0
bio_fast_cooling,6.8,6.85,1.0
bio_fast_cooling,6.8500000000000005,6.9,1.0
bio_fast_cooling,6.9,6.95,1.0
bio_fast_cooling,6.95,7.0,1.0
bio_fast_cooling,7.0,7.05,1.0
bio_fast_cooling,7.05,7.1,1.0
bio_fast_cooling,7.1000000000000005,7.15,1.0
bio_fast_cooling,7.15,7.2,1.0
bio_fast_cooling,7.2,7.25,1.0
bio_fast_cooling,7.25,7.3,1.0
bio_fast_cooling,7.3,7.35,1.0
bio_fast_cooling,7.3500000000000005,7.4,1.0
bio_fast_cooling,7.4,7.45,1.0
bio_fast_cooling,7.45,7.5,1.0
bio_fast_cooling,7.5,7.55,1.0
bio_fast_cooling,7.55,7.6,1.0
bio_fast_cooling,7.6000000000000005,7.65,1.0
bio_fast_cooling,7.65,7.7,1.0
bio_fast_cooling,7.7,7.75,1.0
bio_fast_cooling,7.75,7.8,1.0
bio_fast_cooling,7.8,7.85,1.0
bio_fast_cooling,7.8500000000000005,7.9,1.0
bio_fast_cooling,7.9,7.95,1.0
bio_fast_cooling,7.95,8.0,1.0
bio_fast_cooling,8.0,8.05,1.0
bio_fast_cooling,8.05,8.100000000000001,1.0
bio_fast_cooling,8.1,8.15,1.0
bio_fast_cooling,8.15,8.200000000000001,1.0
bio_fast_cooling,8.2,8.25,1.0
bio_fast_cooling,8.25,8.3,1.0
bio_fast_cooling,8.3,8.350000000000001,1.0
bio_fast_cooling,8.35,8.4,1.0
bio_fast_cooling,8.4,8.450000000000001,1.0
bio_fast_cooling,8.45,8.5,1.0
bio_fast_cooling,8.5,8.55,1.0
bio_fast_cooling,8.55,8.600000000000001,1.0
bio_fast_cooling,8.6,8.65,1.0
bio_fast_cooling,8.65,8.700000000000001,1.0
bio_fast_cooling,8.700000000000001,8.750000000000002,1.0
bio_fast_cooling,8.75,8.8,1.0
bio_fast_cooling,8.8,8.850000000000001,1.0
bio_fast_cooling,8.85,8.9,1.0
bio_fast_cooling,8.9,8.950000000000001,1.0
bio_fast_cooling,8.950000000000001,9.000000000000002,1.0
bio_fast_cooling,9.0,9.05,1.0
bio_fast_cooling,9.05,9.100000000000001,1.0
bio_fast_cooling,9.1,9.15,1.0
bio_fast_cooling,9.15,9.200000000000001,1.0
bio_fast_cooling,9.200000000000001,9.250000000000002,1.0
bio_fast_cooling,9.25,9.3,1.0
bio_fast_cooling,9.3,9.350000000000001,1.0
bio_fast_cooling,9.35,9.4,1.0
bio_fast_cooling,9.4,9.450000000000001,1.0
bio_fast_cooling,9.450000000000001,9.500000000000002,1.0
bio_fast_cooling,9.5,9.55,1.0
bio_fast_cooling,9.55,9.600000000000001,1.0
bio_fast_cooling,9.6,9.65,1.0
bio_fast_cooling,9.65,9.700000000000001,1.0
bio_fast_cooling,9.700000000000001,9.750000000000002,1.0
bio_fast_cooling,9.75,9.8,1.0
bio_fast_cooling,9.8,9.850000000000001,1.0
bio_fast_cooling,9.85,9.9,1.0
bio_fast_cooling,9.9,9.950000000000001,1.0
bio_fast_cooling,9.950000000000001,10.000000000000002,1.0
bio_fast_cooling,10.0,10.05,1.0
bio_fast_cooling,10.05,10.100000000000001,1.0
bio_fast_cooling,10.1,10.15,1.0
bio_fast_cooling,10.15,10.200000000000001,1.0
bio_fast_cooling,10.200000000000001,10.250000000000002,1.0
bio_fast_cooling,10.25,10.3,1.0
bio_fast_cooling,10.3,10.350000000000001,1.0
bio_fast_cooling,10.35,10.4,1.0
bio_fast_cooling,10.4,10.450000000000001,1.0
bio_fast_cooling,10.450000000000001,10.500000000000002,1.0
bio_fast_cooling,10.5,10.55,1.0
bio_fast_cooling,10.55,10.600000000000001,1.0
bio_fast_cooling,10.6,10.65,1.0
bio_fast_cooling,10.65,10.700000000000001,1.0
bio_fast_cooling,10.700000000000001,10.750000000000002,1.0
bio_fast_cooling,10.75,10.8,1.0
bio_fast_cooling,10.8,10.850000000000001,1.0
bio_fast_cooling,10.85,10.9,1.0
bio_fast_cooling,10.9,10.950000000000001,1.0
bio_fast_cooling,10.950000000000001,11.000000000000002,1.0
bio_fast_cooling,11.0,11.05,1.0
bio_fast_cooling,11.05,11.100000000000001,1.0
bio_fast_cooling,11.1,11.15,1.0
bio_fast_cooling,11.15,11.200000000000001,1.0
bio_fast_cooling,11.200000000000001,11.250000000000002,1.0
bio_fast_cooling,11.25,11.3,1.0
bio_fast_cooling,11.3,11.350000000000001,1.0
bio_fast_cooling,11.35,11.4,1.0
bio_fast_cooling,11.4,11.450000000000001,1.0
bio_fast_cooling,11.450000000000001,11.500000000000002,1.0
bio_fast_cooling,11.5,11.55,1.0
bio_fast_cooling,11.55,11.600000000000001,1.0
bio_fast_cooling,11.6,11.65,1.0
bio_fast_cooling,11.65,11.700000000000001,1.0
bio_fast_cooling,11.700000000000001,11.750000000000002,1.0
bio_fast_cooling,11.75,11.8,1.0
bio_fast_cooling,11.8,11.850000000000001,1.0
bio_fast_cooling,11.85,11.9,1.0
bio_fast_cooling,11.9,11.950000000000001,1.0
bio_fast_cooling,11.950000000000001,12.000000000000002,1.0
bio_half_volume,0.0,0.05,2.487731477089432e-07
bio_half_volume,0.05,0.1,2.6814903830167844e-07
bio_half_volume,0.1,0.15000000000000002,2.890342255063475e-07
bio_half_volume,0.15,0.2,3.1154638065570674e-07
bio_half_volume,0.2,0.25,3.358124058070421e-07
bio_half_volume,0.25,0.3,3.6196918863691565e-07
bio_half_volume,0.3,0.35,3.9016443573224017e-07
bio_half_volume,0.35000000000000003,0.4,4.205576010655792e-07
bio_half_volume,0.4,0.45,4.533209335718127e-07
bio_half_volume,0.45,0.5,4.886406786006097e-07
bio_half_volume,0.5,0.55,5.267184846216732e-07
bio_half_volume,0.55,0.6000000000000001,5.677730920306653e-07
bio_half_volume,0.6,0.65,6.12042420054846e-07
bio_half_volume,0.65,0.7000000000000001,6.597862280343096e-07
bio_half_volume,0.7000000000000001,0.7500000000000001,7.112896202513473e-07
bio_half_volume,0.75,0.8,7.668678067531966e-07
bio_half_volume,0.8,0.8500000000000001,8.268727537027603e-07
bio_half_volume,0.85,0.9,8.917026980755434e-07
bio_half_volume,0.9,0.9500000000000001,9.618160284855046e-07
bio_half_volume,0.9500000000000001,1.0,1.0377518477300382e-06
bio_half_volume,1.0,1.05,1.1201607895838419e-06
bio_half_volume,1.05,1.1,1.2098516039155767e-06
bio_half_volume,1.1,1.1500000000000001,1.3078620233903166e-06
bio_half_volume,1.1500000000000001,1.2000000000000002,1.4155670582094537e-06
bio_half_volume,1.2,1.25,1.5348450229570972e-06
bio_half_volume,1.25,1.3,1.6683326573399888e-06
bio_half_volume,1.3,1.35,1.8198177858025757e-06
bio_half_volume,1.35,1.4000000000000001,1.994844353250438e-06
bio_half_volume,1.4000000000000001,1.4500000000000002,2.2016454484367703e-06
bio_half_volume,1.45,1.5,2.452582920498867e-06
bio_half_volume,1.5,1.55,2.7663695162385764e-06
bio_half_volume,1.55,1.6,3.1714998230183115e-06
bio_half_volume,1.6,1.6500000000000001,3.7115485954100962e-06
bio_half_volume,1.6500000000000001,1.7000000000000002,4.4533539219598345e-06
bio_half_volume,1.7,1.75,5.499657128393246e-06
bio_half_volume,1.75,1.8,7.008627871882506e-06
bio_half_volume,1.8,1.85,9.224026159901087e-06
bio_half_volume,1.85,1.9000000000000001,1.2521797274524748e-05
bio_half_volume,1.9000000000000001,1.9500000000000002,1.748205346748454e-05
bio_half_volume,1.95,2.0,2.500027414990427e-05
bio_half_volume,2.0,2.05,3.6459090134904705e-05
bio_half_volume,2.05,2.0999999999999996,5.399365155936526e-05
bio_half_volume,2.1,2.15,8.090154037380448e-05
bio_half_volume,2.15,2.1999999999999997,0.000122275906904971
bio_half_volume,2.2,2.25,0.0001859832605878232
bio_half_volume,2.25,2.3,0.0002841732173664046
bio_half_volume,2.3000000000000003,2.35,0.000435608857637828
bio_half_volume,2.35,2.4,0.0006692619334006379
bio_half_volume,2.4,2.4499999999999997,0.0010298551537634274
bio_half_volume,2.45,2.5,0.001586395789248909
bio_half_volume,2.5,2.55,0.0024452906228912483
bio_half_volume,2.5500000000000003,2.6,0.0037704434044003596
bio_half_volume,2.6,2.65,0.005813913055940419
bio_half_volume,2.65,2.6999999999999997,0.008962349821447377
bio_half_volume,2.7,2.75,0.013806537070914648
bio_half_volume,2.75,2.8,0.021243646939437293
bio_half_volume,2.8000000000000003,2.85,0.03262309617285119
bio_half_volume,2.85,2.9,0.04994384471481238
bio_half_volume,2.9,2.9499999999999997,0.07609550350163796
bio_half_volume,2.95,3.0,0.1150901702232358
bio_half_volume,3.0,3.05,0.17212425118922223
bio_half_volume,3.0500000000000003,3.1,0.25309778638179964
bio_half_volume,3.1,3.15,0.3629081247862475
bio_half_volume,3.15,3.1999999999999997,0.5016841471021984
bio_half_volume,3.2,3.25,0.6590728167913253
bio_half_volume,3.25,3.3,0.8103356903502774
bio_half_volume,3.3000000000000003,3.35,0.9233484297714283
bio_half_volume,3.35,3.4,0.981092532501158
bio_half_volume,3.4,3.4499999999999997,0.9978249467839099
bio_half_volume,3.45,3.5,0.9999229987794314
bio_half_volume,3.5,3.55,0.9999995586331764
bio_half_volume,3.5500000000000003,3.6,0.9999999998481343
bio_half_volume,3.6,3.65,0.9999999999999993
bio_half_volume,3.65,3.6999999999999997,1.0
bio_half_volume,3.7,3.75,1.0
bio_half_volume,3.75,3.8,1.0
bio_half_volume,3.8000000000000003,3.85,1.0
bio_half_volume,3.85,3.9,1.0
bio_half_volume,3.9,3.9499999999999997,1.0
bio_half_volume,3.95,4.0,1.0
bio_half_volume,4.0,4.05,1.0
bio_half_volume,4.05,4.1,1.0
bio_half_volume,4.1,4.1499999999999995,1.0
bio_half_volume,4.15,4.2,1.0
bio_half_volume,4.2,4.25,1.0
bio_half_volume,4.25,4.3,1.0
bio_half_volume,4.3,4.35,1.0
bio_half_volume,4.3500000000000005,4.4,1.0
bio_half_volume,4.4,4.45,1.0
bio_half_volume,4.45,4.5,1.0
bio_half_volume,4.5,4.55,1.0
bio_half_volume,4.55,4.6,1.0
bio_half_volume,4.6000000000000005,4.65,1.0
bio_half_volume,4.65,4.7,1.0
bio_half_volume,4.7,4.75,1.0
bio_half_volume,4.75,4.8,1.0
bio_half_volume,4.8,4.85,1.0
bio_half_volume,4.8500000000000005,4.9,1.0
bio_half_volume,4.9,4.95,1.0
bio_half_volume,4.95,5.0,1.0
bio_half_volume,5.0,5.05,1.0
bio_half_volume,5.05,5.1,1.0
bio_half_volume,5.1000000000000005,5.15,1.0
bio_half_volume,5.15,5.2,1.0
bio_half_volume,5.2,5.25,1.0
bio_half_volume,5.25,5.3,1.0
bio_half_volume,5.3,5.35,1.0
bio_half_volume,5.3500000000000005,5.4,1.0
bio_half_volume,5.4,5.45,1.0
bio_half_volume,5.45,5.5,1.0
bio_half_volume,5.5,5.55,1.0
bio_half_volume,5.55,5.6,1.0
bio_half_volume,5.6000000000000005,5.65,1.0
bio_half_volume,5.65,5.7,1.0
bio_half_volume,5.7,5.75,1.0
bio_half_volume,5.75,5.8,1.0
bio_half_volume,5.8,5.85,1.0
bio_half_volume,5.8500000000000005,5.9,1.0
bio_half_volume,5.9,5.95,1.0
bio_half_volume,5.95,6.0,1.0
bio_half_volume,6.0,6.05,1.0
bio_half_volume,6.05,6.1,1.0
bio_half_volume,6.1000000000000005,6.15,1.0
bio_half_volume,6.15,6.2,1.0
bio_half_volume,6.2,6.25,1.0
bio_half_volume,6.25,6.3,1.0
bio_half_volume,6.3,6.35,1.0
bio_half_volume,6.3500000000000005,6.4,1.0
bio_half_volume,6.4,6.45,1.0
bio_half_volume,6.45,6.5,1.0
bio_half_volume,6.5,6.55,1.0
bio_half_volume,6.55,6.6,1.0
bio_half_volume,6.6000000000000005,6.65,1.0
bio_half_volume,6.65,6.7,1.0
bio_half_volume,6.7,6.75,1.0
bio_half_volume,6.75,6.8,1.0
bio_half_volume,6.8,6.85,1.0
bio_half_volume,6.8500000000000005,6.9,1.0
bio_half_volume,6.9,6.95,1.0
bio_half_volume,6.95,7.0,1.0
bio_half_volume,7.0,7.05,1.0
bio_half_volume,7.05,7.1,1.0
bio_half_volume,7.1000000000000005,7.15,1.0
bio_half_volume,7.15,7.2,1.0
bio_half_volume,7.2,7.25,1.0
bio_half_volume,7.25,7.3,1.0
bio_half_volume,7.3,7.35,1.0
bio_half_volume,7.3500000000000005,7.4,1.0
bio_half_volume,7.4,7.45,1.0
bio_half_volume,7.45,7.5,1.0
bio_half_volume,7.5,7.55,1.0
bio_half_volume,7.55,7.6,1.0
bio_half_volume,7.6000000000000005,7.65,1.0
bio_half_volume,7.65,7.7,1.0
bio_half_volume,7.7,7.75,1.0
bio_half_volume,7.75,7.8,1.0
bio_half_volume,7.8,7.85,1.0
bio_half_volume,7.8500000000000005,7.9,1.0
bio_half_volume,7.9,7.95,1.0
bio_half_volume,7.95,8.0,1.0
bio_half_volume,8.0,8.05,1.0
bio_half_volume,8.05,8.100000000000001,1.0
bio_half_volume,8.1,8.15,1.0
bio_half_volume,8.15,8.200000000000001,1.0
bio_half_volume,8.2,8.25,1.0
bio_half_volume,8.25,8.3,1.0
bio_half_volume,8.3,8.350000000000001,1.0
bio_half_volume,8.35,8.4,1.0
bio_half_volume,8.4,8.450000000000001,1.0
bio_half_volume,8.45,8.5,1.0
bio_half_volume,8.5,8.55,1.0
bio_half_volume,8.55,8.600000000000001,1.0
bio_half_volume,8.6,8.65,1.0
bio_half_volume,8.65,8.700000000000001,1.0
bio_half_volume,8.700000000000001,8.750000000000002,1.0
bio_half_volume,8.75,8.8,1.0
bio_half_volume,8.8,8.850000000000001,1.0
bio_half_volume,8.85,8.9,1.0
bio_half_volume,8.9,8.950000000000001,1.0
bio_half_volume,8.950000000000001,9.000000000000002,1.0
bio_half_volume,9.0,9.05,1.0
bio_half_volume,9.05,9.100000000000001,1.0
bio_half_volume,9.1,9.15,1.0
bio_half_volume,9.15,9.200000000000001,1.0
bio_half_volume,9.200000000000001,9.250000000000002,1.0
bio_half_volume,9.25,9.3,1.0
bio_half_volume,9.3,9.350000000000001,1.0
bio_half_volume,9.35,9.4,1.0
bio_half_volume,9.4,9.450000000000001,1.0
bio_half_volume,9.450000000000001,9.500000000000002,1.0
bio_half_volume,9.5,9.55,1.0
bio_half_volume,9.55,9.600000000000001,1.0
bio_half_volume,9.6,9.65,1.0
bio_half_volume,9.65,9.700000000000001,1.0
bio_half_volume,9.700000000000001,9.750000000000002,1.0
bio_half_volume,9.75,9.8,1.0
bio_half_volume,9.8,9.850000000000001,1.0
bio_half_volume,9.85,9.9,1.0
bio_half_volume,9.9,9.950000000000001,1.0
bio_half_volume,9.950000000000001,10.000000000000002,1.0
bio_half_volume,10.0,10.05,1.0
bio_half_volume,10.05,10.100000000000001,1.0
bio_half_volume,10.1,10.15,1.0
bio_half_volume,10.15,10.200000000000001,1.0
bio_half_volume,10.200000000000001,10.250000000000002,1.0
bio_half_volume,10.25,10.3,1.0
bio_half_volume,10.3,10.350000000000001,1.0
bio_half_volume,10.35,10.4,1.0
bio_half_volume,10.4,10.450000000000001,1.0
bio_half_volume,10.450000000000001,10.500000000000002,1.0
bio_half_volume,10.5,10.55,1.0
bio_half_volume,10.55,10.600000000000001,1.0
bio_half_volume,10.6,10.65,1.0
bio_half_volume,10.65,10.700000000000001,1.0
bio_half_volume,10.700000000000001,10.750000000000002,1.0
bio_half_volume,10.75,10.8,1.0
bio_half_volume,10.8,10.850000000000001,1.0
bio_half_volume,10.85,10.9,1.0
bio_half_volume,10.9,10.950000000000001,1.0
bio_half_volume,10.950000000000001,11.000000000000002,1.0
bio_half_volume,11.0,11.05,1.0
bio_half_volume,11.05,11.100000000000001,1.0
bio_half_volume,11.1,11.15,1.0
bio_half_volume,11.15,11.200000000000001,1.0
bio_half_volume,11.200000000000001,11.250000000000002,1.0
bio_half_volume,11.25,11.3,1.0
bio_half_volume,11.3,11.350000000000001,1.0
bio_half_volume,11.35,11.4,1.0
bio_half_volume,11.4,11.450000000000001,1.0
bio_half_volume,11.450000000000001,11.500000000000002,1.0
bio_half_volume,11.5,11.55,1.0
bio_half_volume,11.55,11.600000000000001,1.0
bio_half_volume,11.6,11.65,1.0
bio_half_volume,11.65,11.700000000000001,1.0
bio_half_volume,11.700000000000001,11.750000000000002,1.0
bio_half_volume,11.75,11.8,1.0
bio_half_volume,11.8,11.850000000000001,1.0
bio_half_volume,11.85,11.9,1.0
bio_half_volume,11.9,11.950000000000001,1.0
bio_half_volume,11.950000000000001,12.000000000000002,1.0
bio_double_volume,0.0,0.05,4.975479797794544e-07
bio_double_volume,0.05,0.1,5.363007025905418e-07
bio_double_volume,0.1,0.15000000000000002,5.780725356138117e-07
bio_double_volume,0.15,0.2,6.23099103875236e-07
bio_double_volume,0.2,0.25,6.716346478263207e-07
bio_double_volume,0.25,0.3,7.239536170613204e-07
bio_double_volume,0.3,0.35,7.803524665672273e-07
bio_double_volume,0.35000000000000003,0.4,8.411517140094287e-07
bio_double_volume,0.4,0.45,9.066983443987829e-07
bio_double_volume,0.45,0.5,9.773686911879149e-07
bio_double_volume,0.5,0.55,1.0535719884742982e-06
bio_double_volume,0.55,0.6000000000000001,1.1357548900246947e-06
bio_double_volume,0.6,0.65,1.2244074065327412e-06
bio_double_volume,0.65,0.7000000000000001,1.3200709526475962e-06
bio_double_volume,0.7000000000000001,0.7500000000000001,1.4233495658398208e-06
bio_double_volume,0.75,0.8,1.5349259311244483e-06
bio_double_volume,0.8,0.8500000000000001,1.6555847287853812e-06
bio_double_volume,0.85,0.9,1.7862471860564177e-06
bio_double_volume,0.9,0.9500000000000001,1.9280228201389314e-06
bio_double_volume,0.9500000000000001,1.0,2.082287613617645e-06
bio_double_volume,1.0,1.05,2.250802889424152e-06
bio_double_volume,1.05,1.1,2.435896916852666e-06
bio_double_volume,1.1,1.1500000000000001,2.6407432749137834e-06
bio_double_volume,1.1500000000000001,1.2000000000000002,2.8697885298915177e-06
bio_double_volume,1.2,1.25,3.1294104120127425e-06
bio_double_volume,1.25,1.3,3.428931904245759e-06
bio_double_volume,1.3,1.35,3.7821849856975867e-06
bio_double_volume,1.35,1.4000000000000001,4.209923336805684e-06
bio_double_volume,1.4000000000000001,1.4500000000000002,4.74354640463356e-06
bio_double_volume,1.45,1.5,5.43084919216924e-06
bio_double_volume,1.5,1.55,6.3449014051131195e-06
bio_double_volume,1.55,1.6,7.5977609801323995e-06
bio_double_volume,1.6,1.6500000000000001,9.361656107416161e-06
bio_double_volume,1.6500000000000001,1.7000000000000002,1.1901705182562365e-05
bio_double_volume,1.7,1.75,1.562646144153933e-05
bio_double_volume,1.75,1.8,2.116599423270857e-05
bio_double_volume,1.8,1.85,2.9492509559695316e-05
bio_double_volume,1.85,1.9000000000000001,4.2106683749819675e-05
bio_double_volume,1.9000000000000001,1.9500000000000002,6.13255019440963e-05
bio_double_volume,1.95,2.0,9.072687196394964e-05
bio_double_volume,2.0,2.05,0.00013583634188702278
bio_double_volume,2.05,2.0999999999999996,0.00020518760114523034
bio_double_volume,2.1,2.15,0.00031195984954814526
bio_double_volume,2.15,2.1999999999999997,0.0004765049430246646
bio_double_volume,2.2,2.25,0.0007302457238069278
bio_double_volume,2.25,2.3,0.0011216844651561267
bio_double_volume,2.3000000000000003,2.35,0.0017256515487359785
bio_double_volume,2.35,2.4,0.0026575129832381687
bio_double_volume,2.4,2.4499999999999997,0.0040949268495181
bio_double_volume,2.45,2.5,0.006310995804311971
bio_double_volume,2.5,2.55,0.00972439408136784
bio_double_volume,2.5500000000000003,2.6,0.014974228224398096
bio_double_volume,2.6,2.65,0.02302961408791522
bio_double_volume,2.65,2.6999999999999997,0.03534477257004242
bio_double_volume,2.7,2.75,0.05406590297954841
bio_double_volume,2.75,2.8,0.0822767283597555
bio_double_volume,2.8000000000000003,2.85,0.12421547472140117
bio_double_volume,2.85,2.9,0.18527201130774745
bio_double_volume,2.9,2.9499999999999997,0.27133977318503294
bio_double_volume,2.95,3.0,0.3867830891580804
bio_double_volume,3.0,3.05,0.5302356078105714
bio_double_volume,3.0500000000000003,3.1,0.6887739418448708
bio_double_volume,3.1,3.15,0.8352479355915499
bio_double_volume,3.15,3.1999999999999997,0.9383343699367935
bio_double_volume,3.2,3.25,0.986489457833521
bio_double_volume,3.25,3.3,0.998705891292491
bio_double_volume,3.3000000000000003,3.35,0.9999654765070939
bio_double_volume,3.35,3.4,0.9999998721895597
bio_double_volume,3.4,3.4499999999999997,0.9999999999776171
bio_double_volume,3.45,3.5,1.0
bio_double_volume,3.5,3.55,1.0
bio_double_volume,3.5500000000000003,3.6,1.0
bio_double_volume,3.6,3.65,1.0
bio_double_volume,3.65,3.6999999999999997,1.0
bio_double_volume,3.7,3.75,1.0
bio_double_volume,3.75,3.8,1.0
bio_double_volume,3.8000000000000003,3.85,1.0
bio_double_volume,3.85,3.9,1.0
bio_double_volume,3.9,3.9499999999999997,1.0
bio_double_volume,3.95,4.0,1.0
bio_double_volume,4.0,4.05,1.0
bio_double_volume,4.05,4.1,1.0
bio_double_volume,4.1,4.1499999999999995,1.0
bio_double_volume,4.15,4.2,1.0
bio_double_volume,4.2,4.25,1.0
bio_double_volume,4.25,4.3,1.0
bio_double_volume,4.3,4.35,1.0
bio_double_volume,4.3500000000000005,4.4,1.0
bio_double_volume,4.4,4.45,1.0
bio_double_volume,4.45,4.5,1.0
bio_double_volume,4.5,4.55,1.0
bio_double_volume,4.55,4.6,1.0
bio_double_volume,4.6000000000000005,4.65,1.0
bio_double_volume,4.65,4.7,1.0
bio_double_volume,4.7,4.75,1.0
bio_double_volume,4.75,4.8,1.0
bio_double_volume,4.8,4.85,1.0
bio_double_volume,4.8500000000000005,4.9,1.0
bio_double_volume,4.9,4.95,1.0
bio_double_volume,4.95,5.0,1.0
bio_double_volume,5.0,5.05,1.0
bio_double_volume,5.05,5.1,1.0
bio_double_volume,5.1000000000000005,5.15,1.0
bio_double_volume,5.15,5.2,1.0
bio_double_volume,5.2,5.25,1.0
bio_double_volume,5.25,5.3,1.0
bio_double_volume,5.3,5.35,1.0
bio_double_volume,5.3500000000000005,5.4,1.0
bio_double_volume,5.4,5.45,1.0
bio_double_volume,5.45,5.5,1.0
bio_double_volume,5.5,5.55,1.0
bio_double_volume,5.55,5.6,1.0
bio_double_volume,5.6000000000000005,5.65,1.0
bio_double_volume,5.65,5.7,1.0
bio_double_volume,5.7,5.75,1.0
bio_double_volume,5.75,5.8,1.0
bio_double_volume,5.8,5.85,1.0
bio_double_volume,5.8500000000000005,5.9,1.0
bio_double_volume,5.9,5.95,1.0
bio_double_volume,5.95,6.0,1.0
bio_double_volume,6.0,6.05,1.0
bio_double_volume,6.05,6.1,1.0
bio_double_volume,6.1000000000000005,6.15,1.0
bio_double_volume,6.15,6.2,1.0
bio_double_volume,6.2,6.25,1.0
bio_double_volume,6.25,6.3,1.0
bio_double_volume,6.3,6.35,1.0
bio_double_volume,6.3500000000000005,6.4,1.0
bio_double_volume,6.4,6.45,1.0
bio_double_volume,6.45,6.5,1.0
bio_double_volume,6.5,6.55,1.0
bio_double_volume,6.55,6.6,1.0
bio_double_volume,6.6000000000000005,6.65,1.0
bio_double_volume,6.65,6.7,1.0
bio_double_volume,6.7,6.75,1.0
bio_double_volume,6.75,6.8,1.0
bio_double_volume,6.8,6.85,1.0
bio_double_volume,6.8500000000000005,6.9,1.0
bio_double_volume,6.9,6.95,1.0
bio_double_volume,6.95,7.0,1.0
bio_double_volume,7.0,7.05,1.0
bio_double_volume,7.05,7.1,1.0
bio_double_volume,7.1000000000000005,7.15,1.0
bio_double_volume,7.15,7.2,1.0
bio_double_volume,7.2,7.25,1.0
bio_double_volume,7.25,7.3,1.0
bio_double_volume,7.3,7.35,1.0
bio_double_volume,7.3500000000000005,7.4,1.0
bio_double_volume,7.4,7.45,1.0
bio_double_volume,7.45,7.5,1.0
bio_double_volume,7.5,7.55,1.0
bio_double_volume,7.55,7.6,1.0
bio_double_volume,7.6000000000000005,7.65,1.0
bio_double_volume,7.65,7.7,1.0
bio_double_volume,7.7,7.75,1.0
bio_double_volume,7.75,7.8,1.0
bio_double_volume,7.8,7.85,1.0
bio_double_volume,7.8500000000000005,7.9,1.0
bio_double_volume,7.9,7.95,1.0
bio_double_volume,7.95,8.0,1.0
bio_double_volume,8.0,8.05,1.0
bio_double_volume,8.05,8.100000000000001,1.0
bio_double_volume,8.1,8.15,1.0
bio_double_volume,8.15,8.200000000000001,1.0
bio_double_volume,8.2,8.25,1.0
bio_double_volume,8.25,8.3,1.0
bio_double_volume,8.3,8.350000000000001,1.0
bio_double_volume,8.35,8.4,1.0
bio_double_volume,8.4,8.450000000000001,1.0
bio_double_volume,8.45,8.5,1.0
bio_double_volume,8.5,8.55,1.0
bio_double_volume,8.55,8.600000000000001,1.0
bio_double_volume,8.6,8.65,1.0
bio_double_volume,8.65,8.700000000000001,1.0
bio_double_volume,8.700000000000001,8.750000000000002,1.0
bio_double_volume,8.75,8.8,1.0
bio_double_volume,8.8,8.850000000000001,1.0
bio_double_volume,8.85,8.9,1.0
bio_double_volume,8.9,8.950000000000001,1.0
bio_double_volume,8.950000000000001,9.000000000000002,1.0
bio_double_volume,9.0,9.05,1.0
bio_double_volume,9.05,9.100000000000001,1.0
bio_double_volume,9.1,9.15,1.0
bio_double_volume,9.15,9.200000000000001,1.0
bio_double_volume,9.200000000000001,9.250000000000002,1.0
bio_double_volume,9.25,9.3,1.0
bio_double_volume,9.3,9.350000000000001,1.0
bio_double_volume,9.35,9.4,1.0
bio_double_volume,9.4,9.450000000000001,1.0
bio_double_volume,9.450000000000001,9.500000000000002,1.0
bio_double_volume,9.5,9.55,1.0
bio_double_volume,9.55,9.600000000000001,1.0
bio_double_volume,9.6,9.65,1.0
bio_double_volume,9.65,9.700000000000001,1.0
bio_double_volume,9.700000000000001,9.750000000000002,1.0
bio_double_volume,9.75,9.8,1.0
bio_double_volume,9.8,9.850000000000001,1.0
bio_double_volume,9.85,9.9,1.0
bio_double_volume,9.9,9.950000000000001,1.0
bio_double_volume,9.950000000000001,10.000000000000002,1.0
bio_double_volume,10.0,10.05,1.0
bio_double_volume,10.05,10.100000000000001,1.0
bio_double_volume,10.1,10.15,1.0
bio_double_volume,10.15,10.200000000000001,1.0
bio_double_volume,10.200000000000001,10.250000000000002,1.0
bio_double_volume,10.25,10.3,1.0
bio_double_volume,10.3,10.350000000000001,1.0
bio_double_volume,10.35,10.4,1.0
bio_double_volume,10.4,10.450000000000001,1.0
bio_double_volume,10.450000000000001,10.500000000000002,1.0
bio_double_volume,10.5,10.55,1.0
bio_double_volume,10.55,10.600000000000001,1.0
bio_double_volume,10.6,10.65,1.0
bio_double_volume,10.65,10.700000000000001,1.0
bio_double_volume,10.700000000000001,10.750000000000002,1.0
bio_double_volume,10.75,10.8,1.0
bio_double_volume,10.8,10.850000000000001,1.0
bio_double_volume,10.85,10.9,1.0
bio_double_volume,10.9,10.950000000000001,1.0
bio_double_volume,10.950000000000001,11.000000000000002,1.0
bio_double_volume,11.0,11.05,1.0
bio_double_volume,11.05,11.100000000000001,1.0
bio_double_volume,11.1,11.15,1.0
bio_double_volume,11.15,11.200000000000001,1.0
bio_double_volume,11.200000000000001,11.250000000000002,1.0
bio_double_volume,11.25,11.3,1.0
bio_double_volume,11.3,11.350000000000001,1.0
bio_double_volume,11.35,11.4,1.0
bio_double_volume,11.4,11.450000000000001,1.0
bio_double_volume,11.450000000000001,11.500000000000002,1.0
bio_double_volume,11.5,11.55,1.0
bio_double_volume,11.55,11.600000000000001,1.0
bio_double_volume,11.6,11.65,1.0
bio_double_volume,11.65,11.700000000000001,1.0
bio_double_volume,11.700000000000001,11.750000000000002,1.0
bio_double_volume,11.75,11.8,1.0
bio_double_volume,11.8,11.850000000000001,1.0
bio_double_volume,11.85,11.9,1.0
bio_double_volume,11.9,11.950000000000001,1.0
bio_double_volume,11.950000000000001,12.000000000000002,1.0
