arm,cooling_below_reference_K,hazard_per_min,cumulative_hazard,survival
distilled_matched_null,0.0,6.388265204206552e-06,0.0,1.0
distilled_matched_null,0.05,6.885809815262012e-06,3.316964073703066e-07,0.9999996683036476
distilled_matched_null,0.1,7.42210526587675e-06,6.892267077801317e-07,0.9999993107735298
distilled_matched_null,0.15,8.000169632285935e-06,1.0746029520529222e-06,0.9999989253976254
distilled_matched_null,0.2,8.623256051029534e-06,1.489993897881988e-06,0.9999985100072122
distilled_matched_null,0.25,9.294871026424725e-06,1.937737214812115e-06,0.9999980622646626
distilled_matched_null,0.3,1.001879416389997e-05,2.4203526397956125e-06,0.9999975796502892
distilled_matched_null,0.35000000000000003,1.0799099440243213e-05,2.940556157357774e-06,0.9999970594481661
distilled_matched_null,0.4,1.164017813046529e-05,3.501275284172492e-06,0.9999964987308453
distilled_matched_null,0.45,1.2546763520302428e-05,4.105665544063917e-06,0.9999958943428842
distilled_matched_null,0.5,1.3523957543431442e-05,4.757128226149927e-06,0.9999952428830889
distilled_matched_null,0.55,1.4577259493301397e-05,5.459329526063231e-06,0.9999945406853761
distilled_matched_null,0.6,1.57125969711621e-05,6.216221177970366e-06,0.9999937837981427
distilled_matched_null,0.65,1.6936359244453543e-05,7.032062693497993e-06,0.9999929679620314
distilled_matched_null,0.7000000000000001,1.8255433203284873e-05,7.91144533271888e-06,0.9999920885859627
distilled_matched_null,0.75,1.967724211735381e-05,8.859317942098172e-06,0.9999911407213016
distilled_matched_null,0.8,2.1209787411415204e-05,9.881014804805769e-06,0.9999901190340122
distilled_matched_null,0.85,2.286169369439681e-05,1.0982285660126837e-05,0.999989017774645
distilled_matched_null,0.9,2.464225729556951e-05,1.2169328060908639e-05,0.9999878307459851
distilled_matched_null,0.9500000000000001,2.656149858091554e-05,1.3448822251139325e-05,0.9999865512681838
distilled_matched_null,1.0,2.863021834411347e-05,1.4827968759937945e-05,0.9999851721411739
distilled_matched_null,1.05,3.086005858948633e-05,1.631452892351985e-05,0.9999836856041577
distilled_matched_null,1.1,3.3263568048978423e-05,1.7916868563181246e-05,0.9999820832919429
distilled_matched_null,1.1500000000000001,3.585427280186637e-05,1.9644005065106544e-05,0.9999803561878771
distilled_matched_null,1.2,3.864675239462565e-05,2.150565812694607e-05,0.999978494573118
distilled_matched_null,1.25,4.165672188932964e-05,2.3512304456748727e-05,0.9999764879719553
distilled_matched_null,1.3,4.490112030231729e-05,2.567523673207383e-05,0.999974325092874
distilled_matched_null,1.35,4.839820593083192e-05,2.8006627151083584e-05,0.9999719937650309
distilled_matched_null,1.4000000000000001,5.2167659104094454e-05,3.05195959332586e-05,0.9999694808697849
distilled_matched_null,1.45,5.623069293705573e-05,3.322828515523279e-05,0.9999667722668981
distilled_matched_null,1.5,6.061017271011272e-05,3.614793833727078e-05,0.9999638527149916
distilled_matched_null,1.55,6.533074454661067e-05,3.929498622826942e-05,0.9999607057858096
distilled_matched_null,1.6,7.041897411228416e-05,4.268713927205174e-05,0.999957313771811
distilled_matched_null,1.6500000000000001,7.590349611718647e-05,4.634348727531995e-05,0.9999536575865675
distilled_matched_null,1.7,8.181517546144842e-05,5.028460683816124e-05,0.9999497166574115
distilled_matched_null,1.75,8.81872809317404e-05,5.453267715168923e-05,0.9999454688097277
distilled_matched_null,1.8,9.505567242593339e-05,5.9111604814484564e-05,0.999940890142242
distilled_matched_null,1.85,0.00010245900275959483,6.404715837025886e-05,0.9999359548926052
distilled_matched_null,1.9000000000000001,0.00011043893519001232,6.936711332387051e-05,0.9999306352925187
distilled_matched_null,1.95,0.00011904037788188919,7.510140845178842e-05,0.9999249014115884
distilled_matched_null,2.0,0.0001283117366342057,8.128231428666611e-05,0.9999187209890311
distilled_matched_null,2.05,0.00013830518729049317,8.794461472419109e-05,0.9999120592522901
distilled_matched_null,2.1,0.00014907696936555307,9.512580277423102e-05,0.9999048787215414
distilled_matched_null,2.15,0.00016068770254104388,0.00010286629155789156,0.9998971389989977
distilled_matched_null,2.2,0.0001732027278110552,0.00011120964173789912,0.999888796541825
distilled_matched_null,2.25,0.00018669247519752106,0.00012020280666220968,0.9998798044174056
distilled_matched_null,2.3000000000000003,0.00020123286010483032,0.00012989639660041587,0.9998701120395712
distilled_matched_null,2.35,0.00021690571054418036,0.00014034496355998255,0.9998596648843338
distilled_matched_null,2.4,0.00023379922763194216,0.0001516073082851571,0.999848404183522
distilled_matched_null,2.45,0.00025200848195353846,0.0001637468111662213,0.9998362665946111
distilled_matched_null,2.5,0.0002716359485862146,0.00017683178892133873,0.9998231838448979
distilled_matched_null,2.5500000000000003,0.00029279208379159367,0.0001909358790582581,0.9998090823480366
distilled_matched_null,2.6,0.00031559594662344305,0.00020613845427949103,0.9997938827907918
distilled_matched_null,2.65,0.00034017586894884237,0.00022252506916309057,0.9997774996877037
distilled_matched_null,2.7,0.00036667017765336444,0.00024018794163277194,0.9997598409011816
distilled_matched_null,2.75,0.00039522797309461346,0.00025922647192693795,0.9997408071243519
distilled_matched_null,2.8000000000000003,0.0004260099681849418,0.00027974780198715686,0.9997202913237807
distilled_matched_null,2.85,0.0004591893928254142,0.00030186741841413845,0.9996981781389708
distilled_matched_null,2.9,0.0004949529687808517,0.0003257098023844301,0.9996743432352948
distilled_matched_null,2.95,0.0005335019604821759,0.0003514091301853129,0.9996486526067713
distilled_matched_null,3.0,0.0005750533076696161,0.000379110028310273,0.9996209618248162
distilled_matched_null,3.0500000000000003,0.0006198408462508635,0.000408968387364438,0.9995911152288073
distilled_matched_null,3.1,0.0006681166242447224,0.0004411522393603439,0.9995589450539812
distilled_matched_null,3.15,0.0007201523202159297,0.0004758427033411488,0.9995242704918429
distilled_matched_null,3.2,0.0007762407721835448,0.0005132350046528922,0.9994868966779031
distilled_matched_null,3.25,0.0008366976256070903,0.0005535395736019225,0.9994466136011638
distilled_matched_null,3.3000000000000003,0.0009018631097246868,0.0005969832296803203,0.9994031949293535
distilled_matched_null,3.35,0.0009721039522397659,0.0006438104580237063,0.9993563967434607
distilled_matched_null,3.4,0.0010478154431315557,0.0006942847852848993,0.9993059561746285
distilled_matched_null,3.45,0.001129423659203661,0.0007486902626663029,0.9992515899359568
distilled_matched_null,3.5,0.0012173878618897507,0.0008073330644570294,0.9991929927411977
distilled_matched_null,3.5500000000000003,0.0013122030818102923,0.0008705432110707238,0.9991298356017382
distilled_matched_null,3.6,0.0014144029046252815,0.0009386764262807166,0.9990617639926215
distilled_matched_null,3.65,0.0015245624738607793,0.0010121161391043818,0.9989883958776804
distilled_matched_null,3.7,0.001643301727608,0.001091275641602529,0.9989093195831227
distilled_matched_null,3.75,0.0017712888873099956,0.0011766004147371928,0.9988240915081319
distilled_matched_null,3.8000000000000003,0.0019092442182695206,0.001268570635376876,0.9987322336602137
distilled_matched_null,3.85,0.002057944083040831,0.0013677038785577498,0.9986332310021301
distilled_matched_null,3.9,0.00221822531051652,0.0014745580302082091,0.9985265285963204
distilled_matched_null,3.95,0.002390989905296898,0.0015897344267284611,0.9984115285317005
distilled_matched_null,4.0,0.0025772101238446705,0.0017138812390936429,0.9982875866166606
distilled_matched_null,4.05,0.0027779339459915865,0.0018476971205249203,0.9981540088209502
distilled_matched_null,4.1,0.002994290972588736,0.001991935138256353,0.9980100474479283
distilled_matched_null,4.15,0.0032274987824903304,0.002147407011524083,0.9978548970173882
distilled_matched_null,4.2,0.0034788697846457727,0.002314987679627711,0.9976876898378122
distilled_matched_null,4.25,0.0037498186038611068,0.002495620225771267,0.997507491245496
distilled_matched_null,4.3,0.004041870041794221,0.002690321184393343,0.9973132944864788
distilled_matched_null,4.3500000000000005,0.004356667657985399,0.002900186261854128,0.9971040152156521
distilled_matched_null,4.4,0.0046959830192141285,0.0031263965026732815,0.996878485585766
distilled_matched_null,4.45,0.00506172566923427,0.0033702249360200425,0.996635447897342
distilled_matched_null,4.5,0.005455953874993521,0.0036330437398595433,0.9963735477787071
distilled_matched_null,4.55,0.005880886209813103,0.003916331963072598,0.9960913268635186
distilled_matched_null,4.6000000000000005,0.006338914038713541,0.004221683849006223,0.9957872149312377
distilled_matched_null,4.65,0.006832614976149417,0.004550817807296808,0.9954595214740528
distilled_matched_null,4.7,0.007364767391888433,0.004905586084456151,0.9951064266517619
distilled_matched_null,4.75,0.00793836604666848,0.005287985187642849,0.9947259715941075
distilled_matched_null,4.8,0.008556638945624638,0.005700167120280287,0.9943160480080427
distilled_matched_null,4.8500000000000005,0.009223065504330991,0.006144451492751189,0.9938743870454124
distilled_matched_null,4.9,0.009941396129689148,0.006623338576323294,0.9933985473845908
distilled_matched_null,4.95,0.01071567332585775,0.00713952337376903,0.9928859024777625
distilled_matched_null,5.0,0.011550254443999269,0.0076959107858633755,0.9923336269138111
distilled_matched_null,5.05,0.012449836203871587,0.008295631959111587,0.9917386818452337
distilled_matched_null,5.1000000000000005,0.013419481125262882,0.008942061906705785,0.9910977994262129
distilled_matched_null,5.15,0.014464646018016326,0.009638838501874747,0.9904074662079935
distilled_matched_null,5.2,0.015591212690976297,0.010389882950514727,0.9896639054371525
distilled_matched_null,5.25,0.016805521052674664,0.011199421858313638,0.9888630582022913
distilled_matched_null,5.3,0.01811440479003602,0.012072011016554541,0.9880005633752628
distilled_matched_null,5.3500000000000005,0.019525229825888505,0.013012561040456198,0.9870717362944046
distilled_matched_null,5.4,0.021045935771705104,0.014026365004333933,0.9860715461395556
distilled_matched_null,5.45,0.022685080608856843,0.01511912822910176,0.9849945919520785
distilled_matched_null,5.5,0.02445188884982707,0.01629700038974858,0.9838350772579271
distilled_matched_null,5.55,0.026356303450421236,0.01756661012347802,0.9825867832582402
distilled_matched_null,5.6000000000000005,0.028409041765115012,0.01893510233327387,0.9812430405603202
distilled_matched_null,5.65,0.030621655860437018,0.020410178396821875,0.9797966994325069
distilled_matched_null,5.7,0.03300659752580855,0.022000139507069562,0.978240098579791
distilled_matched_null,5.75,0.03557728834769692,0.023713933388328473,0.9765650324534668
distilled_matched_null,5.8,0.03834819524143498,0.025561204650820516,0.974762717128234
distilled_matched_null,5.8500000000000005,0.041334911865772254,0.027552349067045366,0.972823754804492
distilled_matched_null,5.9,0.04455424637832899,0.029698572075416527,0.9707380970227922
distilled_matched_null,5.95,0.0480243160258098,0.03201195184040373,0.9684950067122722
distilled_matched_null,6.0,0.05176464910129519,0.03450550722406066,0.966083019236193
distilled_matched_null,6.05,0.05579629484239045,0.0371932710514575,0.9634899026463849
distilled_matched_null,6.1000000000000005,0.06014194188869865,0.04009036908232963,0.9607026174154545
distilled_matched_null,6.15,0.06482604596525278,0.043213105133365716,0.95770727598215
distilled_matched_null,6.2,0.06987496751046457,0.04657905283017358,0.9544891025224993
distilled_matched_null,6.25,0.07531712002310828,0.05020715450526939,0.9510323934485235
distilled_matched_null,6.3,0.08118312996318394,0.05411782779865316,0.9473204792388423
distilled_matched_null,6.3500000000000005,0.0875060091065233,0.058333080560879394,0.9433356883227388
distilled_matched_null,6.4,0.09432134032308769,0.06287663470525566,0.9390593138726955
distilled_matched_null,6.45,0.1016674778244517,0.067774059706165,0.9344715845114672
distilled_matched_null,6.5,0.10958576300739119,0.07305291649479133,0.9295516401098031
distilled_matched_null,6.55,0.11812075710826629,0.0787429125620414,0.9242775140411755
distilled_matched_null,6.6000000000000005,0.12732049197749354,0.08487606914152623,0.9186261234713231
distilled_matched_null,6.65,0.13723674038537415,0.09148690141344663,0.9125732694936819
distilled_matched_null,6.7,0.14792530738046358,0.09861261274350627,0.9060936491769754
distilled_matched_null,6.75,0.15944634434013907,0.1062933040499566,0.8991608818677521
distilled_matched_null,6.8,0.17186468748072933,0.11457219947701677,0.8917475523869209
distilled_matched_null,6.8500000000000005,0.1852502227322187,0.12349588964467635,0.8838252740725328
distilled_matched_null,6.9,0.19967827903090637,0.13311459384380145,0.8753647749467268
distilled_matched_null,6.95,0.21523005224333297,0.14348244265208585,0.8663360106164659
distilled_matched_null,7.0,0.23199306210715978,0.15465778256130372,0.8567083078464128
distilled_matched_null,7.05,0.25006164476050147,0.16670350433019818,0.8464505430559834
distilled_matched_null,7.1000000000000005,0.2695374836314878,0.17968739691085572,0.8355313602754736
distilled_matched_null,7.15,0.2905301816757063,0.19368252894033477,0.8239194333280039
distilled_matched_null,7.2,0.31315787818187646,0.20876765994444815,0.8115837771595603
distilled_matched_null,7.25,0.33754791361690467,0.2250276835678003,0.798494113287476
distilled_matched_null,7.3,0.3638375462518361,0.2425541053244213,0.7846212942405842
distilled_matched_null,7.3500000000000005,0.3921747246016087,0.26144555755760296,0.7699377915771891
distilled_matched_null,7.4,0.42271892002561906,0.28180835450694325,0.754418251537626
distilled_matched_null,7.45,0.45564202417468275,0.303757090606319,0.7380401215567748
distilled_matched_null,7.5,0.4911293163348825,0.32741528537978554,0.7207843496616735
distilled_matched_null,7.55,0.5293805061121744,0.3529160785646468,0.7026361571378833
distilled_matched_null,7.6000000000000005,0.570610857325598,0.3804029793735959,0.6835858826895265
distilled_matched_null,7.65,0.6150523994339538,0.41003067411249977,0.6636298935660977
distilled_matched_null,7.7,0.6629552333134223,0.4419658966988121,0.642771555713712
distilled_matched_null,7.75,0.7145889387345609,0.4763883669795711,0.6210222508715258
distilled_matched_null,7.8,0.7702440914594518,0.5134918021294984,0.598402423640023
distilled_matched_null,7.8500000000000005,0.8302338984966767,0.5534850068209817,0.5749426358958046
distilled_matched_null,7.9,0.8948959607167274,0.5965930483010154,0.5506845995664081
distilled_matched_null,7.95,0.9645941727472361,0.6430585229880214,0.5256821518252834
distilled_matched_null,8.0,1.0397207708399179,0.6931429217164758,0.5000021294262692
distilled_matched_null,8.05,1.1206985402339005,0.7471281013124643,0.4737250914829359
distilled_matched_null,8.1,1.207983194437662,0.8053178707816385,0.44694583295557877
distilled_matched_null,8.15,1.3020659398193457,0.8680397010360943,0.41977362502945337
distilled_matched_null,8.2,1.4034762399379728,0.9356465677818457,0.3923321142018149
distilled_matched_null,8.25,1.5127847951722988,1.008518937938063,0.36475881014701816
distilled_matched_null,8.3,1.6306067544154763,1.087066910766848,0.3372040943367917
distilled_matched_null,8.35,1.757605176909868,1.1717325257631093,0.3098296880806041
distilled_matched_null,8.4,1.8944947637039276,1.2629922502924822,0.28280653124731286
distilled_matched_null,8.45,2.0420458797303853,1.3613596609767875,0.25631204244493627
distilled_matched_null,8.5,2.201088889140649,1.4673883339169635,0.2305267585989366
distilled_matched_null,8.55,2.372518828292968,1.5816749600185094,0.20563038691998217
distilled_matched_null,8.6,2.557300442692363,1.7048627029514392,0.18179734470082598
distilled_matched_null,8.65,2.756473616228352,1.8376448186420988,0.15919191076473826
distilled_matched_null,8.700000000000001,2.9711592232641904,1.9807685566659912,0.13796316404506825
distilled_matched_null,8.75,3.202565436511158,2.135039365497303,0.11823993571114907
distilled_matched_null,8.8,3.451994526186303,2.3013254252807327,0.10012604614279243
distilled_matched_null,8.85,3.720850188716713,2.4805625336343393,0.08369613045869251
distilled_matched_null,8.9,4.0106454462338395,2.6737593719790906,0.06899236918798181
distilled_matched_null,8.950000000000001,4.323011161313081,2.882003182031918,0.05602242723774696
distilled_matched_null,9.0,4.659705214876728,3.1064658844076822,0.04475885913275126
distilled_matched_null,9.05,5.022622398910096,3.3484106737632615,0.035140158919601094
distilled_matched_null,9.1,5.413805079663332,3.6091991275987523,0.027073520621706242
distilled_matched_null,9.15,5.835454691347822,3.8902988687217457,0.02043923647652553
distilled_matched_null,9.200000000000001,6.2899441250091925,4.193291824495993,0.015096507934899786
distilled_matched_null,9.25,6.779831082297299,4.519883129354731,0.010890296350145054
distilled_matched_null,9.3,7.307872469283265,4.871910720678708,0.007658717628413935
distilled_matched_null,9.35,7.8770399113265555,5.251355682040901,0.005240409252688238
distilled_matched_null,9.4,8.490536476304587,5.660353392026256,0.0034812864219415924
distilled_matched_null,9.450000000000001,9.15181470031657,6.101205541367578,0.002240165478826678
distilled_matched_null,9.5,9.8645960173042,6.576393086025997,0.001392864186555888
distilled_matched_null,9.55,10.632891701931866,7.088590209111109,0.0008345731102018298
distilled_matched_null,9.6,11.461025443585056,7.640679370213235,0.00048050190246696887
distilled_matched_null,9.65,12.353657678525849,8.23576752684043,0.0002650034993845747
distilled_matched_null,9.700000000000001,13.315811817137257,8.877203619248036,0.00013953381017151712
distilled_matched_null,9.75,14.352902513854511,9.56859741705954,6.988934048023488e-05
distilled_matched_null,9.8,15.47076613887598,10.313839833740518,3.3170824990112475e-05
distilled_matched_null,9.85,16.675693623137022,11.11712482324788,1.4855731267284556e-05
distilled_matched_null,9.9,17.97446586138733,11.982972982081419,6.24972570686002e-06
distilled_matched_null,9.950000000000001,19.3743918726063,12.91625698956073,2.457767870705979e-06
distilled_matched_null,10.0,20.883349932510313,13.92222902949674,8.987786691572024e-07
distilled_matched_null,10.05,22.50983190963053,15.006550347576885,3.0390510235570873e-07
distilled_matched_null,10.1,24.26299105446785,16.175323110801763,9.4437923658123e-08
distilled_matched_null,10.15,26.15269351066652,17.435124748267544,2.6793011502478732e-08
distilled_matched_null,10.200000000000001,28.18957383809082,18.79304496655041,6.891032098496979e-09
distilled_matched_null,10.25,30.385094860270105,20.25672564800327,1.5944680807816438e-09
distilled_matched_null,10.3,32.75161217301125,21.834403856497367,3.291841298573731e-10
distilled_matched_null,10.35,35.30244367720894,23.53495819262916,6.010319029834207e-11
distilled_matched_null,10.4,38.051944527160934,25.367958759263818,9.612480984888212e-12
distilled_matched_null,10.450000000000001,41.01558791616801,27.34372101860187,1.332824130424145e-12
distilled_matched_null,10.5,44.21005215405263,29.473363843858287,1.5844579557163863e-13
distilled_matched_null,10.55,47.65331452663635,31.76887209224743,1.5957106884093288e-14
distilled_matched_null,10.6,51.36475246538161,34.243164051410936,1.3439490652451597e-15
distilled_matched_null,10.65,55.36525259654721,36.91016413885467,9.335108893880819e-17
distilled_matched_null,10.700000000000001,59.67732828354249,39.78488126351819,5.267998032368655e-18
distilled_matched_null,10.75,64.3252463239695,42.88349329046953,2.3764873079682594e-19
distilled_matched_null,10.8,69.33516351435671,46.223438084061,8.422012962093071e-21
distilled_matched_null,10.85,74.73527385111935,49.82351164190276,2.3010381806096086e-22
distilled_matched_null,10.9,80.55596719614427,53.70397387191937,4.749637787794056e-24
distilled_matched_null,10.950000000000001,86.83000029990629,57.88666260776073,7.246726213202547e-26
distilled_matched_null,11.0,93.59268114457663,62.39511650420763,7.982615380039327e-28
distilled_matched_null,11.05,100.88206764453815,67.25470750418198,6.18944415641451e-30
distilled_matched_null,11.1,108.7391818225188,72.49278362283574,3.286881861727661e-32
distilled_matched_null,11.15,117.20824066665537,78.13882285226012,1.1607545984589892e-34
distilled_matched_null,11.200000000000001,126.3369049676595,84.22459905292953,2.6407141391992073e-37
distilled_matched_null,11.25,136.17654753645783,90.78436076546174,3.739840465750094e-40
distilled_matched_null,11.3,146.78254231173565,97.8550239489803,3.177628137438753e-43
distilled_matched_null,11.35,158.21457598437243,105.47637973073815,1.5566476193713531e-46
distilled_matched_null,11.4,170.53698389248748,113.69131833614819,4.211994605620795e-50
distilled_matched_null,11.450000000000001,183.81911207738014,122.54607045940996,6.010599910404699e-54
distilled_matched_null,11.5,198.1357075378935,132.09046743308554,4.3036691974155354e-58
distilled_matched_null,11.55,213.56733887940825,142.37822166076205,1.465291362385186e-62
distilled_matched_null,11.6,230.20084972472097,153.46722889097052,2.238872385146109e-67
distilled_matched_null,11.65,248.1298474384518,165.41989403345772,1.4422907700396818e-72
distilled_matched_null,11.700000000000001,267.455229915329,178.3034823513759,3.662532698273845e-78
distilled_matched_null,11.75,288.2857533969379,192.1904980057818,3.409786930838082e-84
distilled_matched_null,11.8,310.738644512395,207.15909208275323,1.0763398813377853e-90
distilled_matched_null,11.85,334.94025998728375,223.2935023993457,1.0589222240266386e-97
distilled_matched_null,11.9,361.0267977334714,240.68452756347082,2.965089450816245e-105
distilled_matched_null,11.950000000000001,389.14506332154093,259.43003795551715,2.1427232201060398e-113
distilled_matched_null,12.0,419.4532961492846,279.63552650734624,3.596117667784488e-122
filtered_matched_null,0.0,6.388265204206552e-06,0.0,1.0
filtered_matched_null,0.05,6.885809815262012e-06,3.316964073703066e-07,0.9999996683036476
filtered_matched_null,0.1,7.42210526587675e-06,6.892267077801317e-07,0.9999993107735298
filtered_matched_null,0.15,8.000169632285935e-06,1.0746029520529222e-06,0.9999989253976254
filtered_matched_null,0.2,8.623256051029534e-06,1.489993897881988e-06,0.9999985100072122
filtered_matched_null,0.25,9.294871026424725e-06,1.937737214812115e-06,0.9999980622646626
filtered_matched_null,0.3,1.001879416389997e-05,2.4203526397956125e-06,0.9999975796502892
filtered_matched_null,0.35000000000000003,1.0799099440243213e-05,2.940556157357774e-06,0.9999970594481661
filtered_matched_null,0.4,1.164017813046529e-05,3.501275284172492e-06,0.9999964987308453
filtered_matched_null,0.45,1.2546763520302428e-05,4.105665544063917e-06,0.9999958943428842
filtered_matched_null,0.5,1.3523957543431442e-05,4.757128226149927e-06,0.9999952428830889
filtered_matched_null,0.55,1.4577259493301397e-05,5.459329526063231e-06,0.9999945406853761
filtered_matched_null,0.6,1.57125969711621e-05,6.216221177970366e-06,0.9999937837981427
filtered_matched_null,0.65,1.6936359244453543e-05,7.032062693497993e-06,0.9999929679620314
filtered_matched_null,0.7000000000000001,1.8255433203284873e-05,7.91144533271888e-06,0.9999920885859627
filtered_matched_null,0.75,1.967724211735381e-05,8.859317942098172e-06,0.9999911407213016
filtered_matched_null,0.8,2.1209787411415204e-05,9.881014804805769e-06,0.9999901190340122
filtered_matched_null,0.85,2.286169369439681e-05,1.0982285660126837e-05,0.999989017774645
filtered_matched_null,0.9,2.464225729556951e-05,1.2169328060908639e-05,0.9999878307459851
filtered_matched_null,0.9500000000000001,2.656149858091554e-05,1.3448822251139325e-05,0.9999865512681838
filtered_matched_null,1.0,2.863021834411347e-05,1.4827968759937945e-05,0.9999851721411739
filtered_matched_null,1.05,3.086005858948633e-05,1.631452892351985e-05,0.9999836856041577
filtered_matched_null,1.1,3.3263568048978423e-05,1.7916868563181246e-05,0.9999820832919429
filtered_matched_null,1.1500000000000001,3.585427280186637e-05,1.9644005065106544e-05,0.9999803561878771
filtered_matched_null,1.2,3.864675239462565e-05,2.150565812694607e-05,0.999978494573118
filtered_matched_null,1.25,4.165672188932964e-05,2.3512304456748727e-05,0.9999764879719553
filtered_matched_null,1.3,4.490112030231729e-05,2.567523673207383e-05,0.999974325092874
filtered_matched_null,1.35,4.839820593083192e-05,2.8006627151083584e-05,0.9999719937650309
filtered_matched_null,1.4000000000000001,5.2167659104094454e-05,3.05195959332586e-05,0.9999694808697849
filtered_matched_null,1.45,5.623069293705573e-05,3.322828515523279e-05,0.9999667722668981
filtered_matched_null,1.5,6.061017271011272e-05,3.614793833727078e-05,0.9999638527149916
filtered_matched_null,1.55,6.533074454661067e-05,3.929498622826942e-05,0.9999607057858096
filtered_matched_null,1.6,7.041897411228416e-05,4.268713927205174e-05,0.999957313771811
filtered_matched_null,1.6500000000000001,7.590349611718647e-05,4.634348727531995e-05,0.9999536575865675
filtered_matched_null,1.7,8.181517546144842e-05,5.028460683816124e-05,0.9999497166574115
filtered_matched_null,1.75,8.81872809317404e-05,5.453267715168923e-05,0.9999454688097277
filtered_matched_null,1.8,9.505567242593339e-05,5.9111604814484564e-05,0.999940890142242
filtered_matched_null,1.85,0.00010245900275959483,6.404715837025886e-05,0.9999359548926052
filtered_matched_null,1.9000000000000001,0.00011043893519001232,6.936711332387051e-05,0.9999306352925187
filtered_matched_null,1.95,0.00011904037788188919,7.510140845178842e-05,0.9999249014115884
filtered_matched_null,2.0,0.0001283117366342057,8.128231428666611e-05,0.9999187209890311
filtered_matched_null,2.05,0.00013830518729049317,8.794461472419109e-05,0.9999120592522901
filtered_matched_null,2.1,0.00014907696936555307,9.512580277423102e-05,0.9999048787215414
filtered_matched_null,2.15,0.00016068770254104388,0.00010286629155789156,0.9998971389989977
filtered_matched_null,2.2,0.0001732027278110552,0.00011120964173789912,0.999888796541825
filtered_matched_null,2.25,0.00018669247519752106,0.00012020280666220968,0.9998798044174056
filtered_matched_null,2.3000000000000003,0.00020123286010483032,0.00012989639660041587,0.9998701120395712
filtered_matched_null,2.35,0.00021690571054418036,0.00014034496355998255,0.9998596648843338
filtered_matched_null,2.4,0.00023379922763194216,0.0001516073082851571,0.999848404183522
filtered_matched_null,2.45,0.00025200848195353846,0.0001637468111662213,0.9998362665946111
filtered_matched_null,2.5,0.0002716359485862146,0.00017683178892133873,0.9998231838448979
filtered_matched_null,2.5500000000000003,0.00029279208379159367,0.0001909358790582581,0.9998090823480366
filtered_matched_null,2.6,0.00031559594662344305,0.00020613845427949103,0.9997938827907918
filtered_matched_null,2.65,0.00034017586894884237,0.00022252506916309057,0.9997774996877037
filtered_matched_null,2.7,0.00036667017765336444,0.00024018794163277194,0.9997598409011816
filtered_matched_null,2.75,0.00039522797309461346,0.00025922647192693795,0.9997408071243519
filtered_matched_null,2.8000000000000003,0.0004260099681849418,0.00027974780198715686,0.9997202913237807
filtered_matched_null,2.85,0.0004591893928254142,0.00030186741841413845,0.9996981781389708
filtered_matched_null,2.9,0.0004949529687808517,0.0003257098023844301,0.9996743432352948
filtered_matched_null,2.95,0.0005335019604821759,0.0003514091301853129,0.9996486526067713
filtered_matched_null,3.0,0.0005750533076696161,0.000379110028310273,0.9996209618248162
filtered_matched_null,3.0500000000000003,0.0006198408462508635,0.000408968387364438,0.9995911152288073
filtered_matched_null,3.1,0.0006681166242447224,0.0004411522393603439,0.9995589450539812
filtered_matched_null,3.15,0.0007201523202159297,0.0004758427033411488,0.9995242704918429
filtered_matched_null,3.2,0.0007762407721835448,0.0005132350046528922,0.9994868966779031
filtered_matched_null,3.25,0.0008366976256070903,0.0005535395736019225,0.9994466136011638
filtered_matched_null,3.3000000000000003,0.0009018631097246868,0.0005969832296803203,0.9994031949293535
filtered_matched_null,3.35,0.0009721039522397659,0.0006438104580237063,0.9993563967434607
filtered_matched_null,3.4,0.0010478154431315557,0.0006942847852848993,0.9993059561746285
filtered_matched_null,3.45,0.001129423659203661,0.0007486902626663029,0.9992515899359568
filtered_matched_null,3.5,0.0012173878618897507,0.0008073330644570294,0.9991929927411977
filtered_matched_null,3.5500000000000003,0.0013122030818102923,0.0008705432110707238,0.9991298356017382
filtered_matched_null,3.6,0.0014144029046252815,0.0009386764262807166,0.9990617639926215
filtered_matched_null,3.65,0.0015245624738607793,0.0010121161391043818,0.9989883958776804
filtered_matched_null,3.7,0.001643301727608,0.001091275641602529,0.9989093195831227
filtered_matched_null,3.75,0.0017712888873099956,0.0011766004147371928,0.9988240915081319
filtered_matched_null,3.8000000000000003,0.0019092442182695206,0.001268570635376876,0.9987322336602137
filtered_matched_null,3.85,0.002057944083040831,0.0013677038785577498,0.9986332310021301
filtered_matched_null,3.9,0.00221822531051652,0.0014745580302082091,0.9985265285963204
filtered_matched_null,3.95,0.002390989905296898,0.0015897344267284611,0.9984115285317005
filtered_matched_null,4.0,0.0025772101238446705,0.0017138812390936429,0.9982875866166606
filtered_matched_null,4.05,0.0027779339459915865,0.0018476971205249203,0.9981540088209502
filtered_matched_null,4.1,0.002994290972588736,0.001991935138256353,0.9980100474479283
filtered_matched_null,4.15,0.0032274987824903304,0.002147407011524083,0.9978548970173882
filtered_matched_null,4.2,0.0034788697846457727,0.002314987679627711,0.9976876898378122
filtered_matched_null,4.25,0.0037498186038611068,0.002495620225771267,0.997507491245496
filtered_matched_null,4.3,0.004041870041794221,0.002690321184393343,0.9973132944864788
filtered_matched_null,4.3500000000000005,0.004356667657985399,0.002900186261854128,0.9971040152156521
filtered_matched_null,4.4,0.0046959830192141285,0.0031263965026732815,0.996878485585766
filtered_matched_null,4.45,0.00506172566923427,0.0033702249360200425,0.996635447897342
filtered_matched_null,4.5,0.005455953874993521,0.0036330437398595433,0.9963735477787071
filtered_matched_null,4.55,0.005880886209813103,0.003916331963072598,0.9960913268635186
filtered_matched_null,4.6000000000000005,0.006338914038713541,0.004221683849006223,0.9957872149312377
filtered_matched_null,4.65,0.006832614976149417,0.004550817807296808,0.9954595214740528
filtered_matched_null,4.7,0.007364767391888433,0.004905586084456151,0.9951064266517619
filtered_matched_null,4.75,0.00793836604666848,0.005287985187642849,0.9947259715941075
filtered_matched_null,4.8,0.008556638945624638,0.005700167120280287,0.9943160480080427
filtered_matched_null,4.8500000000000005,0.009223065504330991,0.006144451492751189,0.9938743870454124
filtered_matched_null,4.9,0.009941396129689148,0.006623338576323294,0.9933985473845908
filtered_matched_null,4.95,0.01071567332585775,0.00713952337376903,0.9928859024777625
filtered_matched_null,5.0,0.011550254443999269,0.0076959107858633755,0.9923336269138111
filtered_matched_null,5.05,0.012449836203871587,0.008295631959111587,0.9917386818452337
filtered_matched_null,5.1000000000000005,0.013419481125262882,0.008942061906705785,0.9910977994262129
filtered_matched_null,5.15,0.014464646018016326,0.009638838501874747,0.9904074662079935
filtered_matched_null,5.2,0.015591212690976297,0.010389882950514727,0.9896639054371525
filtered_matched_null,5.25,0.016805521052674664,0.011199421858313638,0.9888630582022913
filtered_matched_null,5.3,0.01811440479003602,0.012072011016554541,0.9880005633752628
filtered_matched_null,5.3500000000000005,0.019525229825888505,0.013012561040456198,0.9870717362944046
filtered_matched_null,5.4,0.021045935771705104,0.014026365004333933,0.9860715461395556
filtered_matched_null,5.45,0.022685080608856843,0.01511912822910176,0.9849945919520785
filtered_matched_null,5.5,0.02445188884982707,0.01629700038974858,0.9838350772579271
filtered_matched_null,5.55,0.026356303450421236,0.01756661012347802,0.9825867832582402
filtered_matched_null,5.6000000000000005,0.028409041765115012,0.01893510233327387,0.9812430405603202
filtered_matched_null,5.65,0.030621655860437018,0.020410178396821875,0.9797966994325069
filtered_matched_null,5.7,0.03300659752580855,0.022000139507069562,0.978240098579791
filtered_matched_null,5.75,0.03557728834769692,0.023713933388328473,0.9765650324534668
filtered_matched_null,5.8,0.03834819524143498,0.025561204650820516,0.974762717128234
filtered_matched_null,5.8500000000000005,0.041334911865772254,0.027552349067045366,0.972823754804492
filtered_matched_null,5.9,0.04455424637832899,0.029698572075416527,0.9707380970227922
filtered_matched_null,5.95,0.0480243160258098,0.03201195184040373,0.9684950067122722
filtered_matched_null,6.0,0.05176464910129519,0.03450550722406066,0.966083019236193
filtered_matched_null,6.05,0.05579629484239045,0.0371932710514575,0.9634899026463849
filtered_matched_null,6.1000000000000005,0.06014194188869865,0.04009036908232963,0.9607026174154545
filtered_matched_null,6.15,0.06482604596525278,0.043213105133365716,0.95770727598215
filtered_matched_null,6.2,0.06987496751046457,0.04657905283017358,0.9544891025224993
filtered_matched_null,6.25,0.07531712002310828,0.05020715450526939,0.9510323934485235
filtered_matched_null,6.3,0.08118312996318394,0.05411782779865316,0.9473204792388423
filtered_matched_null,6.3500000000000005,0.0875060091065233,0.058333080560879394,0.9433356883227388
filtered_matched_null,6.4,0.09432134032308769,0.06287663470525566,0.9390593138726955
filtered_matched_null,6.45,0.1016674778244517,0.067774059706165,0.9344715845114672
filtered_matched_null,6.5,0.10958576300739119,0.07305291649479133,0.9295516401098031
filtered_matched_null,6.55,0.11812075710826629,0.0787429125620414,0.9242775140411755
filtered_matched_null,6.6000000000000005,0.12732049197749354,0.08487606914152623,0.9186261234713231
filtered_matched_null,6.65,0.13723674038537415,0.09148690141344663,0.9125732694936819
filtered_matched_null,6.7,0.14792530738046358,0.09861261274350627,0.9060936491769754
filtered_matched_null,6.75,0.15944634434013907,0.1062933040499566,0.8991608818677521
filtered_matched_null,6.8,0.17186468748072933,0.11457219947701677,0.8917475523869209
filtered_matched_null,6.8500000000000005,0.1852502227322187,0.12349588964467635,0.8838252740725328
filtered_matched_null,6.9,0.19967827903090637,0.13311459384380145,0.8753647749467268
filtered_matched_null,6.95,0.21523005224333297,0.14348244265208585,0.8663360106164659
filtered_matched_null,7.0,0.23199306210715978,0.15465778256130372,0.8567083078464128
filtered_matched_null,7.05,0.25006164476050147,0.16670350433019818,0.8464505430559834
filtered_matched_null,7.1000000000000005,0.2695374836314878,0.17968739691085572,0.8355313602754736
filtered_matched_null,7.15,0.2905301816757063,0.19368252894033477,0.8239194333280039
filtered_matched_null,7.2,0.31315787818187646,0.20876765994444815,0.8115837771595603
filtered_matched_null,7.25,0.33754791361690467,0.2250276835678003,0.798494113287476
filtered_matched_null,7.3,0.3638375462518361,0.2425541053244213,0.7846212942405842
filtered_matched_null,7.3500000000000005,0.3921747246016087,0.26144555755760296,0.7699377915771891
filtered_matched_null,7.4,0.42271892002561906,0.28180835450694325,0.754418251537626
filtered_matched_null,7.45,0.45564202417468275,0.303757090606319,0.7380401215567748
filtered_matched_null,7.5,0.4911293163348825,0.32741528537978554,0.7207843496616735
filtered_matched_null,7.55,0.5293805061121744,0.3529160785646468,0.7026361571378833
filtered_matched_null,7.6000000000000005,0.570610857325598,0.3804029793735959,0.6835858826895265
filtered_matched_null,7.65,0.6150523994339538,0.41003067411249977,0.6636298935660977
filtered_matched_null,7.7,0.6629552333134223,0.4419658966988121,0.642771555713712
filtered_matched_null,7.75,0.7145889387345609,0.4763883669795711,0.6210222508715258
filtered_matched_null,7.8,0.7702440914594518,0.5134918021294984,0.598402423640023
filtered_matched_null,7.8500000000000005,0.8302338984966767,0.5534850068209817,0.5749426358958046
filtered_matched_null,7.9,0.8948959607167274,0.5965930483010154,0.5506845995664081
filtered_matched_null,7.95,0.9645941727472361,0.6430585229880214,0.5256821518252834
filtered_matched_null,8.0,1.0397207708399179,0.6931429217164758,0.5000021294262692
filtered_matched_null,8.05,1.1206985402339005,0.7471281013124643,0.4737250914829359
filtered_matched_null,8.1,1.207983194437662,0.8053178707816385,0.44694583295557877
filtered_matched_null,8.15,1.3020659398193457,0.8680397010360943,0.41977362502945337
filtered_matched_null,8.2,1.4034762399379728,0.9356465677818457,0.3923321142018149
filtered_matched_null,8.25,1.5127847951722988,1.008518937938063,0.36475881014701816
filtered_matched_null,8.3,1.6306067544154763,1.087066910766848,0.3372040943367917
filtered_matched_null,8.35,1.757605176909868,1.1717325257631093,0.3098296880806041
filtered_matched_null,8.4,1.8944947637039276,1.2629922502924822,0.28280653124731286
filtered_matched_null,8.45,2.0420458797303853,1.3613596609767875,0.25631204244493627
filtered_matched_null,8.5,2.201088889140649,1.4673883339169635,0.2305267585989366
filtered_matched_null,8.55,2.372518828292968,1.5816749600185094,0.20563038691998217
filtered_matched_null,8.6,2.557300442692363,1.7048627029514392,0.18179734470082598
filtered_matched_null,8.65,2.756473616228352,1.8376448186420988,0.15919191076473826
filtered_matched_null,8.700000000000001,2.9711592232641904,1.9807685566659912,0.13796316404506825
filtered_matched_null,8.75,3.202565436511158,2.135039365497303,0.11823993571114907
filtered_matched_null,8.8,3.451994526186303,2.3013254252807327,0.10012604614279243
filtered_matched_null,8.85,3.720850188716713,2.4805625336343393,0.08369613045869251
filtered_matched_null,8.9,4.0106454462338395,2.6737593719790906,0.06899236918798181
filtered_matched_null,8.950000000000001,4.323011161313081,2.882003182031918,0.05602242723774696
filtered_matched_null,9.0,4.659705214876728,3.1064658844076822,0.04475885913275126
filtered_matched_null,9.05,5.022622398910096,3.3484106737632615,0.035140158919601094
filtered_matched_null,9.1,5.413805079663332,3.6091991275987523,0.027073520621706242
filtered_matched_null,9.15,5.835454691347822,3.8902988687217457,0.02043923647652553
filtered_matched_null,9.200000000000001,6.2899441250091925,4.193291824495993,0.015096507934899786
filtered_matched_null,9.25,6.779831082297299,4.519883129354731,0.010890296350145054
filtered_matched_null,9.3,7.307872469283265,4.871910720678708,0.007658717628413935
filtered_matched_null,9.35,7.8770399113265555,5.251355682040901,0.005240409252688238
filtered_matched_null,9.4,8.490536476304587,5.660353392026256,0.0034812864219415924
filtered_matched_null,9.450000000000001,9.15181470031657,6.101205541367578,0.002240165478826678
filtered_matched_null,9.5,9.8645960173042,6.576393086025997,0.001392864186555888
filtered_matched_null,9.55,10.632891701931866,7.088590209111109,0.0008345731102018298
filtered_matched_null,9.6,11.461025443585056,7.640679370213235,0.00048050190246696887
filtered_matched_null,9.65,12.353657678525849,8.23576752684043,0.0002650034993845747
filtered_matched_null,9.700000000000001,13.315811817137257,8.877203619248036,0.00013953381017151712
filtered_matched_null,9.75,14.352902513854511,9.56859741705954,6.988934048023488e-05
filtered_matched_null,9.8,15.47076613887598,10.313839833740518,3.3170824990112475e-05
filtered_matched_null,9.85,16.675693623137022,11.11712482324788,1.4855731267284556e-05
filtered_matched_null,9.9,17.97446586138733,11.982972982081419,6.24972570686002e-06
filtered_matched_null,9.950000000000001,19.3743918726063,12.91625698956073,2.457767870705979e-06
filtered_matched_null,10.0,20.883349932510313,13.92222902949674,8.987786691572024e-07
filtered_matched_null,10.05,22.50983190963053,15.006550347576885,3.0390510235570873e-07
filtered_matched_null,10.1,24.26299105446785,16.175323110801763,9.4437923658123e-08
filtered_matched_null,10.15,26.15269351066652,17.435124748267544,2.6793011502478732e-08
filtered_matched_null,10.200000000000001,28.18957383809082,18.79304496655041,6.891032098496979e-09
filtered_matched_null,10.25,30.385094860270105,20.25672564800327,1.5944680807816438e-09
filtered_matched_null,10.3,32.75161217301125,21.834403856497367,3.291841298573731e-10
filtered_matched_null,10.35,35.30244367720894,23.53495819262916,6.010319029834207e-11
filtered_matched_null,10.4,38.051944527160934,25.367958759263818,9.612480984888212e-12
filtered_matched_null,10.450000000000001,41.01558791616801,27.34372101860187,1.332824130424145e-12
filtered_matched_null,10.5,44.21005215405263,29.473363843858287,1.5844579557163863e-13
filtered_matched_null,10.55,47.65331452663635,31.76887209224743,1.5957106884093288e-14
filtered_matched_null,10.6,51.36475246538161,34.243164051410936,1.3439490652451597e-15
filtered_matched_null,10.65,55.36525259654721,36.91016413885467,9.335108893880819e-17
filtered_matched_null,10.700000000000001,59.67732828354249,39.78488126351819,5.267998032368655e-18
filtered_matched_null,10.75,64.3252463239695,42.88349329046953,2.3764873079682594e-19
filtered_matched_null,10.8,69.33516351435671,46.223438084061,8.422012962093071e-21
filtered_matched_null,10.85,74.73527385111935,49.82351164190276,2.3010381806096086e-22
filtered_matched_null,10.9,80.55596719614427,53.70397387191937,4.749637787794056e-24
filtered_matched_null,10.950000000000001,86.83000029990629,57.88666260776073,7.246726213202547e-26
filtered_matched_null,11.0,93.59268114457663,62.39511650420763,7.982615380039327e-28
filtered_matched_null,11.05,100.88206764453815,67.25470750418198,6.18944415641451e-30
filtered_matched_null,11.1,108.7391818225188,72.49278362283574,3.286881861727661e-32
filtered_matched_null,11.15,117.20824066665537,78.13882285226012,1.1607545984589892e-34
filtered_matched_null,11.200000000000001,126.3369049676595,84.22459905292953,2.6407141391992073e-37
filtered_matched_null,11.25,136.17654753645783,90.78436076546174,3.739840465750094e-40
filtered_matched_null,11.3,146.78254231173565,97.8550239489803,3.177628137438753e-43
filtered_matched_null,11.35,158.21457598437243,105.47637973073815,1.5566476193713531e-46
filtered_matched_null,11.4,170.53698389248748,113.69131833614819,4.211994605620795e-50
filtered_matched_null,11.450000000000001,183.81911207738014,122.54607045940996,6.010599910404699e-54
filtered_matched_null,11.5,198.1357075378935,132.09046743308554,4.3036691974155354e-58
filtered_matched_null,11.55,213.56733887940825,142.37822166076205,1.465291362385186e-62
filtered_matched_null,11.6,230.20084972472097,153.46722889097052,2.238872385146109e-67
filtered_matched_null,11.65,248.1298474384518,165.41989403345772,1.4422907700396818e-72
filtered_matched_null,11.700000000000001,267.455229915329,178.3034823513759,3.662532698273845e-78
filtered_matched_null,11.75,288.2857533969379,192.1904980057818,3.409786930838082e-84
filtered_matched_null,11.8,310.738644512395,207.15909208275323,1.0763398813377853e-90
filtered_matched_null,11.85,334.94025998728375,223.2935023993457,1.0589222240266386e-97
filtered_matched_null,11.9,361.0267977334714,240.68452756347082,2.965089450816245e-105
filtered_matched_null,11.950000000000001,389.14506332154093,259.43003795551715,2.1427232201060398e-113
filtered_matched_null,12.0,419.4532961492846,279.63552650734624,3.596117667784488e-122
heated_matched_null,0.0,6.388265204206552e-06,0.0,1.0
heated_matched_null,0.05,6.885809815262012e-06,3.316964073703066e-07,0.9999996683036476
heated_matched_null,0.1,7.42210526587675e-06,6.892267077801317e-07,0.9999993107735298
heated_matched_null,0.15,8.000169632285935e-06,1.0746029520529222e-06,0.9999989253976254
heated_matched_null,0.2,8.623256051029534e-06,1.489993897881988e-06,0.9999985100072122
heated_matched_null,0.25,9.294871026424725e-06,1.937737214812115e-06,0.9999980622646626
heated_matched_null,0.3,1.001879416389997e-05,2.4203526397956125e-06,0.9999975796502892
heated_matched_null,0.35000000000000003,1.0799099440243213e-05,2.940556157357774e-06,0.9999970594481661
heated_matched_null,0.4,1.164017813046529e-05,3.501275284172492e-06,0.9999964987308453
heated_matched_null,0.45,1.2546763520302428e-05,4.105665544063917e-06,0.9999958943428842
heated_matched_null,0.5,1.3523957543431442e-05,4.757128226149927e-06,0.9999952428830889
heated_matched_null,0.55,1.4577259493301397e-05,5.459329526063231e-06,0.9999945406853761
heated_matched_null,0.6,1.57125969711621e-05,6.216221177970366e-06,0.9999937837981427
heated_matched_null,0.65,1.6936359244453543e-05,7.032062693497993e-06,0.9999929679620314
heated_matched_null,0.7000000000000001,1.8255433203284873e-05,7.91144533271888e-06,0.9999920885859627
heated_matched_null,0.75,1.967724211735381e-05,8.859317942098172e-06,0.9999911407213016
heated_matched_null,0.8,2.1209787411415204e-05,9.881014804805769e-06,0.9999901190340122
heated_matched_null,0.85,2.286169369439681e-05,1.0982285660126837e-05,0.999989017774645
heated_matched_null,0.9,2.464225729556951e-05,1.2169328060908639e-05,0.9999878307459851
heated_matched_null,0.9500000000000001,2.656149858091554e-05,1.3448822251139325e-05,0.9999865512681838
heated_matched_null,1.0,2.863021834411347e-05,1.4827968759937945e-05,0.9999851721411739
heated_matched_null,1.05,3.086005858948633e-05,1.631452892351985e-05,0.9999836856041577
heated_matched_null,1.1,3.3263568048978423e-05,1.7916868563181246e-05,0.9999820832919429
heated_matched_null,1.1500000000000001,3.585427280186637e-05,1.9644005065106544e-05,0.9999803561878771
heated_matched_null,1.2,3.864675239462565e-05,2.150565812694607e-05,0.999978494573118
heated_matched_null,1.25,4.165672188932964e-05,2.3512304456748727e-05,0.9999764879719553
heated_matched_null,1.3,4.490112030231729e-05,2.567523673207383e-05,0.999974325092874
heated_matched_null,1.35,4.839820593083192e-05,2.8006627151083584e-05,0.9999719937650309
heated_matched_null,1.4000000000000001,5.2167659104094454e-05,3.05195959332586e-05,0.9999694808697849
heated_matched_null,1.45,5.623069293705573e-05,3.322828515523279e-05,0.9999667722668981
heated_matched_null,1.5,6.061017271011272e-05,3.614793833727078e-05,0.9999638527149916
heated_matched_null,1.55,6.533074454661067e-05,3.929498622826942e-05,0.9999607057858096
heated_matched_null,1.6,7.041897411228416e-05,4.268713927205174e-05,0.999957313771811
heated_matched_null,1.6500000000000001,7.590349611718647e-05,4.634348727531995e-05,0.9999536575865675
heated_matched_null,1.7,8.181517546144842e-05,5.028460683816124e-05,0.9999497166574115
heated_matched_null,1.75,8.81872809317404e-05,5.453267715168923e-05,0.9999454688097277
heated_matched_null,1.8,9.505567242593339e-05,5.9111604814484564e-05,0.999940890142242
heated_matched_null,1.85,0.00010245900275959483,6.404715837025886e-05,0.9999359548926052
heated_matched_null,1.9000000000000001,0.00011043893519001232,6.936711332387051e-05,0.9999306352925187
heated_matched_null,1.95,0.00011904037788188919,7.510140845178842e-05,0.9999249014115884
heated_matched_null,2.0,0.0001283117366342057,8.128231428666611e-05,0.9999187209890311
heated_matched_null,2.05,0.00013830518729049317,8.794461472419109e-05,0.9999120592522901
heated_matched_null,2.1,0.00014907696936555307,9.512580277423102e-05,0.9999048787215414
heated_matched_null,2.15,0.00016068770254104388,0.00010286629155789156,0.9998971389989977
heated_matched_null,2.2,0.0001732027278110552,0.00011120964173789912,0.999888796541825
heated_matched_null,2.25,0.00018669247519752106,0.00012020280666220968,0.9998798044174056
heated_matched_null,2.3000000000000003,0.00020123286010483032,0.00012989639660041587,0.9998701120395712
heated_matched_null,2.35,0.00021690571054418036,0.00014034496355998255,0.9998596648843338
heated_matched_null,2.4,0.00023379922763194216,0.0001516073082851571,0.999848404183522
heated_matched_null,2.45,0.00025200848195353846,0.0001637468111662213,0.9998362665946111
heated_matched_null,2.5,0.0002716359485862146,0.00017683178892133873,0.9998231838448979
heated_matched_null,2.5500000000000003,0.00029279208379159367,0.0001909358790582581,0.9998090823480366
heated_matched_null,2.6,0.00031559594662344305,0.00020613845427949103,0.9997938827907918
heated_matched_null,2.65,0.00034017586894884237,0.00022252506916309057,0.9997774996877037
heated_matched_null,2.7,0.00036667017765336444,0.00024018794163277194,0.9997598409011816
heated_matched_null,2.75,0.00039522797309461346,0.00025922647192693795,0.9997408071243519
heated_matched_null,2.8000000000000003,0.0004260099681849418,0.00027974780198715686,0.9997202913237807
heated_matched_null,2.85,0.0004591893928254142,0.00030186741841413845,0.9996981781389708
heated_matched_null,2.9,0.0004949529687808517,0.0003257098023844301,0.9996743432352948
heated_matched_null,2.95,0.0005335019604821759,0.0003514091301853129,0.9996486526067713
heated_matched_null,3.0,0.0005750533076696161,0.000379110028310273,0.9996209618248162
heated_matched_null,3.0500000000000003,0.0006198408462508635,0.000408968387364438,0.9995911152288073
heated_matched_null,3.1,0.0006681166242447224,0.0004411522393603439,0.9995589450539812
heated_matched_null,3.15,0.0007201523202159297,0.0004758427033411488,0.9995242704918429
heated_matched_null,3.2,0.0007762407721835448,0.0005132350046528922,0.9994868966779031
heated_matched_null,3.25,0.0008366976256070903,0.0005535395736019225,0.9994466136011638
heated_matched_null,3.3000000000000003,0.0009018631097246868,0.0005969832296803203,0.9994031949293535
heated_matched_null,3.35,0.0009721039522397659,0.0006438104580237063,0.9993563967434607
heated_matched_null,3.4,0.0010478154431315557,0.0006942847852848993,0.9993059561746285
heated_matched_null,3.45,0.001129423659203661,0.0007486902626663029,0.9992515899359568
heated_matched_null,3.5,0.0012173878618897507,0.0008073330644570294,0.9991929927411977
heated_matched_null,3.5500000000000003,0.0013122030818102923,0.0008705432110707238,0.9991298356017382
heated_matched_null,3.6,0.0014144029046252815,0.0009386764262807166,0.9990617639926215
heated_matched_null,3.65,0.0015245624738607793,0.0010121161391043818,0.9989883958776804
heated_matched_null,3.7,0.001643301727608,0.001091275641602529,0.9989093195831227
heated_matched_null,3.75,0.0017712888873099956,0.0011766004147371928,0.9988240915081319
heated_matched_null,3.8000000000000003,0.0019092442182695206,0.001268570635376876,0.9987322336602137
heated_matched_null,3.85,0.002057944083040831,0.0013677038785577498,0.9986332310021301
heated_matched_null,3.9,0.00221822531051652,0.0014745580302082091,0.9985265285963204
heated_matched_null,3.95,0.002390989905296898,0.0015897344267284611,0.9984115285317005
heated_matched_null,4.0,0.0025772101238446705,0.0017138812390936429,0.9982875866166606
heated_matched_null,4.05,0.0027779339459915865,0.0018476971205249203,0.9981540088209502
heated_matched_null,4.1,0.002994290972588736,0.001991935138256353,0.9980100474479283
heated_matched_null,4.15,0.0032274987824903304,0.002147407011524083,0.9978548970173882
heated_matched_null,4.2,0.0034788697846457727,0.002314987679627711,0.9976876898378122
heated_matched_null,4.25,0.0037498186038611068,0.002495620225771267,0.997507491245496
heated_matched_null,4.3,0.004041870041794221,0.002690321184393343,0.9973132944864788
heated_matched_null,4.3500000000000005,0.004356667657985399,0.002900186261854128,0.9971040152156521
heated_matched_null,4.4,0.0046959830192141285,0.0031263965026732815,0.996878485585766
heated_matched_null,4.45,0.00506172566923427,0.0033702249360200425,0.996635447897342
heated_matched_null,4.5,0.005455953874993521,0.0036330437398595433,0.9963735477787071
heated_matched_null,4.55,0.005880886209813103,0.003916331963072598,0.9960913268635186
heated_matched_null,4.6000000000000005,0.006338914038713541,0.004221683849006223,0.9957872149312377
heated_matched_null,4.65,0.006832614976149417,0.004550817807296808,0.9954595214740528
heated_matched_null,4.7,0.007364767391888433,0.004905586084456151,0.9951064266517619
heated_matched_null,4.75,0.00793836604666848,0.005287985187642849,0.9947259715941075
heated_matched_null,4.8,0.008556638945624638,0.005700167120280287,0.9943160480080427
heated_matched_null,4.8500000000000005,0.009223065504330991,0.006144451492751189,0.9938743870454124
heated_matched_null,4.9,0.009941396129689148,0.006623338576323294,0.9933985473845908
heated_matched_null,4.95,0.01071567332585775,0.00713952337376903,0.9928859024777625
heated_matched_null,5.0,0.011550254443999269,0.0076959107858633755,0.9923336269138111
heated_matched_null,5.05,0.012449836203871587,0.008295631959111587,0.9917386818452337
heated_matched_null,5.1000000000000005,0.013419481125262882,0.008942061906705785,0.9910977994262129
heated_matched_null,5.15,0.014464646018016326,0.009638838501874747,0.9904074662079935
heated_matched_null,5.2,0.015591212690976297,0.010389882950514727,0.9896639054371525
heated_matched_null,5.25,0.016805521052674664,0.011199421858313638,0.9888630582022913
heated_matched_null,5.3,0.01811440479003602,0.012072011016554541,0.9880005633752628
heated_matched_null,5.3500000000000005,0.019525229825888505,0.013012561040456198,0.9870717362944046
heated_matched_null,5.4,0.021045935771705104,0.014026365004333933,0.9860715461395556
heated_matched_null,5.45,0.022685080608856843,0.01511912822910176,0.9849945919520785
heated_matched_null,5.5,0.02445188884982707,0.01629700038974858,0.9838350772579271
heated_matched_null,5.55,0.026356303450421236,0.01756661012347802,0.9825867832582402
heated_matched_null,5.6000000000000005,0.028409041765115012,0.01893510233327387,0.9812430405603202
heated_matched_null,5.65,0.030621655860437018,0.020410178396821875,0.9797966994325069
heated_matched_null,5.7,0.03300659752580855,0.022000139507069562,0.978240098579791
heated_matched_null,5.75,0.03557728834769692,0.023713933388328473,0.9765650324534668
heated_matched_null,5.8,0.03834819524143498,0.025561204650820516,0.974762717128234
heated_matched_null,5.8500000000000005,0.041334911865772254,0.027552349067045366,0.972823754804492
heated_matched_null,5.9,0.04455424637832899,0.029698572075416527,0.9707380970227922
heated_matched_null,5.95,0.0480243160258098,0.03201195184040373,0.9684950067122722
heated_matched_null,6.0,0.05176464910129519,0.03450550722406066,0.966083019236193
heated_matched_null,6.05,0.05579629484239045,0.0371932710514575,0.9634899026463849
heated_matched_null,6.1000000000000005,0.06014194188869865,0.04009036908232963,0.9607026174154545
heated_matched_null,6.15,0.06482604596525278,0.043213105133365716,0.95770727598215
heated_matched_null,6.2,0.06987496751046457,0.04657905283017358,0.9544891025224993
heated_matched_null,6.25,0.07531712002310828,0.05020715450526939,0.9510323934485235
heated_matched_null,6.3,0.08118312996318394,0.05411782779865316,0.9473204792388423
heated_matched_null,6.3500000000000005,0.0875060091065233,0.058333080560879394,0.9433356883227388
heated_matched_null,6.4,0.09432134032308769,0.06287663470525566,0.9390593138726955
heated_matched_null,6.45,0.1016674778244517,0.067774059706165,0.9344715845114672
heated_matched_null,6.5,0.10958576300739119,0.07305291649479133,0.9295516401098031
heated_matched_null,6.55,0.11812075710826629,0.0787429125620414,0.9242775140411755
heated_matched_null,6.6000000000000005,0.12732049197749354,0.08487606914152623,0.9186261234713231
heated_matched_null,6.65,0.13723674038537415,0.09148690141344663,0.9125732694936819
heated_matched_null,6.7,0.14792530738046358,0.09861261274350627,0.9060936491769754
heated_matched_null,6.75,0.15944634434013907,0.1062933040499566,0.8991608818677521
heated_matched_null,6.8,0.17186468748072933,0.11457219947701677,0.8917475523869209
heated_matched_null,6.8500000000000005,0.1852502227322187,0.12349588964467635,0.8838252740725328
heated_matched_null,6.9,0.19967827903090637,0.13311459384380145,0.8753647749467268
heated_matched_null,6.95,0.21523005224333297,0.14348244265208585,0.8663360106164659
heated_matched_null,7.0,0.23199306210715978,0.15465778256130372,0.8567083078464128
heated_matched_null,7.05,0.25006164476050147,0.16670350433019818,0.8464505430559834
heated_matched_null,7.1000000000000005,0.2695374836314878,0.17968739691085572,0.8355313602754736
heated_matched_null,7.15,0.2905301816757063,0.19368252894033477,0.8239194333280039
heated_matched_null,7.2,0.31315787818187646,0.20876765994444815,0.8115837771595603
heated_matched_null,7.25,0.33754791361690467,0.2250276835678003,0.798494113287476
heated_matched_null,7.3,0.3638375462518361,0.2425541053244213,0.7846212942405842
heated_matched_null,7.3500000000000005,0.3921747246016087,0.26144555755760296,0.7699377915771891
heated_matched_null,7.4,0.42271892002561906,0.28180835450694325,0.754418251537626
heated_matched_null,7.45,0.45564202417468275,0.303757090606319,0.7380401215567748
heated_matched_null,7.5,0.4911293163348825,0.32741528537978554,0.7207843496616735
heated_matched_null,7.55,0.5293805061121744,0.3529160785646468,0.7026361571378833
heated_matched_null,7.6000000000000005,0.570610857325598,0.3804029793735959,0.6835858826895265
heated_matched_null,7.65,0.6150523994339538,0.41003067411249977,0.6636298935660977
heated_matched_null,7.7,0.6629552333134223,0.4419658966988121,0.642771555713712
heated_matched_null,7.75,0.7145889387345609,0.4763883669795711,0.6210222508715258
heated_matched_null,7.8,0.7702440914594518,0.5134918021294984,0.598402423640023
heated_matched_null,7.8500000000000005,0.8302338984966767,0.5534850068209817,0.5749426358958046
heated_matched_null,7.9,0.8948959607167274,0.5965930483010154,0.5506845995664081
heated_matched_null,7.95,0.9645941727472361,0.6430585229880214,0.5256821518252834
heated_matched_null,8.0,1.0397207708399179,0.6931429217164758,0.5000021294262692
heated_matched_null,8.05,1.1206985402339005,0.7471281013124643,0.4737250914829359
heated_matched_null,8.1,1.207983194437662,0.8053178707816385,0.44694583295557877
heated_matched_null,8.15,1.3020659398193457,0.8680397010360943,0.41977362502945337
heated_matched_null,8.2,1.4034762399379728,0.9356465677818457,0.3923321142018149
heated_matched_null,8.25,1.5127847951722988,1.008518937938063,0.36475881014701816
heated_matched_null,8.3,1.6306067544154763,1.087066910766848,0.3372040943367917
heated_matched_null,8.35,1.757605176909868,1.1717325257631093,0.3098296880806041
heated_matched_null,8.4,1.8944947637039276,1.2629922502924822,0.28280653124731286
heated_matched_null,8.45,2.0420458797303853,1.3613596609767875,0.25631204244493627
heated_matched_null,8.5,2.201088889140649,1.4673883339169635,0.2305267585989366
heated_matched_null,8.55,2.372518828292968,1.5816749600185094,0.20563038691998217
heated_matched_null,8.6,2.557300442692363,1.7048627029514392,0.18179734470082598
heated_matched_null,8.65,2.756473616228352,1.8376448186420988,0.15919191076473826
heated_matched_null,8.700000000000001,2.9711592232641904,1.9807685566659912,0.13796316404506825
heated_matched_null,8.75,3.202565436511158,2.135039365497303,0.11823993571114907
heated_matched_null,8.8,3.451994526186303,2.3013254252807327,0.10012604614279243
heated_matched_null,8.85,3.720850188716713,2.4805625336343393,0.08369613045869251
heated_matched_null,8.9,4.0106454462338395,2.6737593719790906,0.06899236918798181
heated_matched_null,8.950000000000001,4.323011161313081,2.882003182031918,0.05602242723774696
heated_matched_null,9.0,4.659705214876728,3.1064658844076822,0.04475885913275126
heated_matched_null,9.05,5.022622398910096,3.3484106737632615,0.035140158919601094
heated_matched_null,9.1,5.413805079663332,3.6091991275987523,0.027073520621706242
heated_matched_null,9.15,5.835454691347822,3.8902988687217457,0.02043923647652553
heated_matched_null,9.200000000000001,6.2899441250091925,4.193291824495993,0.015096507934899786
heated_matched_null,9.25,6.779831082297299,4.519883129354731,0.010890296350145054
heated_matched_null,9.3,7.307872469283265,4.871910720678708,0.007658717628413935
heated_matched_null,9.35,7.8770399113265555,5.251355682040901,0.005240409252688238
heated_matched_null,9.4,8.490536476304587,5.660353392026256,0.0034812864219415924
heated_matched_null,9.450000000000001,9.15181470031657,6.101205541367578,0.002240165478826678
heated_matched_null,9.5,9.8645960173042,6.576393086025997,0.001392864186555888
heated_matched_null,9.55,10.632891701931866,7.088590209111109,0.0008345731102018298
heated_matched_null,9.6,11.461025443585056,7.640679370213235,0.00048050190246696887
heated_matched_null,9.65,12.353657678525849,8.23576752684043,0.0002650034993845747
heated_matched_null,9.700000000000001,13.315811817137257,8.877203619248036,0.00013953381017151712
heated_matched_null,9.75,14.352902513854511,9.56859741705954,6.988934048023488e-05
heated_matched_null,9.8,15.47076613887598,10.313839833740518,3.3170824990112475e-05
heated_matched_null,9.85,16.675693623137022,11.11712482324788,1.4855731267284556e-05
heated_matched_null,9.9,17.97446586138733,11.982972982081419,6.24972570686002e-06
heated_matched_null,9.950000000000001,19.3743918726063,12.91625698956073,2.457767870705979e-06
heated_matched_null,10.0,20.883349932510313,13.92222902949674,8.987786691572024e-07
heated_matched_null,10.05,22.50983190963053,15.006550347576885,3.0390510235570873e-07
heated_matched_null,10.1,24.26299105446785,16.175323110801763,9.4437923658123e-08
heated_matched_null,10.15,26.15269351066652,17.435124748267544,2.6793011502478732e-08
heated_matched_null,10.200000000000001,28.18957383809082,18.79304496655041,6.891032098496979e-09
heated_matched_null,10.25,30.385094860270105,20.25672564800327,1.5944680807816438e-09
heated_matched_null,10.3,32.75161217301125,21.834403856497367,3.291841298573731e-10
heated_matched_null,10.35,35.30244367720894,23.53495819262916,6.010319029834207e-11
heated_matched_null,10.4,38.051944527160934,25.367958759263818,9.612480984888212e-12
heated_matched_null,10.450000000000001,41.01558791616801,27.34372101860187,1.332824130424145e-12
heated_matched_null,10.5,44.21005215405263,29.473363843858287,1.5844579557163863e-13
heated_matched_null,10.55,47.65331452663635,31.76887209224743,1.5957106884093288e-14
heated_matched_null,10.6,51.36475246538161,34.243164051410936,1.3439490652451597e-15
heated_matched_null,10.65,55.36525259654721,36.91016413885467,9.335108893880819e-17
heated_matched_null,10.700000000000001,59.67732828354249,39.78488126351819,5.267998032368655e-18
heated_matched_null,10.75,64.3252463239695,42.88349329046953,2.3764873079682594e-19
heated_matched_null,10.8,69.33516351435671,46.223438084061,8.422012962093071e-21
heated_matched_null,10.85,74.73527385111935,49.82351164190276,2.3010381806096086e-22
heated_matched_null,10.9,80.55596719614427,53.70397387191937,4.749637787794056e-24
heated_matched_null,10.950000000000001,86.83000029990629,57.88666260776073,7.246726213202547e-26
heated_matched_null,11.0,93.59268114457663,62.39511650420763,7.982615380039327e-28
heated_matched_null,11.05,100.88206764453815,67.25470750418198,6.18944415641451e-30
heated_matched_null,11.1,108.7391818225188,72.49278362283574,3.286881861727661e-32
heated_matched_null,11.15,117.20824066665537,78.13882285226012,1.1607545984589892e-34
heated_matched_null,11.200000000000001,126.3369049676595,84.22459905292953,2.6407141391992073e-37
heated_matched_null,11.25,136.17654753645783,90.78436076546174,3.739840465750094e-40
heated_matched_null,11.3,146.78254231173565,97.8550239489803,3.177628137438753e-43
heated_matched_null,11.35,158.21457598437243,105.47637973073815,1.5566476193713531e-46
heated_matched_null,11.4,170.53698389248748,113.69131833614819,4.211994605620795e-50
heated_matched_null,11.450000000000001,183.81911207738014,122.54607045940996,6.010599910404699e-54
heated_matched_null,11.5,198.1357075378935,132.09046743308554,4.3036691974155354e-58
heated_matched_null,11.55,213.56733887940825,142.37822166076205,1.465291362385186e-62
heated_matched_null,11.6,230.20084972472097,153.46722889097052,2.238872385146109e-67
heated_matched_null,11.65,248.1298474384518,165.41989403345772,1.4422907700396818e-72
heated_matched_null,11.700000000000001,267.455229915329,178.3034823513759,3.662532698273845e-78
heated_matched_null,11.75,288.2857533969379,192.1904980057818,3.409786930838082e-84
heated_matched_null,11.8,310.738644512395,207.15909208275323,1.0763398813377853e-90
heated_matched_null,11.85,334.94025998728375,223.2935023993457,1.0589222240266386e-97
heated_matched_null,11.9,361.0267977334714,240.68452756347082,2.965089450816245e-105
heated_matched_null,11.950000000000001,389.14506332154093,259.43003795551715,2.1427232201060398e-113
heated_matched_null,12.0,419.4532961492846,279.63552650734624,3.596117667784488e-122
boiled_matched_null,0.0,6.388265204206552e-06,0.0,1.0
boiled_matched_null,0.05,6.885809815262012e-06,3.316964073703066e-07,0.9999996683036476
boiled_matched_null,0.1,7.42210526587675e-06,6.892267077801317e-07,0.9999993107735298
boiled_matched_null,0.15,8.000169632285935e-06,1.0746029520529222e-06,0.9999989253976254
boiled_matched_null,0.2,8.623256051029534e-06,1.489993897881988e-06,0.9999985100072122
boiled_matched_null,0.25,9.294871026424725e-06,1.937737214812115e-06,0.9999980622646626
boiled_matched_null,0.3,1.001879416389997e-05,2.4203526397956125e-06,0.9999975796502892
boiled_matched_null,0.35000000000000003,1.0799099440243213e-05,2.940556157357774e-06,0.9999970594481661
boiled_matched_null,0.4,1.164017813046529e-05,3.501275284172492e-06,0.9999964987308453
boiled_matched_null,0.45,1.2546763520302428e-05,4.105665544063917e-06,0.9999958943428842
boiled_matched_null,0.5,1.3523957543431442e-05,4.757128226149927e-06,0.9999952428830889
boiled_matched_null,0.55,1.4577259493301397e-05,5.459329526063231e-06,0.9999945406853761
boiled_matched_null,0.6,1.57125969711621e-05,6.216221177970366e-06,0.9999937837981427
boiled_matched_null,0.65,1.6936359244453543e-05,7.032062693497993e-06,0.9999929679620314
boiled_matched_null,0.7000000000000001,1.8255433203284873e-05,7.91144533271888e-06,0.9999920885859627
boiled_matched_null,0.75,1.967724211735381e-05,8.859317942098172e-06,0.9999911407213016
boiled_matched_null,0.8,2.1209787411415204e-05,9.881014804805769e-06,0.9999901190340122
boiled_matched_null,0.85,2.286169369439681e-05,1.0982285660126837e-05,0.999989017774645
boiled_matched_null,0.9,2.464225729556951e-05,1.2169328060908639e-05,0.9999878307459851
boiled_matched_null,0.9500000000000001,2.656149858091554e-05,1.3448822251139325e-05,0.9999865512681838
boiled_matched_null,1.0,2.863021834411347e-05,1.4827968759937945e-05,0.9999851721411739
boiled_matched_null,1.05,3.086005858948633e-05,1.631452892351985e-05,0.9999836856041577
boiled_matched_null,1.1,3.3263568048978423e-05,1.7916868563181246e-05,0.9999820832919429
boiled_matched_null,1.1500000000000001,3.585427280186637e-05,1.9644005065106544e-05,0.9999803561878771
boiled_matched_null,1.2,3.864675239462565e-05,2.150565812694607e-05,0.999978494573118
boiled_matched_null,1.25,4.165672188932964e-05,2.3512304456748727e-05,0.9999764879719553
boiled_matched_null,1.3,4.490112030231729e-05,2.567523673207383e-05,0.999974325092874
boiled_matched_null,1.35,4.839820593083192e-05,2.8006627151083584e-05,0.9999719937650309
boiled_matched_null,1.4000000000000001,5.2167659104094454e-05,3.05195959332586e-05,0.9999694808697849
boiled_matched_null,1.45,5.623069293705573e-05,3.322828515523279e-05,0.9999667722668981
boiled_matched_null,1.5,6.061017271011272e-05,3.614793833727078e-05,0.9999638527149916
boiled_matched_null,1.55,6.533074454661067e-05,3.929498622826942e-05,0.9999607057858096
boiled_matched_null,1.6,7.041897411228416e-05,4.268713927205174e-05,0.999957313771811
boiled_matched_null,1.6500000000000001,7.590349611718647e-05,4.634348727531995e-05,0.9999536575865675
boiled_matched_null,1.7,8.181517546144842e-05,5.028460683816124e-05,0.9999497166574115
boiled_matched_null,1.75,8.81872809317404e-05,5.453267715168923e-05,0.9999454688097277
boiled_matched_null,1.8,9.505567242593339e-05,5.9111604814484564e-05,0.999940890142242
boiled_matched_null,1.85,0.00010245900275959483,6.404715837025886e-05,0.9999359548926052
boiled_matched_null,1.9000000000000001,0.00011043893519001232,6.936711332387051e-05,0.9999306352925187
boiled_matched_null,1.95,0.00011904037788188919,7.510140845178842e-05,0.9999249014115884
boiled_matched_null,2.0,0.0001283117366342057,8.128231428666611e-05,0.9999187209890311
boiled_matched_null,2.05,0.00013830518729049317,8.794461472419109e-05,0.9999120592522901
boiled_matched_null,2.1,0.00014907696936555307,9.512580277423102e-05,0.9999048787215414
boiled_matched_null,2.15,0.00016068770254104388,0.00010286629155789156,0.9998971389989977
boiled_matched_null,2.2,0.0001732027278110552,0.00011120964173789912,0.999888796541825
boiled_matched_null,2.25,0.00018669247519752106,0.00012020280666220968,0.9998798044174056
boiled_matched_null,2.3000000000000003,0.00020123286010483032,0.00012989639660041587,0.9998701120395712
boiled_matched_null,2.35,0.00021690571054418036,0.00014034496355998255,0.9998596648843338
boiled_matched_null,2.4,0.00023379922763194216,0.0001516073082851571,0.999848404183522
boiled_matched_null,2.45,0.00025200848195353846,0.0001637468111662213,0.9998362665946111
boiled_matched_null,2.5,0.0002716359485862146,0.00017683178892133873,0.9998231838448979
boiled_matched_null,2.5500000000000003,0.00029279208379159367,0.0001909358790582581,0.9998090823480366
boiled_matched_null,2.6,0.00031559594662344305,0.00020613845427949103,0.9997938827907918
boiled_matched_null,2.65,0.00034017586894884237,0.00022252506916309057,0.9997774996877037
boiled_matched_null,2.7,0.00036667017765336444,0.00024018794163277194,0.9997598409011816
boiled_matched_null,2.75,0.00039522797309461346,0.00025922647192693795,0.9997408071243519
boiled_matched_null,2.8000000000000003,0.0004260099681849418,0.00027974780198715686,0.9997202913237807
boiled_matched_null,2.85,0.0004591893928254142,0.00030186741841413845,0.9996981781389708
boiled_matched_null,2.9,0.0004949529687808517,0.0003257098023844301,0.9996743432352948
boiled_matched_null,2.95,0.0005335019604821759,0.0003514091301853129,0.9996486526067713
boiled_matched_null,3.0,0.0005750533076696161,0.000379110028310273,0.9996209618248162
boiled_matched_null,3.0500000000000003,0.0006198408462508635,0.000408968387364438,0.9995911152288073
boiled_matched_null,3.1,0.0006681166242447224,0.0004411522393603439,0.9995589450539812
boiled_matched_null,3.15,0.0007201523202159297,0.0004758427033411488,0.9995242704918429
boiled_matched_null,3.2,0.0007762407721835448,0.0005132350046528922,0.9994868966779031
boiled_matched_null,3.25,0.0008366976256070903,0.0005535395736019225,0.9994466136011638
boiled_matched_null,3.3000000000000003,0.0009018631097246868,0.0005969832296803203,0.9994031949293535
boiled_matched_null,3.35,0.0009721039522397659,0.0006438104580237063,0.9993563967434607
boiled_matched_null,3.4,0.0010478154431315557,0.0006942847852848993,0.9993059561746285
boiled_matched_null,3.45,0.001129423659203661,0.0007486902626663029,0.9992515899359568
boiled_matched_null,3.5,0.0012173878618897507,0.0008073330644570294,0.9991929927411977
boiled_matched_null,3.5500000000000003,0.0013122030818102923,0.0008705432110707238,0.9991298356017382
boiled_matched_null,3.6,0.0014144029046252815,0.0009386764262807166,0.9990617639926215
boiled_matched_null,3.65,0.0015245624738607793,0.0010121161391043818,0.9989883958776804
boiled_matched_null,3.7,0.001643301727608,0.001091275641602529,0.9989093195831227
boiled_matched_null,3.75,0.0017712888873099956,0.0011766004147371928,0.9988240915081319
boiled_matched_null,3.8000000000000003,0.0019092442182695206,0.001268570635376876,0.9987322336602137
boiled_matched_null,3.85,0.002057944083040831,0.0013677038785577498,0.9986332310021301
boiled_matched_null,3.9,0.00221822531051652,0.0014745580302082091,0.9985265285963204
boiled_matched_null,3.95,0.002390989905296898,0.0015897344267284611,0.9984115285317005
boiled_matched_null,4.0,0.0025772101238446705,0.0017138812390936429,0.9982875866166606
boiled_matched_null,4.05,0.0027779339459915865,0.0018476971205249203,0.9981540088209502
boiled_matched_null,4.1,0.002994290972588736,0.001991935138256353,0.9980100474479283
boiled_matched_null,4.15,0.0032274987824903304,0.002147407011524083,0.9978548970173882
boiled_matched_null,4.2,0.0034788697846457727,0.002314987679627711,0.9976876898378122
boiled_matched_null,4.25,0.0037498186038611068,0.002495620225771267,0.997507491245496
boiled_matched_null,4.3,0.004041870041794221,0.002690321184393343,0.9973132944864788
boiled_matched_null,4.3500000000000005,0.004356667657985399,0.002900186261854128,0.9971040152156521
boiled_matched_null,4.4,0.0046959830192141285,0.0031263965026732815,0.996878485585766
boiled_matched_null,4.45,0.00506172566923427,0.0033702249360200425,0.996635447897342
boiled_matched_null,4.5,0.005455953874993521,0.0036330437398595433,0.9963735477787071
boiled_matched_null,4.55,0.005880886209813103,0.003916331963072598,0.9960913268635186
boiled_matched_null,4.6000000000000005,0.006338914038713541,0.004221683849006223,0.9957872149312377
boiled_matched_null,4.65,0.006832614976149417,0.004550817807296808,0.9954595214740528
boiled_matched_null,4.7,0.007364767391888433,0.004905586084456151,0.9951064266517619
boiled_matched_null,4.75,0.00793836604666848,0.005287985187642849,0.9947259715941075
boiled_matched_null,4.8,0.008556638945624638,0.005700167120280287,0.9943160480080427
boiled_matched_null,4.8500000000000005,0.009223065504330991,0.006144451492751189,0.9938743870454124
boiled_matched_null,4.9,0.009941396129689148,0.006623338576323294,0.9933985473845908
boiled_matched_null,4.95,0.01071567332585775,0.00713952337376903,0.9928859024777625
boiled_matched_null,5.0,0.011550254443999269,0.0076959107858633755,0.9923336269138111
boiled_matched_null,5.05,0.012449836203871587,0.008295631959111587,0.9917386818452337
boiled_matched_null,5.1000000000000005,0.013419481125262882,0.008942061906705785,0.9910977994262129
boiled_matched_null,5.15,0.014464646018016326,0.009638838501874747,0.9904074662079935
boiled_matched_null,5.2,0.015591212690976297,0.010389882950514727,0.9896639054371525
boiled_matched_null,5.25,0.016805521052674664,0.011199421858313638,0.9888630582022913
boiled_matched_null,5.3,0.01811440479003602,0.012072011016554541,0.9880005633752628
boiled_matched_null,5.3500000000000005,0.019525229825888505,0.013012561040456198,0.9870717362944046
boiled_matched_null,5.4,0.021045935771705104,0.014026365004333933,0.9860715461395556
boiled_matched_null,5.45,0.022685080608856843,0.01511912822910176,0.9849945919520785
boiled_matched_null,5.5,0.02445188884982707,0.01629700038974858,0.9838350772579271
boiled_matched_null,5.55,0.026356303450421236,0.01756661012347802,0.9825867832582402
boiled_matched_null,5.6000000000000005,0.028409041765115012,0.01893510233327387,0.9812430405603202
boiled_matched_null,5.65,0.030621655860437018,0.020410178396821875,0.9797966994325069
boiled_matched_null,5.7,0.03300659752580855,0.022000139507069562,0.978240098579791
boiled_matched_null,5.75,0.03557728834769692,0.023713933388328473,0.9765650324534668
boiled_matched_null,5.8,0.03834819524143498,0.025561204650820516,0.974762717128234
boiled_matched_null,5.8500000000000005,0.041334911865772254,0.027552349067045366,0.972823754804492
boiled_matched_null,5.9,0.04455424637832899,0.029698572075416527,0.9707380970227922
boiled_matched_null,5.95,0.0480243160258098,0.03201195184040373,0.9684950067122722
boiled_matched_null,6.0,0.05176464910129519,0.03450550722406066,0.966083019236193
boiled_matched_null,6.05,0.05579629484239045,0.0371932710514575,0.9634899026463849
boiled_matched_null,6.1000000000000005,0.06014194188869865,0.04009036908232963,0.9607026174154545
boiled_matched_null,6.15,0.06482604596525278,0.043213105133365716,0.95770727598215
boiled_matched_null,6.2,0.06987496751046457,0.04657905283017358,0.9544891025224993
boiled_matched_null,6.25,0.07531712002310828,0.05020715450526939,0.9510323934485235
boiled_matched_null,6.3,0.08118312996318394,0.05411782779865316,0.9473204792388423
boiled_matched_null,6.3500000000000005,0.0875060091065233,0.058333080560879394,0.9433356883227388
boiled_matched_null,6.4,0.09432134032308769,0.06287663470525566,0.9390593138726955
boiled_matched_null,6.45,0.1016674778244517,0.067774059706165,0.9344715845114672
boiled_matched_null,6.5,0.10958576300739119,0.07305291649479133,0.9295516401098031
boiled_matched_null,6.55,0.11812075710826629,0.0787429125620414,0.9242775140411755
boiled_matched_null,6.6000000000000005,0.12732049197749354,0.08487606914152623,0.9186261234713231
boiled_matched_null,6.65,0.13723674038537415,0.09148690141344663,0.9125732694936819
boiled_matched_null,6.7,0.14792530738046358,0.09861261274350627,0.9060936491769754
boiled_matched_null,6.75,0.15944634434013907,0.1062933040499566,0.8991608818677521
boiled_matched_null,6.8,0.17186468748072933,0.11457219947701677,0.8917475523869209
boiled_matched_null,6.8500000000000005,0.1852502227322187,0.12349588964467635,0.8838252740725328
boiled_matched_null,6.9,0.19967827903090637,0.13311459384380145,0.8753647749467268
boiled_matched_null,6.95,0.21523005224333297,0.14348244265208585,0.8663360106164659
boiled_matched_null,7.0,0.23199306210715978,0.15465778256130372,0.8567083078464128
boiled_matched_null,7.05,0.25006164476050147,0.16670350433019818,0.8464505430559834
boiled_matched_null,7.1000000000000005,0.2695374836314878,0.17968739691085572,0.8355313602754736
boiled_matched_null,7.15,0.2905301816757063,0.19368252894033477,0.8239194333280039
boiled_matched_null,7.2,0.31315787818187646,0.20876765994444815,0.8115837771595603
boiled_matched_null,7.25,0.33754791361690467,0.2250276835678003,0.798494113287476
boiled_matched_null,7.3,0.3638375462518361,0.2425541053244213,0.7846212942405842
boiled_matched_null,7.3500000000000005,0.3921747246016087,0.26144555755760296,0.7699377915771891
boiled_matched_null,7.4,0.42271892002561906,0.28180835450694325,0.754418251537626
boiled_matched_null,7.45,0.45564202417468275,0.303757090606319,0.7380401215567748
boiled_matched_null,7.5,0.4911293163348825,0.32741528537978554,0.7207843496616735
boiled_matched_null,7.55,0.5293805061121744,0.3529160785646468,0.7026361571378833
boiled_matched_null,7.6000000000000005,0.570610857325598,0.3804029793735959,0.6835858826895265
boiled_matched_null,7.65,0.6150523994339538,0.41003067411249977,0.6636298935660977
boiled_matched_null,7.7,0.6629552333134223,0.4419658966988121,0.642771555713712
boiled_matched_null,7.75,0.7145889387345609,0.4763883669795711,0.6210222508715258
boiled_matched_null,7.8,0.7702440914594518,0.5134918021294984,0.598402423640023
boiled_matched_null,7.8500000000000005,0.8302338984966767,0.5534850068209817,0.5749426358958046
boiled_matched_null,7.9,0.8948959607167274,0.5965930483010154,0.5506845995664081
boiled_matched_null,7.95,0.9645941727472361,0.6430585229880214,0.5256821518252834
boiled_matched_null,8.0,1.0397207708399179,0.6931429217164758,0.5000021294262692
boiled_matched_null,8.05,1.1206985402339005,0.7471281013124643,0.4737250914829359
boiled_matched_null,8.1,1.207983194437662,0.8053178707816385,0.44694583295557877
boiled_matched_null,8.15,1.3020659398193457,0.8680397010360943,0.41977362502945337
boiled_matched_null,8.2,1.4034762399379728,0.9356465677818457,0.3923321142018149
boiled_matched_null,8.25,1.5127847951722988,1.008518937938063,0.36475881014701816
boiled_matched_null,8.3,1.6306067544154763,1.087066910766848,0.3372040943367917
boiled_matched_null,8.35,1.757605176909868,1.1717325257631093,0.3098296880806041
boiled_matched_null,8.4,1.8944947637039276,1.2629922502924822,0.28280653124731286
boiled_matched_null,8.45,2.0420458797303853,1.3613596609767875,0.25631204244493627
boiled_matched_null,8.5,2.201088889140649,1.4673883339169635,0.2305267585989366
boiled_matched_null,8.55,2.372518828292968,1.5816749600185094,0.20563038691998217
boiled_matched_null,8.6,2.557300442692363,1.7048627029514392,0.18179734470082598
boiled_matched_null,8.65,2.756473616228352,1.8376448186420988,0.15919191076473826
boiled_matched_null,8.700000000000001,2.9711592232641904,1.9807685566659912,0.13796316404506825
boiled_matched_null,8.75,3.202565436511158,2.135039365497303,0.11823993571114907
boiled_matched_null,8.8,3.451994526186303,2.3013254252807327,0.10012604614279243
boiled_matched_null,8.85,3.720850188716713,2.4805625336343393,0.08369613045869251
boiled_matched_null,8.9,4.0106454462338395,2.6737593719790906,0.06899236918798181
boiled_matched_null,8.950000000000001,4.323011161313081,2.882003182031918,0.05602242723774696
boiled_matched_null,9.0,4.659705214876728,3.1064658844076822,0.04475885913275126
boiled_matched_null,9.05,5.022622398910096,3.3484106737632615,0.035140158919601094
boiled_matched_null,9.1,5.413805079663332,3.6091991275987523,0.027073520621706242
boiled_matched_null,9.15,5.835454691347822,3.8902988687217457,0.02043923647652553
boiled_matched_null,9.200000000000001,6.2899441250091925,4.193291824495993,0.015096507934899786
boiled_matched_null,9.25,6.779831082297299,4.519883129354731,0.010890296350145054
boiled_matched_null,9.3,7.307872469283265,4.871910720678708,0.007658717628413935
boiled_matched_null,9.35,7.8770399113265555,5.251355682040901,0.005240409252688238
boiled_matched_null,9.4,8.490536476304587,5.660353392026256,0.0034812864219415924
boiled_matched_null,9.450000000000001,9.15181470031657,6.101205541367578,0.002240165478826678
boiled_matched_null,9.5,9.8645960173042,6.576393086025997,0.001392864186555888
boiled_matched_null,9.55,10.632891701931866,7.088590209111109,0.0008345731102018298
boiled_matched_null,9.6,11.461025443585056,7.640679370213235,0.00048050190246696887
boiled_matched_null,9.65,12.353657678525849,8.23576752684043,0.0002650034993845747
boiled_matched_null,9.700000000000001,13.315811817137257,8.877203619248036,0.00013953381017151712
boiled_matched_null,9.75,14.352902513854511,9.56859741705954,6.988934048023488e-05
boiled_matched_null,9.8,15.47076613887598,10.313839833740518,3.3170824990112475e-05
boiled_matched_null,9.85,16.675693623137022,11.11712482324788,1.4855731267284556e-05
boiled_matched_null,9.9,17.97446586138733,11.982972982081419,6.24972570686002e-06
boiled_matched_null,9.950000000000001,19.3743918726063,12.91625698956073,2.457767870705979e-06
boiled_matched_null,10.0,20.883349932510313,13.92222902949674,8.987786691572024e-07
boiled_matched_null,10.05,22.50983190963053,15.006550347576885,3.0390510235570873e-07
boiled_matched_null,10.1,24.26299105446785,16.175323110801763,9.4437923658123e-08
boiled_matched_null,10.15,26.15269351066652,17.435124748267544,2.6793011502478732e-08
boiled_matched_null,10.200000000000001,28.18957383809082,18.79304496655041,6.891032098496979e-09
boiled_matched_null,10.25,30.385094860270105,20.25672564800327,1.5944680807816438e-09
boiled_matched_null,10.3,32.75161217301125,21.834403856497367,3.291841298573731e-10
boiled_matched_null,10.35,35.30244367720894,23.53495819262916,6.010319029834207e-11
boiled_matched_null,10.4,38.051944527160934,25.367958759263818,9.612480984888212e-12
boiled_matched_null,10.450000000000001,41.01558791616801,27.34372101860187,1.332824130424145e-12
boiled_matched_null,10.5,44.21005215405263,29.473363843858287,1.5844579557163863e-13
boiled_matched_null,10.55,47.65331452663635,31.76887209224743,1.5957106884093288e-14
boiled_matched_null,10.6,51.36475246538161,34.243164051410936,1.3439490652451597e-15
boiled_matched_null,10.65,55.36525259654721,36.91016413885467,9.335108893880819e-17
boiled_matched_null,10.700000000000001,59.67732828354249,39.78488126351819,5.267998032368655e-18
boiled_matched_null,10.75,64.3252463239695,42.88349329046953,2.3764873079682594e-19
boiled_matched_null,10.8,69.33516351435671,46.223438084061,8.422012962093071e-21
boiled_matched_null,10.85,74.73527385111935,49.82351164190276,2.3010381806096086e-22
boiled_matched_null,10.9,80.55596719614427,53.70397387191937,4.749637787794056e-24
boiled_matched_null,10.950000000000001,86.83000029990629,57.88666260776073,7.246726213202547e-26
boiled_matched_null,11.0,93.59268114457663,62.39511650420763,7.982615380039327e-28
boiled_matched_null,11.05,100.88206764453815,67.25470750418198,6.18944415641451e-30
boiled_matched_null,11.1,108.7391818225188,72.49278362283574,3.286881861727661e-32
boiled_matched_null,11.15,117.20824066665537,78.13882285226012,1.1607545984589892e-34
boiled_matched_null,11.200000000000001,126.3369049676595,84.22459905292953,2.6407141391992073e-37
boiled_matched_null,11.25,136.17654753645783,90.78436076546174,3.739840465750094e-40
boiled_matched_null,11.3,146.78254231173565,97.8550239489803,3.177628137438753e-43
boiled_matched_null,11.35,158.21457598437243,105.47637973073815,1.5566476193713531e-46
boiled_matched_null,11.4,170.53698389248748,113.69131833614819,4.211994605620795e-50
boiled_matched_null,11.450000000000001,183.81911207738014,122.54607045940996,6.010599910404699e-54
boiled_matched_null,11.5,198.1357075378935,132.09046743308554,4.3036691974155354e-58
boiled_matched_null,11.55,213.56733887940825,142.37822166076205,1.465291362385186e-62
boiled_matched_null,11.6,230.20084972472097,153.46722889097052,2.238872385146109e-67
boiled_matched_null,11.65,248.1298474384518,165.41989403345772,1.4422907700396818e-72
boiled_matched_null,11.700000000000001,267.455229915329,178.3034823513759,3.662532698273845e-78
boiled_matched_null,11.75,288.2857533969379,192.1904980057818,3.409786930838082e-84
boiled_matched_null,11.8,310.738644512395,207.15909208275323,1.0763398813377853e-90
boiled_matched_null,11.85,334.94025998728375,223.2935023993457,1.0589222240266386e-97
boiled_matched_null,11.9,361.0267977334714,240.68452756347082,2.965089450816245e-105
boiled_matched_null,11.950000000000001,389.14506332154093,259.43003795551715,2.1427232201060398e-113
boiled_matched_null,12.0,419.4532961492846,279.63552650734624,3.596117667784488e-122
untreated_matched_null,0.0,6.388265204206552e-06,0.0,1.0
untreated_matched_null,0.05,6.885809815262012e-06,3.316964073703066e-07,0.9999996683036476
untreated_matched_null,0.1,7.42210526587675e-06,6.892267077801317e-07,0.9999993107735298
untreated_matched_null,0.15,8.000169632285935e-06,1.0746029520529222e-06,0.9999989253976254
untreated_matched_null,0.2,8.623256051029534e-06,1.489993897881988e-06,0.9999985100072122
untreated_matched_null,0.25,9.294871026424725e-06,1.937737214812115e-06,0.9999980622646626
untreated_matched_null,0.3,1.001879416389997e-05,2.4203526397956125e-06,0.9999975796502892
untreated_matched_null,0.35000000000000003,1.0799099440243213e-05,2.940556157357774e-06,0.9999970594481661
untreated_matched_null,0.4,1.164017813046529e-05,3.501275284172492e-06,0.9999964987308453
untreated_matched_null,0.45,1.2546763520302428e-05,4.105665544063917e-06,0.9999958943428842
untreated_matched_null,0.5,1.3523957543431442e-05,4.757128226149927e-06,0.9999952428830889
untreated_matched_null,0.55,1.4577259493301397e-05,5.459329526063231e-06,0.9999945406853761
untreated_matched_null,0.6,1.57125969711621e-05,6.216221177970366e-06,0.9999937837981427
untreated_matched_null,0.65,1.6936359244453543e-05,7.032062693497993e-06,0.9999929679620314
untreated_matched_null,0.7000000000000001,1.8255433203284873e-05,7.91144533271888e-06,0.9999920885859627
untreated_matched_null,0.75,1.967724211735381e-05,8.859317942098172e-06,0.9999911407213016
untreated_matched_null,0.8,2.1209787411415204e-05,9.881014804805769e-06,0.9999901190340122
untreated_matched_null,0.85,2.286169369439681e-05,1.0982285660126837e-05,0.999989017774645
untreated_matched_null,0.9,2.464225729556951e-05,1.2169328060908639e-05,0.9999878307459851
untreated_matched_null,0.9500000000000001,2.656149858091554e-05,1.3448822251139325e-05,0.9999865512681838
untreated_matched_null,1.0,2.863021834411347e-05,1.4827968759937945e-05,0.9999851721411739
untreated_matched_null,1.05,3.086005858948633e-05,1.631452892351985e-05,0.9999836856041577
untreated_matched_null,1.1,3.3263568048978423e-05,1.7916868563181246e-05,0.9999820832919429
untreated_matched_null,1.1500000000000001,3.585427280186637e-05,1.9644005065106544e-05,0.9999803561878771
untreated_matched_null,1.2,3.864675239462565e-05,2.150565812694607e-05,0.999978494573118
untreated_matched_null,1.25,4.165672188932964e-05,2.3512304456748727e-05,0.9999764879719553
untreated_matched_null,1.3,4.490112030231729e-05,2.567523673207383e-05,0.999974325092874
untreated_matched_null,1.35,4.839820593083192e-05,2.8006627151083584e-05,0.9999719937650309
untreated_matched_null,1.4000000000000001,5.2167659104094454e-05,3.05195959332586e-05,0.9999694808697849
untreated_matched_null,1.45,5.623069293705573e-05,3.322828515523279e-05,0.9999667722668981
untreated_matched_null,1.5,6.061017271011272e-05,3.614793833727078e-05,0.9999638527149916
untreated_matched_null,1.55,6.533074454661067e-05,3.929498622826942e-05,0.9999607057858096
untreated_matched_null,1.6,7.041897411228416e-05,4.268713927205174e-05,0.999957313771811
untreated_matched_null,1.6500000000000001,7.590349611718647e-05,4.634348727531995e-05,0.9999536575865675
untreated_matched_null,1.7,8.181517546144842e-05,5.028460683816124e-05,0.9999497166574115
untreated_matched_null,1.75,8.81872809317404e-05,5.453267715168923e-05,0.9999454688097277
untreated_matched_null,1.8,9.505567242593339e-05,5.9111604814484564e-05,0.999940890142242
untreated_matched_null,1.85,0.00010245900275959483,6.404715837025886e-05,0.9999359548926052
untreated_matched_null,1.9000000000000001,0.00011043893519001232,6.936711332387051e-05,0.9999306352925187
untreated_matched_null,1.95,0.00011904037788188919,7.510140845178842e-05,0.9999249014115884
untreated_matched_null,2.0,0.0001283117366342057,8.128231428666611e-05,0.9999187209890311
untreated_matched_null,2.05,0.00013830518729049317,8.794461472419109e-05,0.9999120592522901
untreated_matched_null,2.1,0.00014907696936555307,9.512580277423102e-05,0.9999048787215414
untreated_matched_null,2.15,0.00016068770254104388,0.00010286629155789156,0.9998971389989977
untreated_matched_null,2.2,0.0001732027278110552,0.00011120964173789912,0.999888796541825
untreated_matched_null,2.25,0.00018669247519752106,0.00012020280666220968,0.9998798044174056
untreated_matched_null,2.3000000000000003,0.00020123286010483032,0.00012989639660041587,0.9998701120395712
untreated_matched_null,2.35,0.00021690571054418036,0.00014034496355998255,0.9998596648843338
untreated_matched_null,2.4,0.00023379922763194216,0.0001516073082851571,0.999848404183522
untreated_matched_null,2.45,0.00025200848195353846,0.0001637468111662213,0.9998362665946111
untreated_matched_null,2.5,0.0002716359485862146,0.00017683178892133873,0.9998231838448979
untreated_matched_null,2.5500000000000003,0.00029279208379159367,0.0001909358790582581,0.9998090823480366
untreated_matched_null,2.6,0.00031559594662344305,0.00020613845427949103,0.9997938827907918
untreated_matched_null,2.65,0.00034017586894884237,0.00022252506916309057,0.9997774996877037
untreated_matched_null,2.7,0.00036667017765336444,0.00024018794163277194,0.9997598409011816
untreated_matched_null,2.75,0.00039522797309461346,0.00025922647192693795,0.9997408071243519
untreated_matched_null,2.8000000000000003,0.0004260099681849418,0.00027974780198715686,0.9997202913237807
untreated_matched_null,2.85,0.0004591893928254142,0.00030186741841413845,0.9996981781389708
untreated_matched_null,2.9,0.0004949529687808517,0.0003257098023844301,0.9996743432352948
untreated_matched_null,2.95,0.0005335019604821759,0.0003514091301853129,0.9996486526067713
untreated_matched_null,3.0,0.0005750533076696161,0.000379110028310273,0.9996209618248162
untreated_matched_null,3.0500000000000003,0.0006198408462508635,0.000408968387364438,0.9995911152288073
untreated_matched_null,3.1,0.0006681166242447224,0.0004411522393603439,0.9995589450539812
untreated_matched_null,3.15,0.0007201523202159297,0.0004758427033411488,0.9995242704918429
untreated_matched_null,3.2,0.0007762407721835448,0.0005132350046528922,0.9994868966779031
untreated_matched_null,3.25,0.0008366976256070903,0.0005535395736019225,0.9994466136011638
untreated_matched_null,3.3000000000000003,0.0009018631097246868,0.0005969832296803203,0.9994031949293535
untreated_matched_null,3.35,0.0009721039522397659,0.0006438104580237063,0.9993563967434607
untreated_matched_null,3.4,0.0010478154431315557,0.0006942847852848993,0.9993059561746285
untreated_matched_null,3.45,0.001129423659203661,0.0007486902626663029,0.9992515899359568
untreated_matched_null,3.5,0.0012173878618897507,0.0008073330644570294,0.9991929927411977
untreated_matched_null,3.5500000000000003,0.0013122030818102923,0.0008705432110707238,0.9991298356017382
untreated_matched_null,3.6,0.0014144029046252815,0.0009386764262807166,0.9990617639926215
untreated_matched_null,3.65,0.0015245624738607793,0.0010121161391043818,0.9989883958776804
untreated_matched_null,3.7,0.001643301727608,0.001091275641602529,0.9989093195831227
untreated_matched_null,3.75,0.0017712888873099956,0.0011766004147371928,0.9988240915081319
untreated_matched_null,3.8000000000000003,0.0019092442182695206,0.001268570635376876,0.9987322336602137
untreated_matched_null,3.85,0.002057944083040831,0.0013677038785577498,0.9986332310021301
untreated_matched_null,3.9,0.00221822531051652,0.0014745580302082091,0.9985265285963204
untreated_matched_null,3.95,0.002390989905296898,0.0015897344267284611,0.9984115285317005
untreated_matched_null,4.0,0.0025772101238446705,0.0017138812390936429,0.9982875866166606
untreated_matched_null,4.05,0.0027779339459915865,0.0018476971205249203,0.9981540088209502
untreated_matched_null,4.1,0.002994290972588736,0.001991935138256353,0.9980100474479283
untreated_matched_null,4.15,0.0032274987824903304,0.002147407011524083,0.9978548970173882
untreated_matched_null,4.2,0.0034788697846457727,0.002314987679627711,0.9976876898378122
untreated_matched_null,4.25,0.0037498186038611068,0.002495620225771267,0.997507491245496
untreated_matched_null,4.3,0.004041870041794221,0.002690321184393343,0.9973132944864788
untreated_matched_null,4.3500000000000005,0.004356667657985399,0.002900186261854128,0.9971040152156521
untreated_matched_null,4.4,0.0046959830192141285,0.0031263965026732815,0.996878485585766
untreated_matched_null,4.45,0.00506172566923427,0.0033702249360200425,0.996635447897342
untreated_matched_null,4.5,0.005455953874993521,0.0036330437398595433,0.9963735477787071
untreated_matched_null,4.55,0.005880886209813103,0.003916331963072598,0.9960913268635186
untreated_matched_null,4.6000000000000005,0.006338914038713541,0.004221683849006223,0.9957872149312377
untreated_matched_null,4.65,0.006832614976149417,0.004550817807296808,0.9954595214740528
untreated_matched_null,4.7,0.007364767391888433,0.004905586084456151,0.9951064266517619
untreated_matched_null,4.75,0.00793836604666848,0.005287985187642849,0.9947259715941075
untreated_matched_null,4.8,0.008556638945624638,0.005700167120280287,0.9943160480080427
untreated_matched_null,4.8500000000000005,0.009223065504330991,0.006144451492751189,0.9938743870454124
untreated_matched_null,4.9,0.009941396129689148,0.006623338576323294,0.9933985473845908
untreated_matched_null,4.95,0.01071567332585775,0.00713952337376903,0.9928859024777625
untreated_matched_null,5.0,0.011550254443999269,0.0076959107858633755,0.9923336269138111
untreated_matched_null,5.05,0.012449836203871587,0.008295631959111587,0.9917386818452337
untreated_matched_null,5.1000000000000005,0.013419481125262882,0.008942061906705785,0.9910977994262129
untreated_matched_null,5.15,0.014464646018016326,0.009638838501874747,0.9904074662079935
untreated_matched_null,5.2,0.015591212690976297,0.010389882950514727,0.9896639054371525
untreated_matched_null,5.25,0.016805521052674664,0.011199421858313638,0.9888630582022913
untreated_matched_null,5.3,0.01811440479003602,0.012072011016554541,0.9880005633752628
untreated_matched_null,5.3500000000000005,0.019525229825888505,0.013012561040456198,0.9870717362944046
untreated_matched_null,5.4,0.021045935771705104,0.014026365004333933,0.9860715461395556
untreated_matched_null,5.45,0.022685080608856843,0.01511912822910176,0.9849945919520785
untreated_matched_null,5.5,0.02445188884982707,0.01629700038974858,0.9838350772579271
untreated_matched_null,5.55,0.026356303450421236,0.01756661012347802,0.9825867832582402
untreated_matched_null,5.6000000000000005,0.028409041765115012,0.01893510233327387,0.9812430405603202
untreated_matched_null,5.65,0.030621655860437018,0.020410178396821875,0.9797966994325069
untreated_matched_null,5.7,0.03300659752580855,0.022000139507069562,0.978240098579791
untreated_matched_null,5.75,0.03557728834769692,0.023713933388328473,0.9765650324534668
untreated_matched_null,5.8,0.03834819524143498,0.025561204650820516,0.974762717128234
untreated_matched_null,5.8500000000000005,0.041334911865772254,0.027552349067045366,0.972823754804492
untreated_matched_null,5.9,0.04455424637832899,0.029698572075416527,0.9707380970227922
untreated_matched_null,5.95,0.0480243160258098,0.03201195184040373,0.9684950067122722
untreated_matched_null,6.0,0.05176464910129519,0.03450550722406066,0.966083019236193
untreated_matched_null,6.05,0.05579629484239045,0.0371932710514575,0.9634899026463849
untreated_matched_null,6.1000000000000005,0.06014194188869865,0.04009036908232963,0.9607026174154545
untreated_matched_null,6.15,0.06482604596525278,0.043213105133365716,0.95770727598215
untreated_matched_null,6.2,0.06987496751046457,0.04657905283017358,0.9544891025224993
untreated_matched_null,6.25,0.07531712002310828,0.05020715450526939,0.9510323934485235
untreated_matched_null,6.3,0.08118312996318394,0.05411782779865316,0.9473204792388423
untreated_matched_null,6.3500000000000005,0.0875060091065233,0.058333080560879394,0.9433356883227388
untreated_matched_null,6.4,0.09432134032308769,0.06287663470525566,0.9390593138726955
untreated_matched_null,6.45,0.1016674778244517,0.067774059706165,0.9344715845114672
untreated_matched_null,6.5,0.10958576300739119,0.07305291649479133,0.9295516401098031
untreated_matched_null,6.55,0.11812075710826629,0.0787429125620414,0.9242775140411755
untreated_matched_null,6.6000000000000005,0.12732049197749354,0.08487606914152623,0.9186261234713231
untreated_matched_null,6.65,0.13723674038537415,0.09148690141344663,0.9125732694936819
untreated_matched_null,6.7,0.14792530738046358,0.09861261274350627,0.9060936491769754
untreated_matched_null,6.75,0.15944634434013907,0.1062933040499566,0.8991608818677521
untreated_matched_null,6.8,0.17186468748072933,0.11457219947701677,0.8917475523869209
untreated_matched_null,6.8500000000000005,0.1852502227322187,0.12349588964467635,0.8838252740725328
untreated_matched_null,6.9,0.19967827903090637,0.13311459384380145,0.8753647749467268
untreated_matched_null,6.95,0.21523005224333297,0.14348244265208585,0.8663360106164659
untreated_matched_null,7.0,0.23199306210715978,0.15465778256130372,0.8567083078464128
untreated_matched_null,7.05,0.25006164476050147,0.16670350433019818,0.8464505430559834
untreated_matched_null,7.1000000000000005,0.2695374836314878,0.17968739691085572,0.8355313602754736
untreated_matched_null,7.15,0.2905301816757063,0.19368252894033477,0.8239194333280039
untreated_matched_null,7.2,0.31315787818187646,0.20876765994444815,0.8115837771595603
untreated_matched_null,7.25,0.33754791361690467,0.2250276835678003,0.798494113287476
untreated_matched_null,7.3,0.3638375462518361,0.2425541053244213,0.7846212942405842
untreated_matched_null,7.3500000000000005,0.3921747246016087,0.26144555755760296,0.7699377915771891
untreated_matched_null,7.4,0.42271892002561906,0.28180835450694325,0.754418251537626
untreated_matched_null,7.45,0.45564202417468275,0.303757090606319,0.7380401215567748
untreated_matched_null,7.5,0.4911293163348825,0.32741528537978554,0.7207843496616735
untreated_matched_null,7.55,0.5293805061121744,0.3529160785646468,0.7026361571378833
untreated_matched_null,7.6000000000000005,0.570610857325598,0.3804029793735959,0.6835858826895265
untreated_matched_null,7.65,0.6150523994339538,0.41003067411249977,0.6636298935660977
untreated_matched_null,7.7,0.6629552333134223,0.4419658966988121,0.642771555713712
untreated_matched_null,7.75,0.7145889387345609,0.4763883669795711,0.6210222508715258
untreated_matched_null,7.8,0.7702440914594518,0.5134918021294984,0.598402423640023
untreated_matched_null,7.8500000000000005,0.8302338984966767,0.5534850068209817,0.5749426358958046
untreated_matched_null,7.9,0.8948959607167274,0.5965930483010154,0.5506845995664081
untreated_matched_null,7.95,0.9645941727472361,0.6430585229880214,0.5256821518252834
untreated_matched_null,8.0,1.0397207708399179,0.6931429217164758,0.5000021294262692
untreated_matched_null,8.05,1.1206985402339005,0.7471281013124643,0.4737250914829359
untreated_matched_null,8.1,1.207983194437662,0.8053178707816385,0.44694583295557877
untreated_matched_null,8.15,1.3020659398193457,0.8680397010360943,0.41977362502945337
untreated_matched_null,8.2,1.4034762399379728,0.9356465677818457,0.3923321142018149
untreated_matched_null,8.25,1.5127847951722988,1.008518937938063,0.36475881014701816
untreated_matched_null,8.3,1.6306067544154763,1.087066910766848,0.3372040943367917
untreated_matched_null,8.35,1.757605176909868,1.1717325257631093,0.3098296880806041
untreated_matched_null,8.4,1.8944947637039276,1.2629922502924822,0.28280653124731286
untreated_matched_null,8.45,2.0420458797303853,1.3613596609767875,0.25631204244493627
untreated_matched_null,8.5,2.201088889140649,1.4673883339169635,0.2305267585989366
untreated_matched_null,8.55,2.372518828292968,1.5816749600185094,0.20563038691998217
untreated_matched_null,8.6,2.557300442692363,1.7048627029514392,0.18179734470082598
untreated_matched_null,8.65,2.756473616228352,1.8376448186420988,0.15919191076473826
untreated_matched_null,8.700000000000001,2.9711592232641904,1.9807685566659912,0.13796316404506825
untreated_matched_null,8.75,3.202565436511158,2.135039365497303,0.11823993571114907
untreated_matched_null,8.8,3.451994526186303,2.3013254252807327,0.10012604614279243
untreated_matched_null,8.85,3.720850188716713,2.4805625336343393,0.08369613045869251
untreated_matched_null,8.9,4.0106454462338395,2.6737593719790906,0.06899236918798181
untreated_matched_null,8.950000000000001,4.323011161313081,2.882003182031918,0.05602242723774696
untreated_matched_null,9.0,4.659705214876728,3.1064658844076822,0.04475885913275126
untreated_matched_null,9.05,5.022622398910096,3.3484106737632615,0.035140158919601094
untreated_matched_null,9.1,5.413805079663332,3.6091991275987523,0.027073520621706242
untreated_matched_null,9.15,5.835454691347822,3.8902988687217457,0.02043923647652553
untreated_matched_null,9.200000000000001,6.2899441250091925,4.193291824495993,0.015096507934899786
untreated_matched_null,9.25,6.779831082297299,4.519883129354731,0.010890296350145054
untreated_matched_null,9.3,7.307872469283265,4.871910720678708,0.007658717628413935
untreated_matched_null,9.35,7.8770399113265555,5.251355682040901,0.005240409252688238
untreated_matched_null,9.4,8.490536476304587,5.660353392026256,0.0034812864219415924
untreated_matched_null,9.450000000000001,9.15181470031657,6.101205541367578,0.002240165478826678
untreated_matched_null,9.5,9.8645960173042,6.576393086025997,0.001392864186555888
untreated_matched_null,9.55,10.632891701931866,7.088590209111109,0.0008345731102018298
untreated_matched_null,9.6,11.461025443585056,7.640679370213235,0.00048050190246696887
untreated_matched_null,9.65,12.353657678525849,8.23576752684043,0.0002650034993845747
untreated_matched_null,9.700000000000001,13.315811817137257,8.877203619248036,0.00013953381017151712
untreated_matched_null,9.75,14.352902513854511,9.56859741705954,6.988934048023488e-05
untreated_matched_null,9.8,15.47076613887598,10.313839833740518,3.3170824990112475e-05
untreated_matched_null,9.85,16.675693623137022,11.11712482324788,1.4855731267284556e-05
untreated_matched_null,9.9,17.97446586138733,11.982972982081419,6.24972570686002e-06
untreated_matched_null,9.950000000000001,19.3743918726063,12.91625698956073,2.457767870705979e-06
untreated_matched_null,10.0,20.883349932510313,13.92222902949674,8.987786691572024e-07
untreated_matched_null,10.05,22.50983190963053,15.006550347576885,3.0390510235570873e-07
untreated_matched_null,10.1,24.26299105446785,16.175323110801763,9.4437923658123e-08
untreated_matched_null,10.15,26.15269351066652,17.435124748267544,2.6793011502478732e-08
untreated_matched_null,10.200000000000001,28.18957383809082,18.79304496655041,6.891032098496979e-09
untreated_matched_null,10.25,30.385094860270105,20.25672564800327,1.5944680807816438e-09
untreated_matched_null,10.3,32.75161217301125,21.834403856497367,3.291841298573731e-10
untreated_matched_null,10.35,35.30244367720894,23.53495819262916,6.010319029834207e-11
untreated_matched_null,10.4,38.051944527160934,25.367958759263818,9.612480984888212e-12
untreated_matched_null,10.450000000000001,41.01558791616801,27.34372101860187,1.332824130424145e-12
untreated_matched_null,10.5,44.21005215405263,29.473363843858287,1.5844579557163863e-13
untreated_matched_null,10.55,47.65331452663635,31.76887209224743,1.5957106884093288e-14
untreated_matched_null,10.6,51.36475246538161,34.243164051410936,1.3439490652451597e-15
untreated_matched_null,10.65,55.36525259654721,36.91016413885467,9.335108893880819e-17
untreated_matched_null,10.700000000000001,59.67732828354249,39.78488126351819,5.267998032368655e-18
untreated_matched_null,10.75,64.3252463239695,42.88349329046953,2.3764873079682594e-19
untreated_matched_null,10.8,69.33516351435671,46.223438084061,8.422012962093071e-21
untreated_matched_null,10.85,74.73527385111935,49.82351164190276,2.3010381806096086e-22
untreated_matched_null,10.9,80.55596719614427,53.70397387191937,4.749637787794056e-24
untreated_matched_null,10.950000000000001,86.83000029990629,57.88666260776073,7.246726213202547e-26
untreated_matched_null,11.0,93.59268114457663,62.39511650420763,7.982615380039327e-28
untreated_matched_null,11.05,100.88206764453815,67.25470750418198,6.18944415641451e-30
untreated_matched_null,11.1,108.7391818225188,72.49278362283574,3.286881861727661e-32
untreated_matched_null,11.15,117.20824066665537,78.13882285226012,1.1607545984589892e-34
untreated_matched_null,11.200000000000001,126.3369049676595,84.22459905292953,2.6407141391992073e-37
untreated_matched_null,11.25,136.17654753645783,90.78436076546174,3.739840465750094e-40
untreated_matched_null,11.3,146.78254231173565,97.8550239489803,3.177628137438753e-43
untreated_matched_null,11.35,158.21457598437243,105.47637973073815,1.5566476193713531e-46
untreated_matched_null,11.4,170.53698389248748,113.69131833614819,4.211994605620795e-50
untreated_matched_null,11.450000000000001,183.81911207738014,122.54607045940996,6.010599910404699e-54
untreated_matched_null,11.5,198.1357075378935,132.09046743308554,4.3036691974155354e-58
untreated_matched_null,11.55,213.56733887940825,142.37822166076205,1.465291362385186e-62
untreated_matched_null,11.6,230.20084972472097,153.46722889097052,2.238872385146109e-67
untreated_matched_null,11.65,248.1298474384518,165.41989403345772,1.4422907700396818e-72
untreated_matched_null,11.700000000000001,267.455229915329,178.3034823513759,3.662532698273845e-78
untreated_matched_null,11.75,288.2857533969379,192.1904980057818,3.409786930838082e-84
untreated_matched_null,11.8,310.738644512395,207.15909208275323,1.0763398813377853e-90
untreated_matched_null,11.85,334.94025998728375,223.2935023993457,1.0589222240266386e-97
untreated_matched_null,11.9,361.0267977334714,240.68452756347082,2.965089450816245e-105
untreated_matched_null,11.950000000000001,389.14506332154093,259.43003795551715,2.1427232201060398e-113
untreated_matched_null,12.0,419.4532961492846,279.63552650734624,3.596117667784488e-122
bio_added_assumed,0.0,6.388293082021825e-06,0.0,1.0
bio_added_assumed,0.05,6.885852885456772e-06,3.3169815362082243e-07,0.9999996683019013
bio_added_assumed,0.1,7.4221718077365965e-06,6.892311519231862e-07,0.9999993107690855
bio_added_assumed,0.15,8.000272437001272e-06,1.0746115643402858e-06,0.999998925389013
bio_added_assumed,0.2,8.623414880517016e-06,1.490008949798334e-06,0.9999985099921602
bio_added_assumed,0.25,9.295116412115556e-06,1.937762215717352e-06,0.9999980622396617
bio_added_assumed,0.3,1.0019173275727502e-05,2.4203930115211594e-06,0.9999975796099176
bio_added_assumed,0.35000000000000003,1.0799685154011959e-05,2.9406202764328856e-06,0.9999970593840471
bio_added_assumed,0.4,1.1641083036601122e-05,3.5013760920254298e-06,0.9999964986300378
bio_added_assumed,0.45,1.2548161566854106e-05,4.105823034723274e-06,0.9999958941853941
bio_added_assumed,0.5,1.3526117473708479e-05,4.757373289651279e-06,0.9999952426380266
bio_added_assumed,0.55,1.4580596505789329e-05,5.459709886370433e-06,0.9999945403050178
bio_added_assumed,0.6,1.5717752532183214e-05,6.2168105668446e-06,0.9999937832087575
bio_added_assumed,0.65,1.6944324395779335e-05,7.032975023786558e-06,0.9999929670497075
bio_added_assumed,0.7000000000000001,1.8267739067842177e-05,7.912856595562792e-06,0.999992087174711
bio_added_assumed,0.75,1.96962542235033e-05,8.861500037309003e-06,0.9999911385392257
bio_added_assumed,0.8,2.1239160413089033e-05,9.884387807548131e-06,0.9999901156610429
bio_added_assumed,0.85,2.290707389691339e-05,1.0987498571012044e-05,0.9999890125617913
bio_added_assumed,0.9,2.4712368032065354e-05,1.2177383561906405e-05,0.9999878226905822
bio_added_assumed,0.9500000000000001,2.6669817078837493e-05,1.3461269448852736e-05,0.9999865388211536
bio_added_assumed,1.0,2.8797566422003985e-05,1.4847200966843144e-05,0.9999851529092523
bio_added_assumed,1.05,3.1118605187813684e-05,1.634424371898101e-05,0.9999836558898474
bio_added_assumed,1.1,3.366301299241172e-05,1.796277857072355e-05,0.999982037382759
bio_added_assumed,1.1500000000000001,3.647140048355572e-05,1.9714936077046095e-05,0.999980285258261
bio_added_assumed,1.2,3.960019186549197e-05,2.1615245666377224e-05,0.9999783849879413
bio_added_assumed,1.25,4.3129750650764224e-05,2.368161490314175e-05,0.9999763186655041
bio_added_assumed,1.3,4.717689532350657e-05,2.5936816863496126e-05,0.9999740635194928
bio_added_assumed,1.35,5.191419426905355e-05,2.841076053733719e-05,0.9999715896430444
bio_added_assumed,1.4000000000000001,5.7599731202350576e-05,3.1143968832159846e-05,0.9999688565161362
bio_added_assumed,1.45,6.462304366242172e-05,3.419291996529609e-05,0.999965807664606
bio_added_assumed,1.5,7.357604455856664e-05,3.763826523044764e-05,0.9999623624430801
bio_added_assumed,1.55,8.536253757956909e-05,4.15974879702399e-05,0.9999584033771932
bio_added_assumed,1.6,0.00010136735435276373,4.624442115281775e-05,0.9999537566481039
bio_added_assumed,1.6500000000000001,0.00012371760032310695,5.183935811763089e-05,0.9999481619855187
bio_added_assumed,1.7,0.00015568620015644528,5.877552601254993e-05,0.9999412262012348
bio_added_assumed,1.75,0.0002023152852123925,6.765083535891186e-05,0.9999323514529073
bio_added_assumed,1.8,0.00027137922303138116,7.937867639237336e-05,0.9999206244740114
bio_added_assumed,1.85,0.0003748723748681486,9.535903701747019e-05,0.999904645509511
bio_added_assumed,1.9000000000000001,0.0005313075318620932,0.00011774281088642978,0.9998822641205263
bio_added_assumed,1.95,0.0007692668124129433,0.0001498400758831952,0.9998501711495803
bio_added_assumed,2.0,0.001132887557938326,0.00019675079628968966,0.9998032685578789
bio_added_assumed,2.05,0.0016903377211210575,0.0002663391556383002,0.9997336963094859
bio_added_assumed,2.1,0.002546909900424424,0.0003707387801513639,0.9996293299349781
bio_added_assumed,2.15,0.003865251002564003,0.0005286781619194023,0.9994714615637557
bio_added_assumed,2.2,0.0058966161758934035,0.0007690732532556616,0.999231222407779
bio_added_assumed,2.25,0.009029154823590041,0.001136577786031716,0.9988640678738627
bio_added_assumed,2.3000000000000003,0.013862510538539404,0.0017001581955149862,0.9983012862547159
bio_added_assumed,2.35,0.02132307506180207,0.0025663414375117154,0.9974369488014478
bio_added_assumed,2.4,0.03284205119129625,0.00389968224343303,0.9961079116429119
bio_added_assumed,2.45,0.05063055318279245,0.005954384129897383,0.994063308082459
bio_added_assumed,2.5,0.07810462647511093,0.009123152535892248,0.990918337152088
bio_added_assumed,2.5500000000000003,0.12054188721498205,0.014012670948404539,0.9860850495509168
bio_added_assumed,2.6,0.1860960057966376,0.021560208548777923,0.9786705513616085
bio_added_assumed,2.65,0.28736404616405975,0.0332137745251669,0.9673317465993372
bio_added_assumed,2.7,0.443807946820841,0.051210449621553446,0.9500787057878335
bio_added_assumed,2.75,0.6854956192010394,0.0790063978742335,0.9240340125727752
bio_added_assumed,2.8000000000000003,1.0588808060884716,0.12194121861720658,0.8852004002769399
bio_added_assumed,2.85,1.635732748968536,0.18826434552736046,0.828395695589568
bio_added_assumed,2.9,2.526932193793111,0.2907207949514019,0.7477244173084757
bio_added_assumed,2.95,3.903785709793026,0.44900108818819306,0.638265404140514
bio_added_assumed,3.0,6.030955524179193,0.6935262905850512,0.49981048091400965
bio_added_assumed,3.0500000000000003,9.317334899764354,1.0712957567655512,0.34256434964046745
bio_added_assumed,3.1,14.394648713428332,1.654921680604442,0.19110702250585115
bio_added_assumed,3.15,22.238888445644832,2.556587140783426,0.07756902135946676
bio_added_assumed,3.2,34.35792475270173,3.949610765108293,0.01926219783591683
bio_added_assumed,3.25,53.08136195946162,6.101763339781434,0.002238916266512526
bio_added_assumed,3.3000000000000003,82.00835254237985,9.426740739464424,8.054127762231813e-05
bio_added_assumed,3.35,126.69945396219822,14.563687702207234,4.7322839409870783e-07
bio_added_assumed,3.4,195.74552191164926,22.500059123426464,1.6917978947697416e-10
bio_added_assumed,3.45,302.41911089615553,34.761436215833754,8.003870779260431e-16
bio_added_assumed,3.5,467.22582712549814,53.70478546382405,4.7457845840413155e-24
bio_added_assumed,3.5500000000000003,721.8460744806873,82.97153287396712,9.24530233468828e-37
bio_added_assumed,3.6,1115.2249064193143,128.18754695417132,2.1323363435404945e-56
bio_added_assumed,3.65,1722.9806222025359,198.04458655752236,9.7797755409438e-87
bio_added_assumed,3.7,2661.9407005009407,305.97109785026066,1.3135317710647312e-133
bio_added_assumed,3.75,4112.59927984142,472.7135339053004,5.048015781254497e-206
bio_added_assumed,3.8000000000000003,6353.813136293205,730.324398116493,6.670277e-318
bio_added_assumed,3.85,9816.40568728503,1128.3236239499615,0.0
bio_added_assumed,3.9,15165.98319731289,1743.2176790508524,0.0
bio_added_assumed,3.95,23430.88275643892,2693.206229441207,0.0
bio_added_assumed,4.0,36199.847180537035,4160.9033924245605,0.0
bio_added_assumed,4.05,55927.42542985292,6428.441232975161,0.0
bio_added_assumed,4.1,86405.80497386398,9931.70336889755,0.0
bio_added_assumed,4.15,133493.7753650043,15344.113887350171,0.0
bio_added_assumed,4.2,206242.950031383,23706.08812562138,0.0
bio_added_assumed,4.25,318637.7373427263,36625.029345379735,0.0
bio_added_assumed,4.3,492283.53163088893,56584.31620630037,0.0
bio_added_assumed,4.3500000000000005,760559.8690119596,87420.67699849569,0.0
bio_added_assumed,4.4,1175036.8997094352,135061.71519690828,0.0
bio_added_assumed,4.45,1815388.6007623891,208665.35919788745,0.0
bio_added_assumed,4.5,2804708.3234550217,322380.27006971824,0.0
bio_added_assumed,4.55,4333170.748322983,498065.60649588343,0.0
bio_added_assumed,4.6000000000000005,6694588.731540738,769492.9611414338,0.0
bio_added_assumed,4.65,10342892.282141551,1188838.1971150637,0.0
bio_added_assumed,4.7,15979386.49543021,1836711.0954878214,0.0
bio_added_assumed,4.75,24687561.836705565,2837650.7902037557,0.0
bio_added_assumed,4.8,38141371.04957906,4384065.642599297,0.0
bio_added_assumed,4.8500000000000005,58927009.2853594,6773219.463171618,0.0
bio_added_assumed,4.9,91040052.51605476,10464373.857900739,0.0
bio_added_assumed,4.95,140653518.01765084,16167071.04241943,0.0
bio_added_assumed,5.0,217304489.4438117,24977527.528645508,0.0
bio_added_assumed,5.05,335727408.72957486,38589357.33210311,0.0
bio_added_assumed,5.1000000000000005,518686444.35883826,59619131.542898245,0.0
bio_added_assumed,5.15,801351395.7069548,92109355.83636187,0.0
bio_added_assumed,5.2,1238058303.5995836,142305552.146481,0.0
bio_added_assumed,5.25,1912754343.8820326,219856821.1451336,0.0
bio_added_assumed,5.3,2955134802.1385927,339670666.9224718,0.0
bio_added_assumed,5.3500000000000005,4565574103.517163,524778632.59894806,0.0
bio_added_assumed,5.4,7053643332.8297615,810763601.4862927,0.0
bio_added_assumed,5.45,10897618380.23054,1252599813.832114,0.0
bio_added_assumed,5.5,16836417827.994686,1935220440.012876,0.0
bio_added_assumed,5.55,26011643589.30997,2989844090.7398214,0.0
bio_added_assumed,5.6000000000000005,40187028448.080376,4619198672.208817,0.0
bio_added_assumed,5.65,62087474401.29714,7136491310.510816,0.0
bio_added_assumed,5.7,95922854373.57652,11025615445.256887,0.0
bio_added_assumed,5.75,148197266516.32895,17034168565.114908,0.0
bio_added_assumed,5.8,228959302205.2774,26317161173.04155,0.0
bio_added_assumed,5.8500000000000005,353733663910.41345,40659041828.80596,0.0
bio_added_assumed,5.9,546505443449.077,62816717637.84953,0.0
bio_added_assumed,5.95,844330721644.6217,97049508235.04051,0.0
bio_added_assumed,6.0,1304459774478.6418,149937905112.51614,0.0
bio_added_assumed,6.05,2015342163457.469,231648524535.37207,0.0
bio_added_assumed,6.1000000000000005,3113629193688.851,357888413067.7173,0.0
bio_added_assumed,6.15,4810442083521.682,552924377416.3212,0.0
bio_added_assumed,6.2,7431955316265.869,854247737501.8627,0.0
bio_added_assumed,6.25,11482096419407.73,1319781197633.1143,0.0
bio_added_assumed,6.3,17739414807302.32,2039013196241.6912,0.0
bio_added_assumed,6.3500000000000005,27406740564696.58,3150200064907.701,0.0
bio_added_assumed,6.4,42342401738719.26,4866942728588.474,0.0
bio_added_assumed,6.45,65417446513598.05,7519246725700.981,0.0
bio_added_assumed,6.5,101067538274433.48,11616958422348.736,0.0
bio_added_assumed,6.55,156145613093149.97,17947771619902.363,0.0
bio_added_assumed,6.6000000000000005,241239204046227.34,27728644143244.598,0.0
bio_added_assumed,6.65,372705658622243.6,42839730876120.04,0.0
bio_added_assumed,6.7,575816474433494.0,66185801659022.39,0.0
bio_added_assumed,6.75,889615181735347.9,102254618590269.98,0.0
bio_added_assumed,6.8,1374422592463387.2,157979608329125.1,0.0
bio_added_assumed,6.8500000000000005,2123432132744083.0,244072658936101.62,0.0
bio_added_assumed,6.9,3280624203279847.5,377083241756304.44,0.0
bio_added_assumed,6.95,5068443204369042.0,582579678663108.5,0.0
bio_added_assumed,7.0,7830557517143080.0,900064082430239.2,0.0
bio_added_assumed,7.05,1.2097922094979712e+16,1390565758043645.5,0.0
bio_added_assumed,7.1000000000000005,1.8690842726815016e+16,2148372727220117.2,0.0
bio_added_assumed,7.15,2.887666155359836e+16,3319156500413605.0,0.0
bio_added_assumed,7.2,4.461337536614994e+16,5127974180017235.0,0.0
bio_added_assumed,7.25,6.892601687583095e+16,7922530675382869.0,0.0
bio_added_assumed,7.3,1.064881498738156e+17,1.2240017226875358e+16,0.0
bio_added_assumed,7.3500000000000005,1.645202577711191e+17,1.8910374456450476e+16,0.0
bio_added_assumed,7.4,2.5417772070553142e+17,2.9215829966153044e+16,0.0
bio_added_assumed,7.45,3.926951888984949e+17,4.513737803430977e+16,0.0
bio_added_assumed,7.5,6.066995602760937e+17,6.973558164093032e+16,0.0
bio_added_assumed,7.55,9.373284085085812e+17,1.0773889752972198e+17,0.0
bio_added_assumed,7.6000000000000005,1.448137765251421e+18,1.6645261669556563e+17,0.0
bio_added_assumed,7.65,2.2373193515857795e+18,2.5716314386043446e+17,0.0
bio_added_assumed,7.7,3.4565757492769987e+18,3.9730755738816083e+17,0.0
bio_added_assumed,7.75,5.340281843099981e+18,6.138254992068945e+17,0.0
bio_added_assumed,7.8,8.250538171978056e+18,9.483377209170181e+17,0.0
bio_added_assumed,7.8500000000000005,1.2746776692174029e+19,1.4651467462269002e+18,0.0
bio_added_assumed,7.9,1.9693299110110855e+19,2.2635975988633172e+18,0.0
bio_added_assumed,7.95,3.0425419634000392e+19,3.497174670574758e+18,0.0
bio_added_assumed,8.0,4.7006149387623465e+19,5.403005676738331e+18,0.0
bio_added_assumed,8.05,7.262276434742649e+19,8.347444177865115e+18,0.0
bio_added_assumed,8.1,1.121994881557009e+20,1.2896492891459875e+19,0.0
bio_added_assumed,8.15,1.7334406443380775e+20,1.9924605107334226e+19,0.0
bio_added_assumed,8.2,2.6781017603871028e+20,3.0782778855024173e+19,0.0
bio_added_assumed,8.25,4.137568287910662e+20,4.755825618288117e+19,0.0
bio_added_assumed,8.3,6.392390158710523e+20,7.3475748950695666e+19,0.0
bio_added_assumed,8.35,9.876006653611792e+20,1.1351731785760681e+20,0.0
bio_added_assumed,8.4,1.5258065449787882e+21,1.7538006264124005e+20,0.0
bio_added_assumed,8.45,2.35731474709839e+21,2.7095571805728624e+20,0.0
bio_added_assumed,8.5,3.6419642025882377e+21,4.186165750101423e+20,0.0
bio_added_assumed,8.55,5.626700155022047e+21,6.467471442554079e+20,0.0
bio_added_assumed,8.6,8.69304388330473e+21,9.992004463568657e+20,0.0
bio_added_assumed,8.65,1.343043166954882e+22,1.54372777810906e+21,0.0
bio_added_assumed,8.700000000000001,2.0749520795223126e+22,2.385002390255532e+21,0.0
bio_added_assumed,8.75,3.2057243119562172e+22,3.6847405884554226e+21,0.0
bio_added_assumed,8.8,4.9527256391545635e+22,5.692788090982257e+21,0.0
bio_added_assumed,8.85,7.651778153614919e+22,8.795147303005656e+21,0.0
bio_added_assumed,8.9,1.1821714582625958e+23,1.3588177681179264e+22,0.0
bio_added_assumed,8.950000000000001,1.8264112323623614e+23,2.0993232555889215e+22,0.0
bio_added_assumed,9.0,2.821737884453604e+23,3.2433768786823037e+22,0.0
bio_added_assumed,9.05,4.3594807935243587e+23,5.010897463821103e+22,0.0
bio_added_assumed,9.1,6.735236782202922e+23,7.741651473796463e+22,0.0
bio_added_assumed,9.15,1.0405692021793818e+24,1.1960565542291745e+23,0.0
bio_added_assumed,9.200000000000001,1.6076409776496267e+24,1.8478631927007205e+23,0.0
bio_added_assumed,9.25,2.4837459225250576e+24,2.8548803707184575e+23,0.0
bio_added_assumed,9.3,3.8372956981222625e+24,4.41068471048536e+23,0.0
bio_added_assumed,9.35,5.928480099871712e+24,6.814344942381279e+23,0.0
bio_added_assumed,9.4,9.159282750030022e+24,1.052791120693106e+24,0.0
bio_added_assumed,9.450000000000001,1.415075349528664e+25,1.6265233902628326e+24,0.0
bio_added_assumed,9.5,2.186239140654429e+25,2.512918552476355e+24,0.0
bio_added_assumed,9.55,3.3776587103446193e+25,3.882366333729448e+24,0.0
bio_added_assumed,9.6,5.21835793322763e+25,5.998112566928312e+24,0.0
bio_added_assumed,9.65,8.062170235222362e+25,9.26686233933605e+24,0.0
bio_added_assumed,9.700000000000001,1.245575518839569e+26,1.4316959986661716e+25,0.0
bio_added_assumed,9.75,1.9243681637412578e+26,2.211917429587653e+25,0.0
bio_added_assumed,9.8,2.9730777248022913e+26,3.417330718163554e+25,0.0
bio_added_assumed,9.85,4.5932952562105794e+26,5.279649719782275e+25,0.0
bio_added_assumed,9.9,7.096471489701834e+26,8.156863781266477e+25,0.0
bio_added_assumed,9.950000000000001,1.0963786300490733e+27,1.2602053218954866e+26,0.0
bio_added_assumed,10.0,1.6938644820494735e+27,1.946970669022384e+26,0.0
bio_added_assumed,10.05,2.616958051636204e+27,3.0079977605013843e+26,0.0
bio_added_assumed,10.1,4.0431035166031557e+27,4.6472454213829385e+26,0.0
bio_added_assumed,10.15,6.246445576668183e+27,7.179822501917453e+26,0.0
bio_added_assumed,10.200000000000001,9.650527665702424e+27,1.1092560535290144e+27,0.0
bio_added_assumed,10.25,1.4909708742897957e+28,1.7137596256204551e+27,0.0
bio_added_assumed,10.3,2.3034949227501196e+28,2.647695313505885e+27,0.0
bio_added_assumed,10.35,3.5588145621308843e+28,4.090591450725155e+27,0.0
bio_added_assumed,10.4,5.4982370321503115e+28,6.319812680632543e+27,0.0
bio_added_assumed,10.450000000000001,8.494573104030493e+28,9.763877131069533e+27,0.0
bio_added_assumed,10.5,1.3123801647288746e+29,1.5084829479642239e+28,0.0
bio_added_assumed,10.55,2.027578873806588e+29,2.330550429662745e+28,0.0
bio_added_assumed,10.6,3.1325344591412985e+29,3.600614320852068e+28,0.0
bio_added_assumed,10.65,4.839650020265429e+29,5.562816115247619e+28,0.0
bio_added_assumed,10.700000000000001,7.477080499563306e+29,8.594345401796905e+28,0.0
bio_added_assumed,10.75,1.1551813160630588e+30,1.3277946161644356e+29,0.0
bio_added_assumed,10.8,1.7847124597082203e+30,2.0513936318485292e+29,0.0
bio_added_assumed,10.85,2.7573148210993464e+30,3.169327380573962e+29,0.0
bio_added_assumed,10.9,4.259949540497578e+30,4.896493724709861e+29,0.0
bio_added_assumed,10.950000000000001,6.581464673065502e+30,7.564901923063797e+29,0.0
bio_added_assumed,11.0,1.0168119793679327e+31,1.1687494015723366e+30,0.0
bio_added_assumed,11.05,1.5709369460226502e+31,1.8056746506007476e+30,0.0
bio_added_assumed,11.1,2.427039549546798e+31,2.7897006316629865e+30,0.0
bio_added_assumed,11.15,3.749686446663761e+31,4.3099844214525997e+30,0.0
bio_added_assumed,11.200000000000001,5.793127042746033e+31,6.658766715800038e+30,0.0
bio_added_assumed,11.25,8.950167276854525e+31,1.0287548594085662e+31,0.0
bio_added_assumed,11.3,1.3827677814175368e+32,1.589388254502916e+31,0.0
bio_added_assumed,11.35,2.136325141398198e+32,2.455546139538159e+31,0.0
bio_added_assumed,11.4,3.300543425369218e+32,3.7937280751370326e+31,0.0
bio_added_assumed,11.450000000000001,5.099217666660167e+32,5.861169731793296e+31,0.0
bio_added_assumed,11.5,7.878102924541905e+32,9.055290717864258e+31,0.0
bio_added_assumed,11.55,1.2171377993033947e+33,1.3990089647165458e+32,0.0
bio_added_assumed,11.6,1.8804329375770503e+33,2.1614171696287937e+32,0.0
bio_added_assumed,11.65,2.9051994233918974e+33,3.339309682059653e+32,0.0
bio_added_assumed,11.700000000000001,4.488425788027221e+33,5.159110101180714e+32,0.0
bio_added_assumed,11.75,6.934452035346621e+33,7.970634523386922e+32,0.0
bio_added_assumed,11.8,1.0713472228680475e+34,1.2314335895035031e+33,0.0
bio_added_assumed,11.85,1.6551918826412204e+34,1.9025194053347362e+33,0.0
bio_added_assumed,11.9,2.55721031415681e+34,2.9393222001802415e+33,0.0
bio_added_assumed,11.950000000000001,3.950795469341683e+34,4.541144217634119e+33,0.0
bio_added_assumed,12.0,6.103833053605143e+34,7.015900061615107e+33,0.0
mineral_added_assumed,0.0,1.4905952143148622e-05,0.0,1.0
mineral_added_assumed,0.05,1.629930970945357e-05,7.796028849950498e-07,0.9999992203974188
mineral_added_assumed,0.1,1.782563158624544e-05,1.6321463984934424e-06,0.9999983678549335
mineral_added_assumed,0.15,1.949784436699198e-05,2.56459684993491e-06,0.9999974354064386
mineral_added_assumed,0.2,2.133015179331979e-05,3.58459829955608e-06,0.9999964154081251
mineral_added_assumed,0.25,2.3338162659823178e-05,4.700539562040307e-06,0.9999952994714855
mineral_added_assumed,0.3,2.5539031671186995e-05,5.921627923968091e-06,0.9999940783896089
mineral_added_assumed,0.35000000000000003,2.7951614574923708e-05,7.257970255226987e-06,0.9999927420560838
mineral_added_assumed,0.4,3.05966390291666e-05,8.720662264052113e-06,0.9999912793757608
mineral_added_assumed,0.45,3.3496892815185267e-05,1.0321886722034302e-05,0.9999896781665485
mineral_added_assumed,0.5,3.667743117006062e-05,1.2075021569993481e-05,0.9999879250513328
mineral_added_assumed,0.55,4.016580519788345e-05,1.3994758908883224e-05,0.9999860053390173
mineral_added_assumed,0.6,4.3992313519715704e-05,1.6097235982776135e-05,0.9999839028935771
mineral_added_assumed,0.65,4.819027954533766e-05,1.8400179374469017e-05,0.9999815999899078
mineral_added_assumed,0.7000000000000001,5.279635699567609e-05,2.092306375944345e-05,0.9999790771551264
mineral_added_assumed,0.75,5.785086657617177e-05,2.3687286702036117e-05,0.9999763129938395
mineral_added_assumed,0.8,6.339816700084203e-05,2.6716361130048147e-05,0.9999732839957487
mineral_added_assumed,0.85,6.948706389736756e-05,3.0036127292141175e-05,0.9999699643237878
mineral_added_assumed,0.9,7.617126048840371e-05,3.367498618785471e-05,0.9999663255808081
mineral_added_assumed,0.9500000000000001,8.350985434706307e-05,3.7664156664742056e-05,0.9999623365526207
mineral_added_assumed,1.0,9.156788496908532e-05,4.203795860295283e-05,0.9999579629249796
mineral_added_assumed,1.05,0.00010041693739494547,4.683412485677839e-05,0.9999531669718438
mineral_added_assumed,1.1,0.00011013580765688424,5.209414489766313e-05,0.9999479072119788
mineral_added_assumed,1.1500000000000001,0.00012081123642386691,5.786364340663579e-05,0.9999421380306617
mineral_added_assumed,1.2,0.00013253871787767137,6.419279739899789e-05,0.9999358092629146
mineral_added_assumed,1.25,0.00014542339158215428,7.113679583369001e-05,0.9999288657343282
mineral_added_assumed,1.3,0.00015958102591238872,7.87563460676385e-05,0.9999212467551319
mineral_added_assumed,1.35,0.0001751391024987431,8.711823196556815e-05,0.9999128855627174
mineral_added_assumed,1.4000000000000001,0.00019223801212178376,9.629592897263223e-05,0.9999037087073315
mineral_added_assumed,1.45,0.00021103237357679547,0.00010637028200563161,0.9998936353751122
mineral_added_assumed,1.5,0.00023169248822238703,0.0001174302526239369,0.9998825766420383
mineral_added_assumed,1.55,0.00025440594424781836,0.00012957374260940226,0.9998704346517054
mineral_added_assumed,1.6,0.00027937938615140426,0.00014290850182214078,0.9998571017091114
mineral_added_assumed,1.6500000000000001,0.00030684046653192676,0.00015755312901321905,0.9998424592818292
mineral_added_assumed,1.7,0.0003370399990723155,0.00017363817517412376,0.9998263768990613
mineral_added_assumed,1.75,0.00037025433355745746,0.00019130735999507673,0.9998087109380911
mineral_added_assumed,1.8,0.00040678797593518903,0.00021071891309964137,0.9997893032865712
mineral_added_assumed,1.85,0.0004469764788227553,0.00023204705293236805,0.9997679798679027
mineral_added_assumed,1.9000000000000001,0.0004911896305038408,0.0002554836175113137,0.9997445490156489
mineral_added_assumed,1.95,0.000539834973379814,0.00028123986273127983,0.9997187996814917
mineral_added_assumed,2.0,0.0005933616860619179,0.0003095484455310512,0.9996904994596459
mineral_added_assumed,2.05,0.0006522648668505511,0.0003406656110347491,0.9996593924089059
mineral_added_assumed,2.1,0.0007170902602788084,0.0003748736047613877,0.999625196651569
mineral_added_assumed,2.15,0.0007884394727388159,0.0004124833331873065,0.9995876017263672
mineral_added_assumed,2.2,0.0008669757280041401,0.0004538372983649706,0.9995462656702041
mineral_added_assumed,2.25,0.0009534302187570092,0.0004993128349724827,0.9995008118009361
mineral_added_assumed,2.3000000000000003,0.0010486091160777206,0.00054932568111739,0.9994508251706111
mineral_added_assumed,2.35,0.0011534013053132444,0.0006043339174750435,0.9993958486554867
mineral_added_assumed,2.4,0.0012687869238766677,0.0006648423129380488,0.9993353786457422
mineral_added_assumed,2.45,0.001395846784409322,0.000731407118924642,0.9992688602940623
mineral_added_assumed,2.5,0.0015357727754413627,0.0008046413588794418,0.999195682278169
mineral_added_assumed,2.5500000000000003,0.0016898793413003346,0.0008852206643431573,0.9991151710278826
mineral_added_assumed,2.6,0.0018596161536361664,0.0009738897143163815,0.9990265843623595
mineral_added_assumed,2.65,0.0020465820986604447,0.0010714693405494205,0.9989291044777633
mineral_added_assumed,2.7,0.0022525407171537413,0.0011788643679134891,0.9988218302197172
mineral_added_assumed,2.75,0.002479437248606061,0.0012970722662131906,0.9987037685684383
mineral_added_assumed,2.8000000000000003,0.00272941744666371,0.0014271926977570699,0.9985738252574109
mineral_added_assumed,2.85,0.003004848350518106,0.0015704380537910133,0.9984307944387806
mineral_added_assumed,2.9,0.0033083412161615793,0.001728145082605323,0.9982733473002994
mineral_added_assumed,2.95,0.003642776832743174,0.0019017877228463408,0.9981000195295734
mineral_added_assumed,3.0,0.004011333472795844,0.002092991267403916,0.9979091975115207
mineral_added_assumed,3.0500000000000003,0.004417517751108556,0.0023035479963238134,0.9976991031343023
mineral_added_assumed,3.1,0.004865198695740982,0.0025354344316390024,0.9974677770674844
mineral_added_assumed,3.15,0.00535864536641029,0.002790830382968858,0.9972130603638313
mineral_added_assumed,3.2,0.005902568390533675,0.0030721399703584865,0.9969325742228508
mineral_added_assumed,3.25,0.00650216582593565,0.003382014830296731,0.9966236977400457
mineral_added_assumed,3.3000000000000003,0.007163173802010192,0.003723379732353602,0.9962835434507501
mineral_added_assumed,3.35,0.007891922438389804,0.004099460857629254,0.9959089304614881
mineral_added_assumed,3.4,0.00869539759238683,0.004513817016443065,0.9954963549450397
mineral_added_assumed,3.45,0.009581309044155049,0.004970374111672526,0.9950419577579375
mineral_added_assumed,3.5,0.010558165792246622,0.0054734631861659945,0.9945414889210845
mineral_added_assumed,3.5500000000000003,0.01163535920264355,0.006027862428017881,0.9939902686857952
mineral_added_assumed,3.6,0.01282325483212481,0.006638843546561009,0.9933831448890873
mineral_added_assumed,3.65,0.01413329383276455,0.007312222975086796,0.9927144462838849
mineral_added_assumed,3.7,0.015578104939296896,0.008054418403977505,0.991977931512417
mineral_added_assumed,3.75,0.01717162814597569,0.008872511200600569,0.9911667333751569
mineral_added_assumed,3.8000000000000003,0.018929251295445534,0.009774315330495411,0.9902732980339739
mineral_added_assumed,3.85,0.020867960930177457,0.010768453458656593,0.9892893187777861
mineral_added_assumed,3.9,0.023006508898484896,0.011864440980722927,0.9882056639732371
mineral_added_assumed,3.95,0.02536559636342884,0.013072778812324961,0.9870122988233843
mineral_added_assumed,4.0,0.02796807703560504,0.014405055851504357,0.9856982005661148
mineral_added_assumed,4.05,0.030839181641598372,0.01587406212485884,0.98425126676347
mineral_added_assumed,4.1,0.03400676585069063,0.017493913733837827,0.9826582163663243
mineral_added_assumed,4.15,0.03750158411532021,0.019280190834469548,0.9809044832896149
mineral_added_assumed,4.2,0.04135759213813244,0.021250090012901575,0.9789741023060565
mineral_added_assumed,4.25,0.04561228096279651,0.023422592561769495,0.9768495871664002
mineral_added_assumed,4.3,0.05030704599992608,0.0258186503199898,0.9745118009882644
mineral_added_assumed,4.3500000000000005,0.055487594646565434,0.028461390912674675,0.971939819131081
mineral_added_assumed,4.4,0.061204396541242025,0.03137634442021776,0.9691107850008452
mineral_added_assumed,4.45,0.06751318092037216,0.034591693718119515,0.9659997595157785
mineral_added_assumed,4.5,0.07447548601005378,0.0381385509639202,0.9625795653251306
mineral_added_assumed,4.55,0.08215926590466928,0.04205126296703122,0.9588206273224174
mineral_added_assumed,4.6000000000000005,0.09063956095540071,0.04636774846388033,0.95469081154769
mineral_added_assumed,4.65,0.09999923832343555,0.051129870637470404,0.9501552652492452
mineral_added_assumed,4.7,0.11032981005061668,0.0563838485703508,0.9451762616937003
mineral_added_assumed,4.75,0.12173233677151336,0.062180711706595816,0.9397130542964388
mineral_added_assumed,4.8,0.13431842604307478,0.06857680182553588,0.9337217458150427
mineral_added_assumed,4.8500000000000005,0.1482113352096543,0.07563432750194338,0.92715517972968
mineral_added_assumed,4.9,0.16354718976166696,0.08342197654884273,0.9199628625485717
mineral_added_assumed,4.95,0.18047632929584906,0.09201559251529522,0.9120909276424731
mineral_added_assumed,5.0,0.19916479445547872,0.10149892194813363,0.9034821533423173
mineral_added_assumed,5.05,0.21979596963269857,0.1119644398300556,0.8940760504313694
mineral_added_assumed,5.1000000000000005,0.24257239776623568,0.1235142613837227,0.8838090368143887
mineral_added_assumed,5.15,0.26771778528183243,0.13626114929031335,0.8726147200155753
mineral_added_assumed,5.2,0.2954792171167077,0.15032962631991098,0.8604243111766052
mineral_added_assumed,5.25,0.32612960386222106,0.16585720441961735,0.8471671972843138
mineral_added_assumed,5.3,0.3599703853715699,0.18299574246385203,0.8327717012851645
mineral_added_assumed,5.3500000000000005,0.39733451773483364,0.20191294615145927,0.8171660622965519
mineral_added_assumed,5.4,0.4385897733475405,0.22279402494878217,0.8002796699655081
mineral_added_assumed,5.45,0.4841423869193718,0.24584352254088976,0.7820445877017139
mineral_added_assumed,5.5,0.5344410837177341,0.2712873389802326,0.7623973984378805
mineral_added_assumed,5.55,0.5899815301512462,0.299374964630421,0.741281403009662
mineral_added_assumed,5.6000000000000005,0.6513112510086616,0.33038194811157773,0.718649194302762
mineral_added_assumed,5.65,0.7190350623214763,0.364612622783872,0.6944656189367268
mineral_added_assumed,5.7,0.7938210739599391,0.4024031188806654,0.6687111212699559
mineral_added_assumed,5.75,0.8764073217536478,0.4441246912478345,0.6413854406900694
mineral_added_assumed,5.8,0.9676090952062669,0.490187395789767,0.6125116013336301
mineral_added_assumed,5.8500000000000005,1.0683270338117095,0.5410441511965446,0.582140092649595
mineral_added_assumed,5.9,1.1795560726457777,0.5971952263656713,0.5503530892041573
mineral_added_assumed,5.95,1.3023953263793422,0.6591931981737004,0.5172684993543504
mineral_added_assumed,6.0,1.4380590102211857,0.7276484289405365,0.48304356682065586
mineral_added_assumed,6.05,1.5878885066443529,0.8032351181089692,0.44787768065099254
mineral_added_assumed,6.1000000000000005,1.7533656981824253,0.8866979883857236,0.4120139840310339
mineral_added_assumed,6.15,1.9361276992158867,0.9788596729152131,0.3757393203725373
mineral_added_assumed,6.2,2.137983133629944,1.0806288770464436,0.33938202895240704
mineral_added_assumed,6.25,2.3609301206531166,1.193009395976804,0.30330711802218857
mineral_added_assumed,6.3,2.607176148235085,1.3171100780911342,0.26790841871307935
mineral_added_assumed,6.3500000000000005,2.8791600321627606,1.4541558332455289,0.23359747591483712
mineral_added_assumed,6.4,3.1795761799337234,1.6054997956671042,0.20078917626761628
mineral_added_assumed,6.45,3.511401401414272,1.7726367626576056,0.169884452762558
mineral_added_assumed,6.5,3.877924533734831,1.9572180430150419,0.14125082856653212
mineral_added_assumed,6.55,4.282779175973167,2.1610678631510227,0.1152020353219656
mineral_added_assumed,6.6000000000000005,4.729979860225898,2.386201494422259,0.09197840162666422
mineral_added_assumed,6.65,5.223962019981941,2.634845282368261,0.07173006645612076
mineral_added_assumed,6.7,5.769626154630805,2.909458777525208,0.054505221338528885
mineral_added_assumed,6.75,6.372386630842443,3.212759188457639,0.040245415249199105
mineral_added_assumed,6.8,7.038225607863655,3.5477484008250104,0.02878938889650209
mineral_added_assumed,6.8500000000000005,7.773752624950576,3.9177428319103855,0.019885930011621974
mineral_added_assumed,6.9,8.586270445709822,4.326406418339791,0.01321495127091507
mineral_added_assumed,6.95,9.483847816617903,4.777787065995902,0.008414599332204169
mineral_added_assumed,7.0,10.475399866053257,5.276356925690883,0.00511101673091201
mineral_added_assumed,7.05,11.57077694649994,5.8270568963564475,0.002946736782385901
mineral_added_assumed,7.1000000000000005,12.780862806927916,6.435345799715599,0.0016038539942403987
mineral_added_assumed,7.15,14.11768307556631,7.107254717042168,0.0008191406811206836
mineral_added_assumed,7.2,15.594525136295298,7.849447030157689,0.00038996754893649475
mineral_added_assumed,7.25,17.226070595717253,8.669284765774504,0.00017178192460842495
mineral_added_assumed,7.3,19.02854166377007,9.574901905240068,6.945010997581866e-05
mineral_added_assumed,7.3500000000000005,21.019862909769582,10.575285391298122,2.5539471737680613e-05
mineral_added_assumed,7.4,23.219840009405893,11.68036464035361,8.458280628918999e-06
mineral_added_assumed,7.45,25.65035726800678,12.901110453678898,2.4952778963044003e-06
mineral_added_assumed,7.5,28.335595893015302,14.249644314876527,6.478255985382584e-07
mineral_added_assumed,7.55,31.30227519598875,15.739359164659465,1.4604381395734993e-07
mineral_added_assumed,7.6000000000000005,34.57991913358176,17.385052858658206,2.8168743544607288e-08
mineral_added_assumed,7.65,38.20115085022169,19.203075640662895,4.573094898086185e-09
mineral_added_assumed,7.7,42.202018165052166,21.211493103724713,6.137133805296166e-10
mineral_added_assumed,7.75,46.622353255006345,23.430266266271992,6.673668819865883e-11
mineral_added_assumed,7.8,51.50617012767398,25.88145056139329,5.752131918550892e-12
mineral_added_assumed,7.8500000000000005,56.90210385535813,28.589415726408234,3.835080718760333e-13
mineral_added_assumed,7.9,62.8638959591596,31.58108878867898,1.9253398800847486e-14
mineral_added_assumed,7.95,69.45093079325612,34.88622257439899,7.06490036561629e-16
mineral_added_assumed,8.0,76.72882828936554,38.53769242213582,1.8335503306943053e-17
mineral_added_assumed,8.05,84.7700989848094,42.57182406475673,3.245575558192578e-19
mineral_added_assumed,8.1,93.65486788024644,47.02875595484256,3.7641835985056736e-21
mineral_added_assumed,8.15,103.4716743612683,51.952839652917106,2.736329670063858e-23
mineral_added_assumed,8.2,114.3183561784999,57.39308227821934,1.1871376180790181e-25
mineral_added_assumed,8.25,126.30302632127449,63.40363544214569,2.9117292878844303e-28
mineral_added_assumed,8.3,139.54515254869983,70.04433554906556,3.8030460348472013e-31
mineral_added_assumed,8.35,154.17675036836474,77.38130086264708,2.4758711135110985e-34
mineral_added_assumed,8.4,170.34370138724978,85.48759130322195,7.46811205722713e-38
mineral_added_assumed,8.45,188.20721021298863,94.44393756876244,9.627622754108621e-42
mineral_added_assumed,8.5,207.94541446903173,104.33954686501903,4.851885599074494e-46
mineral_added_assumed,8.55,229.7551640182765,115.27299329616679,8.661140804586008e-51
mineral_added_assumed,8.6,253.85398718177518,127.35320181364936,4.9114214160609465e-56
mineral_added_assumed,8.65,280.4822636090293,140.7005355561991,7.843931766106613e-62
mineral_added_assumed,8.700000000000001,309.905625522893,155.4479974476369,3.088819181477625e-68
mineral_added_assumed,8.75,342.41761134593014,171.7425580613633,2.5891351814863113e-75
mineral_added_assumed,8.8,378.3425982389723,189.74662302283025,3.927251022175457e-83
mineral_added_assumed,8.85,418.0390428719093,209.63965461638716,9.008548312637786e-92
mineral_added_assumed,8.9,461.9030628293616,231.6199638046995,2.5628773385682375e-101
mineral_added_assumed,8.950000000000001,510.37239446050273,255.90669057278328,7.263340467828964e-112
mineral_added_assumed,9.0,563.9307667472561,282.7419923917539,1.6095812411716603e-123
mineral_added_assumed,9.05,623.1127349257929,312.3934626783612,2.134238628577175e-136
mineral_added_assumed,9.1,688.5090221944773,345.15680342616224,1.2598095048979467e-150
mineral_added_assumed,9.15,760.7724229232117,381.3587787258102,2.387738565734093e-166
mineral_added_assumed,9.200000000000001,840.6243263950654,421.36047870068063,1.0126729469655733e-183
mineral_added_assumed,9.25,928.8619263177716,465.56092648824847,6.448498993521394e-203
mineral_added_assumed,9.3,1026.3661882017905,514.4010643280889,3.9669458946351836e-224
mineral_added_assumed,9.35,1134.1106542820426,568.3681586085554,1.4482549674760157e-247
mineral_added_assumed,9.4,1253.1711740380454,628.0006679140532,1.8313666168669903e-273
mineral_added_assumed,9.450000000000001,1384.73665762541,693.8936227450708,4.42413747754195e-302
mineral_added_assumed,9.5,1530.1209597637717,766.7045707004163,0.0
mineral_added_assumed,9.55,1690.7760129339636,847.1601465662834,0.0
mineral_added_assumed,9.6,1868.3063412340698,936.0633330066121,0.0
mineral_added_assumed,9.65,2064.485100055165,1034.3014844563163,0.0
mineral_added_assumed,9.700000000000001,2281.2718020004336,1142.8551944520527,0.0
mineral_added_assumed,9.75,2520.831906339887,1262.8080950712322,0.0
mineral_added_assumed,9.8,2785.558467934631,1395.3576864727745,0.0
mineral_added_assumed,9.85,3078.0960621668064,1541.827304836239,0.0
mineral_added_assumed,9.9,3401.367225180286,1703.6793483826873,0.0
mineral_added_assumed,9.950000000000001,3758.6016738995777,1882.5298937442028,0.0
mineral_added_assumed,10.0,4153.368598103758,2080.164848856277,0.0
mineral_added_assumed,10.05,4589.612347565125,2298.5578039164807,0.0
mineral_added_assumed,10.1,5071.69187122704,2539.8897589382445,0.0
mineral_added_assumed,10.15,5604.424302932534,2806.570925200358,0.0
mineral_added_assumed,10.200000000000001,6193.133129698185,3101.264818637754,0.0
mineral_added_assumed,10.25,6843.701424374704,3426.914886146377,0.0
mineral_added_assumed,10.3,7562.630675202291,3786.7739311122937,0.0
mineral_added_assumed,10.35,8357.105800763857,4184.43663247711,0.0
mineral_added_assumed,10.4,9235.067000723631,4623.875482598656,0.0
mineral_added_assumed,10.450000000000001,10205.28916112839,5109.4805033658695,0.0
mineral_added_assumed,10.5,11277.469608633024,5646.103137824501,0.0
mineral_added_assumed,10.55,12462.32509154256,6239.104756341367,0.0
mineral_added_assumed,10.6,13771.698957877874,6894.410262498814,0.0
mineral_added_assumed,10.65,15218.679602697002,7618.567334930239,0.0
mineral_added_assumed,10.700000000000001,16817.731369653728,8418.811897689768,0.0
mineral_added_assumed,10.75,18584.839216386335,9303.140474062811,0.0
mineral_added_assumed,10.8,20537.668591041067,10280.390147588576,0.0
mineral_added_assumed,10.85,22695.742119429233,11360.326930172117,0.0
mineral_added_assumed,10.9,25080.634870519258,12553.743421274632,0.0
mineral_added_assumed,10.950000000000001,27716.19015384918,13872.566735123555,0.0
mineral_added_assumed,11.0,30628.758007885277,15329.977775615715,0.0
mineral_added_assumed,11.05,33847.458765390285,16940.54305211821,0.0
mineral_added_assumed,11.1,37404.474332780366,18720.360354842913,0.0
mineral_added_assumed,11.15,41335.370097757,20687.219747138588,0.0
mineral_added_assumed,11.200000000000001,45679.45068595891,22860.78148528971,0.0
mineral_added_assumed,11.25,50480.153126078876,25262.772645777826,0.0
mineral_added_assumed,11.3,55785.48135719845,27917.204427133493,0.0
mineral_added_assumed,11.35,61648.486425767034,30850.612300363227,0.0
mineral_added_assumed,11.4,68127.79717683802,34092.321410550074,0.0
mineral_added_assumed,11.450000000000001,75288.20674942079,37674.739884872266,0.0
mineral_added_assumed,11.5,83201.32074420984,41633.68298151022,0.0
mineral_added_assumed,11.55,91946.27354906112,46008.73132249278,0.0
mineral_added_assumed,11.6,101610.5199895947,50843.62679456712,0.0
mineral_added_assumed,11.65,112290.71022605087,56186.710079080825,0.0
mineral_added_assumed,11.700000000000001,124093.65665051113,62091.404188390436,0.0
mineral_added_assumed,11.75,137137.4024592166,68616.74884665676,0.0
mineral_added_assumed,11.8,151552.40259212474,75827.99106163009,0.0
mineral_added_assumed,11.85,167482.82885625825,83797.23779627598,0.0
mineral_added_assumed,11.9,185088.01229208056,92604.17727047816,0.0
mineral_added_assumed,11.950000000000001,204544.03721545628,102336.87610976404,0.0
mineral_added_assumed,12.0,226045.50288555838,113092.66031695304,0.0
bio_and_mineral_assumed,0.0,1.4905980020963894e-05,0.0,1.0
bio_and_mineral_assumed,0.05,1.629935277964833e-05,7.796046312455656e-07,0.9999992203956727
bio_and_mineral_assumed,0.1,1.782569812810529e-05,1.632150842636497e-06,0.9999983678504893
bio_and_mineral_assumed,0.15,1.9497947171707318e-05,2.564605462222274e-06,0.9999974353978264
bio_and_mineral_assumed,0.2,2.1330310622807272e-05,3.5846133514724256e-06,0.9999964153930733
bio_and_mineral_assumed,0.25,2.333840804551401e-05,4.700564562945544e-06,0.9999952994464847
bio_and_mineral_assumed,0.3,2.5539410783014525e-05,5.921668295693638e-06,0.9999940783492374
bio_and_mineral_assumed,0.35000000000000003,2.7952200288692454e-05,7.258034374302099e-06,0.9999927419919652
bio_and_mineral_assumed,0.4,3.059754393530243e-05,8.72076307190505e-06,0.9999912792749538
bio_and_mineral_assumed,0.45,3.349829086173694e-05,1.0322044212693658e-05,0.9999896780090595
bio_and_mineral_assumed,0.5,3.6679591100337655e-05,1.2075266633494833e-05,0.9999879248062723
bio_and_mineral_assumed,0.55,4.016914221037138e-05,1.3995139269190426e-05,0.9999860049586623
bio_and_mineral_assumed,0.6,4.399746908073682e-05,1.6097825371650368e-05,0.9999839023041976
bio_and_mineral_assumed,0.65,4.819824469666345e-05,1.8401091704757583e-05,0.9999815990775943
bio_and_mineral_assumed,0.7000000000000001,5.280866286023339e-05,2.0924475022287362e-05,0.999979075743893
bio_and_mineral_assumed,0.75,5.7869878682321264e-05,2.3689468797246946e-05,0.999976310811796
bio_and_mineral_assumed,0.8,6.342754000251586e-05,2.671973413279051e-05,0.9999732806228361
bio_and_mineral_assumed,0.85,6.953244409988414e-05,3.0041340203026383e-05,0.9999699591110335
bio_and_mineral_assumed,0.9,7.624137122489957e-05,3.368304168885248e-05,0.9999663175255784
bio_and_mineral_assumed,0.9500000000000001,8.361817284498503e-05,3.7676603862455465e-05,0.9999623241058919
bio_and_mineral_assumed,1.0,9.173523304697583e-05,4.2057190809858034e-05,0.9999579436935814
bio_and_mineral_assumed,1.05,0.00010067548399327284,4.686383965223955e-05,0.9999531372584404
bio_and_mineral_assumed,1.1,0.00011053525260031755,5.214005490520543e-05,0.9999478613043639
bio_and_mineral_assumed,1.1500000000000001,0.00012142836410555626,5.793457441857534e-05,0.9999420671037564
bio_and_mineral_assumed,1.2,0.00013349215734853768,6.430238493842904e-05,0.9999356996824156
bio_and_mineral_assumed,1.25,0.00014689642034358886,7.130610628008304e-05,0.9999286964359398
bio_and_mineral_assumed,1.3,0.000161856800933578,7.90179261990608e-05,0.999920985195635
bio_and_mineral_assumed,1.35,0.00017865509083696472,8.752236535182175e-05,0.9999124814646186
bio_and_mineral_assumed,1.4000000000000001,0.00019767008422003987,9.692030187153348e-05,0.9999030843947492
bio_and_mineral_assumed,1.45,0.00021942472430216145,0.00010733491681569491,0.9998926708433704
bio_and_mineral_assumed,1.5,0.00024465836007084096,0.00011892057951711376,0.9998810864912547
bio_and_mineral_assumed,1.55,0.0002744377372807768,0.00013187624435137275,0.9998681324509383
bio_and_mineral_assumed,1.6,0.0003103277663918838,0.0001464657837029068,0.9998535449418864
bio_and_mineral_assumed,1.6500000000000001,0.00035465457073784727,0.00016304899985553,0.9998369642919103
bio_and_mineral_assumed,1.7,0.00041091102376731236,0.00018212909434851246,0.9998178874901481
bio_and_mineral_assumed,1.75,0.00048438233783810954,0.00020442551820229937,0.9997955953752702
bio_and_mineral_assumed,1.8,0.0005831115265406368,0.00023098598467753017,0.9997690406905311
bio_and_mineral_assumed,1.85,0.0007193898509313091,0.00026335893157957937,0.9997366757443397
bio_and_mineral_assumed,1.9000000000000001,0.0009120582271759216,0.000303859315073873,0.9996961868454922
bio_and_mineral_assumed,1.95,0.0011900614079108683,0.0003559785301626866,0.9996440848226766
bio_and_mineral_assumed,2.0,0.001597937507366038,0.0004250169275340748,0.9995750733793658
bio_and_mineral_assumed,2.05,0.0022042974006811155,0.0005190601519488582,0.9994810745364671
bio_and_mineral_assumed,2.1,0.0031149231913376787,0.0006504865821385206,0.999349724938392
bio_and_mineral_assumed,2.15,0.004493002772761775,0.0008382952035488173,0.9991620560677121
bio_and_mineral_assumed,2.2,0.006590389176086489,0.0011117009098827331,0.9988889168006495
bio_and_mineral_assumed,2.25,0.00979589256714953,0.001515687814341989,0.9984854602603191
bio_and_mineral_assumed,2.3000000000000003,0.014709886794512295,0.0021195874800319604,0.997882657259257
bio_and_mineral_assumed,2.35,0.022259570656571137,0.0030303303914267768,0.996974256425354
bio_and_mineral_assumed,2.4,0.033877038887540976,0.004412917248085921,0.9955968053642809
bio_and_mineral_assumed,2.45,0.05177439148524823,0.006522044437655803,0.9934991779313579
bio_and_mineral_assumed,2.5,0.07936876330196609,0.009750962105850351,0.9902964243787993
bio_and_mineral_assumed,2.5500000000000003,0.12193897447249079,0.014706955733689438,0.9854006633109849
bio_and_mineral_assumed,2.6,0.18764002600365032,0.022327959808814815,0.9779194641736006
bio_and_mineral_assumed,2.65,0.2890704523937713,0.034062718796553225,0.9665108843369892
bio_and_mineral_assumed,2.7,0.4456938173603414,0.05214912604783416,0.9491873077362198
bio_and_mineral_assumed,2.75,0.6875798284765509,0.08004424366851974,0.923075505236489
bio_and_mineral_assumed,2.8000000000000003,1.0611842135669503,0.1230886635129765,0.884185264113693
bio_and_mineral_assumed,2.85,1.6382784079262287,0.18953291616273732,0.8273454834106758
bio_and_mineral_assumed,2.9,2.5297455820404915,0.2921232302316228,0.7466765171835653
bio_and_mineral_assumed,2.95,3.9068949846652874,0.45055146678085406,0.6372766178161335
bio_and_mineral_assumed,3.0,6.034391804344319,0.6952401718241449,0.4989545987573592
bio_and_mineral_assumed,3.0500000000000003,9.32113257666921,1.0731903363745106,0.3419159486265012
bio_and_mineral_assumed,3.1,14.398845795499827,1.6570159627967207,0.1907072092787909
bio_and_mineral_assumed,3.15,22.243526938691026,2.5589021284630538,0.07738965772310633
bio_and_mineral_assumed,3.2,34.363051080320076,3.9521696700739986,0.019212970712850507
bio_and_mineral_assumed,3.25,53.087027427661944,6.104591815038129,0.0022325924947828087
bio_and_mineral_assumed,3.3000000000000003,82.01461385307215,9.429867135967097,8.028986686327932e-05
bio_and_mineral_assumed,3.35,126.70637378068437,14.56714335260684,4.715959044907528e-07
bio_and_mineral_assumed,3.4,195.7531694937985,22.50387865565762,1.685348343158144e-10
bio_and_mineral_assumed,3.45,302.4275627815405,34.76565789968276,7.970152191949282e-16
bio_and_mineral_assumed,3.5,467.2351679034285,53.70945159394576,4.723691719817433e-24
bio_and_mineral_assumed,3.5500000000000003,721.8563976368081,82.97669019318407,9.197744101199386e-37
bio_and_mineral_assumed,3.6,1115.2363152712417,128.19324712129162,2.1202162461330727e-56
bio_and_mineral_assumed,3.65,1722.993230933895,198.05088666435836,9.718355589485088e-87
bio_and_mineral_assumed,3.7,2661.9546353041524,305.978060993023,1.3044172315665798e-133
bio_and_mineral_assumed,3.75,4112.614680180678,472.72122981608624,5.00931580893047e-206
bio_and_mineral_assumed,3.8000000000000003,6353.830156300282,730.332903861188,6.61378e-318
bio_and_mineral_assumed,3.85,9816.424497301878,1128.3330246995417,0.0
bio_and_mineral_assumed,3.9,15166.003985596477,1743.228068933803,0.0
bio_and_mineral_assumed,3.95,23430.90573104538,2693.2177124855925,0.0
bio_and_mineral_assumed,4.0,36199.87257140395,4160.916083599172,0.0
bio_and_mineral_assumed,4.05,55927.45349110062,6428.455259340165,0.0
bio_and_mineral_assumed,4.1,86405.83598633886,9931.718870876146,0.0
bio_and_mineral_assumed,4.15,133493.80963908962,15344.131020133995,0.0
bio_and_mineral_assumed,4.2,206242.98791010532,23706.107060723712,0.0
bio_and_mineral_assumed,4.25,318637.7792051887,36625.05027235207,0.0
bio_and_mineral_assumed,4.3,492283.57789606485,56584.339334629505,0.0
bio_and_mineral_assumed,4.3500000000000005,760559.9201428867,87420.70255970035,0.0
bio_and_mineral_assumed,4.4,1175036.956217849,135061.74344685618,0.0
bio_and_mineral_assumed,4.45,1815388.6632138444,208665.39041935623,0.0
bio_and_mineral_assumed,4.5,2804708.3924745535,322380.30457522545,0.0
bio_and_mineral_assumed,4.55,4333170.824601363,498065.64463081444,0.0
bio_and_mineral_assumed,4.6000000000000005,6694588.815841385,769493.0032874984,0.0
bio_and_mineral_assumed,4.65,10342892.375308175,1188838.2436941164,0.0
bio_and_mineral_assumed,4.7,15979386.598395254,1836711.146966084,0.0
bio_and_mineral_assumed,4.75,24687561.950499535,2837650.8470964823,0.0
bio_and_mineral_assumed,4.8,38141371.175340846,4384065.705475931,0.0
bio_and_mineral_assumed,4.8500000000000005,58927009.42434767,6773219.532661494,0.0
bio_and_mineral_assumed,4.9,91040052.66966055,10464373.934699377,0.0
bio_and_mineral_assumed,4.95,140653518.18741152,16167071.1272955,0.0
bio_and_mineral_assumed,5.0,217304489.63142627,24977527.62244852,0.0
bio_and_mineral_assumed,5.05,335727408.93692094,38589357.43577192,0.0
bio_and_mineral_assumed,5.1000000000000005,518686444.5879912,59619131.65747045,0.0
bio_and_mineral_assumed,5.15,801351395.960208,92109355.96298417,0.0
bio_and_mineral_assumed,5.2,1238058303.8794718,142305552.28642073,0.0
bio_and_mineral_assumed,5.25,1912754344.191357,219856821.2997914,0.0
bio_and_mineral_assumed,5.3,2955134802.4804487,339670667.09339553,0.0
bio_and_mineral_assumed,5.3500000000000005,4565574103.894972,524778632.7878484,0.0
bio_and_mineral_assumed,5.4,7053643333.247306,810763601.6950604,0.0
bio_and_mineral_assumed,5.45,10897618380.691996,1252599814.0628383,0.0
bio_and_mineral_assumed,5.5,16836417828.504675,1935220440.2678664,0.0
bio_and_mineral_assumed,5.55,26011643589.873596,2989844091.02163,0.0
bio_and_mineral_assumed,5.6000000000000005,40187028448.70328,4619198672.520264,0.0
bio_and_mineral_assumed,5.65,62087474401.98555,7136491310.855018,0.0
bio_and_mineral_assumed,5.7,95922854374.33734,11025615445.637291,0.0
bio_and_mineral_assumed,5.75,148197266517.16977,17034168565.535318,0.0
bio_and_mineral_assumed,5.8,228959302206.20667,26317161173.506176,0.0
bio_and_mineral_assumed,5.8500000000000005,353733663911.4404,40659041829.31946,0.0
bio_and_mineral_assumed,5.9,546505443450.21204,62816717638.41703,0.0
bio_and_mineral_assumed,5.95,844330721645.8761,97049508235.6677,0.0
bio_and_mineral_assumed,6.0,1304459774480.028,149937905113.2093,0.0
bio_and_mineral_assumed,6.05,2015342163459.001,231648524536.1381,0.0
bio_and_mineral_assumed,6.1000000000000005,3113629193690.5444,357888413068.5639,0.0
bio_and_mineral_assumed,6.15,4810442083523.554,552924377417.2568,0.0
bio_and_mineral_assumed,6.2,7431955316267.937,854247737502.8967,0.0
bio_and_mineral_assumed,6.25,11482096419410.016,1319781197634.257,0.0
bio_and_mineral_assumed,6.3,17739414807304.844,2039013196242.954,0.0
bio_and_mineral_assumed,6.3500000000000005,27406740564699.37,3150200064909.097,0.0
bio_and_mineral_assumed,6.4,42342401738722.34,4866942728590.017,0.0
bio_and_mineral_assumed,6.45,65417446513601.45,7519246725702.687,0.0
bio_and_mineral_assumed,6.5,101067538274437.25,11616958422350.621,0.0
bio_and_mineral_assumed,6.55,156145613093154.12,17947771619904.445,0.0
bio_and_mineral_assumed,6.6000000000000005,241239204046231.94,27728644143246.9,0.0
bio_and_mineral_assumed,6.65,372705658622248.75,42839730876122.58,0.0
bio_and_mineral_assumed,6.7,575816474433499.6,66185801659025.195,0.0
bio_and_mineral_assumed,6.75,889615181735354.1,102254618590273.1,0.0
bio_and_mineral_assumed,6.8,1374422592463394.0,157979608329128.53,0.0
bio_and_mineral_assumed,6.8500000000000005,2123432132744090.5,244072658936105.4,0.0
bio_and_mineral_assumed,6.9,3280624203279856.0,377083241756308.6,0.0
bio_and_mineral_assumed,6.95,5068443204369051.0,582579678663113.1,0.0
bio_and_mineral_assumed,7.0,7830557517143090.0,900064082430244.4,0.0
bio_and_mineral_assumed,7.05,1.2097922094979724e+16,1390565758043651.0,0.0
bio_and_mineral_assumed,7.1000000000000005,1.8690842726815028e+16,2148372727220123.5,0.0
bio_and_mineral_assumed,7.15,2.8876661553598376e+16,3319156500413612.0,0.0
bio_and_mineral_assumed,7.2,4.461337536614995e+16,5127974180017243.0,0.0
bio_and_mineral_assumed,7.25,6.892601687583097e+16,7922530675382878.0,0.0
bio_and_mineral_assumed,7.3,1.0648814987381562e+17,1.2240017226875368e+16,0.0
bio_and_mineral_assumed,7.3500000000000005,1.6452025777111914e+17,1.891037445645049e+16,0.0
bio_and_mineral_assumed,7.4,2.5417772070553146e+17,2.9215829966153056e+16,0.0
bio_and_mineral_assumed,7.45,3.926951888984949e+17,4.5137378034309784e+16,0.0
bio_and_mineral_assumed,7.5,6.066995602760937e+17,6.973558164093034e+16,0.0
bio_and_mineral_assumed,7.55,9.373284085085812e+17,1.07738897529722e+17,0.0
bio_and_mineral_assumed,7.6000000000000005,1.448137765251421e+18,1.6645261669556566e+17,0.0
bio_and_mineral_assumed,7.65,2.2373193515857795e+18,2.571631438604345e+17,0.0
bio_and_mineral_assumed,7.7,3.4565757492769987e+18,3.9730755738816083e+17,0.0
bio_and_mineral_assumed,7.75,5.340281843099981e+18,6.138254992068945e+17,0.0
bio_and_mineral_assumed,7.8,8.250538171978056e+18,9.483377209170181e+17,0.0
bio_and_mineral_assumed,7.8500000000000005,1.2746776692174029e+19,1.4651467462269002e+18,0.0
bio_and_mineral_assumed,7.9,1.9693299110110855e+19,2.2635975988633172e+18,0.0
bio_and_mineral_assumed,7.95,3.0425419634000392e+19,3.497174670574758e+18,0.0
bio_and_mineral_assumed,8.0,4.7006149387623465e+19,5.403005676738331e+18,0.0
bio_and_mineral_assumed,8.05,7.262276434742649e+19,8.347444177865115e+18,0.0
bio_and_mineral_assumed,8.1,1.121994881557009e+20,1.2896492891459875e+19,0.0
bio_and_mineral_assumed,8.15,1.7334406443380775e+20,1.9924605107334226e+19,0.0
bio_and_mineral_assumed,8.2,2.6781017603871028e+20,3.0782778855024173e+19,0.0
bio_and_mineral_assumed,8.25,4.137568287910662e+20,4.755825618288117e+19,0.0
bio_and_mineral_assumed,8.3,6.392390158710523e+20,7.3475748950695666e+19,0.0
bio_and_mineral_assumed,8.35,9.876006653611792e+20,1.1351731785760681e+20,0.0
bio_and_mineral_assumed,8.4,1.5258065449787882e+21,1.7538006264124005e+20,0.0
bio_and_mineral_assumed,8.45,2.35731474709839e+21,2.7095571805728624e+20,0.0
bio_and_mineral_assumed,8.5,3.6419642025882377e+21,4.186165750101423e+20,0.0
bio_and_mineral_assumed,8.55,5.626700155022047e+21,6.467471442554079e+20,0.0
bio_and_mineral_assumed,8.6,8.69304388330473e+21,9.992004463568657e+20,0.0
bio_and_mineral_assumed,8.65,1.343043166954882e+22,1.54372777810906e+21,0.0
bio_and_mineral_assumed,8.700000000000001,2.0749520795223126e+22,2.385002390255532e+21,0.0
bio_and_mineral_assumed,8.75,3.2057243119562172e+22,3.6847405884554226e+21,0.0
bio_and_mineral_assumed,8.8,4.9527256391545635e+22,5.692788090982257e+21,0.0
bio_and_mineral_assumed,8.85,7.651778153614919e+22,8.795147303005656e+21,0.0
bio_and_mineral_assumed,8.9,1.1821714582625958e+23,1.3588177681179264e+22,0.0
bio_and_mineral_assumed,8.950000000000001,1.8264112323623614e+23,2.0993232555889215e+22,0.0
bio_and_mineral_assumed,9.0,2.821737884453604e+23,3.2433768786823037e+22,0.0
bio_and_mineral_assumed,9.05,4.3594807935243587e+23,5.010897463821103e+22,0.0
bio_and_mineral_assumed,9.1,6.735236782202922e+23,7.741651473796463e+22,0.0
bio_and_mineral_assumed,9.15,1.0405692021793818e+24,1.1960565542291745e+23,0.0
bio_and_mineral_assumed,9.200000000000001,1.6076409776496267e+24,1.8478631927007205e+23,0.0
bio_and_mineral_assumed,9.25,2.4837459225250576e+24,2.8548803707184575e+23,0.0
bio_and_mineral_assumed,9.3,3.8372956981222625e+24,4.41068471048536e+23,0.0
bio_and_mineral_assumed,9.35,5.928480099871712e+24,6.814344942381279e+23,0.0
bio_and_mineral_assumed,9.4,9.159282750030022e+24,1.052791120693106e+24,0.0
bio_and_mineral_assumed,9.450000000000001,1.415075349528664e+25,1.6265233902628326e+24,0.0
bio_and_mineral_assumed,9.5,2.186239140654429e+25,2.512918552476355e+24,0.0
bio_and_mineral_assumed,9.55,3.3776587103446193e+25,3.882366333729448e+24,0.0
bio_and_mineral_assumed,9.6,5.21835793322763e+25,5.998112566928312e+24,0.0
bio_and_mineral_assumed,9.65,8.062170235222362e+25,9.26686233933605e+24,0.0
bio_and_mineral_assumed,9.700000000000001,1.245575518839569e+26,1.4316959986661716e+25,0.0
bio_and_mineral_assumed,9.75,1.9243681637412578e+26,2.211917429587653e+25,0.0
bio_and_mineral_assumed,9.8,2.9730777248022913e+26,3.417330718163554e+25,0.0
bio_and_mineral_assumed,9.85,4.5932952562105794e+26,5.279649719782275e+25,0.0
bio_and_mineral_assumed,9.9,7.096471489701834e+26,8.156863781266477e+25,0.0
bio_and_mineral_assumed,9.950000000000001,1.0963786300490733e+27,1.2602053218954866e+26,0.0
bio_and_mineral_assumed,10.0,1.6938644820494735e+27,1.946970669022384e+26,0.0
bio_and_mineral_assumed,10.05,2.616958051636204e+27,3.0079977605013843e+26,0.0
bio_and_mineral_assumed,10.1,4.0431035166031557e+27,4.6472454213829385e+26,0.0
bio_and_mineral_assumed,10.15,6.246445576668183e+27,7.179822501917453e+26,0.0
bio_and_mineral_assumed,10.200000000000001,9.650527665702424e+27,1.1092560535290144e+27,0.0
bio_and_mineral_assumed,10.25,1.4909708742897957e+28,1.7137596256204551e+27,0.0
bio_and_mineral_assumed,10.3,2.3034949227501196e+28,2.647695313505885e+27,0.0
bio_and_mineral_assumed,10.35,3.5588145621308843e+28,4.090591450725155e+27,0.0
bio_and_mineral_assumed,10.4,5.4982370321503115e+28,6.319812680632543e+27,0.0
bio_and_mineral_assumed,10.450000000000001,8.494573104030493e+28,9.763877131069533e+27,0.0
bio_and_mineral_assumed,10.5,1.3123801647288746e+29,1.5084829479642239e+28,0.0
bio_and_mineral_assumed,10.55,2.027578873806588e+29,2.330550429662745e+28,0.0
bio_and_mineral_assumed,10.6,3.1325344591412985e+29,3.600614320852068e+28,0.0
bio_and_mineral_assumed,10.65,4.839650020265429e+29,5.562816115247619e+28,0.0
bio_and_mineral_assumed,10.700000000000001,7.477080499563306e+29,8.594345401796905e+28,0.0
bio_and_mineral_assumed,10.75,1.1551813160630588e+30,1.3277946161644356e+29,0.0
bio_and_mineral_assumed,10.8,1.7847124597082203e+30,2.0513936318485292e+29,0.0
bio_and_mineral_assumed,10.85,2.7573148210993464e+30,3.169327380573962e+29,0.0
bio_and_mineral_assumed,10.9,4.259949540497578e+30,4.896493724709861e+29,0.0
bio_and_mineral_assumed,10.950000000000001,6.581464673065502e+30,7.564901923063797e+29,0.0
bio_and_mineral_assumed,11.0,1.0168119793679327e+31,1.1687494015723366e+30,0.0
bio_and_mineral_assumed,11.05,1.5709369460226502e+31,1.8056746506007476e+30,0.0
bio_and_mineral_assumed,11.1,2.427039549546798e+31,2.7897006316629865e+30,0.0
bio_and_mineral_assumed,11.15,3.749686446663761e+31,4.3099844214525997e+30,0.0
bio_and_mineral_assumed,11.200000000000001,5.793127042746033e+31,6.658766715800038e+30,0.0
bio_and_mineral_assumed,11.25,8.950167276854525e+31,1.0287548594085662e+31,0.0
bio_and_mineral_assumed,11.3,1.3827677814175368e+32,1.589388254502916e+31,0.0
bio_and_mineral_assumed,11.35,2.136325141398198e+32,2.455546139538159e+31,0.0
bio_and_mineral_assumed,11.4,3.300543425369218e+32,3.7937280751370326e+31,0.0
bio_and_mineral_assumed,11.450000000000001,5.099217666660167e+32,5.861169731793296e+31,0.0
bio_and_mineral_assumed,11.5,7.878102924541905e+32,9.055290717864258e+31,0.0
bio_and_mineral_assumed,11.55,1.2171377993033947e+33,1.3990089647165458e+32,0.0
bio_and_mineral_assumed,11.6,1.8804329375770503e+33,2.1614171696287937e+32,0.0
bio_and_mineral_assumed,11.65,2.9051994233918974e+33,3.339309682059653e+32,0.0
bio_and_mineral_assumed,11.700000000000001,4.488425788027221e+33,5.159110101180714e+32,0.0
bio_and_mineral_assumed,11.75,6.934452035346621e+33,7.970634523386922e+32,0.0
bio_and_mineral_assumed,11.8,1.0713472228680475e+34,1.2314335895035031e+33,0.0
bio_and_mineral_assumed,11.85,1.6551918826412204e+34,1.9025194053347362e+33,0.0
bio_and_mineral_assumed,11.9,2.55721031415681e+34,2.9393222001802415e+33,0.0
bio_and_mineral_assumed,11.950000000000001,3.950795469341683e+34,4.541144217634119e+33,0.0
bio_and_mineral_assumed,12.0,6.103833053605143e+34,7.015900061615107e+33,0.0
bio_removed_ablation,0.0,6.388265204206552e-06,0.0,1.0
bio_removed_ablation,0.05,6.885809815262012e-06,3.316964073703066e-07,0.9999996683036476
bio_removed_ablation,0.1,7.42210526587675e-06,6.892267077801317e-07,0.9999993107735298
bio_removed_ablation,0.15,8.000169632285935e-06,1.0746029520529222e-06,0.9999989253976254
bio_removed_ablation,0.2,8.623256051029534e-06,1.489993897881988e-06,0.9999985100072122
bio_removed_ablation,0.25,9.294871026424725e-06,1.937737214812115e-06,0.9999980622646626
bio_removed_ablation,0.3,1.001879416389997e-05,2.4203526397956125e-06,0.9999975796502892
bio_removed_ablation,0.35000000000000003,1.0799099440243213e-05,2.940556157357774e-06,0.9999970594481661
bio_removed_ablation,0.4,1.164017813046529e-05,3.501275284172492e-06,0.9999964987308453
bio_removed_ablation,0.45,1.2546763520302428e-05,4.105665544063917e-06,0.9999958943428842
bio_removed_ablation,0.5,1.3523957543431442e-05,4.757128226149927e-06,0.9999952428830889
bio_removed_ablation,0.55,1.4577259493301397e-05,5.459329526063231e-06,0.9999945406853761
bio_removed_ablation,0.6,1.57125969711621e-05,6.216221177970366e-06,0.9999937837981427
bio_removed_ablation,0.65,1.6936359244453543e-05,7.032062693497993e-06,0.9999929679620314
bio_removed_ablation,0.7000000000000001,1.8255433203284873e-05,7.91144533271888e-06,0.9999920885859627
bio_removed_ablation,0.75,1.967724211735381e-05,8.859317942098172e-06,0.9999911407213016
bio_removed_ablation,0.8,2.1209787411415204e-05,9.881014804805769e-06,0.9999901190340122
bio_removed_ablation,0.85,2.286169369439681e-05,1.0982285660126837e-05,0.999989017774645
bio_removed_ablation,0.9,2.464225729556951e-05,1.2169328060908639e-05,0.9999878307459851
bio_removed_ablation,0.9500000000000001,2.656149858091554e-05,1.3448822251139325e-05,0.9999865512681838
bio_removed_ablation,1.0,2.863021834411347e-05,1.4827968759937945e-05,0.9999851721411739
bio_removed_ablation,1.05,3.086005858948633e-05,1.631452892351985e-05,0.9999836856041577
bio_removed_ablation,1.1,3.3263568048978423e-05,1.7916868563181246e-05,0.9999820832919429
bio_removed_ablation,1.1500000000000001,3.585427280186637e-05,1.9644005065106544e-05,0.9999803561878771
bio_removed_ablation,1.2,3.864675239462565e-05,2.150565812694607e-05,0.999978494573118
bio_removed_ablation,1.25,4.165672188932964e-05,2.3512304456748727e-05,0.9999764879719553
bio_removed_ablation,1.3,4.490112030231729e-05,2.567523673207383e-05,0.999974325092874
bio_removed_ablation,1.35,4.839820593083192e-05,2.8006627151083584e-05,0.9999719937650309
bio_removed_ablation,1.4000000000000001,5.2167659104094454e-05,3.05195959332586e-05,0.9999694808697849
bio_removed_ablation,1.45,5.623069293705573e-05,3.322828515523279e-05,0.9999667722668981
bio_removed_ablation,1.5,6.061017271011272e-05,3.614793833727078e-05,0.9999638527149916
bio_removed_ablation,1.55,6.533074454661067e-05,3.929498622826942e-05,0.9999607057858096
bio_removed_ablation,1.6,7.041897411228416e-05,4.268713927205174e-05,0.999957313771811
bio_removed_ablation,1.6500000000000001,7.590349611718647e-05,4.634348727531995e-05,0.9999536575865675
bio_removed_ablation,1.7,8.181517546144842e-05,5.028460683816124e-05,0.9999497166574115
bio_removed_ablation,1.75,8.81872809317404e-05,5.453267715168923e-05,0.9999454688097277
bio_removed_ablation,1.8,9.505567242593339e-05,5.9111604814484564e-05,0.999940890142242
bio_removed_ablation,1.85,0.00010245900275959483,6.404715837025886e-05,0.9999359548926052
bio_removed_ablation,1.9000000000000001,0.00011043893519001232,6.936711332387051e-05,0.9999306352925187
bio_removed_ablation,1.95,0.00011904037788188919,7.510140845178842e-05,0.9999249014115884
bio_removed_ablation,2.0,0.0001283117366342057,8.128231428666611e-05,0.9999187209890311
bio_removed_ablation,2.05,0.00013830518729049317,8.794461472419109e-05,0.9999120592522901
bio_removed_ablation,2.1,0.00014907696936555307,9.512580277423102e-05,0.9999048787215414
bio_removed_ablation,2.15,0.00016068770254104388,0.00010286629155789156,0.9998971389989977
bio_removed_ablation,2.2,0.0001732027278110552,0.00011120964173789912,0.999888796541825
bio_removed_ablation,2.25,0.00018669247519752106,0.00012020280666220968,0.9998798044174056
bio_removed_ablation,2.3000000000000003,0.00020123286010483032,0.00012989639660041587,0.9998701120395712
bio_removed_ablation,2.35,0.00021690571054418036,0.00014034496355998255,0.9998596648843338
bio_removed_ablation,2.4,0.00023379922763194216,0.0001516073082851571,0.999848404183522
bio_removed_ablation,2.45,0.00025200848195353846,0.0001637468111662213,0.9998362665946111
bio_removed_ablation,2.5,0.0002716359485862146,0.00017683178892133873,0.9998231838448979
bio_removed_ablation,2.5500000000000003,0.00029279208379159367,0.0001909358790582581,0.9998090823480366
bio_removed_ablation,2.6,0.00031559594662344305,0.00020613845427949103,0.9997938827907918
bio_removed_ablation,2.65,0.00034017586894884237,0.00022252506916309057,0.9997774996877037
bio_removed_ablation,2.7,0.00036667017765336444,0.00024018794163277194,0.9997598409011816
bio_removed_ablation,2.75,0.00039522797309461346,0.00025922647192693795,0.9997408071243519
bio_removed_ablation,2.8000000000000003,0.0004260099681849418,0.00027974780198715686,0.9997202913237807
bio_removed_ablation,2.85,0.0004591893928254142,0.00030186741841413845,0.9996981781389708
bio_removed_ablation,2.9,0.0004949529687808517,0.0003257098023844301,0.9996743432352948
bio_removed_ablation,2.95,0.0005335019604821759,0.0003514091301853129,0.9996486526067713
bio_removed_ablation,3.0,0.0005750533076696161,0.000379110028310273,0.9996209618248162
bio_removed_ablation,3.0500000000000003,0.0006198408462508635,0.000408968387364438,0.9995911152288073
bio_removed_ablation,3.1,0.0006681166242447224,0.0004411522393603439,0.9995589450539812
bio_removed_ablation,3.15,0.0007201523202159297,0.0004758427033411488,0.9995242704918429
bio_removed_ablation,3.2,0.0007762407721835448,0.0005132350046528922,0.9994868966779031
bio_removed_ablation,3.25,0.0008366976256070903,0.0005535395736019225,0.9994466136011638
bio_removed_ablation,3.3000000000000003,0.0009018631097246868,0.0005969832296803203,0.9994031949293535
bio_removed_ablation,3.35,0.0009721039522397659,0.0006438104580237063,0.9993563967434607
bio_removed_ablation,3.4,0.0010478154431315557,0.0006942847852848993,0.9993059561746285
bio_removed_ablation,3.45,0.001129423659203661,0.0007486902626663029,0.9992515899359568
bio_removed_ablation,3.5,0.0012173878618897507,0.0008073330644570294,0.9991929927411977
bio_removed_ablation,3.5500000000000003,0.0013122030818102923,0.0008705432110707238,0.9991298356017382
bio_removed_ablation,3.6,0.0014144029046252815,0.0009386764262807166,0.9990617639926215
bio_removed_ablation,3.65,0.0015245624738607793,0.0010121161391043818,0.9989883958776804
bio_removed_ablation,3.7,0.001643301727608,0.001091275641602529,0.9989093195831227
bio_removed_ablation,3.75,0.0017712888873099956,0.0011766004147371928,0.9988240915081319
bio_removed_ablation,3.8000000000000003,0.0019092442182695206,0.001268570635376876,0.9987322336602137
bio_removed_ablation,3.85,0.002057944083040831,0.0013677038785577498,0.9986332310021301
bio_removed_ablation,3.9,0.00221822531051652,0.0014745580302082091,0.9985265285963204
bio_removed_ablation,3.95,0.002390989905296898,0.0015897344267284611,0.9984115285317005
bio_removed_ablation,4.0,0.0025772101238446705,0.0017138812390936429,0.9982875866166606
bio_removed_ablation,4.05,0.0027779339459915865,0.0018476971205249203,0.9981540088209502
bio_removed_ablation,4.1,0.002994290972588736,0.001991935138256353,0.9980100474479283
bio_removed_ablation,4.15,0.0032274987824903304,0.002147407011524083,0.9978548970173882
bio_removed_ablation,4.2,0.0034788697846457727,0.002314987679627711,0.9976876898378122
bio_removed_ablation,4.25,0.0037498186038611068,0.002495620225771267,0.997507491245496
bio_removed_ablation,4.3,0.004041870041794221,0.002690321184393343,0.9973132944864788
bio_removed_ablation,4.3500000000000005,0.004356667657985399,0.002900186261854128,0.9971040152156521
bio_removed_ablation,4.4,0.0046959830192141285,0.0031263965026732815,0.996878485585766
bio_removed_ablation,4.45,0.00506172566923427,0.0033702249360200425,0.996635447897342
bio_removed_ablation,4.5,0.005455953874993521,0.0036330437398595433,0.9963735477787071
bio_removed_ablation,4.55,0.005880886209813103,0.003916331963072598,0.9960913268635186
bio_removed_ablation,4.6000000000000005,0.006338914038713541,0.004221683849006223,0.9957872149312377
bio_removed_ablation,4.65,0.006832614976149417,0.004550817807296808,0.9954595214740528
bio_removed_ablation,4.7,0.007364767391888433,0.004905586084456151,0.9951064266517619
bio_removed_ablation,4.75,0.00793836604666848,0.005287985187642849,0.9947259715941075
bio_removed_ablation,4.8,0.008556638945624638,0.005700167120280287,0.9943160480080427
bio_removed_ablation,4.8500000000000005,0.009223065504330991,0.006144451492751189,0.9938743870454124
bio_removed_ablation,4.9,0.009941396129689148,0.006623338576323294,0.9933985473845908
bio_removed_ablation,4.95,0.01071567332585775,0.00713952337376903,0.9928859024777625
bio_removed_ablation,5.0,0.011550254443999269,0.0076959107858633755,0.9923336269138111
bio_removed_ablation,5.05,0.012449836203871587,0.008295631959111587,0.9917386818452337
bio_removed_ablation,5.1000000000000005,0.013419481125262882,0.008942061906705785,0.9910977994262129
bio_removed_ablation,5.15,0.014464646018016326,0.009638838501874747,0.9904074662079935
bio_removed_ablation,5.2,0.015591212690976297,0.010389882950514727,0.9896639054371525
bio_removed_ablation,5.25,0.016805521052674664,0.011199421858313638,0.9888630582022913
bio_removed_ablation,5.3,0.01811440479003602,0.012072011016554541,0.9880005633752628
bio_removed_ablation,5.3500000000000005,0.019525229825888505,0.013012561040456198,0.9870717362944046
bio_removed_ablation,5.4,0.021045935771705104,0.014026365004333933,0.9860715461395556
bio_removed_ablation,5.45,0.022685080608856843,0.01511912822910176,0.9849945919520785
bio_removed_ablation,5.5,0.02445188884982707,0.01629700038974858,0.9838350772579271
bio_removed_ablation,5.55,0.026356303450421236,0.01756661012347802,0.9825867832582402
bio_removed_ablation,5.6000000000000005,0.028409041765115012,0.01893510233327387,0.9812430405603202
bio_removed_ablation,5.65,0.030621655860437018,0.020410178396821875,0.9797966994325069
bio_removed_ablation,5.7,0.03300659752580855,0.022000139507069562,0.978240098579791
bio_removed_ablation,5.75,0.03557728834769692,0.023713933388328473,0.9765650324534668
bio_removed_ablation,5.8,0.03834819524143498,0.025561204650820516,0.974762717128234
bio_removed_ablation,5.8500000000000005,0.041334911865772254,0.027552349067045366,0.972823754804492
bio_removed_ablation,5.9,0.04455424637832899,0.029698572075416527,0.9707380970227922
bio_removed_ablation,5.95,0.0480243160258098,0.03201195184040373,0.9684950067122722
bio_removed_ablation,6.0,0.05176464910129519,0.03450550722406066,0.966083019236193
bio_removed_ablation,6.05,0.05579629484239045,0.0371932710514575,0.9634899026463849
bio_removed_ablation,6.1000000000000005,0.06014194188869865,0.04009036908232963,0.9607026174154545
bio_removed_ablation,6.15,0.06482604596525278,0.043213105133365716,0.95770727598215
bio_removed_ablation,6.2,0.06987496751046457,0.04657905283017358,0.9544891025224993
bio_removed_ablation,6.25,0.07531712002310828,0.05020715450526939,0.9510323934485235
bio_removed_ablation,6.3,0.08118312996318394,0.05411782779865316,0.9473204792388423
bio_removed_ablation,6.3500000000000005,0.0875060091065233,0.058333080560879394,0.9433356883227388
bio_removed_ablation,6.4,0.09432134032308769,0.06287663470525566,0.9390593138726955
bio_removed_ablation,6.45,0.1016674778244517,0.067774059706165,0.9344715845114672
bio_removed_ablation,6.5,0.10958576300739119,0.07305291649479133,0.9295516401098031
bio_removed_ablation,6.55,0.11812075710826629,0.0787429125620414,0.9242775140411755
bio_removed_ablation,6.6000000000000005,0.12732049197749354,0.08487606914152623,0.9186261234713231
bio_removed_ablation,6.65,0.13723674038537415,0.09148690141344663,0.9125732694936819
bio_removed_ablation,6.7,0.14792530738046358,0.09861261274350627,0.9060936491769754
bio_removed_ablation,6.75,0.15944634434013907,0.1062933040499566,0.8991608818677521
bio_removed_ablation,6.8,0.17186468748072933,0.11457219947701677,0.8917475523869209
bio_removed_ablation,6.8500000000000005,0.1852502227322187,0.12349588964467635,0.8838252740725328
bio_removed_ablation,6.9,0.19967827903090637,0.13311459384380145,0.8753647749467268
bio_removed_ablation,6.95,0.21523005224333297,0.14348244265208585,0.8663360106164659
bio_removed_ablation,7.0,0.23199306210715978,0.15465778256130372,0.8567083078464128
bio_removed_ablation,7.05,0.25006164476050147,0.16670350433019818,0.8464505430559834
bio_removed_ablation,7.1000000000000005,0.2695374836314878,0.17968739691085572,0.8355313602754736
bio_removed_ablation,7.15,0.2905301816757063,0.19368252894033477,0.8239194333280039
bio_removed_ablation,7.2,0.31315787818187646,0.20876765994444815,0.8115837771595603
bio_removed_ablation,7.25,0.33754791361690467,0.2250276835678003,0.798494113287476
bio_removed_ablation,7.3,0.3638375462518361,0.2425541053244213,0.7846212942405842
bio_removed_ablation,7.3500000000000005,0.3921747246016087,0.26144555755760296,0.7699377915771891
bio_removed_ablation,7.4,0.42271892002561906,0.28180835450694325,0.754418251537626
bio_removed_ablation,7.45,0.45564202417468275,0.303757090606319,0.7380401215567748
bio_removed_ablation,7.5,0.4911293163348825,0.32741528537978554,0.7207843496616735
bio_removed_ablation,7.55,0.5293805061121744,0.3529160785646468,0.7026361571378833
bio_removed_ablation,7.6000000000000005,0.570610857325598,0.3804029793735959,0.6835858826895265
bio_removed_ablation,7.65,0.6150523994339538,0.41003067411249977,0.6636298935660977
bio_removed_ablation,7.7,0.6629552333134223,0.4419658966988121,0.642771555713712
bio_removed_ablation,7.75,0.7145889387345609,0.4763883669795711,0.6210222508715258
bio_removed_ablation,7.8,0.7702440914594518,0.5134918021294984,0.598402423640023
bio_removed_ablation,7.8500000000000005,0.8302338984966767,0.5534850068209817,0.5749426358958046
bio_removed_ablation,7.9,0.8948959607167274,0.5965930483010154,0.5506845995664081
bio_removed_ablation,7.95,0.9645941727472361,0.6430585229880214,0.5256821518252834
bio_removed_ablation,8.0,1.0397207708399179,0.6931429217164758,0.5000021294262692
bio_removed_ablation,8.05,1.1206985402339005,0.7471281013124643,0.4737250914829359
bio_removed_ablation,8.1,1.207983194437662,0.8053178707816385,0.44694583295557877
bio_removed_ablation,8.15,1.3020659398193457,0.8680397010360943,0.41977362502945337
bio_removed_ablation,8.2,1.4034762399379728,0.9356465677818457,0.3923321142018149
bio_removed_ablation,8.25,1.5127847951722988,1.008518937938063,0.36475881014701816
bio_removed_ablation,8.3,1.6306067544154763,1.087066910766848,0.3372040943367917
bio_removed_ablation,8.35,1.757605176909868,1.1717325257631093,0.3098296880806041
bio_removed_ablation,8.4,1.8944947637039276,1.2629922502924822,0.28280653124731286
bio_removed_ablation,8.45,2.0420458797303853,1.3613596609767875,0.25631204244493627
bio_removed_ablation,8.5,2.201088889140649,1.4673883339169635,0.2305267585989366
bio_removed_ablation,8.55,2.372518828292968,1.5816749600185094,0.20563038691998217
bio_removed_ablation,8.6,2.557300442692363,1.7048627029514392,0.18179734470082598
bio_removed_ablation,8.65,2.756473616228352,1.8376448186420988,0.15919191076473826
bio_removed_ablation,8.700000000000001,2.9711592232641904,1.9807685566659912,0.13796316404506825
bio_removed_ablation,8.75,3.202565436511158,2.135039365497303,0.11823993571114907
bio_removed_ablation,8.8,3.451994526186303,2.3013254252807327,0.10012604614279243
bio_removed_ablation,8.85,3.720850188716713,2.4805625336343393,0.08369613045869251
bio_removed_ablation,8.9,4.0106454462338395,2.6737593719790906,0.06899236918798181
bio_removed_ablation,8.950000000000001,4.323011161313081,2.882003182031918,0.05602242723774696
bio_removed_ablation,9.0,4.659705214876728,3.1064658844076822,0.04475885913275126
bio_removed_ablation,9.05,5.022622398910096,3.3484106737632615,0.035140158919601094
bio_removed_ablation,9.1,5.413805079663332,3.6091991275987523,0.027073520621706242
bio_removed_ablation,9.15,5.835454691347822,3.8902988687217457,0.02043923647652553
bio_removed_ablation,9.200000000000001,6.2899441250091925,4.193291824495993,0.015096507934899786
bio_removed_ablation,9.25,6.779831082297299,4.519883129354731,0.010890296350145054
bio_removed_ablation,9.3,7.307872469283265,4.871910720678708,0.007658717628413935
bio_removed_ablation,9.35,7.8770399113265555,5.251355682040901,0.005240409252688238
bio_removed_ablation,9.4,8.490536476304587,5.660353392026256,0.0034812864219415924
bio_removed_ablation,9.450000000000001,9.15181470031657,6.101205541367578,0.002240165478826678
bio_removed_ablation,9.5,9.8645960173042,6.576393086025997,0.001392864186555888
bio_removed_ablation,9.55,10.632891701931866,7.088590209111109,0.0008345731102018298
bio_removed_ablation,9.6,11.461025443585056,7.640679370213235,0.00048050190246696887
bio_removed_ablation,9.65,12.353657678525849,8.23576752684043,0.0002650034993845747
bio_removed_ablation,9.700000000000001,13.315811817137257,8.877203619248036,0.00013953381017151712
bio_removed_ablation,9.75,14.352902513854511,9.56859741705954,6.988934048023488e-05
bio_removed_ablation,9.8,15.47076613887598,10.313839833740518,3.3170824990112475e-05
bio_removed_ablation,9.85,16.675693623137022,11.11712482324788,1.4855731267284556e-05
bio_removed_ablation,9.9,17.97446586138733,11.982972982081419,6.24972570686002e-06
bio_removed_ablation,9.950000000000001,19.3743918726063,12.91625698956073,2.457767870705979e-06
bio_removed_ablation,10.0,20.883349932510313,13.92222902949674,8.987786691572024e-07
bio_removed_ablation,10.05,22.50983190963053,15.006550347576885,3.0390510235570873e-07
bio_removed_ablation,10.1,24.26299105446785,16.175323110801763,9.4437923658123e-08
bio_removed_ablation,10.15,26.15269351066652,17.435124748267544,2.6793011502478732e-08
bio_removed_ablation,10.200000000000001,28.18957383809082,18.79304496655041,6.891032098496979e-09
bio_removed_ablation,10.25,30.385094860270105,20.25672564800327,1.5944680807816438e-09
bio_removed_ablation,10.3,32.75161217301125,21.834403856497367,3.291841298573731e-10
bio_removed_ablation,10.35,35.30244367720894,23.53495819262916,6.010319029834207e-11
bio_removed_ablation,10.4,38.051944527160934,25.367958759263818,9.612480984888212e-12
bio_removed_ablation,10.450000000000001,41.01558791616801,27.34372101860187,1.332824130424145e-12
bio_removed_ablation,10.5,44.21005215405263,29.473363843858287,1.5844579557163863e-13
bio_removed_ablation,10.55,47.65331452663635,31.76887209224743,1.5957106884093288e-14
bio_removed_ablation,10.6,51.36475246538161,34.243164051410936,1.3439490652451597e-15
bio_removed_ablation,10.65,55.36525259654721,36.91016413885467,9.335108893880819e-17
bio_removed_ablation,10.700000000000001,59.67732828354249,39.78488126351819,5.267998032368655e-18
bio_removed_ablation,10.75,64.3252463239695,42.88349329046953,2.3764873079682594e-19
bio_removed_ablation,10.8,69.33516351435671,46.223438084061,8.422012962093071e-21
bio_removed_ablation,10.85,74.73527385111935,49.82351164190276,2.3010381806096086e-22
bio_removed_ablation,10.9,80.55596719614427,53.70397387191937,4.749637787794056e-24
bio_removed_ablation,10.950000000000001,86.83000029990629,57.88666260776073,7.246726213202547e-26
bio_removed_ablation,11.0,93.59268114457663,62.39511650420763,7.982615380039327e-28
bio_removed_ablation,11.05,100.88206764453815,67.25470750418198,6.18944415641451e-30
bio_removed_ablation,11.1,108.7391818225188,72.49278362283574,3.286881861727661e-32
bio_removed_ablation,11.15,117.20824066665537,78.13882285226012,1.1607545984589892e-34
bio_removed_ablation,11.200000000000001,126.3369049676595,84.22459905292953,2.6407141391992073e-37
bio_removed_ablation,11.25,136.17654753645783,90.78436076546174,3.739840465750094e-40
bio_removed_ablation,11.3,146.78254231173565,97.8550239489803,3.177628137438753e-43
bio_removed_ablation,11.35,158.21457598437243,105.47637973073815,1.5566476193713531e-46
bio_removed_ablation,11.4,170.53698389248748,113.69131833614819,4.211994605620795e-50
bio_removed_ablation,11.450000000000001,183.81911207738014,122.54607045940996,6.010599910404699e-54
bio_removed_ablation,11.5,198.1357075378935,132.09046743308554,4.3036691974155354e-58
bio_removed_ablation,11.55,213.56733887940825,142.37822166076205,1.465291362385186e-62
bio_removed_ablation,11.6,230.20084972472097,153.46722889097052,2.238872385146109e-67
bio_removed_ablation,11.65,248.1298474384518,165.41989403345772,1.4422907700396818e-72
bio_removed_ablation,11.700000000000001,267.455229915329,178.3034823513759,3.662532698273845e-78
bio_removed_ablation,11.75,288.2857533969379,192.1904980057818,3.409786930838082e-84
bio_removed_ablation,11.8,310.738644512395,207.15909208275323,1.0763398813377853e-90
bio_removed_ablation,11.85,334.94025998728375,223.2935023993457,1.0589222240266386e-97
bio_removed_ablation,11.9,361.0267977334714,240.68452756347082,2.965089450816245e-105
bio_removed_ablation,11.950000000000001,389.14506332154093,259.43003795551715,2.1427232201060398e-113
bio_removed_ablation,12.0,419.4532961492846,279.63552650734624,3.596117667784488e-122
surface_x10_assumed,0.0,3.513545862313604e-05,0.0,1.0
surface_x10_assumed,0.05,3.787195398394106e-05,1.8243302405366863e-06,0.9999981756714236
surface_x10_assumed,0.1,4.082157896232213e-05,3.7907468927907246e-06,0.9999962092602921
surface_x10_assumed,0.15,4.4000932977572646e-05,5.910316236291072e-06,0.9999940897012296
surface_x10_assumed,0.2,4.742790828066244e-05,8.194966438350933e-06,0.9999918050671402
surface_x10_assumed,0.25,5.112179064533599e-05,1.0657554681466633e-05,0.99998934250211
surface_x10_assumed,0.3,5.510336790144984e-05,1.3311939518875868e-05,0.9999866881490846
surface_x10_assumed,0.35000000000000003,5.9395046921337675e-05,1.6173058865467757e-05,0.9999838270719178
surface_x10_assumed,0.4,6.40209797175591e-05,1.9257014062948704e-05,0.9999807431713521
surface_x10_assumed,0.45,6.900719936166335e-05,2.2581160492351545e-05,0.9999774190944601
surface_x10_assumed,0.5,7.438176648887293e-05,2.61642052438246e-05,0.999973836137036
surface_x10_assumed,0.55,8.017492721315769e-05,3.0026312393347773e-05,0.9999699741383918
surface_x10_assumed,0.6,8.641928334139154e-05,3.4189216478837014e-05,0.9999658113679658
surface_x10_assumed,0.65,9.314997584449448e-05,3.8676344814238964e-05,0.9999613244031059
surface_x10_assumed,0.7000000000000001,0.00010040488261806682,4.351294932995384e-05,0.9999564879973447
surface_x10_assumed,0.75,0.00010822483164544596,4.872624868153995e-05,0.9999512749384228
surface_x10_assumed,0.8,0.00011665383076278363,5.434558142643173e-05,0.999945655895268
surface_x10_assumed,0.85,0.00012573931531918245,6.040257113069761e-05,0.9999395992530679
surface_x10_assumed,0.9,0.0001355324151256323,6.693130433499751e-05,0.9999330709355148
surface_x10_assumed,0.9500000000000001,0.00014608824219503546,7.396852238126629e-05,0.9999260342132225
surface_x10_assumed,1.0,0.0001574662008926241,8.15538281796587e-05,0.9999184494972434
surface_x10_assumed,1.05,0.00016973032224217483,8.972990907935919e-05,0.9999102741165286
surface_x10_assumed,1.1,0.00018294962426938132,9.854277709749686e-05,0.9999014620780825
surface_x10_assumed,1.1500000000000001,0.00019719850041026503,0.000108042027858086,0.9998919638084716
surface_x10_assumed,1.2,0.0002125571381704411,0.00011828111969820338,0.9998817258752376
surface_x10_assumed,1.25,0.00022911197039131304,0.000129317674512118,0.9998706906866579
surface_x10_assumed,1.3,0.0002469561616627451,0.00014121380202640607,0.9998587961681732
surface_x10_assumed,1.35,0.00026619013261957556,0.0001540364493309597,0.9998459754136738
surface_x10_assumed,1.4000000000000001,0.0002869221250725195,0.00016785777763292232,0.9998321563096956
surface_x10_assumed,1.45,0.0003092688111538065,0.00018275556835378032,0.9998172611304278
surface_x10_assumed,1.5,0.00033335594990562,0.00019881366085498933,0.9998012061012712
surface_x10_assumed,1.55,0.00035931909500635877,0.0002161224242554818,0.9997839009285132
surface_x10_assumed,1.6,0.0003873043576175629,0.00023477926599628458,0.9997652482924988
surface_x10_assumed,1.6500000000000001,0.00041746922864452563,0.00025488918001425974,0.999745143301473
surface_x10_assumed,1.7,0.0004499834650379663,0.0002765653376098868,0.9997234729030576
surface_x10_assumed,1.75,0.0004850300451245722,0.0002999297243342908,0.999700115250089
surface_x10_assumed,1.8,0.0005228061983426337,0.0003251138264796651,0.9996749390172935
surface_x10_assumed,1.85,0.0005635245151777717,0.0003522593710364237,0.9996478026650113
surface_x10_assumed,1.9000000000000001,0.0006074141435450678,0.0003815191232812878,0.9996185536458848
surface_x10_assumed,1.95,0.0006547220783503906,0.00041305774648483633,0.9995870275501216
surface_x10_assumed,2.0,0.0007057145514881315,0.00044705272857666366,0.999553047184605
surface_x10_assumed,2.05,0.0007606785300977126,0.00048369538098305107,0.999516421580769
surface_x10_assumed,2.1,0.000819923331510542,0.0005231919152582706,0.9994769449257661
surface_x10_assumed,2.15,0.0008837823639757413,0.0005657646035684037,0.9994343954110466
surface_x10_assumed,2.2,0.0009526150029608037,0.0006116530295584451,0.9993885339920231
surface_x10_assumed,2.25,0.001026808613586366,0.0006611154366421533,0.9993391030520168
surface_x10_assumed,2.3000000000000003,0.0011067807305765668,0.0007144301813022873,0.9992858249631751
surface_x10_assumed,2.35,0.001192981407992992,0.0007718972995799041,0.9992284005365027
surface_x10_assumed,2.4,0.001285895751975682,0.0008338401955683641,0.999166507352561
surface_x10_assumed,2.45,0.0013860466507444617,0.0009006074614142173,0.9990997979637668
surface_x10_assumed,2.5,0.0014939977172241804,0.000972574839067363,0.999027897958552
surface_x10_assumed,2.5500000000000003,0.0016103564608537652,0.0010501473348204196,0.9989504038769239
surface_x10_assumed,2.6,0.0017357777064289368,0.0011337614985372007,0.998866880966207
surface_x10_assumed,2.65,0.001870967279218633,0.001223887880396998,0.9987768607649244
surface_x10_assumed,2.7,0.0020166859770935045,0.0013210336789802456,0.9986798385019079
surface_x10_assumed,2.75,0.002173753852020374,0.0014257455955981589,0.9985752702967948
surface_x10_assumed,2.8000000000000003,0.0023430548250171802,0.0015386129109293627,0.9984625701470816
surface_x10_assumed,2.85,0.0025255416605397783,0.0016602708012777615,0.9983411066858496
surface_x10_assumed,2.9,0.002722241328294684,0.0017914039131143656,0.9982101996931638
surface_x10_assumed,2.95,0.0029342607826519673,0.0019327502160192212,0.9980691163429551
surface_x10_assumed,3.0,0.003162793192182888,0.002085105155706502,0.9979170671659466
surface_x10_assumed,3.0500000000000003,0.0034091246543797495,0.002249326130504409,0.9977532017078501
surface_x10_assumed,3.1,0.0036746414333459734,0.0024263373164818917,0.9975766038606613
surface_x10_assumed,3.15,0.003960837761187614,0.0026171348683763185,0.9973862868434054
surface_x10_assumed,3.2,0.004269324247009497,0.0028227925255909074,0.9971811878071317
surface_x10_assumed,3.25,0.004601836940838997,0.003044467654810574,0.9969601620373323
surface_x10_assumed,3.3000000000000003,0.004960247103485778,0.0032834077632417614,0.9967219767252589
surface_x10_assumed,3.35,0.005346571737318713,0.0035409575191303845,0.9964653042778463
surface_x10_assumed,3.4,0.005762984937223556,0.0038185663190669463,0.9961887151341138
surface_x10_assumed,3.45,0.006211830125620136,0.004117796444664666,0.9958906700540224
surface_x10_assumed,3.5,0.006695633240393629,0.004440331854513661,0.9955695118438234
surface_x10_assumed,3.5500000000000003,0.007217116949956608,0.004787987660888981,0.9952234564799444
surface_x10_assumed,3.6,0.007779215975439048,0.005162720344543941,0.9948505835914538
surface_x10_assumed,3.65,0.008385093606234286,0.0055666387650741,0.9944488262591218
surface_x10_assumed,3.7,0.009038159501844,0.006002016028813909,0.9940159600870982
surface_x10_assumed,3.75,0.009742088880204976,0.00647130228105456,0.9935495915012634
surface_x10_assumed,3.8000000000000003,0.010500843200482364,0.006977138494572818,0.9930471452264299
surface_x10_assumed,3.85,0.011318692456724571,0.007522371332067625,0.9925058508928043
surface_x10_assumed,3.9,0.01220023920784086,0.00811006916614515,0.9919227287205278
surface_x10_assumed,3.95,0.013150444479132939,0.008743539347006536,0.9912945742297399
surface_x10_assumed,4.0,0.014174655681145688,0.009426346815015037,0.9906179419225443
surface_x10_assumed,4.05,0.015278636702953728,0.010162334162887062,0.989889127882569
surface_x10_assumed,4.1,0.016468600349238048,0.010955643260409943,0.9891041512376058
surface_x10_assumed,4.15,0.01775124330369682,0.011810738563382456,0.9882587344312151
surface_x10_assumed,4.2,0.01913378381555175,0.01273243223795241,0.9873482822503133
surface_x10_assumed,4.25,0.02062400232123609,0.013725911241741969,0.9863678595577897
surface_x10_assumed,4.3,0.022230285229868217,0.014796766514163388,0.9853121676823235
surface_x10_assumed,4.3500000000000005,0.02396167211891969,0.015951024440197706,0.9841755194219874
surface_x10_assumed,4.4,0.025827906605677707,0.01719518076470305,0.9829518126242016
surface_x10_assumed,4.45,0.027839491180788486,0.018536237148110236,0.981634502312426
surface_x10_assumed,4.5,0.03000774631246437,0.01998174056922749,0.9802165713399773
surface_x10_assumed,4.55,0.03234487415397207,0.021539825796899285,0.9786904995639267
surface_x10_assumed,4.6000000000000005,0.03486402721292448,0.02321926116953423,0.9770482315475981
surface_x10_assumed,4.65,0.037579382368821794,0.025029497940132442,0.9752811428192554
surface_x10_assumed,4.7,0.04050622065538638,0.026980723464508836,0.973380004737699
surface_x10_assumed,4.75,0.04366101325667664,0.029083918532035673,0.9713349480433286
surface_x10_assumed,4.8,0.04706151420093551,0.031350919161541584,0.9691354252064802
surface_x10_assumed,4.8500000000000005,0.05072686027382045,0.03379448321013154,0.9667701717243298
surface_x10_assumed,4.9,0.05467767871329032,0.036428362169778114,0.9642271665642401
surface_x10_assumed,4.95,0.05893620329221763,0.03926737855572966,0.9614935920061198
surface_x10_assumed,5.0,0.06352639944199599,0.04232750932224857,0.958555793200227
surface_x10_assumed,5.05,0.06847409912129372,0.04562597577511372,0.9553992378310641
surface_x10_assumed,5.1000000000000005,0.07380714618894586,0.04918134048688181,0.9520084763638387
surface_x10_assumed,5.15,0.0795555530990898,0.05301361176031111,0.948367103448742
surface_x10_assumed,5.2,0.08575166980036963,0.057144356227831,0.9444577211714305
surface_x10_assumed,5.25,0.09243036578971064,0.06159682022072501,0.9402619049670277
surface_x10_assumed,5.3,0.09962922634519811,0.06639606059104998,0.9357601731611271
surface_x10_assumed,5.3500000000000005,0.10738876404238677,0.0715690857225091,0.9309319612660665
surface_x10_assumed,5.4,0.11575264674437809,0.07714500752383663,0.9257556023454352
surface_x10_assumed,5.45,0.12476794334871265,0.08315520526005968,0.9202083149654195
surface_x10_assumed,5.5,0.1344853886740489,0.08963350214361718,0.9142662004789393
surface_x10_assumed,5.55,0.1449596689773168,0.09661635567912912,0.9079042516378317
surface_x10_assumed,5.6000000000000005,0.15624972970813256,0.10414306283300628,0.9010963747992164
surface_x10_assumed,5.65,0.1684191072324036,0.11225598118252032,0.8938154282833332
surface_x10_assumed,5.7,0.18153628639194702,0.1210007672888826,0.8860332797491296
surface_x10_assumed,5.75,0.19567508591233304,0.1304266336358066,0.8777208857767419
surface_x10_assumed,5.8,0.21091507382789237,0.14058662557951282,0.8688483971768528
surface_x10_assumed,5.8500000000000005,0.2273420152617474,0.1515379198687495,0.859385293877508
surface_x10_assumed,5.9,0.24504835508080947,0.1633421464147909,0.8493005535581086
surface_x10_assumed,5.95,0.2641337381419539,0.17606573512222054,0.838562858493282
surface_x10_assumed,6.0,0.28470557005712355,0.18978028973233363,0.8271408453172265
surface_x10_assumed,6.05,0.3068796216331475,0.20456299078301624,0.8150034025980832
surface_x10_assumed,6.1000000000000005,0.3307806803878426,0.22049702995281295,0.8021200211924048
surface_x10_assumed,6.15,0.35654325280889027,0.23767207823351147,0.7884612022959934
surface_x10_assumed,6.2,0.3843123213075551,0.25618479056595467,0.7739989278764189
surface_x10_assumed,6.25,0.4142441601270956,0.27613934977898164,0.7587071977141608
surface_x10_assumed,6.3,0.44650721479751165,0.2976480528925924,0.7425626365357506
surface_x10_assumed,6.3500000000000005,0.48128305008587813,0.3208319430848367,0.7255451736285746
surface_x10_assumed,6.4,0.5187673717769823,0.34582149087890607,0.7076387958120306
surface_x10_assumed,6.45,0.5591711280344843,0.3727573283839075,0.6888323726281773
surface_x10_assumed,6.5,0.6027216965406516,0.4017910407213523,0.6691205500305938
surface_x10_assumed,6.55,0.6496641640954647,0.4330860190912277,0.6485047056202377
surface_x10_assumed,6.6000000000000005,0.7002627058762145,0.4668183802783943,0.6269939545395504
surface_x10_assumed,6.65,0.7548020721195579,0.5031779577739566,0.6046061904481542
surface_x10_assumed,6.7,0.8135891905925499,0.5423693700892845,0.581369140553565
surface_x10_assumed,6.75,0.876954893870765,0.5846131722747613,0.5573214074922507
surface_x10_assumed,6.8,0.9452557811440113,0.6301470971235923,0.5325134640466322
surface_x10_assumed,6.8500000000000005,1.018876225027203,0.6792273930457199,0.507008559421285
surface_x10_assumed,6.9,1.098230534669985,0.732130266140908,0.48088348836922434
surface_x10_assumed,6.95,1.1837652873383313,0.7891534345864721,0.45422916726420864
surface_x10_assumed,7.0,1.275961841589379,0.8506178040871706,0.42715095480832543
surface_x10_assumed,7.05,1.3753390461827582,0.91686927381609,0.39976865015247404
surface_x10_assumed,7.1000000000000005,1.482456159973183,0.9882806830097064,0.3722160986548102
surface_x10_assumed,7.15,1.597915999216385,1.0652539091718412,0.3446403363144448
surface_x10_assumed,7.2,1.7223683300003205,1.148222129694465,0.31720020920202674
surface_x10_assumed,7.25,1.8565135248929756,1.2376522596229018,0.2900644151027432
surface_x10_assumed,7.3,2.001106504385099,1.3340475792843172,0.263408932147813
surface_x10_assumed,7.3500000000000005,2.1569609853088476,1.4379505665668164,0.23741382426140847
surface_x10_assumed,7.4,2.3249540601409047,1.5499459497881878,0.212259446184724
surface_x10_assumed,7.45,2.506031132960755,1.6706639983347547,0.18812211138993773
surface_x10_assumed,7.5,2.701211239841854,1.8007840695888204,0.16516933318698468
surface_x10_assumed,7.55,2.911592783616959,1.9410384321055574,0.14355480043669328
surface_x10_assumed,7.6000000000000005,3.1383597152907896,2.0922163865547776,0.12341330088675756
surface_x10_assumed,7.65,3.382788196886746,2.2551687076187488,0.10485585226283854
surface_x10_assumed,7.7,3.646253783223823,2.4308124318434663,0.08796533770247575
surface_x10_assumed,7.75,3.9302391630400852,2.620136018387641,0.07279296097285055
surface_x10_assumed,7.8,4.236342503026986,2.824204911712241,0.059355831199255825
surface_x10_assumed,7.8500000000000005,4.566286441731721,3.044167537515399,0.047635950628216836
surface_x10_assumed,7.9,4.921927783942001,3.2812617656555854,0.03758080870554489
surface_x10_assumed,7.95,5.3052679501097995,3.5368218764341175,0.029105681700180155
surface_x10_assumed,8.0,5.718464239619548,3.812286069440617,0.022097604512330223
surface_x10_assumed,8.05,6.163841971286454,4.109204557218554,0.01642083116431497
surface_x10_assumed,8.1,6.643907569407141,4.429248289299013,0.011923449289271375
surface_x10_assumed,8.15,7.161362669006401,4.774218355698519,0.008444682246164549
surface_x10_assumed,8.2,7.719119319658851,5.146056122800152,0.0058223220287242595
surface_x10_assumed,8.25,8.320316373447643,5.546854158659348,0.00389970582312547
surface_x10_assumed,8.3,8.968337149285121,5.978868009217665,0.002531690521116683
surface_x10_assumed,8.35,9.666828473004273,6.444528891697101,0.0015891930748007268
surface_x10_assumed,8.4,10.419721200371603,6.946457376608652,0.0009620372596452397
surface_x10_assumed,8.45,11.23125233851712,7.487478135372331,0.0005600535603243221
surface_x10_assumed,8.5,12.10598889027357,8.0706358365433,0.0003125844652393581
surface_x10_assumed,8.55,13.048853555611325,8.699212280101802,0.00016671708564274673
surface_x10_assumed,8.6,14.065152434807995,9.376744866232915,8.467036781381315e-05
surface_x10_assumed,8.65,15.160604889255938,10.107046502531544,4.079110550977286e-05
surface_x10_assumed,8.700000000000001,16.341375727953046,10.894227061662953,1.8565100412272385e-05
surface_x10_assumed,8.75,17.61410990081137,11.742716510235166,7.94699641408447e-06
surface_x10_assumed,8.8,18.98596989402467,12.657289839044031,3.184262534609894e-06
surface_x10_assumed,8.85,20.46467603794192,13.643093934988869,1.1881727501763323e-06
surface_x10_assumed,8.9,22.058549954286118,14.705676545884998,4.1058759451469134e-07
surface_x10_assumed,8.950000000000001,23.77656138722195,15.851017501175551,1.306142517096174e-07
surface_x10_assumed,9.0,25.628378681822003,17.085562364242254,3.8004458154649913e-08
surface_x10_assumed,9.05,27.62442319400553,18.41625870569794,1.0044318298932693e-08
surface_x10_assumed,9.1,29.775927938148328,19.850595201793137,2.393293941212777e-09
surface_x10_assumed,9.15,32.095000802413026,21.3966437779696,5.099829725269499e-10
surface_x10_assumed,9.200000000000001,34.59469268755056,23.06310503472796,9.634312917387418e-11
surface_x10_assumed,9.25,37.28907095263514,24.85935721145102,1.59852097559983e-11
surface_x10_assumed,9.3,40.19329858105796,26.795508963732892,2.3059947661902456e-12
surface_x10_assumed,9.35,43.32371951229605,28.88245625122496,2.8609391861708063e-13
surface_x10_assumed,9.4,46.69795061967523,31.131943656144408,3.0169537967948317e-14
surface_x10_assumed,9.450000000000001,50.334980851741136,33.55663047752168,2.6701800841610014e-15
surface_x10_assumed,9.5,54.2552780951731,36.17016197314299,1.9565828636254725e-16
surface_x10_assumed,9.55,58.48090436062527,38.9872461501111,1.1696451717299016e-17
surface_x10_assumed,9.6,63.03563993971781,42.02373653617279,5.6146554883397e-19
surface_x10_assumed,9.65,67.94511723189217,45.29672139762237,2.1275699550375114e-20
surface_x10_assumed,9.700000000000001,73.2369649942549,48.824619905864196,6.247942065485065e-22
surface_x10_assumed,9.75,78.9409638261998,52.62728579382746,1.393991681604796e-23
surface_x10_assumed,9.8,85.0892137638179,56.72611908557285,2.312914087590634e-25
surface_x10_assumed,9.85,91.71631492725362,61.14418652786333,2.788798848762071e-27
surface_x10_assumed,9.9,98.85956223763033,65.90635140144781,2.3836103579296818e-29
surface_x10_assumed,9.950000000000001,106.55915529933465,71.03941344258402,1.405965759878078e-31
surface_x10_assumed,10.0,114.85842462880674,76.57225966223209,5.560196779126668e-34
surface_x10_assumed,10.05,123.80407550296792,82.53602691167286,1.4290879393145984e-36
surface_x10_assumed,10.1,133.44645079957317,88.96427710940971,2.3083696989941226e-39
surface_x10_assumed,10.15,143.83981430866584,95.8931861154715,2.2600519286035404e-42
surface_x10_assumed,10.200000000000001,155.04265610949952,103.36174731602728,1.2899221512763419e-45
surface_x10_assumed,10.25,167.11802173148558,111.41199106401797,4.115163198215572e-49
surface_x10_assumed,10.3,180.1338669515619,120.08922121073553,7.01316234156691e-53
surface_x10_assumed,10.35,194.16344022464918,129.44227005946038,6.0804593323006e-57
surface_x10_assumed,10.4,209.28569489938513,139.52377317595102,2.5444575826200317e-61
surface_x10_assumed,10.450000000000001,225.58573353892405,150.3904656023103,4.855686708462621e-66
surface_x10_assumed,10.5,243.1552868472895,162.1035011412206,3.975062460660901e-71
surface_x10_assumed,10.55,262.09322989649996,174.72879650736087,1.3069165187528733e-76
surface_x10_assumed,10.6,282.50613855959887,188.33740228276017,1.6073314875703745e-82
surface_x10_assumed,10.65,304.50888928100966,203.00590276370067,6.84946476530427e-89
surface_x10_assumed,10.700000000000001,328.2253055594837,218.81684694935004,9.312168428498439e-96
surface_x10_assumed,10.75,353.78885478183224,235.8592130975824,3.6952620823574766e-103
surface_x10_assumed,10.8,381.3433993289619,254.22890946233554,3.8885481432358695e-111
surface_x10_assumed,10.85,411.04400618115636,274.0293140304652,9.785455286800362e-120
surface_x10_assumed,10.9,443.05781957879344,295.3718562955566,5.267841524055914e-129
surface_x10_assumed,10.950000000000001,477.5650016494846,318.376644342684,5.379974226174501e-139
surface_x10_assumed,11.0,514.7597462951715,343.17314077314194,9.157957522821949e-150
surface_x10_assumed,11.05,554.8513720449599,369.90089127300087,2.2598731853673125e-161
surface_x10_assumed,11.1,598.0655000238535,398.7103099255966,6.955246419959136e-174
surface_x10_assumed,11.15,644.6453236666046,429.7635256874306,2.2702426100488934e-187
surface_x10_assumed,11.200000000000001,694.8529773221273,463.2352947911125,6.598840776520419e-202
surface_x10_assumed,11.25,748.971011450518,499.3139842100396,1.4147898011950286e-217
surface_x10_assumed,11.3,807.3039827145461,538.2026317193917,1.8262780461781377e-234
surface_x10_assumed,11.35,870.1801679140484,580.1200885190599,1.140372445284747e-252
surface_x10_assumed,11.4,937.9534114086813,625.3022508488151,2.7207142712674722e-272
surface_x10_assumed,11.450000000000001,1011.0051164255909,674.0033875267549,1.923304346319289e-293
surface_x10_assumed,11.5,1089.7463914584143,726.4975708819704,3.06276625e-316
surface_x10_assumed,11.55,1174.6203638367456,783.0802191341913,0.0
surface_x10_assumed,11.6,1266.1046734859653,844.0697589003378,0.0
surface_x10_assumed,11.65,1364.714160911485,909.8094171840175,0.0
surface_x10_assumed,11.700000000000001,1471.00376453431,980.6691529325675,0.0
surface_x10_assumed,11.75,1585.5716436831583,1057.0477390318,0.0
surface_x10_assumed,11.8,1709.0625448181727,1139.375006455143,0.0
surface_x10_assumed,11.85,1842.1714299300606,1228.1142631964012,0.0
surface_x10_assumed,11.9,1985.647387534093,1323.7649015990896,0.0
surface_x10_assumed,11.950000000000001,2140.2978482684753,1426.8652087553444,0.0
surface_x10_assumed,12.0,2306.9931288210655,1537.9953957904045,0.0
bio_slow_cooling,0.0,6.388293082021825e-06,0.0,1.0
bio_slow_cooling,0.05,6.885852885456772e-06,6.633963072416449e-07,0.9999993366039128
bio_slow_cooling,0.1,7.4221718077365965e-06,1.3784623038463724e-06,0.9999986215386463
bio_slow_cooling,0.15,8.000272437001272e-06,2.1492231286805716e-06,0.9999978507791809
bio_slow_cooling,0.2,8.623414880517016e-06,2.980017899596668e-06,0.9999970199865407
bio_slow_cooling,0.25,9.295116412115556e-06,3.875524431434704e-06,0.9999961244830784
bio_slow_cooling,0.3,1.0019173275727502e-05,4.840786023042319e-06,0.9999951592256936
bio_slow_cooling,0.35000000000000003,1.0799685154011959e-05,5.881240552865771e-06,0.9999941187767416
bio_slow_cooling,0.4,1.1641083036601122e-05,7.0027521840508595e-06,0.9999929972723351
bio_slow_cooling,0.45,1.2548161566854106e-05,8.211646069446548e-06,0.999991788387646
bio_slow_cooling,0.5,1.3526117473708479e-05,9.514746579302558e-06,0.9999904852986857
bio_slow_cooling,0.55,1.4580596505789329e-05,1.0919419772740866e-05,0.9999890806398439
bio_slow_cooling,0.6,1.5717752532183214e-05,1.24336211336892e-05,0.9999875664561635
bio_slow_cooling,0.65,1.6944324395779335e-05,1.4065950047573116e-05,0.9999859341488775
bio_slow_cooling,0.7000000000000001,1.8267739067842177e-05,1.5825713191125584e-05,0.9999841744120348
bio_slow_cooling,0.75,1.96962542235033e-05,1.7723000074618005e-05,0.9999822771569769
bio_slow_cooling,0.8,2.1239160413089033e-05,1.9768775615096262e-05,0.9999802314197859
bio_slow_cooling,0.85,2.290707389691339e-05,2.197499714202409e-05,0.9999780252443065
bio_slow_cooling,0.9,2.4712368032065354e-05,2.435476712381281e-05,0.9999756455294512
bio_slow_cooling,0.9500000000000001,2.6669817078837493e-05,2.6922538897705473e-05,0.9999730778235106
bio_slow_cooling,1.0,2.8797566422003985e-05,2.969440193368629e-05,0.9999703060389407
bio_slow_cooling,1.05,3.1118605187813684e-05,3.268848743796202e-05,0.9999673120468249
bio_slow_cooling,1.1,3.366301299241172e-05,3.59255571414471e-05,0.9999640750881736
bio_slow_cooling,1.1500000000000001,3.647140048355572e-05,3.942987215409219e-05,0.9999605709051931
bio_slow_cooling,1.2,3.960019186549197e-05,4.323049133275445e-05,0.9999567704430915
bio_slow_cooling,1.25,4.3129750650764224e-05,4.73632298062835e-05,0.9999526378918138
bio_slow_cooling,1.3,4.717689532350657e-05,5.187363372699225e-05,0.9999481277116867
bio_slow_cooling,1.35,5.191419426905355e-05,5.682152107467438e-05,0.9999431800932373
bio_slow_cooling,1.4000000000000001,5.7599731202350576e-05,6.228793766431969e-05,0.999937714002189
bio_slow_cooling,1.45,6.462304366242172e-05,6.838583993059218e-05,0.9999316164983276
bio_slow_cooling,1.5,7.357604455856664e-05,7.527653046089528e-05,0.999924726302746
bio_slow_cooling,1.55,8.536253757956909e-05,8.31949759404798e-05,0.9999168084846656
bio_slow_cooling,1.6,0.00010136735435276373,9.24888423056355e-05,0.9999075154346555
bio_slow_cooling,1.6500000000000001,0.00012371760032310695,0.00010367871623526178,0.9998963266582171
bio_slow_cooling,1.7,0.00015568620015644528,0.00011755105202509986,0.9998824558568291
bio_slow_cooling,1.75,0.0002023152852123925,0.00013530167071782373,0.9998647074821404
bio_slow_cooling,1.8,0.00027137922303138116,0.0001587573527847467,0.9998412552484969
bio_slow_cooling,1.85,0.0003748723748681486,0.00019071807403494038,0.9998093001115008
bio_slow_cooling,1.9000000000000001,0.0005313075318620932,0.00023548562177285956,0.9997645421027899
bio_slow_cooling,1.95,0.0007692668124129433,0.0002996801517663904,0.999700364747845
bio_slow_cooling,2.0,0.001132887557938326,0.0003935015925793793,0.9996065758190181
bio_slow_cooling,2.05,0.0016903377211210575,0.0005326783112766004,0.9994674635366275
bio_slow_cooling,2.1,0.002546909900424424,0.0007414775603027278,0.9992587972662533
bio_slow_cooling,2.15,0.003865251002564003,0.0010573563238388047,0.9989432024803899
bio_slow_cooling,2.2,0.0058966161758934035,0.0015381465065113231,0.9984630358345441
bio_slow_cooling,2.25,0.009029154823590041,0.002273155572063432,0.9977294260895206
bio_slow_cooling,2.3000000000000003,0.013862510538539404,0.0034003163910299723,0.9966054581378203
bio_slow_cooling,2.35,0.02132307506180207,0.005132682875023431,0.9948804668343422
bio_slow_cooling,2.4,0.03284205119129625,0.00779936448686606,0.9922309716376031
bio_slow_cooling,2.45,0.05063055318279245,0.011908768259794766,0.9881618604758419
bio_slow_cooling,2.5,0.07810462647511093,0.018246305071784496,0.9819191509042591
bio_slow_cooling,2.5500000000000003,0.12054188721498205,0.028025341896809077,0.9723637249478341
bio_slow_cooling,2.6,0.1860960057966376,0.043120417097555847,0.9577960481024348
bio_slow_cooling,2.65,0.28736404616405975,0.0664275490503338,0.9357307079789242
bio_slow_cooling,2.7,0.443807946820841,0.10242089924310689,0.9026495471914847
bio_slow_cooling,2.75,0.6854956192010394,0.158012795748467,0.8538388563913437
bio_slow_cooling,2.8000000000000003,1.0588808060884716,0.24388243723441316,0.7835797486504545
bio_slow_cooling,2.85,1.635732748968536,0.3765286910547209,0.6862394284713244
bio_slow_cooling,2.9,2.526932193793111,0.5814415899028038,0.5590918042392995
bio_slow_cooling,2.95,3.903785709793026,0.8980021763763861,0.40738272612265375
bio_slow_cooling,3.0,6.030955524179193,1.3870525811701024,0.2498105168314936
bio_slow_cooling,3.0500000000000003,9.317334899764354,2.1425915135311024,0.11735033364459645
bio_slow_cooling,3.1,14.394648713428332,3.309843361208884,0.036521894051051905
bio_slow_cooling,3.15,22.238888445644832,5.113174281566852,0.006016953074665411
bio_slow_cooling,3.2,34.35792475270173,7.899221530216586,0.00037103226546999905
bio_slow_cooling,3.25,53.08136195946162,12.203526679562868,5.01274604845439e-06
bio_slow_cooling,3.3000000000000003,82.00835254237985,18.85348147892885,6.486897401035324e-09
bio_slow_cooling,3.35,126.69945396219822,29.12737540441447,2.2394511298124193e-13
bio_slow_cooling,3.4,195.74552191164926,45.00011824685293,2.8621801167473303e-20
bio_slow_cooling,3.45,302.41911089615553,69.52287243166751,6.406194745109898e-31
bio_slow_cooling,3.5,467.22582712549814,107.4095709276481,2.2522471318124204e-47
bio_slow_cooling,3.5500000000000003,721.8460744806873,165.94306574793424,8.547561525979255e-73
bio_slow_cooling,3.6,1115.2249064193143,256.37509390834265,4.546858281983646e-112
bio_slow_cooling,3.65,1722.9806222025359,396.08917311504473,9.564400963124261e-173
bio_slow_cooling,3.7,2661.9407005009407,611.9421957005213,1.7253657135964493e-266
bio_slow_cooling,3.75,4112.59927984142,945.4270678106008,0.0
bio_slow_cooling,3.8000000000000003,6353.813136293205,1460.648796232986,0.0
bio_slow_cooling,3.85,9816.40568728503,2256.647247899923,0.0
bio_slow_cooling,3.9,15165.98319731289,3486.435358101705,0.0
bio_slow_cooling,3.95,23430.88275643892,5386.412458882414,0.0
bio_slow_cooling,4.0,36199.847180537035,8321.806784849121,0.0
bio_slow_cooling,4.05,55927.42542985292,12856.882465950323,0.0
bio_slow_cooling,4.1,86405.80497386398,19863.4067377951,0.0
bio_slow_cooling,4.15,133493.7753650043,30688.227774700343,0.0
bio_slow_cooling,4.2,206242.950031383,47412.17625124276,0.0
bio_slow_cooling,4.25,318637.7373427263,73250.05869075947,0.0
bio_slow_cooling,4.3,492283.53163088893,113168.63241260074,0.0
bio_slow_cooling,4.3500000000000005,760559.8690119596,174841.35399699138,0.0
bio_slow_cooling,4.4,1175036.8997094352,270123.43039381655,0.0
bio_slow_cooling,4.45,1815388.6007623891,417330.7183957749,0.0
bio_slow_cooling,4.5,2804708.3234550217,644760.5401394365,0.0
bio_slow_cooling,4.55,4333170.748322983,996131.2129917669,0.0
bio_slow_cooling,4.6000000000000005,6694588.731540738,1538985.9222828676,0.0
bio_slow_cooling,4.65,10342892.282141551,2377676.3942301273,0.0
bio_slow_cooling,4.7,15979386.49543021,3673422.1909756428,0.0
bio_slow_cooling,4.75,24687561.836705565,5675301.580407511,0.0
bio_slow_cooling,4.8,38141371.04957906,8768131.285198594,0.0
bio_slow_cooling,4.8500000000000005,58927009.2853594,13546438.926343236,0.0
bio_slow_cooling,4.9,91040052.51605476,20928747.715801477,0.0
bio_slow_cooling,4.95,140653518.01765084,32334142.08483886,0.0
bio_slow_cooling,5.0,217304489.4438117,49955055.057291016,0.0
bio_slow_cooling,5.05,335727408.72957486,77178714.66420622,0.0
bio_slow_cooling,5.1000000000000005,518686444.35883826,119238263.08579649,0.0
bio_slow_cooling,5.15,801351395.7069548,184218711.67272374,0.0
bio_slow_cooling,5.2,1238058303.5995836,284611104.292962,0.0
bio_slow_cooling,5.25,1912754343.8820326,439713642.2902672,0.0
bio_slow_cooling,5.3,2955134802.1385927,679341333.8449436,0.0
bio_slow_cooling,5.3500000000000005,4565574103.517163,1049557265.1978961,0.0
bio_slow_cooling,5.4,7053643332.8297615,1621527202.9725854,0.0
bio_slow_cooling,5.45,10897618380.23054,2505199627.664228,0.0
bio_slow_cooling,5.5,16836417827.994686,3870440880.025752,0.0
bio_slow_cooling,5.55,26011643589.30997,5979688181.479643,0.0
bio_slow_cooling,5.6000000000000005,40187028448.080376,9238397344.417633,0.0
bio_slow_cooling,5.65,62087474401.29714,14272982621.021631,0.0
bio_slow_cooling,5.7,95922854373.57652,22051230890.513775,0.0
bio_slow_cooling,5.75,148197266516.32895,34068337130.229816,0.0
bio_slow_cooling,5.8,228959302205.2774,52634322346.0831,0.0
bio_slow_cooling,5.8500000000000005,353733663910.41345,81318083657.61192,0.0
bio_slow_cooling,5.9,546505443449.077,125633435275.69907,0.0
bio_slow_cooling,5.95,844330721644.6217,194099016470.08102,0.0
bio_slow_cooling,6.0,1304459774478.6418,299875810225.0323,0.0
bio_slow_cooling,6.05,2015342163457.469,463297049070.74414,0.0
bio_slow_cooling,6.1000000000000005,3113629193688.851,715776826135.4346,0.0
bio_slow_cooling,6.15,4810442083521.682,1105848754832.6423,0.0
bio_slow_cooling,6.2,7431955316265.869,1708495475003.7253,0.0
bio_slow_cooling,6.25,11482096419407.73,2639562395266.2285,0.0
bio_slow_cooling,6.3,17739414807302.32,4078026392483.3823,0.0
bio_slow_cooling,6.3500000000000005,27406740564696.58,6300400129815.402,0.0
bio_slow_cooling,6.4,42342401738719.26,9733885457176.947,0.0
bio_slow_cooling,6.45,65417446513598.05,15038493451401.963,0.0
bio_slow_cooling,6.5,101067538274433.48,23233916844697.473,0.0
bio_slow_cooling,6.55,156145613093149.97,35895543239804.73,0.0
bio_slow_cooling,6.6000000000000005,241239204046227.34,55457288286489.195,0.0
bio_slow_cooling,6.65,372705658622243.6,85679461752240.08,0.0
bio_slow_cooling,6.7,575816474433494.0,132371603318044.78,0.0
bio_slow_cooling,6.75,889615181735347.9,204509237180539.97,0.0
bio_slow_cooling,6.8,1374422592463387.2,315959216658250.2,0.0
bio_slow_cooling,6.8500000000000005,2123432132744083.0,488145317872203.25,0.0
bio_slow_cooling,6.9,3280624203279847.5,754166483512608.9,0.0
bio_slow_cooling,6.95,5068443204369042.0,1165159357326217.0,0.0
bio_slow_cooling,7.0,7830557517143080.0,1800128164860478.5,0.0
bio_slow_cooling,7.05,1.2097922094979712e+16,2781131516087291.0,0.0
bio_slow_cooling,7.1000000000000005,1.8690842726815016e+16,4296745454440234.5,0.0
bio_slow_cooling,7.15,2.887666155359836e+16,6638313000827210.0,0.0
bio_slow_cooling,7.2,4.461337536614994e+16,1.025594836003447e+16,0.0
bio_slow_cooling,7.25,6.892601687583095e+16,1.5845061350765738e+16,0.0
bio_slow_cooling,7.3,1.064881498738156e+17,2.4480034453750716e+16,0.0
bio_slow_cooling,7.3500000000000005,1.645202577711191e+17,3.782074891290095e+16,0.0
bio_slow_cooling,7.4,2.5417772070553142e+17,5.843165993230609e+16,0.0
bio_slow_cooling,7.45,3.926951888984949e+17,9.027475606861954e+16,0.0
bio_slow_cooling,7.5,6.066995602760937e+17,1.3947116328186064e+17,0.0
bio_slow_cooling,7.55,9.373284085085812e+17,2.1547779505944397e+17,0.0
bio_slow_cooling,7.6000000000000005,1.448137765251421e+18,3.3290523339113126e+17,0.0
bio_slow_cooling,7.65,2.2373193515857795e+18,5.143262877208689e+17,0.0
bio_slow_cooling,7.7,3.4565757492769987e+18,7.946151147763217e+17,0.0
bio_slow_cooling,7.75,5.340281843099981e+18,1.227650998413789e+18,0.0
bio_slow_cooling,7.8,8.250538171978056e+18,1.8966754418340362e+18,0.0
bio_slow_cooling,7.8500000000000005,1.2746776692174029e+19,2.9302934924538004e+18,0.0
bio_slow_cooling,7.9,1.9693299110110855e+19,4.5271951977266345e+18,0.0
bio_slow_cooling,7.95,3.0425419634000392e+19,6.994349341149516e+18,0.0
bio_slow_cooling,8.0,4.7006149387623465e+19,1.0806011353476661e+19,0.0
bio_slow_cooling,8.05,7.262276434742649e+19,1.669488835573023e+19,0.0
bio_slow_cooling,8.1,1.121994881557009e+20,2.579298578291975e+19,0.0
bio_slow_cooling,8.15,1.7334406443380775e+20,3.984921021466845e+19,0.0
bio_slow_cooling,8.2,2.6781017603871028e+20,6.156555771004835e+19,0.0
bio_slow_cooling,8.25,4.137568287910662e+20,9.511651236576235e+19,0.0
bio_slow_cooling,8.3,6.392390158710523e+20,1.4695149790139133e+20,0.0
bio_slow_cooling,8.35,9.876006653611792e+20,2.2703463571521362e+20,0.0
bio_slow_cooling,8.4,1.5258065449787882e+21,3.507601252824801e+20,0.0
bio_slow_cooling,8.45,2.35731474709839e+21,5.419114361145725e+20,0.0
bio_slow_cooling,8.5,3.6419642025882377e+21,8.372331500202846e+20,0.0
bio_slow_cooling,8.55,5.626700155022047e+21,1.2934942885108158e+21,0.0
bio_slow_cooling,8.6,8.69304388330473e+21,1.9984008927137314e+21,0.0
bio_slow_cooling,8.65,1.343043166954882e+22,3.08745555621812e+21,0.0
bio_slow_cooling,8.700000000000001,2.0749520795223126e+22,4.770004780511064e+21,0.0
bio_slow_cooling,8.75,3.2057243119562172e+22,7.369481176910845e+21,0.0
bio_slow_cooling,8.8,4.9527256391545635e+22,1.1385576181964514e+22,0.0
bio_slow_cooling,8.85,7.651778153614919e+22,1.7590294606011311e+22,0.0
bio_slow_cooling,8.9,1.1821714582625958e+23,2.717635536235853e+22,0.0
bio_slow_cooling,8.950000000000001,1.8264112323623614e+23,4.198646511177843e+22,0.0
bio_slow_cooling,9.0,2.821737884453604e+23,6.486753757364607e+22,0.0
bio_slow_cooling,9.05,4.3594807935243587e+23,1.0021794927642206e+23,0.0
bio_slow_cooling,9.1,6.735236782202922e+23,1.5483302947592927e+23,0.0
bio_slow_cooling,9.15,1.0405692021793818e+24,2.392113108458349e+23,0.0
bio_slow_cooling,9.200000000000001,1.6076409776496267e+24,3.695726385401441e+23,0.0
bio_slow_cooling,9.25,2.4837459225250576e+24,5.709760741436915e+23,0.0
bio_slow_cooling,9.3,3.8372956981222625e+24,8.82136942097072e+23,0.0
bio_slow_cooling,9.35,5.928480099871712e+24,1.3628689884762558e+24,0.0
bio_slow_cooling,9.4,9.159282750030022e+24,2.105582241386212e+24,0.0
bio_slow_cooling,9.450000000000001,1.415075349528664e+25,3.253046780525665e+24,0.0
bio_slow_cooling,9.5,2.186239140654429e+25,5.02583710495271e+24,0.0
bio_slow_cooling,9.55,3.3776587103446193e+25,7.764732667458896e+24,0.0
bio_slow_cooling,9.6,5.21835793322763e+25,1.1996225133856624e+25,0.0
bio_slow_cooling,9.65,8.062170235222362e+25,1.85337246786721e+25,0.0
bio_slow_cooling,9.700000000000001,1.245575518839569e+26,2.863391997332343e+25,0.0
bio_slow_cooling,9.75,1.9243681637412578e+26,4.423834859175306e+25,0.0
bio_slow_cooling,9.8,2.9730777248022913e+26,6.834661436327108e+25,0.0
bio_slow_cooling,9.85,4.5932952562105794e+26,1.055929943956455e+26,0.0
bio_slow_cooling,9.9,7.096471489701834e+26,1.6313727562532955e+26,0.0
bio_slow_cooling,9.950000000000001,1.0963786300490733e+27,2.5204106437909733e+26,0.0
bio_slow_cooling,10.0,1.6938644820494735e+27,3.893941338044768e+26,0.0
bio_slow_cooling,10.05,2.616958051636204e+27,6.0159955210027685e+26,0.0
bio_slow_cooling,10.1,4.0431035166031557e+27,9.294490842765877e+26,0.0
bio_slow_cooling,10.15,6.246445576668183e+27,1.4359645003834907e+27,0.0
bio_slow_cooling,10.200000000000001,9.650527665702424e+27,2.2185121070580287e+27,0.0
bio_slow_cooling,10.25,1.4909708742897957e+28,3.4275192512409103e+27,0.0
bio_slow_cooling,10.3,2.3034949227501196e+28,5.29539062701177e+27,0.0
bio_slow_cooling,10.35,3.5588145621308843e+28,8.18118290145031e+27,0.0
bio_slow_cooling,10.4,5.4982370321503115e+28,1.2639625361265086e+28,0.0
bio_slow_cooling,10.450000000000001,8.494573104030493e+28,1.9527754262139066e+28,0.0
bio_slow_cooling,10.5,1.3123801647288746e+29,3.0169658959284477e+28,0.0
bio_slow_cooling,10.55,2.027578873806588e+29,4.66110085932549e+28,0.0
bio_slow_cooling,10.6,3.1325344591412985e+29,7.201228641704136e+28,0.0
bio_slow_cooling,10.65,4.839650020265429e+29,1.1125632230495239e+29,0.0
bio_slow_cooling,10.700000000000001,7.477080499563306e+29,1.718869080359381e+29,0.0
bio_slow_cooling,10.75,1.1551813160630588e+30,2.6555892323288713e+29,0.0
bio_slow_cooling,10.8,1.7847124597082203e+30,4.1027872636970585e+29,0.0
bio_slow_cooling,10.85,2.7573148210993464e+30,6.338654761147924e+29,0.0
bio_slow_cooling,10.9,4.259949540497578e+30,9.792987449419722e+29,0.0
bio_slow_cooling,10.950000000000001,6.581464673065502e+30,1.5129803846127593e+30,0.0
bio_slow_cooling,11.0,1.0168119793679327e+31,2.3374988031446732e+30,0.0
bio_slow_cooling,11.05,1.5709369460226502e+31,3.611349301201495e+30,0.0
bio_slow_cooling,11.1,2.427039549546798e+31,5.579401263325973e+30,0.0
bio_slow_cooling,11.15,3.749686446663761e+31,8.619968842905199e+30,0.0
bio_slow_cooling,11.200000000000001,5.793127042746033e+31,1.3317533431600077e+31,0.0
bio_slow_cooling,11.25,8.950167276854525e+31,2.0575097188171323e+31,0.0
bio_slow_cooling,11.3,1.3827677814175368e+32,3.178776509005832e+31,0.0
bio_slow_cooling,11.35,2.136325141398198e+32,4.911092279076318e+31,0.0
bio_slow_cooling,11.4,3.300543425369218e+32,7.587456150274065e+31,0.0
bio_slow_cooling,11.450000000000001,5.099217666660167e+32,1.1722339463586593e+32,0.0
bio_slow_cooling,11.5,7.878102924541905e+32,1.8110581435728517e+32,0.0
bio_slow_cooling,11.55,1.2171377993033947e+33,2.7980179294330916e+32,0.0
bio_slow_cooling,11.6,1.8804329375770503e+33,4.3228343392575874e+32,0.0
bio_slow_cooling,11.65,2.9051994233918974e+33,6.678619364119306e+32,0.0
bio_slow_cooling,11.700000000000001,4.488425788027221e+33,1.0318220202361428e+33,0.0
bio_slow_cooling,11.75,6.934452035346621e+33,1.5941269046773844e+33,0.0
bio_slow_cooling,11.8,1.0713472228680475e+34,2.4628671790070062e+33,0.0
bio_slow_cooling,11.85,1.6551918826412204e+34,3.8050388106694723e+33,0.0
bio_slow_cooling,11.9,2.55721031415681e+34,5.878644400360483e+33,0.0
bio_slow_cooling,11.950000000000001,3.950795469341683e+34,9.082288435268238e+33,0.0
bio_slow_cooling,12.0,6.103833053605143e+34,1.4031800123230215e+34,0.0
bio_fast_cooling,0.0,6.388293082021825e-06,0.0,1.0
bio_fast_cooling,0.05,6.885852885456772e-06,1.6584907681041122e-07,0.999999834150937
bio_fast_cooling,0.1,7.4221718077365965e-06,3.446155759615931e-07,0.9999996553844834
bio_fast_cooling,0.15,8.000272437001272e-06,5.373057821701429e-07,0.9999994626943621
bio_fast_cooling,0.2,8.623414880517016e-06,7.45004474899167e-07,0.9999992549958027
bio_fast_cooling,0.25,9.295116412115556e-06,9.68881107858676e-07,0.9999990311193615
bio_fast_cooling,0.3,1.0019173275727502e-05,1.2101965057605797e-06,0.9999987898042265
bio_fast_cooling,0.35000000000000003,1.0799685154011959e-05,1.4703101382164428e-06,0.9999985296909427
bio_fast_cooling,0.4,1.1641083036601122e-05,1.7506880460127149e-06,0.9999982493134865
bio_fast_cooling,0.45,1.2548161566854106e-05,2.052911517361637e-06,0.9999979470905899
bio_fast_cooling,0.5,1.3526117473708479e-05,2.3786866448256395e-06,0.9999976213161842
bio_fast_cooling,0.55,1.4580596505789329e-05,2.7298549431852165e-06,0.9999972701487828
bio_fast_cooling,0.6,1.5717752532183214e-05,3.1084052834223e-06,0.9999968915995476
bio_fast_cooling,0.65,1.6944324395779335e-05,3.516487511893279e-06,0.999996483518671
bio_fast_cooling,0.7000000000000001,1.8267739067842177e-05,3.956428297781396e-06,0.9999960435795289
bio_fast_cooling,0.75,1.96962542235033e-05,4.430750018654501e-06,0.9999955692597972
bio_fast_cooling,0.8,2.1239160413089033e-05,4.942193903774066e-06,0.9999950578183089
bio_fast_cooling,0.85,2.290707389691339e-05,5.493749285506022e-06,0.9999945062658051
bio_fast_cooling,0.9,2.4712368032065354e-05,6.088691780953203e-06,0.9999939113267551
bio_fast_cooling,0.9500000000000001,2.6669817078837493e-05,6.730634724426368e-06,0.9999932693879262
bio_fast_cooling,1.0,2.8797566422003985e-05,7.423600483421572e-06,0.9999925764270714
bio_fast_cooling,1.05,3.1118605187813684e-05,8.172121859490505e-06,0.9999918279115322
bio_fast_cooling,1.1,3.366301299241172e-05,8.981389285361775e-06,0.9999910186510472
bio_fast_cooling,1.1500000000000001,3.647140048355572e-05,9.857468038523047e-06,0.9999901425805462
bio_fast_cooling,1.2,3.960019186549197e-05,1.0807622833188612e-05,0.9999891924355689
bio_fast_cooling,1.25,4.3129750650764224e-05,1.1840807451570875e-05,0.9999881592626505
bio_fast_cooling,1.3,4.717689532350657e-05,1.2968408431748063e-05,0.9999870316756577
bio_fast_cooling,1.35,5.191419426905355e-05,1.4205380268668595e-05,0.9999857947206273
bio_fast_cooling,1.4000000000000001,5.7599731202350576e-05,1.5571984416079923e-05,0.9999844281368266
bio_fast_cooling,1.45,6.462304366242172e-05,1.7096459982648044e-05,0.9999829036861609
bio_fast_cooling,1.5,7.357604455856664e-05,1.881913261522382e-05,0.9999811810444635
bio_fast_cooling,1.55,8.536253757956909e-05,2.079874398511995e-05,0.9999792014723072
bio_fast_cooling,1.6,0.00010136735435276373,2.3122210576408876e-05,0.9999768780567398
bio_fast_cooling,1.6500000000000001,0.00012371760032310695,2.5919679058815445e-05,0.9999740806568531
bio_fast_cooling,1.7,0.00015568620015644528,2.9387763006274965e-05,0.9999706126688098
bio_fast_cooling,1.75,0.0002023152852123925,3.382541767945593e-05,0.9999661751543936
bio_fast_cooling,1.8,0.00027137922303138116,3.968933819618668e-05,0.9999603114494152
bio_fast_cooling,1.85,0.0003748723748681486,4.7679518508735095e-05,0.9999523216181414
bio_fast_cooling,1.9000000000000001,0.0005313075318620932,5.887140544321489e-05,0.9999411303274439
bio_fast_cooling,1.95,0.0007692668124129433,7.49200379415976e-05,0.9999250827684943
bio_fast_cooling,2.0,0.001132887557938326,9.837539814484483e-05,0.9999016294405559
bio_fast_cooling,2.05,0.0016903377211210575,0.0001331695778191501,0.9998668392888554
bio_fast_cooling,2.1,0.002546909900424424,0.00018536939007568194,0.9998146477897681
bio_fast_cooling,2.15,0.003865251002564003,0.0002643390809597012,0.9997356958535369
bio_fast_cooling,2.2,0.0058966161758934035,0.0003845366266278308,0.9996155372981049
bio_fast_cooling,2.25,0.009029154823590041,0.000568288893015858,0.9994318725525331
bio_fast_cooling,2.3000000000000003,0.013862510538539404,0.0008500790977574931,0.9991502821171178
bio_fast_cooling,2.35,0.02132307506180207,0.0012831707187558577,0.9987176521927745
bio_fast_cooling,2.4,0.03284205119129625,0.001949841121716515,0.998052058583575
bio_fast_cooling,2.45,0.05063055318279245,0.0029771920649486914,0.9970272353764761
bio_fast_cooling,2.5,0.07810462647511093,0.004561576267946124,0.9954488119195722
bio_fast_cooling,2.5500000000000003,0.12054188721498205,0.007006335474202269,0.9930181516724238
bio_fast_cooling,2.6,0.1860960057966376,0.010780104274388962,0.9892777928173706
bio_fast_cooling,2.65,0.28736404616405975,0.01660688726258345,0.9835302469163504
bio_fast_cooling,2.7,0.443807946820841,0.025605224810776723,0.974719808861928
bio_fast_cooling,2.75,0.6854956192010394,0.03950319893711675,0.9612668789533816
bio_fast_cooling,2.8000000000000003,1.0588808060884716,0.06097060930860329,0.9408508916278604
bio_fast_cooling,2.85,1.635732748968536,0.09413217276368023,0.9101624556031567
bio_fast_cooling,2.9,2.526932193793111,0.14536039747570095,0.8647105974304211
bio_fast_cooling,2.95,3.903785709793026,0.22450054409409653,0.7989151420147913
bio_fast_cooling,3.0,6.030955524179193,0.3467631452925256,0.706972758254524
bio_fast_cooling,3.0500000000000003,9.317334899764354,0.5356478783827756,0.5852899705620006
bio_fast_cooling,3.1,14.394648713428332,0.827460840302221,0.4371578919633628
bio_fast_cooling,3.15,22.238888445644832,1.278293570391713,0.2785121565739398
bio_fast_cooling,3.2,34.35792475270173,1.9748053825541465,0.13878832024315602
bio_fast_cooling,3.25,53.08136195946162,3.050881669890717,0.04731718785507573
bio_fast_cooling,3.3000000000000003,82.00835254237985,4.713370369732212,0.00897447923961709
bio_fast_cooling,3.35,126.69945396219822,7.281843851103617,0.0006879159789528863
bio_fast_cooling,3.4,195.74552191164926,11.250029561713232,1.3006913141747897e-05
bio_fast_cooling,3.45,302.41911089615553,17.380718107916877,2.8291113055623017e-08
bio_fast_cooling,3.5,467.22582712549814,26.852392731912026,2.178482174368502e-12
bio_fast_cooling,3.5500000000000003,721.8460744806873,41.48576643698356,9.615249520781184e-19
bio_fast_cooling,3.6,1115.2249064193143,64.09377347708566,1.4602521506714155e-28
bio_fast_cooling,3.65,1722.9806222025359,99.02229327876118,9.889274766606397e-44
bio_fast_cooling,3.7,2661.9407005009407,152.98554892513033,3.624267886159536e-67
bio_fast_cooling,3.75,4112.59927984142,236.3567669526502,2.2467789791731846e-103
bio_fast_cooling,3.8000000000000003,6353.813136293205,365.1621990582465,2.582688027810611e-159
bio_fast_cooling,3.85,9816.40568728503,564.1618119749808,9.719370971912862e-246
bio_fast_cooling,3.9,15165.98319731289,871.6088395254262,0.0
bio_fast_cooling,3.95,23430.88275643892,1346.6031147206036,0.0
bio_fast_cooling,4.0,36199.847180537035,2080.4516962122802,0.0
bio_fast_cooling,4.05,55927.42542985292,3214.2206164875806,0.0
bio_fast_cooling,4.1,86405.80497386398,4965.851684448775,0.0
bio_fast_cooling,4.15,133493.7753650043,7672.056943675086,0.0
bio_fast_cooling,4.2,206242.950031383,11853.04406281069,0.0
bio_fast_cooling,4.25,318637.7373427263,18312.514672689867,0.0
bio_fast_cooling,4.3,492283.53163088893,28292.158103150185,0.0
bio_fast_cooling,4.3500000000000005,760559.8690119596,43710.338499247846,0.0
bio_fast_cooling,4.4,1175036.8997094352,67530.85759845414,0.0
bio_fast_cooling,4.45,1815388.6007623891,104332.67959894372,0.0
bio_fast_cooling,4.5,2804708.3234550217,161190.13503485912,0.0
bio_fast_cooling,4.55,4333170.748322983,249032.80324794172,0.0
bio_fast_cooling,4.6000000000000005,6694588.731540738,384746.4805707169,0.0
bio_fast_cooling,4.65,10342892.282141551,594419.0985575318,0.0
bio_fast_cooling,4.7,15979386.49543021,918355.5477439107,0.0
bio_fast_cooling,4.75,24687561.836705565,1418825.3951018779,0.0
bio_fast_cooling,4.8,38141371.04957906,2192032.8212996484,0.0
bio_fast_cooling,4.8500000000000005,58927009.2853594,3386609.731585809,0.0
bio_fast_cooling,4.9,91040052.51605476,5232186.928950369,0.0
bio_fast_cooling,4.95,140653518.01765084,8083535.521209715,0.0
bio_fast_cooling,5.0,217304489.4438117,12488763.764322754,0.0
bio_fast_cooling,5.05,335727408.72957486,19294678.666051555,0.0
bio_fast_cooling,5.1000000000000005,518686444.35883826,29809565.771449123,0.0
bio_fast_cooling,5.15,801351395.7069548,46054677.918180935,0.0
bio_fast_cooling,5.2,1238058303.5995836,71152776.0732405,0.0
bio_fast_cooling,5.25,1912754343.8820326,109928410.5725668,0.0
bio_fast_cooling,5.3,2955134802.1385927,169835333.4612359,0.0
bio_fast_cooling,5.3500000000000005,4565574103.517163,262389316.29947403,0.0
bio_fast_cooling,5.4,7053643332.8297615,405381800.74314636,0.0
bio_fast_cooling,5.45,10897618380.23054,626299906.916057,0.0
bio_fast_cooling,5.5,16836417827.994686,967610220.006438,0.0
bio_fast_cooling,5.55,26011643589.30997,1494922045.3699107,0.0
bio_fast_cooling,5.6000000000000005,40187028448.080376,2309599336.1044083,0.0
bio_fast_cooling,5.65,62087474401.29714,3568245655.255408,0.0
bio_fast_cooling,5.7,95922854373.57652,5512807722.628444,0.0
bio_fast_cooling,5.75,148197266516.32895,8517084282.557454,0.0
bio_fast_cooling,5.8,228959302205.2774,13158580586.520775,0.0
bio_fast_cooling,5.8500000000000005,353733663910.41345,20329520914.40298,0.0
bio_fast_cooling,5.9,546505443449.077,31408358818.924767,0.0
bio_fast_cooling,5.95,844330721644.6217,48524754117.520256,0.0
bio_fast_cooling,6.0,1304459774478.6418,74968952556.25807,0.0
bio_fast_cooling,6.05,2015342163457.469,115824262267.68604,0.0
bio_fast_cooling,6.1000000000000005,3113629193688.851,178944206533.85864,0.0
bio_fast_cooling,6.15,4810442083521.682,276462188708.1606,0.0
bio_fast_cooling,6.2,7431955316265.869,427123868750.93134,0.0
bio_fast_cooling,6.25,11482096419407.73,659890598816.5571,0.0
bio_fast_cooling,6.3,17739414807302.32,1019506598120.8456,0.0
bio_fast_cooling,6.3500000000000005,27406740564696.58,1575100032453.8506,0.0
bio_fast_cooling,6.4,42342401738719.26,2433471364294.237,0.0
bio_fast_cooling,6.45,65417446513598.05,3759623362850.4907,0.0
bio_fast_cooling,6.5,101067538274433.48,5808479211174.368,0.0
bio_fast_cooling,6.55,156145613093149.97,8973885809951.182,0.0
bio_fast_cooling,6.6000000000000005,241239204046227.34,13864322071622.299,0.0
bio_fast_cooling,6.65,372705658622243.6,21419865438060.02,0.0
bio_fast_cooling,6.7,575816474433494.0,33092900829511.195,0.0
bio_fast_cooling,6.75,889615181735347.9,51127309295134.99,0.0
bio_fast_cooling,6.8,1374422592463387.2,78989804164562.55,0.0
bio_fast_cooling,6.8500000000000005,2123432132744083.0,122036329468050.81,0.0
bio_fast_cooling,6.9,3280624203279847.5,188541620878152.22,0.0
bio_fast_cooling,6.95,5068443204369042.0,291289839331554.25,0.0
bio_fast_cooling,7.0,7830557517143080.0,450032041215119.6,0.0
bio_fast_cooling,7.05,1.2097922094979712e+16,695282879021822.8,0.0
bio_fast_cooling,7.1000000000000005,1.8690842726815016e+16,1074186363610058.6,0.0
bio_fast_cooling,7.15,2.887666155359836e+16,1659578250206802.5,0.0
bio_fast_cooling,7.2,4.461337536614994e+16,2563987090008617.5,0.0
bio_fast_cooling,7.25,6.892601687583095e+16,3961265337691434.5,0.0
bio_fast_cooling,7.3,1.064881498738156e+17,6120008613437679.0,0.0
bio_fast_cooling,7.3500000000000005,1.645202577711191e+17,9455187228225238.0,0.0
bio_fast_cooling,7.4,2.5417772070553142e+17,1.4607914983076522e+16,0.0
bio_fast_cooling,7.45,3.926951888984949e+17,2.2568689017154884e+16,0.0
bio_fast_cooling,7.5,6.066995602760937e+17,3.486779082046516e+16,0.0
bio_fast_cooling,7.55,9.373284085085812e+17,5.386944876486099e+16,0.0
bio_fast_cooling,7.6000000000000005,1.448137765251421e+18,8.322630834778282e+16,0.0
bio_fast_cooling,7.65,2.2373193515857795e+18,1.2858157193021723e+17,0.0
bio_fast_cooling,7.7,3.4565757492769987e+18,1.9865377869408042e+17,0.0
bio_fast_cooling,7.75,5.340281843099981e+18,3.0691274960344723e+17,0.0
bio_fast_cooling,7.8,8.250538171978056e+18,4.7416886045850906e+17,0.0
bio_fast_cooling,7.8500000000000005,1.2746776692174029e+19,7.325733731134501e+17,0.0
bio_fast_cooling,7.9,1.9693299110110855e+19,1.1317987994316586e+18,0.0
bio_fast_cooling,7.95,3.0425419634000392e+19,1.748587335287379e+18,0.0
bio_fast_cooling,8.0,4.7006149387623465e+19,2.7015028383691653e+18,0.0
bio_fast_cooling,8.05,7.262276434742649e+19,4.1737220889325573e+18,0.0
bio_fast_cooling,8.1,1.121994881557009e+20,6.448246445729937e+18,0.0
bio_fast_cooling,8.15,1.7334406443380775e+20,9.962302553667113e+18,0.0
bio_fast_cooling,8.2,2.6781017603871028e+20,1.5391389427512087e+19,0.0
bio_fast_cooling,8.25,4.137568287910662e+20,2.3779128091440587e+19,0.0
bio_fast_cooling,8.3,6.392390158710523e+20,3.6737874475347833e+19,0.0
bio_fast_cooling,8.35,9.876006653611792e+20,5.6758658928803406e+19,0.0
bio_fast_cooling,8.4,1.5258065449787882e+21,8.769003132062002e+19,0.0
bio_fast_cooling,8.45,2.35731474709839e+21,1.3547785902864312e+20,0.0
bio_fast_cooling,8.5,3.6419642025882377e+21,2.0930828750507114e+20,0.0
bio_fast_cooling,8.55,5.626700155022047e+21,3.2337357212770396e+20,0.0
bio_fast_cooling,8.6,8.69304388330473e+21,4.9960022317843284e+20,0.0
bio_fast_cooling,8.65,1.343043166954882e+22,7.7186388905453e+20,0.0
bio_fast_cooling,8.700000000000001,2.0749520795223126e+22,1.192501195127766e+21,0.0
bio_fast_cooling,8.75,3.2057243119562172e+22,1.8423702942277113e+21,0.0
bio_fast_cooling,8.8,4.9527256391545635e+22,2.8463940454911286e+21,0.0
bio_fast_cooling,8.85,7.651778153614919e+22,4.397573651502828e+21,0.0
bio_fast_cooling,8.9,1.1821714582625958e+23,6.794088840589632e+21,0.0
bio_fast_cooling,8.950000000000001,1.8264112323623614e+23,1.0496616277944608e+22,0.0
bio_fast_cooling,9.0,2.821737884453604e+23,1.6216884393411518e+22,0.0
bio_fast_cooling,9.05,4.3594807935243587e+23,2.5054487319105516e+22,0.0
bio_fast_cooling,9.1,6.735236782202922e+23,3.870825736898232e+22,0.0
bio_fast_cooling,9.15,1.0405692021793818e+24,5.9802827711458725e+22,0.0
bio_fast_cooling,9.200000000000001,1.6076409776496267e+24,9.239315963503603e+22,0.0
bio_fast_cooling,9.25,2.4837459225250576e+24,1.4274401853592288e+23,0.0
bio_fast_cooling,9.3,3.8372956981222625e+24,2.20534235524268e+23,0.0
bio_fast_cooling,9.35,5.928480099871712e+24,3.4071724711906396e+23,0.0
bio_fast_cooling,9.4,9.159282750030022e+24,5.26395560346553e+23,0.0
bio_fast_cooling,9.450000000000001,1.415075349528664e+25,8.132616951314163e+23,0.0
bio_fast_cooling,9.5,2.186239140654429e+25,1.2564592762381776e+24,0.0
bio_fast_cooling,9.55,3.3776587103446193e+25,1.941183166864724e+24,0.0
bio_fast_cooling,9.6,5.21835793322763e+25,2.999056283464156e+24,0.0
bio_fast_cooling,9.65,8.062170235222362e+25,4.633431169668025e+24,0.0
bio_fast_cooling,9.700000000000001,1.245575518839569e+26,7.158479993330858e+24,0.0
bio_fast_cooling,9.75,1.9243681637412578e+26,1.1059587147938265e+25,0.0
bio_fast_cooling,9.8,2.9730777248022913e+26,1.708665359081777e+25,0.0
bio_fast_cooling,9.85,4.5932952562105794e+26,2.6398248598911377e+25,0.0
bio_fast_cooling,9.9,7.096471489701834e+26,4.078431890633239e+25,0.0
bio_fast_cooling,9.950000000000001,1.0963786300490733e+27,6.301026609477433e+25,0.0
bio_fast_cooling,10.0,1.6938644820494735e+27,9.73485334511192e+25,0.0
bio_fast_cooling,10.05,2.616958051636204e+27,1.5039988802506921e+26,0.0
bio_fast_cooling,10.1,4.0431035166031557e+27,2.3236227106914693e+26,0.0
bio_fast_cooling,10.15,6.246445576668183e+27,3.589911250958727e+26,0.0
bio_fast_cooling,10.200000000000001,9.650527665702424e+27,5.546280267645072e+26,0.0
bio_fast_cooling,10.25,1.4909708742897957e+28,8.568798128102276e+26,0.0
bio_fast_cooling,10.3,2.3034949227501196e+28,1.3238476567529424e+27,0.0
bio_fast_cooling,10.35,3.5588145621308843e+28,2.0452957253625774e+27,0.0
bio_fast_cooling,10.4,5.4982370321503115e+28,3.1599063403162716e+27,0.0
bio_fast_cooling,10.450000000000001,8.494573104030493e+28,4.8819385655347665e+27,0.0
bio_fast_cooling,10.5,1.3123801647288746e+29,7.542414739821119e+27,0.0
bio_fast_cooling,10.55,2.027578873806588e+29,1.1652752148313725e+28,0.0
bio_fast_cooling,10.6,3.1325344591412985e+29,1.800307160426034e+28,0.0
bio_fast_cooling,10.65,4.839650020265429e+29,2.7814080576238097e+28,0.0
bio_fast_cooling,10.700000000000001,7.477080499563306e+29,4.297172700898452e+28,0.0
bio_fast_cooling,10.75,1.1551813160630588e+30,6.638973080822178e+28,0.0
bio_fast_cooling,10.8,1.7847124597082203e+30,1.0256968159242646e+29,0.0
bio_fast_cooling,10.85,2.7573148210993464e+30,1.584663690286981e+29,0.0
bio_fast_cooling,10.9,4.259949540497578e+30,2.4482468623549305e+29,0.0
bio_fast_cooling,10.950000000000001,6.581464673065502e+30,3.782450961531898e+29,0.0
bio_fast_cooling,11.0,1.0168119793679327e+31,5.843747007861683e+29,0.0
bio_fast_cooling,11.05,1.5709369460226502e+31,9.028373253003738e+29,0.0
bio_fast_cooling,11.1,2.427039549546798e+31,1.3948503158314933e+30,0.0
bio_fast_cooling,11.15,3.749686446663761e+31,2.1549922107262998e+30,0.0
bio_fast_cooling,11.200000000000001,5.793127042746033e+31,3.329383357900019e+30,0.0
bio_fast_cooling,11.25,8.950167276854525e+31,5.143774297042831e+30,0.0
bio_fast_cooling,11.3,1.3827677814175368e+32,7.94694127251458e+30,0.0
bio_fast_cooling,11.35,2.136325141398198e+32,1.2277730697690795e+31,0.0
bio_fast_cooling,11.4,3.300543425369218e+32,1.8968640375685163e+31,0.0
bio_fast_cooling,11.450000000000001,5.099217666660167e+32,2.930584865896648e+31,0.0
bio_fast_cooling,11.5,7.878102924541905e+32,4.527645358932129e+31,0.0
bio_fast_cooling,11.55,1.2171377993033947e+33,6.995044823582729e+31,0.0
bio_fast_cooling,11.6,1.8804329375770503e+33,1.0807085848143969e+32,0.0
bio_fast_cooling,11.65,2.9051994233918974e+33,1.6696548410298264e+32,0.0
bio_fast_cooling,11.700000000000001,4.488425788027221e+33,2.579555050590357e+32,0.0
bio_fast_cooling,11.75,6.934452035346621e+33,3.985317261693461e+32,0.0
bio_fast_cooling,11.8,1.0713472228680475e+34,6.1571679475175155e+32,0.0
bio_fast_cooling,11.85,1.6551918826412204e+34,9.512597026673681e+32,0.0
bio_fast_cooling,11.9,2.55721031415681e+34,1.4696611000901208e+33,0.0
bio_fast_cooling,11.950000000000001,3.950795469341683e+34,2.2705721088170595e+33,0.0
bio_fast_cooling,12.0,6.103833053605143e+34,3.5079500308075536e+33,0.0
bio_half_volume,0.0,4.791212842062551e-06,0.0,1.0
bio_half_volume,0.05,5.164378896543889e-06,2.487731786529878e-07,0.9999997512268523
bio_half_volume,0.1,5.566612220337486e-06,5.169222529066261e-07,0.9999994830778807
bio_half_volume,0.15,6.00017862657212e-06,8.059565201833734e-07,0.9999991940438046
bio_half_volume,0.2,6.467521453015891e-06,1.117502949369664e-06,0.999998882497675
bio_half_volume,0.25,6.97127596266396e-06,1.4533154115617046e-06,0.9999985466856445
bio_half_volume,0.3,7.5142851788387435e-06,1.8152846657094828e-06,0.9999981847169819
bio_half_volume,0.35000000000000003,8.099617437066783e-06,2.205449177555886e-06,0.9999977945532544
bio_half_volume,0.4,8.730586050916884e-06,2.626006867055838e-06,0.999997373996581
bio_half_volume,0.45,9.41077166350266e-06,3.079327903377616e-06,0.9999969206768378
bio_half_volume,0.5,1.01440481227121e-05,3.567968701363121e-06,0.9999964320376639
bio_half_volume,0.55,1.0934613126220012e-05,4.094687324701024e-06,0.9999959053210585
bio_half_volume,0.6,1.1787025508882132e-05,4.6624605779148924e-06,0.9999953375502914
bio_half_volume,0.65,1.2706252009003053e-05,5.274503185267777e-06,0.9999947255107249
bio_half_volume,0.7000000000000001,1.3697727834742308e-05,5.9342896309611155e-06,0.9999940657279769
bio_half_volume,0.75,1.4767437641090103e-05,6.645579504179045e-06,0.9999933544425776
bio_half_volume,0.8,1.5922027059398316e-05,7.412447604975508e-06,0.9999925875798672
bio_half_volume,0.85,1.7168960372055897e-05,8.239320700537732e-06,0.9999917607132426
bio_half_volume,0.9,1.8516748339925055e-05,9.131023796180363e-06,0.9999908690178915
bio_half_volume,0.9500000000000001,1.9975283184647628e-05,1.00928402872112e-05,0.9999899072106453
bio_half_volume,1.0,2.155633779703036e-05,1.113059267340606e-05,0.9999888694692715
bio_half_volume,1.05,2.3274317241278424e-05,1.2250754090370467e-05,0.9999877493209498
bio_half_volume,1.1,2.5147398508450467e-05,1.3460606426157086e-05,0.9999865394841674
bio_half_volume,1.1500000000000001,2.719926844224445e-05,1.4768469304799684e-05,0.9999852316397485
bio_half_volume,1.2,2.94617840314024e-05,1.6184037364925132e-05,0.9999838160935959
bio_half_volume,1.25,3.1979055797714525e-05,1.7718883565758057e-05,0.9999822812734127
bio_half_volume,1.3,3.481372773733261e-05,1.938721761476652e-05,0.9999806129703162
bio_half_volume,1.35,3.805664861723476e-05,2.1207037056439493e-05,0.9999787931878111
bio_half_volume,1.4000000000000001,4.1841780377198905e-05,2.3201883399394574e-05,0.9999767983857623
bio_half_volume,1.45,4.636919506547479e-05,2.540353127145624e-05,0.9999745967913956
bio_half_volume,1.5,5.19405654568115e-05,2.7856117199541517e-05,0.9999721442707785
bio_half_volume,1.55,5.901395492643721e-05,3.06224905421873e-05,0.9999693779783215
bio_half_volume,1.6,6.82884207044529e-05,3.379399539442181e-05,0.9999662065756162
bio_half_volume,1.6500000000000001,8.08346741908501e-05,3.7505550877645435e-05,0.9999624951524467
bio_half_volume,1.7,9.829689394358475e-05,4.195891471581528e-05,0.9999580419655472
bio_half_volume,1.75,0.00012320446283913133,4.745858696737824e-05,0.9999525425391735
bio_half_volume,1.8,0.00015945352962217394,5.4467239399807824e-05,0.9999455342439133
bio_half_volume,1.85,0.00021305093812397304,6.369130810129981e-05,0.999936310720147
bio_half_volume,1.9000000000000001,0.00029326349972854965,7.621318377418251e-05,0.9999237897203768
bio_half_volume,1.95,0.000414393500676944,9.369539005454471e-05,0.9999063089992214
bio_half_volume,2.0,0.0005985217131277144,0.00011869597671651137,0.9998813110673722
bio_half_volume,2.05,0.000879745157383152,0.00015515573150019785,0.9998448563045278
bio_half_volume,2.1,0.0013107241925536,0.00020915084076923967,0.9997908710297431
bio_half_volume,2.15,0.0019727974269172625,0.0002900556538491741,0.9997099864082251
bio_half_volume,2.2,0.0029916087698994656,0.0004123390370623056,0.999587745962995
bio_half_volume,2.25,0.004561250530594401,0.0005983395946814104,0.9994018393747572
bio_half_volume,2.3000000000000003,0.0069815634842959095,0.000882553196907597,0.9991178361386203
bio_half_volume,2.35,0.010715763958537081,0.0013182569596458535,0.9986826115593743
bio_half_volume,2.4,0.01647947540255611,0.001987742948787804,0.9980142313039084
bio_half_volume,2.45,0.02537827871188461,0.003018128767740247,0.996986421204271
bio_half_volume,2.5,0.03912022222470202,0.004605784215176459,0.9954048061437341
bio_half_volume,2.5500000000000003,0.060344141628438916,0.007054069443966833,0.99297075210529
bio_half_volume,2.6,0.09312690188497466,0.010831638887958834,0.989226812082252
bio_half_volume,2.65,0.1437670670492671,0.01666251852987422,0.9834755334042007
bio_half_volume,2.7,0.22199564095483384,0.025665271796184913,0.9746612816329976
bio_half_volume,2.75,0.34284661659379334,0.03956800555509848,0.9612045845165464
bio_half_volume,2.8000000000000003,0.529546905536282,0.06104054625910008,0.9407850936865082
bio_half_volume,2.85,0.8179811718324744,0.09420763961828375,0.9100937710971885
bio_half_volume,2.9,1.2635898351387507,0.14544182492629706,0.8646401891175924
bio_half_volume,2.95,1.9520262303866338,0.22458839637664285,0.7988449585789371
bio_half_volume,3.0,3.0156215254165137,0.3468579227996032,0.7069057563141135
bio_half_volume,3.0500000000000003,4.658822410093739,0.5357501204796167,0.5852301323471947
bio_half_volume,3.1,7.197491385870227,0.827571128362061,0.43710968132619205
bio_half_volume,3.15,11.11962426090247,1.2784125310675485,0.27847902655018947
bio_half_volume,3.2,17.17915643654391,1.9749336913053097,0.13877051362950618
bio_half_volume,3.25,26.54089015413721,3.0510200547841175,0.04731064032412853
bio_half_volume,3.3000000000000003,41.00440173696736,4.713519615539632,0.008973139936161997
bio_half_volume,3.35,63.34997000708717,7.282004803718123,0.0006878052659875232
bio_half_volume,3.4,97.8730229096854,11.250203132909553,1.3004655712191487e-05
bio_half_volume,3.45,151.20983780399257,17.380905280482544,2.8285818230945238e-08
bio_half_volume,3.5,233.61321790971454,26.85259456517814,2.1780425285651437e-12
bio_half_volume,3.5500000000000003,360.92336529111407,41.48598407278633,9.613157125931173e-19
bio_half_volume,3.6,557.6128068103833,64.09400814619224,1.4599095148084411e-28
bio_half_volume,3.65,861.4906922418864,99.02254630779596,9.886772809504765e-44
bio_half_volume,3.7,1330.9707610759021,152.98582174404072,3.6232792522090264e-67
bio_half_volume,3.75,2056.300082742932,236.35706110275387,2.2461181860944457e-103
bio_half_volume,3.8000000000000003,3176.907045457657,365.1625162009053,2.5818690771314695e-159
bio_half_volume,3.85,4908.203358128536,564.1621539009504,9.716048234666076e-246
bio_half_volume,3.9,7582.992153212772,871.6092081649338,0.0
bio_half_volume,3.95,11715.441975966936,1346.6035121542102,0.0
bio_half_volume,4.0,18099.924234571048,2080.4521246825902,0.0
bio_half_volume,4.05,27963.71340940995,3214.2210784118606,0.0
bio_half_volume,4.1,43202.90323550473,4965.85218243256,0.0
bio_half_volume,4.15,66746.88848937684,7672.057480526839,0.0
bio_half_volume,4.2,103121.47588540893,11853.04464155761,0.0
bio_half_volume,4.25,159318.86960881783,18312.515296594924,0.0
bio_half_volume,4.3,246141.76682591197,28292.15877573048,0.0
bio_half_volume,4.3500000000000005,380279.93559514673,43710.33922429442,0.0
bio_half_volume,4.4,587518.4510287134,67530.85838005327,0.0
bio_half_volume,4.45,907694.301646626,104332.68044149996,0.0
bio_half_volume,4.5,1402354.1630914994,161190.13594312005,0.0
bio_half_volume,4.55,2166585.3756317133,249032.8042270247,0.0
bio_half_volume,4.6000000000000005,3347294.3673550976,384746.48162613786,0.0
bio_half_volume,4.65,5171446.142778929,594419.0996952362,0.0
bio_half_volume,4.7,7989693.249556297,918355.5489703072,0.0
bio_half_volume,4.75,12343780.920337373,1418825.3964238742,0.0
bio_half_volume,4.8,19070685.52692869,2192032.82272469,0.0
bio_half_volume,4.8500000000000005,29463504.644985463,3386609.733121922,0.0
bio_half_volume,4.9,45520026.26051273,5232186.930606204,0.0
bio_half_volume,4.95,70326759.01150434,8083535.5229945965,0.0
bio_half_volume,5.0,108652244.72479342,12488763.766246732,0.0
bio_half_volume,5.05,167863704.36789986,19294678.66812546,0.0
bio_half_volume,5.1000000000000005,259343222.18277398,29809565.77368464,0.0
bio_half_volume,5.15,400675697.8570936,46054677.92059064,0.0
bio_half_volume,5.2,619029151.8036896,71152776.07583797,0.0
bio_half_volume,5.25,956377171.9452177,109928410.57536666,0.0
bio_half_volume,5.3,1477567401.073825,169835333.4642539,0.0
bio_half_volume,5.3500000000000005,2282787051.763463,262389316.30272716,0.0
bio_half_volume,5.4,3526821666.420142,405381800.74665296,0.0
bio_half_volume,5.45,5448809190.12094,626299906.9198368,0.0
bio_half_volume,5.5,8418208914.003456,967610220.0105122,0.0
bio_half_volume,5.55,13005821794.661575,1494922045.3743024,0.0
bio_half_volume,5.6000000000000005,20093514224.047287,2309599336.109142,0.0
bio_half_volume,5.65,31043737200.656223,3568245655.26051,0.0
bio_half_volume,5.7,47961427186.79652,5512807722.6339445,0.0
bio_half_volume,5.75,74098633258.17337,8517084282.563382,0.0
bio_half_volume,5.8,114479651102.64828,13158580586.527164,0.0
bio_half_volume,5.8500000000000005,176866831955.21707,20329520914.40987,0.0
bio_half_volume,5.9,273252721724.54965,31408358818.93219,0.0
bio_half_volume,5.95,422165360822.3229,48524754117.52826,0.0
bio_half_volume,6.0,652229887239.3339,74968952556.2667,0.0
bio_half_volume,6.05,1007671081728.7484,115824262267.69533,0.0
bio_half_volume,6.1000000000000005,1556814596844.4407,178944206533.86865,0.0
bio_half_volume,6.15,2405221041760.8574,276462188708.1714,0.0
bio_half_volume,6.2,3715977658132.9517,427123868750.94293,0.0
bio_half_volume,6.25,5741048209703.884,659890598816.5696,0.0
bio_half_volume,6.3,8869707403651.18,1019506598120.859,0.0
bio_half_volume,6.3500000000000005,13703370282348.312,1575100032453.8652,0.0
bio_half_volume,6.4,21171200869359.652,2433471364294.253,0.0
bio_half_volume,6.45,32708723256799.05,3759623362850.508,0.0
bio_half_volume,6.5,50533769137216.77,5808479211174.387,0.0
bio_half_volume,6.55,78072806546575.02,8973885809951.201,0.0
bio_half_volume,6.6000000000000005,120619602023113.7,13864322071622.32,0.0
bio_half_volume,6.65,186352829311121.84,21419865438060.043,0.0
bio_half_volume,6.7,287908237216747.06,33092900829511.22,0.0
bio_half_volume,6.75,444807590867674.0,51127309295135.016,0.0
bio_half_volume,6.8,687211296231693.6,78989804164562.56,0.0
bio_half_volume,6.8500000000000005,1061716066372041.5,122036329468050.84,0.0
bio_half_volume,6.9,1640312101639924.0,188541620878152.25,0.0
bio_half_volume,6.95,2534221602184521.0,291289839331554.3,0.0
bio_half_volume,7.0,3915278758571540.0,450032041215119.7,0.0
bio_half_volume,7.05,6048961047489856.0,695282879021822.8,0.0
bio_half_volume,7.1000000000000005,9345421363407508.0,1074186363610058.6,0.0
bio_half_volume,7.15,1.443833077679918e+16,1659578250206802.8,0.0
bio_half_volume,7.2,2.230668768307497e+16,2563987090008617.5,0.0
bio_half_volume,7.25,3.4463008437915476e+16,3961265337691434.5,0.0
bio_half_volume,7.3,5.32440749369078e+16,6120008613437679.0,0.0
bio_half_volume,7.3500000000000005,8.226012888555955e+16,9455187228225238.0,0.0
bio_half_volume,7.4,1.2708886035276571e+17,1.4607914983076522e+16,0.0
bio_half_volume,7.45,1.9634759444924746e+17,2.2568689017154884e+16,0.0
bio_half_volume,7.5,3.0334978013804685e+17,3.486779082046516e+16,0.0
bio_half_volume,7.55,4.686642042542906e+17,5.386944876486099e+16,0.0
bio_half_volume,7.6000000000000005,7.240688826257105e+17,8.322630834778282e+16,0.0
bio_half_volume,7.65,1.1186596757928897e+18,1.2858157193021723e+17,0.0
bio_half_volume,7.7,1.7282878746384993e+18,1.9865377869408042e+17,0.0
bio_half_volume,7.75,2.6701409215499904e+18,3.0691274960344723e+17,0.0
bio_half_volume,7.8,4.125269085989028e+18,4.7416886045850906e+17,0.0
bio_half_volume,7.8500000000000005,6.373388346087014e+18,7.325733731134501e+17,0.0
bio_half_volume,7.9,9.846649555055428e+18,1.1317987994316586e+18,0.0
bio_half_volume,7.95,1.5212709817000196e+19,1.748587335287379e+18,0.0
bio_half_volume,8.0,2.3503074693811732e+19,2.7015028383691653e+18,0.0
bio_half_volume,8.05,3.6311382173713244e+19,4.1737220889325573e+18,0.0
bio_half_volume,8.1,5.609974407785045e+19,6.448246445729937e+18,0.0
bio_half_volume,8.15,8.667203221690388e+19,9.962302553667113e+18,0.0
bio_half_volume,8.2,1.3390508801935514e+20,1.5391389427512087e+19,0.0
bio_half_volume,8.25,2.068784143955331e+20,2.3779128091440587e+19,0.0
bio_half_volume,8.3,3.196195079355261e+20,3.6737874475347833e+19,0.0
bio_half_volume,8.35,4.938003326805896e+20,5.6758658928803406e+19,0.0
bio_half_volume,8.4,7.629032724893941e+20,8.769003132062002e+19,0.0
bio_half_volume,8.45,1.178657373549195e+21,1.3547785902864312e+20,0.0
bio_half_volume,8.5,1.8209821012941189e+21,2.0930828750507114e+20,0.0
bio_half_volume,8.55,2.8133500775110237e+21,3.2337357212770396e+20,0.0
bio_half_volume,8.6,4.346521941652365e+21,4.9960022317843284e+20,0.0
bio_half_volume,8.65,6.71521583477441e+21,7.7186388905453e+20,0.0
bio_half_volume,8.700000000000001,1.0374760397611563e+22,1.192501195127766e+21,0.0
bio_half_volume,8.75,1.6028621559781086e+22,1.8423702942277113e+21,0.0
bio_half_volume,8.8,2.4763628195772818e+22,2.8463940454911286e+21,0.0
bio_half_volume,8.85,3.8258890768074595e+22,4.397573651502828e+21,0.0
bio_half_volume,8.9,5.910857291312979e+22,6.794088840589632e+21,0.0
bio_half_volume,8.950000000000001,9.132056161811807e+22,1.0496616277944608e+22,0.0
bio_half_volume,9.0,1.410868942226802e+23,1.6216884393411518e+22,0.0
bio_half_volume,9.05,2.1797403967621793e+23,2.5054487319105516e+22,0.0
bio_half_volume,9.1,3.367618391101461e+23,3.870825736898232e+22,0.0
bio_half_volume,9.15,5.202846010896909e+23,5.9802827711458725e+22,0.0
bio_half_volume,9.200000000000001,8.038204888248133e+23,9.239315963503603e+22,0.0
bio_half_volume,9.25,1.2418729612625288e+24,1.4274401853592288e+23,0.0
bio_half_volume,9.3,1.9186478490611312e+24,2.20534235524268e+23,0.0
bio_half_volume,9.35,2.964240049935856e+24,3.4071724711906396e+23,0.0
bio_half_volume,9.4,4.579641375015011e+24,5.26395560346553e+23,0.0
bio_half_volume,9.450000000000001,7.07537674764332e+24,8.132616951314163e+23,0.0
bio_half_volume,9.5,1.0931195703272145e+25,1.2564592762381776e+24,0.0
bio_half_volume,9.55,1.6888293551723096e+25,1.941183166864724e+24,0.0
bio_half_volume,9.6,2.609178966613815e+25,2.999056283464156e+24,0.0
bio_half_volume,9.65,4.031085117611181e+25,4.633431169668025e+24,0.0
bio_half_volume,9.700000000000001,6.227877594197845e+25,7.158479993330858e+24,0.0
bio_half_volume,9.75,9.621840818706289e+25,1.1059587147938265e+25,0.0
bio_half_volume,9.8,1.4865388624011457e+26,1.708665359081777e+25,0.0
bio_half_volume,9.85,2.2966476281052897e+26,2.6398248598911377e+25,0.0
bio_half_volume,9.9,3.548235744850917e+26,4.078431890633239e+25,0.0
bio_half_volume,9.950000000000001,5.481893150245366e+26,6.301026609477433e+25,0.0
bio_half_volume,10.0,8.469322410247368e+26,9.73485334511192e+25,0.0
bio_half_volume,10.05,1.308479025818102e+27,1.5039988802506921e+26,0.0
bio_half_volume,10.1,2.0215517583015778e+27,2.3236227106914693e+26,0.0
bio_half_volume,10.15,3.1232227883340916e+27,3.589911250958727e+26,0.0
bio_half_volume,10.200000000000001,4.825263832851212e+27,5.546280267645072e+26,0.0
bio_half_volume,10.25,7.454854371448978e+27,8.568798128102276e+26,0.0
bio_half_volume,10.3,1.1517474613750598e+28,1.3238476567529424e+27,0.0
bio_half_volume,10.35,1.7794072810654421e+28,2.0452957253625774e+27,0.0
bio_half_volume,10.4,2.7491185160751557e+28,3.1599063403162716e+27,0.0
bio_half_volume,10.450000000000001,4.247286552015246e+28,4.8819385655347665e+27,0.0
bio_half_volume,10.5,6.561900823644373e+28,7.542414739821119e+27,0.0
bio_half_volume,10.55,1.013789436903294e+29,1.1652752148313725e+28,0.0
bio_half_volume,10.6,1.5662672295706492e+29,1.800307160426034e+28,0.0
bio_half_volume,10.65,2.4198250101327143e+29,2.7814080576238097e+28,0.0
bio_half_volume,10.700000000000001,3.738540249781653e+29,4.297172700898452e+28,0.0
bio_half_volume,10.75,5.775906580315294e+29,6.638973080822178e+28,0.0
bio_half_volume,10.8,8.923562298541101e+29,1.0256968159242646e+29,0.0
bio_half_volume,10.85,1.3786574105496732e+30,1.584663690286981e+29,0.0
bio_half_volume,10.9,2.129974770248789e+30,2.4482468623549305e+29,0.0
bio_half_volume,10.950000000000001,3.290732336532751e+30,3.782450961531898e+29,0.0
bio_half_volume,11.0,5.084059896839663e+30,5.843747007861683e+29,0.0
bio_half_volume,11.05,7.854684730113251e+30,9.028373253003738e+29,0.0
bio_half_volume,11.1,1.213519774773399e+31,1.3948503158314933e+30,0.0
bio_half_volume,11.15,1.8748432233318805e+31,2.1549922107262998e+30,0.0
bio_half_volume,11.200000000000001,2.8965635213730164e+31,3.329383357900019e+30,0.0
bio_half_volume,11.25,4.475083638427263e+31,5.143774297042831e+30,0.0
bio_half_volume,11.3,6.913838907087684e+31,7.94694127251458e+30,0.0
bio_half_volume,11.35,1.068162570699099e+32,1.2277730697690795e+31,0.0
bio_half_volume,11.4,1.650271712684609e+32,1.8968640375685163e+31,0.0
bio_half_volume,11.450000000000001,2.5496088333300836e+32,2.930584865896648e+31,0.0
bio_half_volume,11.5,3.939051462270952e+32,4.527645358932129e+31,0.0
bio_half_volume,11.55,6.0856889965169734e+32,6.995044823582729e+31,0.0
bio_half_volume,11.6,9.402164687885251e+32,1.0807085848143969e+32,0.0
bio_half_volume,11.65,1.4525997116959487e+33,1.6696548410298264e+32,0.0
bio_half_volume,11.700000000000001,2.2442128940136104e+33,2.579555050590357e+32,0.0
bio_half_volume,11.75,3.467226017673311e+33,3.985317261693461e+32,0.0
bio_half_volume,11.8,5.356736114340238e+33,6.1571679475175155e+32,0.0
bio_half_volume,11.85,8.275959413206102e+33,9.512597026673681e+32,0.0
bio_half_volume,11.9,1.278605157078405e+34,1.4696611000901208e+33,0.0
bio_half_volume,11.950000000000001,1.9753977346708416e+34,2.2705721088170595e+33,0.0
bio_half_volume,12.0,3.0519165268025713e+34,3.5079500308075536e+33,0.0
bio_double_volume,0.0,9.582453561940375e-06,0.0,1.0
bio_double_volume,0.05,1.032880086328254e-05,4.975481035564915e-07,0.9999995024520202
bio_double_volume,0.1,1.1133290982534819e-05,1.0338489499563065e-06,0.9999989661515845
bio_double_volume,0.15,1.2000460057859576e-05,1.6119216526541108e-06,0.9999983880796465
bio_double_volume,0.2,1.2935201735519265e-05,2.235020950655674e-06,0.999997764981547
bio_double_volume,0.25,1.3942797311018751e-05,2.9066558240286457e-06,0.9999970933484003
bio_double_volume,0.3,1.5028949469505016e-05,3.6306097031445125e-06,0.9999963693968875
bio_double_volume,0.35000000000000003,1.619982058790231e-05,4.410962474186884e-06,0.999995589047254
bio_double_volume,0.4,1.7462077007969598e-05,5.252114541964614e-06,0.9999947478992504
bio_double_volume,0.45,1.8822941373556998e-05,6.158813297414589e-06,0.999993841205668
bio_double_volume,0.5,2.0290256175701238e-05,7.1361824662275945e-06,0.9999928638429962
bio_double_volume,0.55,2.187256326492796e-05,8.18975500970925e-06,0.9999918102785262
bio_double_volume,0.6,2.3579206578785378e-05,9.325510544704018e-06,0.9999906745329378
bio_double_volume,0.65,2.5420469169331895e-05,1.054991870082412e-05,0.9999894501369494
bio_double_volume,0.7000000000000001,2.740776153404192e-05,1.1869990524766143e-05,0.9999881300799233
bio_double_volume,0.75,2.9553887388329698e-05,1.3293341103568918e-05,0.9999867067472525
bio_double_volume,0.8,3.187342712047046e-05,1.4828268212693379e-05,0.9999851718417255
bio_double_volume,0.85,3.438330094662837e-05,1.648385431196067e-05,0.999983516281546
bio_double_volume,0.9,3.7103607416345954e-05,1.8270103093358492e-05,0.999981730063804
bio_double_volume,0.9500000000000001,4.0058884867217214e-05,2.019812777213581e-05,0.9999798020762086
bio_double_volume,1.0,4.328002367195124e-05,2.2280417553717317e-05,0.999977719830653
bio_double_volume,1.05,4.680718108088421e-05,2.4531222976202094e-05,0.9999754690779118
bio_double_volume,1.1,5.069424196033423e-05,2.6967122859856472e-05,0.9999730332407497
bio_double_volume,1.1500000000000001,5.501566456617825e-05,2.9607869621538916e-05,0.9999703925686871
bio_double_volume,1.2,5.9877007533671125e-05,3.2477662269281415e-05,0.9999675228651242
bio_double_volume,1.25,6.543114035686363e-05,3.560707757790914e-05,0.9999643935563466
bio_double_volume,1.3,7.190323049585449e-05,3.9036015360955336e-05,0.9999609647465344
bio_double_volume,1.35,7.962928557269115e-05,4.281820749913259e-05,0.9999571827091872
bio_double_volume,1.4000000000000001,8.911563285265392e-05,4.70281396976904e-05,0.999952972966108
bio_double_volume,1.45,0.00010113074085631556,5.177169735297578e-05,0.9999482296427782
bio_double_volume,1.5,0.00011684700276207693,5.720256129225989e-05,0.999942799074743
bio_double_volume,1.55,0.00013805970288583284,6.354748282634507e-05,0.9999364545362722
bio_double_volume,1.6,0.0001675252216493854,7.114527266960963e-05,0.9999288572580953
bio_double_volume,1.6500000000000001,0.0002094834525876207,8.050697259760181e-05,0.9999194962680018
bio_double_volume,1.7,0.00027046481258216637,9.240874860601924e-05,0.9999075955209509
bio_double_volume,1.75,0.00036053692995891473,0.0001080353321419791,0.9998919705034643
bio_double_volume,1.8,0.0004952306098497956,0.00012920155037750443,0.9998708067957833
bio_double_volume,1.85,0.0006985152483564999,0.00015869449484981094,0.9998413180964555
bio_double_volume,1.9000000000000001,0.00100739559612918,0.00020080206511092428,0.9997992180942744
bio_double_volume,1.95,0.0014790134358849422,0.0002621294475404962,0.9997379049053814
bio_double_volume,2.0,0.002201619247559549,0.0003528604354360463,0.9996472018124856
bio_double_volume,2.05,0.003311522848596868,0.0004887060039145048,0.9995114133934138
bio_double_volume,2.1,0.00501928131616607,0.0006939146589156122,0.9993063260441823
bio_double_volume,2.15,0.007650158153857484,0.0010059231780598589,0.9989945825930571
bio_double_volume,2.2,0.01170663098788128,0.0014825416856423736,0.9985185567363966
bio_double_volume,2.25,0.01796496340958132,0.002213054168732327,0.997789392830198
bio_double_volume,2.3000000000000003,0.027624404647026393,0.0033353681927297645,0.9966701879687627
bio_double_volume,2.35,0.04253769726833206,0.00506251039324344,0.9949502825153155
bio_double_volume,2.4,0.06556720276877652,0.007723560832723481,0.9923061892218545
bio_double_volume,2.45,0.10113510212460813,0.011826894854211656,0.9882427679646669
bio_double_volume,2.5,0.15607343497592877,0.018157889177323826,0.9820059720024003
bio_double_volume,2.5500000000000003,0.24093737838806828,0.027929873957279947,0.9724565589403922
bio_double_volume,2.6,0.37203421361996347,0.043017347870416105,0.9578947724885059
bio_double_volume,2.65,0.574558004393645,0.06631628651575225,0.9358348255412643
bio_double_volume,2.7,0.8874325585528554,0.1023008052722905,0.9027579564693826
bio_double_volume,2.75,1.3707936244155314,0.15788318251250352,0.8539495323808936
bio_double_volume,2.8000000000000003,2.1175486071928504,0.2437425633334196,0.7836893586722498
bio_double_volume,2.85,3.2712359032406595,0.3763777573455138,0.6863430129506659
bio_double_volume,2.9,5.053616911101831,0.5812787350016115,0.5591828624942766
bio_double_volume,2.95,7.807304668605812,0.8978264718112934,0.4074543114161207
bio_double_volume,3.0,12.06162352170455,1.3868630261559474,0.249857874155815
bio_double_volume,3.0500000000000003,18.63435987910558,2.1423870293374203,0.11737433238654817
bio_double_volume,3.1,28.78896336854454,3.309622785089204,0.03652995079725529
bio_double_volume,3.15,44.47741681512956,5.112936360215182,0.006018384806586919
bio_double_volume,3.2,68.71546138501736,7.89896491271426,0.0003711274910610004
bio_double_volume,3.25,106.16230557011043,12.203249909776067,5.014133617119191e-06
bio_double_volume,3.3000000000000003,164.01625415320487,18.853182987314007,6.48883397452697e-09
bio_double_volume,3.35,253.39842187242033,29.127053499185454,2.2401721368829763e-13
bio_double_volume,3.4,391.49051991557695,44.99977110446028,2.8631738732787786e-20
bio_double_volume,3.45,604.8376570804814,69.52249808653617,6.408593321842858e-31
bio_double_volume,3.5,934.4510455570653,107.40916726111587,2.253156472124635e-47
bio_double_volume,3.5500000000000003,1443.6914928598337,165.94263047632873,8.551282846641727e-73
bio_double_volume,3.6,2230.449105637176,256.3746245701295,4.548992797190627e-112
bio_double_volume,3.65,3445.960482123835,396.0886670569752,9.569242330314773e-173
bio_double_volume,3.7,5323.880579351017,611.9416500627005,1.7263073952696665e-266
bio_double_volume,3.75,8225.197674038396,945.4264795103934,0.0
bio_double_volume,3.8000000000000003,12707.625317964303,1460.6481619476683,0.0
bio_double_volume,3.85,19632.81034559802,2256.6465640479837,0.0
bio_double_volume,3.9,30331.965285513124,3486.43462082269,0.0
bio_double_volume,3.95,46861.76431738289,5386.411664015201,0.0
bio_double_volume,4.0,72399.69307246902,8321.805927908501,0.0
bio_double_volume,4.05,111854.84947073887,12856.88154210176,0.0
bio_double_volume,4.1,172811.60845058248,19863.40574182753,0.0
bio_double_volume,4.15,266987.54911625915,30688.22670099684,0.0
bio_double_volume,4.2,412485.8983233311,47412.17509374892,0.0
bio_double_volume,4.25,637275.4728105434,73250.05744294936,0.0
bio_double_volume,4.3,984567.0612408428,113168.63106744015,0.0
bio_double_volume,4.3500000000000005,1521119.7358455856,174841.35254689827,0.0
bio_double_volume,4.4,2350073.797070879,270123.4288306183,0.0
bio_double_volume,4.45,3630777.1989939157,417330.7167106624,0.0
bio_double_volume,4.5,5609416.644182066,644760.5383229146,0.0
bio_double_volume,4.55,8666341.493705524,996131.2110336008,0.0
bio_double_volume,4.6000000000000005,13389177.459912019,1538985.9201720257,0.0
bio_double_volume,4.65,20685784.560866795,2377676.391954718,0.0
bio_double_volume,4.7,31958772.98717804,3673422.1885228497,0.0
bio_double_volume,4.75,49375123.669441946,5675301.577763518,0.0
bio_double_volume,4.8,76282742.09487979,8768131.28234851,0.0
bio_double_volume,4.8500000000000005,117854018.56610726,13546438.92327101,0.0
bio_double_volume,4.9,182080105.02713883,20928747.712489806,0.0
bio_double_volume,4.95,281307036.0299439,32334142.0812691,0.0
bio_double_volume,5.0,434608978.88184834,49955055.05344306,0.0
bio_double_volume,5.05,671454817.4529247,77178714.66005841,0.0
bio_double_volume,5.1000000000000005,1037372888.7109667,119238263.08132546,0.0
bio_double_volume,5.15,1602702791.4066775,184218711.66790432,0.0
bio_double_volume,5.2,2476116607.191372,284611104.28776705,0.0
bio_double_volume,5.25,3825508687.755663,439713642.28466755,0.0
bio_double_volume,5.3,5910269604.268127,679341333.8389076,0.0
bio_double_volume,5.3500000000000005,9131148207.024563,1049557265.1913898,0.0
bio_double_volume,5.4,14107286665.649,1621527202.965572,0.0
bio_double_volume,5.45,21795236760.449734,2505199627.6566687,0.0
bio_double_volume,5.5,33672835655.977146,3870440880.0176034,0.0
bio_double_volume,5.55,52023287178.606766,5979688181.47086,0.0
bio_double_volume,5.6000000000000005,80374056896.14655,9238397344.408165,0.0
bio_double_volume,5.65,124174948802.57896,14272982621.011425,0.0
bio_double_volume,5.7,191845708747.13654,22051230890.502777,0.0
bio_double_volume,5.75,296394533032.6401,34068337130.21796,0.0
bio_double_volume,5.8,457918604410.5356,52634322346.07032,0.0
bio_double_volume,5.8500000000000005,707467327820.8063,81318083657.59816,0.0
bio_double_volume,5.9,1093010886898.1317,125633435275.6842,0.0
bio_double_volume,5.95,1688661443289.2195,194099016470.065,0.0
bio_double_volume,6.0,2608919548957.258,299875810225.015,0.0
bio_double_volume,6.05,4030684326914.9097,463297049070.7255,0.0
bio_double_volume,6.1000000000000005,6227258387377.672,715776826135.4146,0.0
bio_double_volume,6.15,9620884167043.332,1105848754832.6208,0.0
bio_double_volume,6.2,14863910632531.703,1708495475003.702,0.0
bio_double_volume,6.25,22964192838815.42,2639562395266.203,0.0
bio_double_volume,6.3,35478829614604.6,4078026392483.355,0.0
bio_double_volume,6.3500000000000005,54813481129393.12,6300400129815.374,0.0
bio_double_volume,6.4,84684803477438.47,9733885457176.916,0.0
bio_double_volume,6.45,130834893027196.05,15038493451401.93,0.0
bio_double_volume,6.5,202135076548866.9,23233916844697.438,0.0
bio_double_volume,6.55,312291226186299.9,35895543239804.69,0.0
bio_double_volume,6.6000000000000005,482478408092454.6,55457288286489.15,0.0
bio_double_volume,6.65,745411317244487.2,85679461752240.03,0.0
bio_double_volume,6.7,1151632948866988.0,132371603318044.72,0.0
bio_double_volume,6.75,1779230363470695.8,204509237180539.9,0.0
bio_double_volume,6.8,2748845184926774.5,315959216658250.1,0.0
bio_double_volume,6.8500000000000005,4246864265488166.0,488145317872203.2,0.0
bio_double_volume,6.9,6561248406559695.0,754166483512608.9,0.0
bio_double_volume,6.95,1.0136886408738084e+16,1165159357326217.0,0.0
bio_double_volume,7.0,1.566111503428616e+16,1800128164860478.5,0.0
bio_double_volume,7.05,2.4195844189959424e+16,2781131516087291.0,0.0
bio_double_volume,7.1000000000000005,3.738168545363003e+16,4296745454440234.5,0.0
bio_double_volume,7.15,5.775332310719672e+16,6638313000827210.0,0.0
bio_double_volume,7.2,8.922675073229987e+16,1.025594836003447e+16,0.0
bio_double_volume,7.25,1.378520337516619e+17,1.5845061350765738e+16,0.0
bio_double_volume,7.3,2.129762997476312e+17,2.4480034453750716e+16,0.0
bio_double_volume,7.3500000000000005,3.290405155422382e+17,3.782074891290095e+16,0.0
bio_double_volume,7.4,5.0835544141106285e+17,5.843165993230609e+16,0.0
bio_double_volume,7.45,7.853903777969898e+17,9.027475606861954e+16,0.0
bio_double_volume,7.5,1.2133991205521874e+18,1.3947116328186064e+17,0.0
bio_double_volume,7.55,1.8746568170171625e+18,2.1547779505944397e+17,0.0
bio_double_volume,7.6000000000000005,2.896275530502842e+18,3.3290523339113126e+17,0.0
bio_double_volume,7.65,4.474638703171559e+18,5.143262877208689e+17,0.0
bio_double_volume,7.7,6.913151498553997e+18,7.946151147763217e+17,0.0
bio_double_volume,7.75,1.0680563686199962e+19,1.227650998413789e+18,0.0
bio_double_volume,7.8,1.6501076343956111e+19,1.8966754418340362e+18,0.0
bio_double_volume,7.8500000000000005,2.5493553384348058e+19,2.9302934924538004e+18,0.0
bio_double_volume,7.9,3.938659822022171e+19,4.5271951977266345e+18,0.0
bio_double_volume,7.95,6.0850839268000784e+19,6.994349341149516e+18,0.0
bio_double_volume,8.0,9.401229877524693e+19,1.0806011353476661e+19,0.0
bio_double_volume,8.05,1.4524552869485298e+20,1.669488835573023e+19,0.0
bio_double_volume,8.1,2.243989763114018e+20,2.579298578291975e+19,0.0
bio_double_volume,8.15,3.466881288676155e+20,3.984921021466845e+19,0.0
bio_double_volume,8.2,5.3562035207742056e+20,6.156555771004835e+19,0.0
bio_double_volume,8.25,8.275136575821324e+20,9.511651236576235e+19,0.0
bio_double_volume,8.3,1.2784780317421045e+21,1.4695149790139133e+20,0.0
bio_double_volume,8.35,1.9752013307223584e+21,2.2703463571521362e+20,0.0
bio_double_volume,8.4,3.0516130899575764e+21,3.507601252824801e+20,0.0
bio_double_volume,8.45,4.71462949419678e+21,5.419114361145725e+20,0.0
bio_double_volume,8.5,7.283928405176475e+21,8.372331500202846e+20,0.0
bio_double_volume,8.55,1.1253400310044095e+22,1.2934942885108158e+21,0.0
bio_double_volume,8.6,1.738608776660946e+22,1.9984008927137314e+21,0.0
bio_double_volume,8.65,2.686086333909764e+22,3.08745555621812e+21,0.0
bio_double_volume,8.700000000000001,4.149904159044625e+22,4.770004780511064e+21,0.0
bio_double_volume,8.75,6.4114486239124345e+22,7.369481176910845e+21,0.0
bio_double_volume,8.8,9.905451278309127e+22,1.1385576181964514e+22,0.0
bio_double_volume,8.85,1.5303556307229838e+23,1.7590294606011311e+22,0.0
bio_double_volume,8.9,2.3643429165251917e+23,2.717635536235853e+22,0.0
bio_double_volume,8.950000000000001,3.652822464724723e+23,4.198646511177843e+22,0.0
bio_double_volume,9.0,5.643475768907208e+23,6.486753757364607e+22,0.0
bio_double_volume,9.05,8.718961587048717e+23,1.0021794927642206e+23,0.0
bio_double_volume,9.1,1.3470473564405844e+24,1.5483302947592927e+23,0.0
bio_double_volume,9.15,2.0811384043587636e+24,2.392113108458349e+23,0.0
bio_double_volume,9.200000000000001,3.2152819552992533e+24,3.695726385401441e+23,0.0
bio_double_volume,9.25,4.967491845050115e+24,5.709760741436915e+23,0.0
bio_double_volume,9.3,7.674591396244525e+24,8.82136942097072e+23,0.0
bio_double_volume,9.35,1.1856960199743424e+25,1.3628689884762558e+24,0.0
bio_double_volume,9.4,1.8318565500060043e+25,2.105582241386212e+24,0.0
bio_double_volume,9.450000000000001,2.830150699057328e+25,3.253046780525665e+24,0.0
bio_double_volume,9.5,4.372478281308858e+25,5.02583710495271e+24,0.0
bio_double_volume,9.55,6.7553174206892385e+25,7.764732667458896e+24,0.0
bio_double_volume,9.6,1.043671586645526e+26,1.1996225133856624e+25,0.0
bio_double_volume,9.65,1.6124340470444724e+26,1.85337246786721e+25,0.0
bio_double_volume,9.700000000000001,2.491151037679138e+26,2.863391997332343e+25,0.0
bio_double_volume,9.75,3.8487363274825156e+26,4.423834859175306e+25,0.0
bio_double_volume,9.8,5.9461554496045826e+26,6.834661436327108e+25,0.0
bio_double_volume,9.85,9.186590512421159e+26,1.055929943956455e+26,0.0
bio_double_volume,9.9,1.4192942979403668e+27,1.6313727562532955e+26,0.0
bio_double_volume,9.950000000000001,2.1927572600981465e+27,2.5204106437909733e+26,0.0
bio_double_volume,10.0,3.387728964098947e+27,3.893941338044768e+26,0.0
bio_double_volume,10.05,5.233916103272408e+27,6.0159955210027685e+26,0.0
bio_double_volume,10.1,8.086207033206311e+27,9.294490842765877e+26,0.0
bio_double_volume,10.15,1.2492891153336366e+28,1.4359645003834907e+27,0.0
bio_double_volume,10.200000000000001,1.9301055331404847e+28,2.2185121070580287e+27,0.0
bio_double_volume,10.25,2.9819417485795914e+28,3.4275192512409103e+27,0.0
bio_double_volume,10.3,4.606989845500239e+28,5.29539062701177e+27,0.0
bio_double_volume,10.35,7.117629124261769e+28,8.18118290145031e+27,0.0
bio_double_volume,10.4,1.0996474064300623e+29,1.2639625361265086e+28,0.0
bio_double_volume,10.450000000000001,1.6989146208060986e+29,1.9527754262139066e+28,0.0
bio_double_volume,10.5,2.6247603294577492e+29,3.0169658959284477e+28,0.0
bio_double_volume,10.55,4.055157747613176e+29,4.66110085932549e+28,0.0
bio_double_volume,10.6,6.265068918282597e+29,7.201228641704136e+28,0.0
bio_double_volume,10.65,9.679300040530857e+29,1.1125632230495239e+29,0.0
bio_double_volume,10.700000000000001,1.4954160999126612e+30,1.718869080359381e+29,0.0
bio_double_volume,10.75,2.3103626321261177e+30,2.6555892323288713e+29,0.0
bio_double_volume,10.8,3.5694249194164405e+30,4.1027872636970585e+29,0.0
bio_double_volume,10.85,5.514629642198693e+30,6.338654761147924e+29,0.0
bio_double_volume,10.9,8.519899080995156e+30,9.792987449419722e+29,0.0
bio_double_volume,10.950000000000001,1.3162929346131004e+31,1.5129803846127593e+30,0.0
bio_double_volume,11.0,2.0336239587358654e+31,2.3374988031446732e+30,0.0
bio_double_volume,11.05,3.1418738920453004e+31,3.611349301201495e+30,0.0
bio_double_volume,11.1,4.854079099093596e+31,5.579401263325973e+30,0.0
bio_double_volume,11.15,7.499372893327522e+31,8.619968842905199e+30,0.0
bio_double_volume,11.200000000000001,1.1586254085492065e+32,1.3317533431600077e+31,0.0
bio_double_volume,11.25,1.790033455370905e+32,2.0575097188171323e+31,0.0
bio_double_volume,11.3,2.7655355628350735e+32,3.178776509005832e+31,0.0
bio_double_volume,11.35,4.272650282796396e+32,4.911092279076318e+31,0.0
bio_double_volume,11.4,6.601086850738436e+32,7.587456150274065e+31,0.0
bio_double_volume,11.450000000000001,1.0198435333320334e+33,1.1722339463586593e+32,0.0
bio_double_volume,11.5,1.575620584908381e+33,1.8110581435728517e+32,0.0
bio_double_volume,11.55,2.4342755986067894e+33,2.7980179294330916e+32,0.0
bio_double_volume,11.6,3.7608658751541006e+33,4.3228343392575874e+32,0.0
bio_double_volume,11.65,5.810398846783795e+33,6.678619364119306e+32,0.0
bio_double_volume,11.700000000000001,8.976851576054442e+33,1.0318220202361428e+33,0.0
bio_double_volume,11.75,1.3868904070693243e+34,1.5941269046773844e+33,0.0
bio_double_volume,11.8,2.142694445736095e+34,2.4628671790070062e+33,0.0
bio_double_volume,11.85,3.310383765282441e+34,3.8050388106694723e+33,0.0
bio_double_volume,11.9,5.11442062831362e+34,5.878644400360483e+33,0.0
bio_double_volume,11.950000000000001,7.901590938683366e+34,9.082288435268238e+33,0.0
bio_double_volume,12.0,1.2207666107210285e+35,1.4031800123230215e+34,0.0
