mode,seed,t,cv2,cv2_minus_uniform_noise,overlap_with_uniform,mean_shear_exposure,p95_shear_exposure,count
inert,100,0.0,0.432342529296875,0.401214599609375,0.7078857421875,0.0,0.0,8192.0
inert,100,0.1,0.43499755859375,0.40386962890625,0.70849609375,0.403986153356802,0.6267127280305318,8192.0
inert,100,0.2,0.43450164794921875,0.40337371826171875,0.7081298828125,0.807972306713604,1.2534254560610636,8192.0
inert,100,0.3,0.42995452880859375,0.39882659912109375,0.7108154296875,1.211958460070406,1.8801381840915952,8192.0
inert,100,0.4,0.42435455322265625,0.39322662353515625,0.7147216796875,1.615944613427208,2.5068509121221276,8192.0
inert,100,0.5,0.40760040283203125,0.37647247314453125,0.719970703125,2.01993076678401,3.1335636401526603,8192.0
inert,100,0.6,0.40016937255859375,0.36904144287109375,0.7218017578125,2.4255648101869274,3.6689174489143093,8192.0
inert,100,0.7000000000000001,0.3954925537109375,0.3643646240234375,0.7232666015625,2.8311988535898447,4.2522624666029705,8192.0
inert,100,0.8,0.369598388671875,0.338470458984375,0.732177734375,3.2368328969927624,4.8478526265335224,8192.0
inert,100,0.9,0.3532867431640625,0.3221588134765625,0.742431640625,3.64246694039568,5.45087090484597,8192.0
inert,100,1.0,0.3216094970703125,0.2904815673828125,0.754150390625,4.048100983798597,6.048056486557323,8192.0
inert,100,1.1,0.3075714111328125,0.2764434814453125,0.7608642578125,4.458208869248989,6.483200747910395,8192.0
inert,100,1.2,0.287994384765625,0.256866455078125,0.7730712890625,4.868316754699382,6.998093325958761,8192.0
inert,100,1.3,0.25299835205078125,0.22187042236328125,0.7879638671875,5.278424640149775,7.531118614711423,8192.0
inert,100,1.4000000000000001,0.23622894287109375,0.20510101318359375,0.79638671875,5.688532525600168,8.073510910757289,8192.0
inert,100,1.5,0.20154571533203125,0.17041778564453125,0.8126220703125,6.098640411050561,8.624864589982185,8192.0
inert,100,1.6,0.19870758056640625,0.16757965087890625,0.8154296875,6.495224556410378,8.98117553818035,8192.0
inert,100,1.7,0.18572235107421875,0.15459442138671875,0.824462890625,6.891808701770195,9.354878099800965,8192.0
inert,100,1.8,0.17269134521484375,0.14156341552734375,0.8328857421875,7.288392847130012,9.839717609890913,8192.0
inert,100,1.9000000000000001,0.163177490234375,0.132049560546875,0.83447265625,7.68497699248983,10.368119375909625,8192.0
inert,100,2.0,0.15027618408203125,0.11914825439453125,0.8433837890625,8.081561137849647,10.894033683117101,8192.0
inert,100,2.1,0.144805908203125,0.113677978515625,0.845703125,8.47220089777391,11.32280848113147,8192.0
inert,100,2.2,0.1423797607421875,0.1112518310546875,0.8494873046875,8.862840657698168,11.776865243531374,8192.0
inert,100,2.3000000000000003,0.1347503662109375,0.1036224365234375,0.849365234375,9.253480417622427,12.313227847540402,8192.0
inert,100,2.4,0.123687744140625,0.092559814453125,0.859375,9.64412017754669,12.842167935573192,8192.0
inert,100,2.5,0.1180572509765625,0.0869293212890625,0.863037109375,10.03475993747095,13.37906675702001,8192.0
inert,100,2.6,0.11954498291015625,0.08841705322265625,0.85791015625,10.429453657836769,13.83408320223814,8192.0
inert,100,2.7,0.109954833984375,0.078826904296875,0.86572265625,10.82414737820259,14.282260247609997,8192.0
inert,100,2.8000000000000003,0.10950469970703125,0.07837677001953125,0.8641357421875,11.218841098568406,14.77290881508448,8192.0
inert,100,2.9,0.09632110595703125,0.06519317626953125,0.875732421875,11.613534818934227,15.26784904159998,8192.0
inert,100,3.0,0.08827972412109375,0.05715179443359375,0.8824462890625,12.008228539300045,15.781075130854585,8192.0
inert,100,3.1,0.0937347412109375,0.0626068115234375,0.8756103515625,12.415524845988257,16.159753998726316,8192.0
inert,100,3.2,0.0834197998046875,0.0522918701171875,0.885498046875,12.82282115267647,16.617721651065715,8192.0
inert,100,3.3000000000000003,0.08118438720703125,0.05005645751953125,0.8853759765625,13.230117459364681,17.110110968333483,8192.0
inert,100,3.4,0.07332611083984375,0.04219818115234375,0.893798828125,13.637413766052894,17.62307337194748,8192.0
inert,100,3.5,0.06795501708984375,0.03682708740234375,0.8961181640625,14.044710072741108,18.12823253965635,8192.0
inert,100,3.6,0.06610870361328125,0.03498077392578125,0.8988037109375,14.44038731511187,18.540436846595654,8192.0
inert,100,3.7,0.06430816650390625,0.03318023681640625,0.8978271484375,14.836064557482633,18.977370642327674,8192.0
inert,100,3.8000000000000003,0.0585784912109375,0.0274505615234375,0.90234375,15.231741799853395,19.42692709336053,8192.0
inert,100,3.9,0.055633544921875,0.024505615234375,0.90673828125,15.627419042224158,19.902617278261744,8192.0
inert,100,4.0,0.055023193359375,0.023895263671875,0.906982421875,16.023096284594917,20.41873029556232,8192.0
inert,100,4.1,0.0553741455078125,0.0242462158203125,0.9075927734375,16.42624664838281,20.794959492759006,8192.0
inert,100,4.2,0.050933837890625,0.019805908203125,0.9080810546875,16.829397012170702,21.231514316308544,8192.0
inert,100,4.3,0.05145263671875,0.02032470703125,0.910888671875,17.232547375958596,21.672009900874546,8192.0
inert,100,4.4,0.05213165283203125,0.02100372314453125,0.91064453125,17.635697739746487,22.137447357620246,8192.0
inert,100,4.5,0.04926300048828125,0.01813507080078125,0.9110107421875,18.038848103534377,22.63078469170171,8192.0
inert,100,4.6000000000000005,0.0496368408203125,0.0185089111328125,0.909912109375,18.43897067904856,23.018966531740922,8192.0
inert,100,4.7,0.048583984375,0.0174560546875,0.9097900390625,18.839093254562748,23.465598150329814,8192.0
inert,100,4.8,0.0457611083984375,0.0146331787109375,0.912353515625,19.23921583007693,23.92279816198219,8192.0
inert,100,4.9,0.04694366455078125,0.01581573486328125,0.9114990234375,19.63933840559111,24.377312907294577,8192.0
inert,100,5.0,0.04218292236328125,0.01105499267578125,0.9188232421875,20.039460981105293,24.860348276770083,8192.0
inert,100,5.1000000000000005,0.0421905517578125,0.0110626220703125,0.920654296875,20.443086938727355,25.270581149085864,8192.0
inert,100,5.2,0.039398193359375,0.008270263671875,0.920166015625,20.846712896349416,25.689450143450795,8192.0
inert,100,5.3,0.03864288330078125,0.00751495361328125,0.921875,21.25033885397148,26.158472109356897,8192.0
inert,100,5.4,0.03972625732421875,0.00859832763671875,0.9188232421875,21.65396481159354,26.66112568612779,8192.0
inert,100,5.5,0.04148101806640625,0.01035308837890625,0.91943359375,22.0575907692156,27.141605684170056,8192.0
inert,100,5.6000000000000005,0.03647613525390625,0.00534820556640625,0.92333984375,22.45448858874886,27.528990669050046,8192.0
inert,100,5.7,0.03870391845703125,0.00757598876953125,0.9215087890625,22.851386408282124,27.949612378616656,8192.0
inert,100,5.8,0.039825439453125,0.008697509765625,0.9208984375,23.248284227815383,28.450554964497467,8192.0
inert,100,5.9,0.03897857666015625,0.00785064697265625,0.9207763671875,23.64518204734864,28.925150174935318,8192.0
inert,100,6.0,0.039154052734375,0.008026123046875,0.9215087890625,24.0420798668819,29.42930273001893,8192.0
inert,100,6.1000000000000005,0.03908538818359375,0.00795745849609375,0.92041015625,24.445257843365894,29.786046787505857,8192.0
inert,100,6.2,0.04349517822265625,0.01236724853515625,0.915283203125,24.848435819849893,30.219824018023388,8192.0
inert,100,6.3,0.04192352294921875,0.01079559326171875,0.9183349609375,25.251613796333892,30.678386041644583,8192.0
inert,100,6.4,0.04131317138671875,0.01018524169921875,0.921142578125,25.654791772817887,31.140566427599083,8192.0
inert,100,6.5,0.0413818359375,0.01025390625,0.918212890625,26.057969749301883,31.59225580084524,8192.0
inert,100,6.6000000000000005,0.03826904296875,0.00714111328125,0.9222412109375,26.459189945814718,32.05116462964609,8192.0
inert,100,6.7,0.0351409912109375,0.0040130615234375,0.9254150390625,26.86041014232756,32.470322155370255,8192.0
inert,100,6.8,0.0336151123046875,0.0024871826171875,0.927978515625,27.261630338840398,32.898469801225325,8192.0
inert,100,6.9,0.03363037109375,0.00250244140625,0.9281005859375,27.662850535353233,33.31927467158492,8192.0
inert,100,7.0,0.031463623046875,0.000335693359375,0.931396484375,28.06407073186607,33.78584484517054,8192.0
inert,100,7.1000000000000005,0.028717041015625,-0.002410888671875,0.932373046875,28.46743119330473,34.20051609519409,8192.0
inert,100,7.2,0.03420257568359375,0.00307464599609375,0.926025390625,28.870791654743385,34.63478884924573,8192.0
inert,100,7.3,0.032623291015625,0.001495361328125,0.9266357421875,29.274152116182044,35.06734852114039,8192.0
inert,100,7.4,0.03528594970703125,0.00415802001953125,0.9241943359375,29.677512577620696,35.547808686298346,8192.0
inert,100,7.5,0.0343475341796875,0.0032196044921875,0.926025390625,30.080873039059355,36.02290566292196,8192.0
inert,100,7.6000000000000005,0.035888671875,0.0047607421875,0.92138671875,30.480272508814906,36.40913669686482,8192.0
inert,100,7.7,0.03520965576171875,0.00408172607421875,0.9237060546875,30.87967197857046,36.86797095060246,8192.0
inert,100,7.8,0.03299713134765625,0.00186920166015625,0.9276123046875,31.27907144832601,37.32962304058328,8192.0
inert,100,7.9,0.035369873046875,0.004241943359375,0.9263916015625,31.678470918081565,37.78740025332747,8192.0
inert,100,8.0,0.0342559814453125,0.0031280517578125,0.92822265625,32.077870387837116,38.25519382786648,8192.0
inert,101,0.0,0.43595123291015625,0.40482330322265625,0.70751953125,0.0,0.0,8192.0
inert,101,0.1,0.43410491943359375,0.40297698974609375,0.708740234375,0.3994124523521929,0.6261060018435348,8192.0
inert,101,0.2,0.434661865234375,0.403533935546875,0.710205078125,0.7988249047043859,1.2522120036870692,8192.0
inert,101,0.3,0.4250335693359375,0.3939056396484375,0.7117919921875,1.1982373570565787,1.8783180055306032,8192.0
inert,101,0.4,0.4247283935546875,0.3936004638671875,0.7132568359375,1.5976498094087719,2.5044240073741384,8192.0
inert,101,0.5,0.40879058837890625,0.37766265869140625,0.716552734375,1.9970622617609648,3.1305300092176735,8192.0
inert,101,0.6,0.39539337158203125,0.36426544189453125,0.7222900390625,2.398062790580484,3.653456471769125,8192.0
inert,101,0.7000000000000001,0.39453887939453125,0.36341094970703125,0.7200927734375,2.7990633194000036,4.232775740341523,8192.0
inert,101,0.8,0.36089324951171875,0.32976531982421875,0.734619140625,3.200063848219523,4.821664517111449,8192.0
inert,101,0.9,0.34334564208984375,0.31221771240234375,0.738525390625,3.601064377039042,5.419035892872367,8192.0
inert,101,1.0,0.32004547119140625,0.28891754150390625,0.7529296875,4.002064905858561,6.014857111232387,8192.0
inert,101,1.1,0.30672454833984375,0.27559661865234375,0.76171875,4.3852285310283925,6.430881357510151,8192.0
inert,101,1.2,0.2928466796875,0.26171875,0.770751953125,4.7683921561982245,6.947258279443604,8192.0
inert,101,1.3,0.26360321044921875,0.23247528076171875,0.7855224609375,5.151555781368055,7.505480522247531,8192.0
inert,101,1.4000000000000001,0.24265289306640625,0.21152496337890625,0.793701171875,5.534719406537887,8.06763510514876,8192.0
inert,101,1.5,0.2129974365234375,0.1818695068359375,0.8089599609375,5.917883031707717,8.651538252554744,8192.0
inert,101,1.6,0.20110321044921875,0.16997528076171875,0.81640625,6.333904739971917,9.113085004871392,8192.0
inert,101,1.7,0.192626953125,0.1614990234375,0.8204345703125,6.749926448236117,9.560824922643654,8192.0
inert,101,1.8,0.17699432373046875,0.14586639404296875,0.8287353515625,7.165948156500315,10.066844741789193,8192.0
inert,101,1.9000000000000001,0.15904998779296875,0.12792205810546875,0.8370361328125,7.581969864764515,10.595279253943374,8192.0
inert,101,2.0,0.14310455322265625,0.11197662353515625,0.8486328125,7.997991573028714,11.158055878001324,8192.0
inert,101,2.1,0.133819580078125,0.102691650390625,0.8502197265625,8.403179577618555,11.567484671678734,8192.0
inert,101,2.2,0.1257781982421875,0.0946502685546875,0.859619140625,8.808367582208398,11.980691899763139,8192.0
inert,101,2.3000000000000003,0.10878753662109375,0.07765960693359375,0.86962890625,9.213555586798238,12.436278151512337,8192.0
inert,101,2.4,0.1029510498046875,0.0718231201171875,0.87255859375,9.618743591388078,12.949699302882243,8192.0
inert,101,2.5,0.09380340576171875,0.06267547607421875,0.8765869140625,10.02393159597792,13.466314677804455,8192.0
inert,101,2.6,0.0943145751953125,0.0631866455078125,0.87548828125,10.421073005718673,13.868817017343758,8192.0
inert,101,2.7,0.0891876220703125,0.0580596923828125,0.88134765625,10.818214415459426,14.313162981052535,8192.0
inert,101,2.8000000000000003,0.090728759765625,0.059600830078125,0.8826904296875,11.215355825200179,14.813398152478264,8192.0
inert,101,2.9,0.082122802734375,0.050994873046875,0.885498046875,11.612497234940932,15.320636023824955,8192.0
inert,101,3.0,0.0796661376953125,0.0485382080078125,0.88916015625,12.009638644681687,15.847966126752123,8192.0
inert,101,3.1,0.07976531982421875,0.04863739013671875,0.8837890625,12.407849518164703,16.271376545032425,8192.0
inert,101,3.2,0.07958221435546875,0.04845428466796875,0.8900146484375,12.80606039164772,16.716610727322838,8192.0
inert,101,3.3000000000000003,0.0757293701171875,0.0446014404296875,0.8900146484375,13.204271265130737,17.154843924596324,8192.0
inert,101,3.4,0.0759429931640625,0.0448150634765625,0.8892822265625,13.602482138613755,17.64764065919377,8192.0
inert,101,3.5,0.06512451171875,0.03399658203125,0.9000244140625,14.000693012096772,18.178389818035537,8192.0
inert,101,3.6,0.0646514892578125,0.0335235595703125,0.898193359375,14.394890283899716,18.569347220609362,8192.0
inert,101,3.7,0.0648651123046875,0.0337371826171875,0.8975830078125,14.789087555702661,19.018417907855305,8192.0
inert,101,3.8000000000000003,0.0552825927734375,0.0241546630859375,0.9061279296875,15.183284827505606,19.46757120998619,8192.0
inert,101,3.9,0.05692291259765625,0.02579498291015625,0.9036865234375,15.57748209930855,19.936963647279804,8192.0
inert,101,4.0,0.04900360107421875,0.01787567138671875,0.912109375,15.971679371111497,20.428829198789952,8192.0
inert,101,4.1,0.05336761474609375,0.02223968505859375,0.90869140625,16.37170269453585,20.83627185553463,8192.0
inert,101,4.2,0.05234527587890625,0.02121734619140625,0.9090576171875,16.771726017960205,21.257923931271776,8192.0
inert,101,4.3,0.05504608154296875,0.02391815185546875,0.9049072265625,17.17174934138456,21.73750265423329,8192.0
inert,101,4.4,0.05246734619140625,0.02133941650390625,0.9093017578125,17.57177266480891,22.20835176848012,8192.0
inert,101,4.5,0.05237579345703125,0.02124786376953125,0.907470703125,17.971795988233268,22.713918094404697,8192.0
inert,101,4.6000000000000005,0.04852294921875,0.01739501953125,0.9127197265625,18.37037312251824,23.11740207654936,8192.0
inert,101,4.7,0.04412841796875,0.01300048828125,0.9158935546875,18.768950256803212,23.57322690280591,8192.0
inert,101,4.8,0.04251861572265625,0.01139068603515625,0.918701171875,19.167527391088182,24.01168045104366,8192.0
inert,101,4.9,0.03903961181640625,0.00791168212890625,0.920654296875,19.566104525373152,24.4700701539,8192.0
inert,101,5.0,0.042205810546875,0.011077880859375,0.9178466796875,19.964681659658126,24.96381850999439,8192.0
inert,101,5.1000000000000005,0.04711151123046875,0.01598358154296875,0.916015625,20.36268925492277,25.389423712163005,8192.0
inert,101,5.2,0.04264068603515625,0.01151275634765625,0.917236328125,20.760696850187422,25.804665885219404,8192.0
inert,101,5.3,0.0424041748046875,0.0112762451171875,0.916015625,21.158704445452067,26.220364485839944,8192.0
inert,101,5.4,0.04218292236328125,0.01105499267578125,0.9171142578125,21.556712040716718,26.679176188581707,8192.0
inert,101,5.5,0.03830718994140625,0.00717926025390625,0.9195556640625,21.95471963598137,27.101444221015193,8192.0
inert,101,5.6000000000000005,0.03774261474609375,0.00661468505859375,0.923095703125,22.354994504926587,27.53025809647528,8192.0
inert,101,5.7,0.033905029296875,0.002777099609375,0.927001953125,22.755269373871812,28.001106677057827,8192.0
inert,101,5.8,0.03558349609375,0.00445556640625,0.92724609375,23.155544242817033,28.455083457911964,8192.0
inert,101,5.9,0.03232574462890625,0.00119781494140625,0.9283447265625,23.555819111762254,28.881233521655957,8192.0
inert,101,6.0,0.03240966796875,0.00128173828125,0.9278564453125,23.956093980707475,29.36909483803215,8192.0
inert,101,6.1000000000000005,0.03205108642578125,0.00092315673828125,0.9281005859375,24.35509134452751,29.770529738884736,8192.0
inert,101,6.2,0.0338592529296875,0.0027313232421875,0.9254150390625,24.754088708347535,30.17570484543983,8192.0
inert,101,6.3,0.03078460693359375,-0.00034332275390625,0.9298095703125,25.153086072167568,30.630536250352687,8192.0
inert,101,6.4,0.03076934814453125,-0.00035858154296875,0.9290771484375,25.552083435987594,31.101170185413544,8192.0
inert,101,6.5,0.026153564453125,-0.004974365234375,0.9337158203125,25.951080799807627,31.580034296007923,8192.0
inert,101,6.6000000000000005,0.02953338623046875,-0.00159454345703125,0.9296875,26.347431307699612,31.983673094817995,8192.0
inert,101,6.7,0.02559661865234375,-0.00553131103515625,0.935302734375,26.7437818155916,32.40371459253064,8192.0
inert,101,6.8,0.0318145751953125,0.0006866455078125,0.9281005859375,27.140132323483588,32.81328934262517,8192.0
inert,101,6.9,0.03005218505859375,-0.00107574462890625,0.9295654296875,27.536482831375572,33.24686816095901,8192.0
inert,101,7.0,0.02978515625,-0.0013427734375,0.93017578125,27.93283333926756,33.723015503934285,8192.0
inert,101,7.1000000000000005,0.027587890625,-0.0035400390625,0.935791015625,28.330907094347584,34.1313016387571,8192.0
inert,101,7.2,0.0327911376953125,0.0016632080078125,0.9276123046875,28.728980849427607,34.55894519725816,8192.0
inert,101,7.3,0.03134918212890625,0.00022125244140625,0.9322509765625,29.127054604507627,35.008131274087084,8192.0
inert,101,7.4,0.03086090087890625,-0.00026702880859375,0.9300537109375,29.525128359587647,35.50973851948188,8192.0
inert,101,7.5,0.0322113037109375,0.0010833740234375,0.9296875,29.923202114667674,35.96219514244584,8192.0
inert,101,7.6000000000000005,0.03383636474609375,0.00270843505859375,0.925537109375,30.31861893025181,36.39389190665011,8192.0
inert,101,7.7,0.0346527099609375,0.0035247802734375,0.9283447265625,30.714035745835943,36.85193078078147,8192.0
inert,101,7.8,0.03809356689453125,0.00696563720703125,0.922119140625,31.109452561420078,37.295537818277616,8192.0
inert,101,7.9,0.03197479248046875,0.00084686279296875,0.928466796875,31.50486937700422,37.74155157270465,8192.0
inert,101,8.0,0.03325653076171875,0.00212860107421875,0.9268798828125,31.900286192588354,38.20962777163364,8192.0
inert,102,0.0,0.4326324462890625,0.4015045166015625,0.7109375,0.0,0.0,8192.0
inert,102,0.1,0.43630218505859375,0.40517425537109375,0.710693359375,0.40092286448491415,0.626572133219839,8192.0
inert,102,0.2,0.43304443359375,0.40191650390625,0.7122802734375,0.8018457289698284,1.2531442664396775,8192.0
inert,102,0.3,0.4306182861328125,0.3994903564453125,0.713134765625,1.2027685934547425,1.8797163996595152,8192.0
inert,102,0.4,0.41837310791015625,0.38724517822265625,0.7174072265625,1.6036914579396564,2.506288532879354,8192.0
inert,102,0.5,0.41005706787109375,0.37892913818359375,0.7169189453125,2.0046143224245707,3.1328606660991927,8192.0
inert,102,0.6,0.40032958984375,0.36920166015625,0.724853515625,2.4064966493011775,3.6708963357835946,8192.0
inert,102,0.7000000000000001,0.3957672119140625,0.3646392822265625,0.7225341796875,2.808378976177784,4.249385480151243,8192.0
inert,102,0.8,0.38471221923828125,0.35358428955078125,0.728759765625,3.2102613030543905,4.842192229239865,8192.0
inert,102,0.9,0.3555755615234375,0.3244476318359375,0.7369384765625,3.6121436299309972,5.439151631329448,8192.0
inert,102,1.0,0.32465362548828125,0.29352569580078125,0.7510986328125,4.014025956807604,6.034729987111167,8192.0
inert,102,1.1,0.30694580078125,0.27581787109375,0.7623291015625,4.404892264472345,6.448779819329035,8192.0
inert,102,1.2,0.2774658203125,0.246337890625,0.7803955078125,4.7957585721370855,6.951065836741142,8192.0
inert,102,1.3,0.2556915283203125,0.2245635986328125,0.7896728515625,5.186624879801826,7.507713719936245,8192.0
inert,102,1.4000000000000001,0.23520660400390625,0.20407867431640625,0.7998046875,5.577491187466568,8.075729892223473,8192.0
inert,102,1.5,0.20928955078125,0.17816162109375,0.812744140625,5.9683574951313085,8.651556233077063,8192.0
inert,102,1.6,0.1969757080078125,0.1658477783203125,0.8251953125,6.36914028229393,9.114816088116518,8192.0
inert,102,1.7,0.19400787353515625,0.16287994384765625,0.8194580078125,6.769923069456551,9.598090780016088,8192.0
inert,102,1.8,0.192169189453125,0.161041259765625,0.8248291015625,7.170705856619174,10.129708282959184,8192.0
inert,102,1.9000000000000001,0.17855072021484375,0.14742279052734375,0.8280029296875,7.571488643781795,10.689361756427969,8192.0
inert,102,2.0,0.15924072265625,0.12811279296875,0.8402099609375,7.972271430944416,11.272725823141307,8192.0
inert,102,2.1,0.15232086181640625,0.12119293212890625,0.8447265625,8.372484409249926,11.61700138499216,8192.0
inert,102,2.2,0.1517486572265625,0.1206207275390625,0.8453369140625,8.772697387555434,12.036962075374253,8192.0
inert,102,2.3000000000000003,0.13372802734375,0.10260009765625,0.8533935546875,9.172910365860941,12.5145668861691,8192.0
inert,102,2.4,0.126678466796875,0.095550537109375,0.8616943359375,9.57312334416645,13.02506571308479,8192.0
inert,102,2.5,0.11495208740234375,0.08382415771484375,0.865478515625,9.973336322471958,13.547816255660674,8192.0
inert,102,2.6,0.111480712890625,0.080352783203125,0.867431640625,10.36860160392203,13.932280497849314,8192.0
inert,102,2.7,0.1079864501953125,0.0768585205078125,0.870361328125,10.763866885372103,14.399873179170022,8192.0
inert,102,2.8000000000000003,0.1059722900390625,0.0748443603515625,0.8712158203125,11.159132166822173,14.853186339162246,8192.0
inert,102,2.9,0.09552001953125,0.06439208984375,0.8759765625,11.554397448272244,15.318549204295108,8192.0
inert,102,3.0,0.08823394775390625,0.05710601806640625,0.88134765625,11.949662729722316,15.826746360078081,8192.0
inert,102,3.1,0.0895538330078125,0.0584259033203125,0.88232421875,12.351719750812897,16.21970713522068,8192.0
inert,102,3.2,0.085418701171875,0.054290771484375,0.8876953125,12.753776771903482,16.64769306960134,8192.0
inert,102,3.3000000000000003,0.08139801025390625,0.05027008056640625,0.8878173828125,13.155833792994063,17.087494635851602,8192.0
inert,102,3.4,0.081085205078125,0.049957275390625,0.8896484375,13.557890814084645,17.573773676151927,8192.0
inert,102,3.5,0.073974609375,0.0428466796875,0.89404296875,13.959947835175228,18.071388576210733,8192.0
inert,102,3.6,0.07006072998046875,0.03893280029296875,0.8955078125,14.363367887456242,18.48349080993932,8192.0
inert,102,3.7,0.06609344482421875,0.03496551513671875,0.9013671875,14.76678793973726,18.902991402592388,8192.0
inert,102,3.8000000000000003,0.06211090087890625,0.03098297119140625,0.90234375,15.170207992018273,19.344146973019086,8192.0
inert,102,3.9,0.0582427978515625,0.0271148681640625,0.90185546875,15.573628044299289,19.81508195016636,8192.0
inert,102,4.0,0.0529327392578125,0.0218048095703125,0.90673828125,15.977048096580303,20.330500727017856,8192.0
inert,102,4.1,0.05242919921875,0.02130126953125,0.910888671875,16.37973613453071,20.708092562820852,8192.0
inert,102,4.2,0.05059814453125,0.01947021484375,0.9090576171875,16.782424172481115,21.147898347699115,8192.0
inert,102,4.3,0.04674530029296875,0.01561737060546875,0.9171142578125,17.185112210431523,21.62566397384752,8192.0
inert,102,4.4,0.05007171630859375,0.01894378662109375,0.9111328125,17.587800248381928,22.09820942568772,8192.0
inert,102,4.5,0.04782867431640625,0.01670074462890625,0.9130859375,17.990488286332337,22.58487149605236,8192.0
inert,102,4.6000000000000005,0.05469512939453125,0.02356719970703125,0.908203125,18.38583934186051,23.031417639554014,8192.0
inert,102,4.7,0.0493316650390625,0.0182037353515625,0.9102783203125,18.781190397388677,23.423835319640315,8192.0
inert,102,4.8,0.04906463623046875,0.01793670654296875,0.9146728515625,19.176541452916847,23.86181824477452,8192.0
inert,102,4.9,0.0564727783203125,0.0253448486328125,0.90478515625,19.571892508445018,24.33848119316768,8192.0
inert,102,5.0,0.052276611328125,0.021148681640625,0.910400390625,19.96724356397319,24.830497309476527,8192.0
inert,102,5.1000000000000005,0.0498504638671875,0.0187225341796875,0.9095458984375,20.372198456452104,25.230424721572696,8192.0
inert,102,5.2,0.0470428466796875,0.0159149169921875,0.9156494140625,20.777153348931016,25.652396764687317,8192.0
inert,102,5.3,0.0495758056640625,0.0184478759765625,0.91162109375,21.182108241409935,26.129990521551782,8192.0
inert,102,5.4,0.046417236328125,0.015289306640625,0.9178466796875,21.587063133888847,26.546189919815763,8192.0
inert,102,5.5,0.049102783203125,0.017974853515625,0.912841796875,21.99201802636776,27.060460591749415,8192.0
inert,102,5.6000000000000005,0.04534149169921875,0.01421356201171875,0.918212890625,22.39087911043435,27.449884115605236,8192.0
inert,102,5.7,0.0431976318359375,0.0120697021484375,0.919921875,22.789740194500947,27.855783022682818,8192.0
inert,102,5.8,0.04337310791015625,0.01224517822265625,0.91748046875,23.18860127856754,28.341542774468596,8192.0
inert,102,5.9,0.04055023193359375,0.00942230224609375,0.9197998046875,23.587462362634135,28.804146773276845,8192.0
inert,102,6.0,0.03839111328125,0.00726318359375,0.92138671875,23.986323446700723,29.287357153876147,8192.0
inert,102,6.1000000000000005,0.04109954833984375,0.00997161865234375,0.9210205078125,24.391450498736276,29.734686434058016,8192.0
inert,102,6.2,0.03820037841796875,0.00707244873046875,0.9219970703125,24.79657755077183,30.151985188924645,8192.0
inert,102,6.3,0.0392608642578125,0.0081329345703125,0.92236328125,25.201704602807382,30.616073325689673,8192.0
inert,102,6.4,0.0385589599609375,0.0074310302734375,0.923095703125,25.60683165484293,31.12229498455357,8192.0
inert,102,6.5,0.03726959228515625,0.00614166259765625,0.920166015625,26.01195870687848,31.60897904476548,8192.0
inert,102,6.6000000000000005,0.0402679443359375,0.0091400146484375,0.9178466796875,26.4115221610459,32.02261888003198,8192.0
inert,102,6.7,0.03839111328125,0.00726318359375,0.9207763671875,26.811085615213326,32.46143768669986,8192.0
inert,102,6.8,0.04045867919921875,0.00933074951171875,0.9205322265625,27.21064906938075,32.88868150023105,8192.0
inert,102,6.9,0.03631591796875,0.00518798828125,0.925048828125,27.61021252354817,33.33911555625443,8192.0
inert,102,7.0,0.03940582275390625,0.00827789306640625,0.920654296875,28.009775977715595,33.80988023680682,8192.0
inert,102,7.1000000000000005,0.0364532470703125,0.0053253173828125,0.9248046875,28.40691998783989,34.23194250913872,8192.0
inert,102,7.2,0.0370025634765625,0.0058746337890625,0.9248046875,28.804063997964185,34.66790861454354,8192.0
inert,102,7.3,0.03865814208984375,0.00753021240234375,0.922119140625,29.20120800808848,35.08025333414079,8192.0
inert,102,7.4,0.038787841796875,0.007659912109375,0.92138671875,29.598352018212772,35.51176057424553,8192.0
inert,102,7.5,0.0363311767578125,0.0052032470703125,0.923828125,29.995496028337065,35.99588147556783,8192.0
inert,102,7.6000000000000005,0.0371551513671875,0.0060272216796875,0.921142578125,30.3966504923182,36.415354035189885,8192.0
inert,102,7.7,0.03308868408203125,0.00196075439453125,0.9273681640625,30.797804956299338,36.82220820884526,8192.0
inert,102,7.8,0.03485870361328125,0.00373077392578125,0.9290771484375,31.198959420280477,37.24909325123781,8192.0
inert,102,7.9,0.0305023193359375,-0.0006256103515625,0.9307861328125,31.60011388426161,37.73105492781945,8192.0
inert,102,8.0,0.03330230712890625,0.00217437744140625,0.9281005859375,32.00126834824275,38.18215649127374,8192.0
inert,103,0.0,0.4463958740234375,0.4152679443359375,0.706787109375,0.0,0.0,8192.0
inert,103,0.1,0.44127655029296875,0.41014862060546875,0.7047119140625,0.40274929136172427,0.6263664959538898,8192.0
inert,103,0.2,0.44396209716796875,0.41283416748046875,0.7066650390625,0.8054985827234484,1.2527329919077794,8192.0
inert,103,0.3,0.43375396728515625,0.40262603759765625,0.70751953125,1.2082478740851728,1.8790994878616691,8192.0
inert,103,0.4,0.42646026611328125,0.39533233642578125,0.7117919921875,1.6109971654468969,2.5054659838155593,8192.0
inert,103,0.5,0.41417694091796875,0.38304901123046875,0.7159423828125,2.013746456808621,3.13183247976945,8192.0
inert,103,0.6,0.40765380859375,0.37652587890625,0.7166748046875,2.4169751596228233,3.6688274458718557,8192.0
inert,103,0.7000000000000001,0.40592193603515625,0.37479400634765625,0.715576171875,2.820203862437025,4.254593182364734,8192.0
inert,103,0.8,0.3731842041015625,0.3420562744140625,0.7283935546875,3.223432565251228,4.856348651589962,8192.0
inert,103,0.9,0.363128662109375,0.332000732421875,0.7354736328125,3.6266612680654298,5.4543107349997255,8192.0
inert,103,1.0,0.32407379150390625,0.29294586181640625,0.7490234375,4.029889970879632,6.060836700531108,8192.0
inert,103,1.1,0.329986572265625,0.298858642578125,0.75244140625,4.403720199342381,6.497400902974757,8192.0
inert,103,1.2,0.31143951416015625,0.28031158447265625,0.7613525390625,4.77755042780513,6.995006794850014,8192.0
inert,103,1.3,0.29430389404296875,0.26317596435546875,0.768310546875,5.151380656267879,7.522775376207136,8192.0
inert,103,1.4000000000000001,0.2642974853515625,0.2331695556640625,0.78759765625,5.525210884730629,8.089979343224243,8192.0
inert,103,1.5,0.2572021484375,0.22607421875,0.7894287109375,5.899041113193378,8.646636453257432,8192.0
inert,103,1.6,0.2565460205078125,0.2254180908203125,0.789794921875,6.297517822239451,9.095913250943985,8192.0
inert,103,1.7,0.22122955322265625,0.19010162353515625,0.80859375,6.695994531285525,9.55517704820222,8192.0
inert,103,1.8,0.2061614990234375,0.1750335693359375,0.8167724609375,7.094471240331597,10.062194943113665,8192.0
inert,103,1.9000000000000001,0.1870269775390625,0.1558990478515625,0.8255615234375,7.492947949377671,10.593616199377173,8192.0
inert,103,2.0,0.17275238037109375,0.14162445068359375,0.829833984375,7.891424658423743,11.135729583558875,8192.0
inert,103,2.1,0.1756744384765625,0.1445465087890625,0.8280029296875,8.309783905952239,11.553960735339091,8192.0
inert,103,2.2,0.158172607421875,0.127044677734375,0.840087890625,8.728143153480737,12.009401933097426,8192.0
inert,103,2.3000000000000003,0.14888763427734375,0.11775970458984375,0.8426513671875,9.146502401009233,12.490281135965073,8192.0
inert,103,2.4,0.1300201416015625,0.0988922119140625,0.8526611328125,9.564861648537729,12.99450768333364,8192.0
inert,103,2.5,0.11837005615234375,0.08724212646484375,0.8604736328125,9.983220896066225,13.521246313896244,8192.0
inert,103,2.6,0.1053466796875,0.07421875,0.8702392578125,10.374549270492476,13.940295616360093,8192.0
inert,103,2.7,0.1062164306640625,0.0750885009765625,0.869140625,10.76587764491873,14.384435697021315,8192.0
inert,103,2.8000000000000003,0.0969085693359375,0.0657806396484375,0.8736572265625,11.157206019344981,14.87424810426558,8192.0
inert,103,2.9,0.09444427490234375,0.06331634521484375,0.877197265625,11.548534393771234,15.357404546618925,8192.0
inert,103,3.0,0.0877532958984375,0.0566253662109375,0.8836669921875,11.939862768197488,15.861010733752686,8192.0
inert,103,3.1,0.081634521484375,0.050506591796875,0.885009765625,12.335683040231107,16.284657532764516,8192.0
inert,103,3.2,0.081573486328125,0.050445556640625,0.8890380859375,12.73150331226473,16.711866373916525,8192.0
inert,103,3.3000000000000003,0.07818603515625,0.04705810546875,0.8885498046875,13.127323584298352,17.12484062387906,8192.0
inert,103,3.4,0.07579803466796875,0.04467010498046875,0.8941650390625,13.523143856331973,17.594001028276974,8192.0
inert,103,3.5,0.06943511962890625,0.03830718994140625,0.896728515625,13.918964128365594,18.084251692742345,8192.0
inert,103,3.6,0.06264495849609375,0.03151702880859375,0.9039306640625,14.31689769394201,18.504213702344817,8192.0
inert,103,3.7,0.07102203369140625,0.03989410400390625,0.89453125,14.714831259518427,18.965546761378103,8192.0
inert,103,3.8000000000000003,0.06298065185546875,0.03185272216796875,0.9027099609375,15.112764825094843,19.42087505651372,8192.0
inert,103,3.9,0.0650482177734375,0.0339202880859375,0.8995361328125,15.510698390671259,19.917059188205094,8192.0
inert,103,4.0,0.05859375,0.0274658203125,0.907958984375,15.908631956247675,20.435840573928676,8192.0
inert,103,4.1,0.0511932373046875,0.0200653076171875,0.914306640625,16.307599665725785,20.819593387497434,8192.0
inert,103,4.2,0.0479278564453125,0.0167999267578125,0.9130859375,16.7065673752039,21.244046459660833,8192.0
inert,103,4.3,0.0494537353515625,0.0183258056640625,0.917236328125,17.10553508468201,21.705447894073927,8192.0
inert,103,4.4,0.048980712890625,0.017852783203125,0.9117431640625,17.50450279416012,22.182403913553866,8192.0
inert,103,4.5,0.05104827880859375,0.01992034912109375,0.9132080078125,17.903470503638232,22.677945591914177,8192.0
inert,103,4.6000000000000005,0.05055999755859375,0.01943206787109375,0.9136962890625,18.30486030501872,23.077887591272944,8192.0
inert,103,4.7,0.05055999755859375,0.01943206787109375,0.9127197265625,18.70625010639921,23.53530182770028,8192.0
inert,103,4.8,0.0444183349609375,0.0132904052734375,0.9171142578125,19.107639907779696,23.98893176077267,8192.0
inert,103,4.9,0.0428619384765625,0.0117340087890625,0.9197998046875,19.509029709160185,24.442328918111105,8192.0
inert,103,5.0,0.04131317138671875,0.01018524169921875,0.9202880859375,19.91041951054067,24.91404012628821,8192.0
inert,103,5.1000000000000005,0.04248809814453125,0.01136016845703125,0.91650390625,20.312543548459793,25.362985047878013,8192.0
inert,103,5.2,0.04064178466796875,0.00951385498046875,0.9210205078125,20.71466758637891,25.747953816114766,8192.0
inert,103,5.3,0.04009246826171875,0.00896453857421875,0.9197998046875,21.11679162429803,26.197498988924927,8192.0
inert,103,5.4,0.03897857666015625,0.00785064697265625,0.9248046875,21.518915662217147,26.666929692114035,8192.0
inert,103,5.5,0.03791046142578125,0.00678253173828125,0.9229736328125,21.92103970013627,27.172621801642972,8192.0
inert,103,5.6000000000000005,0.041595458984375,0.010467529296875,0.9185791015625,22.320083715033157,27.57168842840511,8192.0
inert,103,5.7,0.0378570556640625,0.0067291259765625,0.923583984375,22.719127729930047,28.00526900865742,8192.0
inert,103,5.8,0.0381927490234375,0.0070648193359375,0.9237060546875,23.118171744826938,28.465194890738964,8192.0
inert,103,5.9,0.039337158203125,0.008209228515625,0.9202880859375,23.517215759723832,28.918323190432268,8192.0
inert,103,6.0,0.0404815673828125,0.0093536376953125,0.918701171875,23.91625977462072,29.377274262639233,8192.0
inert,103,6.1000000000000005,0.04033660888671875,0.00920867919921875,0.920166015625,24.319063870524985,29.795178570941253,8192.0
inert,103,6.2,0.0384063720703125,0.0072784423828125,0.9234619140625,24.72186796642925,30.234992511727118,8192.0
inert,103,6.3,0.038543701171875,0.007415771484375,0.9229736328125,25.124672062333516,30.639057865879078,8192.0
inert,103,6.4,0.037200927734375,0.006072998046875,0.92236328125,25.527476158237782,31.07013454916207,8192.0
inert,103,6.5,0.0361480712890625,0.0050201416015625,0.92578125,25.93028025414205,31.560753197844598,8192.0
inert,103,6.6000000000000005,0.0355682373046875,0.0044403076171875,0.9259033203125,26.33132278937034,32.00233774884391,8192.0
inert,103,6.7,0.0343780517578125,0.0032501220703125,0.927490234375,26.732365324598632,32.44384000336445,8192.0
inert,103,6.8,0.03325653076171875,0.00212860107421875,0.927734375,27.133407859826924,32.89149991940601,8192.0
inert,103,6.9,0.03556060791015625,0.00443267822265625,0.924560546875,27.534450395055217,33.355300576375434,8192.0
inert,103,7.0,0.03250885009765625,0.00138092041015625,0.92724609375,27.93549293028351,33.81981766820589,8192.0
inert,103,7.1000000000000005,0.03466033935546875,0.00353240966796875,0.9276123046875,28.334216914630577,34.20596048915318,8192.0
inert,103,7.2,0.0357208251953125,0.0045928955078125,0.9249267578125,28.732940898977645,34.62708509130955,8192.0
inert,103,7.3,0.0353851318359375,0.0042572021484375,0.926513671875,29.131664883324717,35.08905723896643,8192.0
inert,103,7.4,0.03174591064453125,0.00061798095703125,0.9273681640625,29.53038886767179,35.5515848713488,8192.0
inert,103,7.5,0.03331756591796875,0.00218963623046875,0.92578125,29.929112852018857,36.02279437878897,8192.0
inert,103,7.6000000000000005,0.03399658203125,0.00286865234375,0.9268798828125,30.330780211653867,36.43187036333928,8192.0
inert,103,7.7,0.03125,0.0001220703125,0.9306640625,30.73244757128888,36.90201026549143,8192.0
inert,103,7.8,0.0305938720703125,-0.0005340576171875,0.931640625,31.134114930923893,37.325787779048994,8192.0
inert,103,7.9,0.0345306396484375,0.0034027099609375,0.927490234375,31.5357822905589,37.79605111083761,8192.0
inert,103,8.0,0.031982421875,0.0008544921875,0.929931640625,31.937449650193916,38.28427394467289,8192.0
inert,104,0.0,0.42022705078125,0.38909912109375,0.71435546875,0.0,0.0,8192.0
inert,104,0.1,0.4168548583984375,0.3857269287109375,0.715576171875,0.3931503068893072,0.6261619590068054,8192.0
inert,104,0.2,0.41722869873046875,0.38610076904296875,0.7154541015625,0.7863006137786144,1.2523239180136103,8192.0
inert,104,0.3,0.408721923828125,0.377593994140625,0.7174072265625,1.1794509206679216,1.878485877020415,8192.0
inert,104,0.4,0.40869903564453125,0.37757110595703125,0.7174072265625,1.5726012275572288,2.5046478360272215,8192.0
inert,104,0.5,0.398193359375,0.3670654296875,0.7218017578125,1.965751534446536,3.130809795034028,8192.0
inert,104,0.6,0.38355255126953125,0.35242462158203125,0.7271728515625,2.3659535608259565,3.65602305486722,8192.0
inert,104,0.7000000000000001,0.3733978271484375,0.3422698974609375,0.7298583984375,2.766155587205377,4.233967625240207,8192.0
inert,104,0.8,0.3582611083984375,0.3271331787109375,0.7318115234375,3.1663576135847973,4.825095062776979,8192.0
inert,104,0.9,0.3424072265625,0.311279296875,0.7431640625,3.566559639964218,5.422130751447428,8192.0
inert,104,1.0,0.31594085693359375,0.28481292724609375,0.7542724609375,3.966761666343638,6.024935279092975,8192.0
inert,104,1.1,0.312408447265625,0.281280517578125,0.758544921875,4.388198352976116,6.3786565792895455,8192.0
inert,104,1.2,0.28221893310546875,0.25109100341796875,0.771240234375,4.809635039608594,6.8362363181239205,8192.0
inert,104,1.3,0.26889801025390625,0.23777008056640625,0.78271484375,5.231071726241073,7.3851318229811636,8192.0
inert,104,1.4000000000000001,0.24593353271484375,0.21480560302734375,0.7943115234375,5.6525084128735505,7.952916416133218,8192.0
inert,104,1.5,0.2273101806640625,0.1961822509765625,0.804931640625,6.0739450995060285,8.534085370560957,8192.0
inert,104,1.6,0.21894073486328125,0.18781280517578125,0.8094482421875,6.475743055637479,8.932362010948022,8192.0
inert,104,1.7,0.20262908935546875,0.17150115966796875,0.8131103515625,6.877541011768929,9.384712698582653,8192.0
inert,104,1.8,0.18555450439453125,0.15442657470703125,0.828125,7.2793389679003795,9.873711099289817,8192.0
inert,104,1.9000000000000001,0.16716766357421875,0.13603973388671875,0.8328857421875,7.681136924031829,10.397116493453316,8192.0
inert,104,2.0,0.15032958984375,0.11920166015625,0.8438720703125,8.082934880163279,10.948830242796275,8192.0
inert,104,2.1,0.14722442626953125,0.11609649658203125,0.84716796875,8.473515799244264,11.386649875088963,8192.0
inert,104,2.2,0.13751220703125,0.10638427734375,0.8526611328125,8.864096718325253,11.84947782341151,8192.0
inert,104,2.3000000000000003,0.12744140625,0.0963134765625,0.859130859375,9.254677637406239,12.352621755871166,8192.0
inert,104,2.4,0.1145782470703125,0.0834503173828125,0.8697509765625,9.645258556487228,12.892715238838196,8192.0
inert,104,2.5,0.11334991455078125,0.08222198486328125,0.8641357421875,10.035839475568215,13.4370292093466,8192.0
inert,104,2.6,0.10840606689453125,0.07727813720703125,0.87060546875,10.433593308783442,13.867428066530278,8192.0
inert,104,2.7,0.109954833984375,0.078826904296875,0.8636474609375,10.83134714199867,14.288221978870617,8192.0
inert,104,2.8000000000000003,0.09358978271484375,0.06246185302734375,0.87744140625,11.229100975213896,14.731818684563523,8192.0
inert,104,2.9,0.0915679931640625,0.0604400634765625,0.877197265625,11.626854808429124,15.233412072915614,8192.0
inert,104,3.0,0.09175872802734375,0.06063079833984375,0.88037109375,12.024608641644353,15.768720358762806,8192.0
inert,104,3.1,0.088226318359375,0.057098388671875,0.881591796875,12.42985034238972,16.166029575803716,8192.0
inert,104,3.2,0.0873260498046875,0.0561981201171875,0.8817138671875,12.835092043135086,16.635084220668496,8192.0
inert,104,3.3000000000000003,0.08422088623046875,0.05309295654296875,0.884765625,13.240333743880456,17.080601722933064,8192.0
inert,104,3.4,0.07846832275390625,0.04734039306640625,0.886962890625,13.645575444625823,17.58070451477397,8192.0
inert,104,3.5,0.06952667236328125,0.03839874267578125,0.8968505859375,14.050817145371191,18.096181010192637,8192.0
inert,104,3.6,0.0673980712890625,0.0362701416015625,0.90087890625,14.449788865820594,18.507285621299097,8192.0
inert,104,3.7,0.06824493408203125,0.03711700439453125,0.8978271484375,14.848760586269993,18.922099236752363,8192.0
inert,104,3.8000000000000003,0.06227874755859375,0.03115081787109375,0.901611328125,15.247732306719394,19.384048073591686,8192.0
inert,104,3.9,0.06082916259765625,0.02970123291015625,0.90380859375,15.646704027168795,19.852154467319185,8192.0
inert,104,4.0,0.0572357177734375,0.0261077880859375,0.905517578125,16.045675747618198,20.344752893983806,8192.0
inert,104,4.1,0.06154632568359375,0.03041839599609375,0.90234375,16.450440508344514,20.769633785294932,8192.0
inert,104,4.2,0.05384063720703125,0.02271270751953125,0.90869140625,16.85520526907083,21.212448219331282,8192.0
inert,104,4.3,0.0558013916015625,0.0246734619140625,0.906494140625,17.259970029797145,21.6764855183815,8192.0
inert,104,4.4,0.05190277099609375,0.02077484130859375,0.91015625,17.66473479052346,22.183925194037517,8192.0
inert,104,4.5,0.048095703125,0.0169677734375,0.913818359375,18.069499551249777,22.697199101934753,8192.0
inert,104,4.6000000000000005,0.0440521240234375,0.0129241943359375,0.915771484375,18.471530376137135,23.08500548612899,8192.0
inert,104,4.7,0.04438018798828125,0.01325225830078125,0.9140625,18.873561201024494,23.51374698097421,8192.0
inert,104,4.8,0.0489349365234375,0.0178070068359375,0.909423828125,19.275592025911855,23.972552116362493,8192.0
inert,104,4.9,0.04586029052734375,0.01473236083984375,0.912353515625,19.677622850799214,24.43711542951943,8192.0
inert,104,5.0,0.0429840087890625,0.0118560791015625,0.9200439453125,20.079653675686572,24.93322022804535,8192.0
inert,104,5.1000000000000005,0.042266845703125,0.011138916015625,0.919189453125,20.481208073941456,25.320714381250806,8192.0
inert,104,5.2,0.04317474365234375,0.01204681396484375,0.918701171875,20.882762472196347,25.74068286922073,8192.0
inert,104,5.3,0.03725433349609375,0.00612640380859375,0.92578125,21.28431687045123,26.193602613299888,8192.0
inert,104,5.4,0.03533172607421875,0.00420379638671875,0.9266357421875,21.68587126870612,26.639585754982722,8192.0
inert,104,5.5,0.04076385498046875,0.00963592529296875,0.9207763671875,22.087425666961007,27.11474053844412,8192.0
inert,104,5.6000000000000005,0.04111480712890625,0.00998687744140625,0.92138671875,22.488672633590664,27.519350376759604,8192.0
inert,104,5.7,0.0399322509765625,0.0088043212890625,0.9193115234375,22.889919600220324,27.93904595744158,8192.0
inert,104,5.8,0.03566741943359375,0.00453948974609375,0.927001953125,23.29116656684998,28.41722299957906,8192.0
inert,104,5.9,0.0342864990234375,0.0031585693359375,0.92529296875,23.69241353347964,28.8834469639205,8192.0
inert,104,6.0,0.03520965576171875,0.00408172607421875,0.924072265625,24.0936605001093,29.380172299427247,8192.0
inert,104,6.1000000000000005,0.03326416015625,0.00213623046875,0.9290771484375,24.494782204997342,29.807768174608803,8192.0
inert,104,6.2,0.03631591796875,0.00518798828125,0.9232177734375,24.895903909885387,30.21853119892733,8192.0
inert,104,6.3,0.03223419189453125,0.00110626220703125,0.9295654296875,25.297025614773432,30.670255967209027,8192.0
inert,104,6.4,0.0325927734375,0.00146484375,0.929443359375,25.698147319661473,31.159516633189927,8192.0
inert,104,6.5,0.0313873291015625,0.0002593994140625,0.929443359375,26.099269024549518,31.645202385306064,8192.0
inert,104,6.6000000000000005,0.0305328369140625,-0.0005950927734375,0.92919921875,26.49741757369233,32.0356562133075,8192.0
inert,104,6.7,0.0294952392578125,-0.0016326904296875,0.9317626953125,26.89556612283515,32.46039953478952,8192.0
inert,104,6.8,0.03183746337890625,0.00070953369140625,0.9288330078125,27.293714671977963,32.91989132872129,8192.0
inert,104,6.9,0.02779388427734375,-0.00333404541015625,0.9344482421875,27.691863221120776,33.38310466465071,8192.0
inert,104,7.0,0.03173828125,0.0006103515625,0.9307861328125,28.090011770263594,33.85149633281038,8192.0
inert,104,7.1000000000000005,0.034820556640625,0.003692626953125,0.9267578125,28.49122379320171,34.236286381022666,8192.0
inert,104,7.2,0.0327606201171875,0.0016326904296875,0.9296875,28.892435816139823,34.67870202738801,8192.0
inert,104,7.3,0.03479766845703125,0.00366973876953125,0.9256591796875,29.29364783907794,35.06125871624247,8192.0
inert,104,7.4,0.03177642822265625,0.00064849853515625,0.9315185546875,29.694859862016052,35.53254528419951,8192.0
inert,104,7.5,0.03478240966796875,0.00365447998046875,0.9256591796875,30.09607188495417,36.01797427318473,8192.0
inert,104,7.6000000000000005,0.0287628173828125,-0.0023651123046875,0.9344482421875,30.498807033990403,36.41816358126482,8192.0
inert,104,7.7,0.0328826904296875,0.0017547607421875,0.9276123046875,30.901542183026635,36.85468957186276,8192.0
inert,104,7.8,0.02850341796875,-0.00262451171875,0.933837890625,31.304277332062867,37.30755274262891,8192.0
inert,104,7.9,0.031890869140625,0.000762939453125,0.93017578125,31.7070124810991,37.765460664184715,8192.0
inert,104,8.0,0.02809906005859375,-0.00302886962890625,0.9326171875,32.10974763013534,38.244650157534544,8192.0
inert,105,0.0,0.41552734375,0.3843994140625,0.717041015625,0.0,0.0,8192.0
inert,105,0.1,0.41657257080078125,0.38544464111328125,0.716552734375,0.40321210705851507,0.6266326772256459,8192.0
inert,105,0.2,0.41365814208984375,0.38253021240234375,0.7181396484375,0.8064242141170301,1.2532653544512915,8192.0
inert,105,0.3,0.409088134765625,0.377960205078125,0.7181396484375,1.2096363211755452,1.879898031676937,8192.0
inert,105,0.4,0.400604248046875,0.369476318359375,0.725830078125,1.6128484282340603,2.5065307089025812,8192.0
inert,105,0.5,0.3929290771484375,0.3618011474609375,0.7279052734375,2.016060535292575,3.1331633861282255,8192.0
inert,105,0.6,0.38278961181640625,0.35166168212890625,0.7286376953125,2.4149810069767756,3.6668529764656284,8192.0
inert,105,0.7000000000000001,0.36980438232421875,0.33867645263671875,0.7342529296875,2.8139014786609757,4.246092722931334,8192.0
inert,105,0.8,0.351348876953125,0.320220947265625,0.74267578125,3.2128219503451763,4.8371790921316435,8192.0
inert,105,0.9,0.32234954833984375,0.29122161865234375,0.7548828125,3.6117424220293763,5.433435532707959,8192.0
inert,105,1.0,0.29541778564453125,0.26428985595703125,0.767578125,4.010662893713576,6.031512661992256,8192.0
inert,105,1.1,0.3005523681640625,0.2694244384765625,0.7615966796875,4.414500223962012,6.47149456865023,8192.0
inert,105,1.2,0.26451873779296875,0.23339080810546875,0.7884521484375,4.818337554210447,6.98521812582322,8192.0
inert,105,1.3,0.23476409912109375,0.20363616943359375,0.799072265625,5.222174884458882,7.50554886506613,8192.0
inert,105,1.4000000000000001,0.21131134033203125,0.18018341064453125,0.810302734375,5.626012214707318,8.047288663966357,8192.0
inert,105,1.5,0.19422149658203125,0.16309356689453125,0.8197021484375,6.029849544955753,8.604914045269677,8192.0
inert,105,1.6,0.19934844970703125,0.16822052001953125,0.820068359375,6.427638214094398,8.907005857659849,8192.0
inert,105,1.7,0.1805419921875,0.1494140625,0.827392578125,6.825426883233044,9.256467077137643,8192.0
inert,105,1.8,0.171539306640625,0.140411376953125,0.831298828125,7.223215552371689,9.717988729293078,8192.0
inert,105,1.9000000000000001,0.149749755859375,0.118621826171875,0.8408203125,7.621004221510335,10.207053731792168,8192.0
inert,105,2.0,0.14640045166015625,0.11527252197265625,0.8466796875,8.018792890648978,10.741023946737176,8192.0
inert,105,2.1,0.13570404052734375,0.10457611083984375,0.8499755859375,8.422594303844665,11.227548089456977,8192.0
inert,105,2.2,0.13311767578125,0.10198974609375,0.84814453125,8.826395717040349,11.697850420996108,8192.0
inert,105,2.3000000000000003,0.12993621826171875,0.09880828857421875,0.8541259765625,9.230197130236032,12.234804085893822,8192.0
inert,105,2.4,0.11603546142578125,0.08490753173828125,0.860107421875,9.63399854343172,12.773361309825015,8192.0
inert,105,2.5,0.10776519775390625,0.07663726806640625,0.86962890625,10.037799956627401,13.312007805369657,8192.0
inert,105,2.6,0.1000518798828125,0.0689239501953125,0.876708984375,10.444081690855338,13.741624651597006,8192.0
inert,105,2.7,0.09665679931640625,0.06552886962890625,0.8768310546875,10.850363425083273,14.208417002507462,8192.0
inert,105,2.8000000000000003,0.09389495849609375,0.06276702880859375,0.876220703125,11.256645159311207,14.709405243839543,8192.0
inert,105,2.9,0.08589935302734375,0.05477142333984375,0.885009765625,11.662926893539144,15.204834041889443,8192.0
inert,105,3.0,0.0837860107421875,0.0526580810546875,0.8857421875,12.069208627767077,15.732098430581306,8192.0
inert,105,3.1,0.08966064453125,0.05853271484375,0.8814697265625,12.473278905205486,16.14851453885729,8192.0
inert,105,3.2,0.0803070068359375,0.0491790771484375,0.888427734375,12.877349182643893,16.5786118004134,8192.0
inert,105,3.3000000000000003,0.08429718017578125,0.05316925048828125,0.8868408203125,13.2814194600823,17.082938004160862,8192.0
inert,105,3.4,0.070556640625,0.0394287109375,0.894775390625,13.685489737520708,17.534143553014648,8192.0
inert,105,3.5,0.077392578125,0.0462646484375,0.888671875,14.089560014959115,18.0470702399458,8192.0
inert,105,3.6,0.07037353515625,0.03924560546875,0.8936767578125,14.481363136940331,18.46555960718552,8192.0
inert,105,3.7,0.06587982177734375,0.03475189208984375,0.89892578125,14.873166258921549,18.894111754376347,8192.0
inert,105,3.8000000000000003,0.065032958984375,0.033905029296875,0.8974609375,15.264969380902762,19.365761515651048,8192.0
inert,105,3.9,0.06522369384765625,0.03409576416015625,0.901123046875,15.65677250288398,19.814870989834077,8192.0
inert,105,4.0,0.064208984375,0.0330810546875,0.8984375,16.048575624865197,20.330218071363625,8192.0
inert,105,4.1,0.06240081787109375,0.03127288818359375,0.901611328125,16.45452527444658,20.73465685005635,8192.0
inert,105,4.2,0.06235504150390625,0.03122711181640625,0.8994140625,16.860474924027965,21.17943952239101,8192.0
inert,105,4.3,0.05866241455078125,0.02753448486328125,0.90380859375,17.26642457360935,21.617437473087612,8192.0
inert,105,4.4,0.05799102783203125,0.02686309814453125,0.904052734375,17.672374223190737,22.089048912683996,8192.0
inert,105,4.5,0.05608367919921875,0.02495574951171875,0.9041748046875,18.078323872772117,22.587594786529014,8192.0
inert,105,4.6000000000000005,0.05904388427734375,0.02791595458984375,0.90380859375,18.47925548540753,23.01955656707316,8192.0
inert,105,4.7,0.05632781982421875,0.02519989013671875,0.906982421875,18.88018709804294,23.45746938995251,8192.0
inert,105,4.8,0.056671142578125,0.025543212890625,0.9041748046875,19.281118710678342,23.93052905115062,8192.0
inert,105,4.9,0.0545654296875,0.0234375,0.90966796875,19.682050323313753,24.418597078666988,8192.0
inert,105,5.0,0.04940032958984375,0.01827239990234375,0.9110107421875,20.082981935949164,24.871399223531128,8192.0
inert,105,5.1000000000000005,0.0450286865234375,0.0139007568359375,0.91650390625,20.489888491973083,25.252950646713302,8192.0
inert,105,5.2,0.04904937744140625,0.01792144775390625,0.9093017578125,20.896795047997003,25.665021858733166,8192.0
inert,105,5.3,0.04590606689453125,0.01477813720703125,0.912109375,21.303701604020922,26.132733322676835,8192.0
inert,105,5.4,0.04637908935546875,0.01525115966796875,0.91259765625,21.710608160044842,26.604393531090416,8192.0
inert,105,5.5,0.04743194580078125,0.01630401611328125,0.9124755859375,22.11751471606877,27.102425675607666,8192.0
inert,105,5.6000000000000005,0.050628662109375,0.019500732421875,0.9140625,22.523731190546737,27.52500730277381,8192.0
inert,105,5.7,0.0448150634765625,0.0136871337890625,0.91748046875,22.929947665024706,27.915925258042662,8192.0
inert,105,5.8,0.04296875,0.0118408203125,0.9197998046875,23.336164139502678,28.36475243114578,8192.0
inert,105,5.9,0.04653167724609375,0.01540374755859375,0.9151611328125,23.74238061398065,28.8523196055855,8192.0
inert,105,6.0,0.0398712158203125,0.0087432861328125,0.9232177734375,24.14859708845862,29.335120538046368,8192.0
inert,105,6.1000000000000005,0.038604736328125,0.007476806640625,0.9215087890625,24.5431674769147,29.730580924870306,8192.0
inert,105,6.2,0.0395660400390625,0.0084381103515625,0.9215087890625,24.937737865370785,30.14896510781194,8192.0
inert,105,6.3,0.03966522216796875,0.00853729248046875,0.923095703125,25.332308253826863,30.620515141096188,8192.0
inert,105,6.4,0.0389404296875,0.0078125,0.9234619140625,25.726878642282944,31.078448278920497,8192.0
inert,105,6.5,0.04497528076171875,0.01384735107421875,0.91455078125,26.12144903073903,31.601367994340578,8192.0
inert,105,6.6000000000000005,0.03978729248046875,0.00865936279296875,0.921142578125,26.518795701701976,31.995025188872805,8192.0
inert,105,6.7,0.043121337890625,0.011993408203125,0.917724609375,26.916142372664922,32.40507421245987,8192.0
inert,105,6.8,0.0362396240234375,0.0051116943359375,0.9251708984375,27.313489043627865,32.86260786302562,8192.0
inert,105,6.9,0.04134368896484375,0.01021575927734375,0.9217529296875,27.710835714590814,33.312302410197276,8192.0
inert,105,7.0,0.03543853759765625,0.00431060791015625,0.925048828125,28.108182385553757,33.78199503837154,8192.0
inert,105,7.1000000000000005,0.03423309326171875,0.00310516357421875,0.92724609375,28.51163223188376,34.22297711433293,8192.0
inert,105,7.2,0.03295135498046875,0.00182342529296875,0.9276123046875,28.915082078213757,34.62886935491377,8192.0
inert,105,7.3,0.03020477294921875,-0.00092315673828125,0.9324951171875,29.318531924543755,35.09595116983316,8192.0
inert,105,7.4,0.03571319580078125,0.00458526611328125,0.9251708984375,29.721981770873754,35.547976187775625,8192.0
inert,105,7.5,0.03292083740234375,0.00179290771484375,0.9283447265625,30.125431617203752,36.03113793426705,8192.0
inert,105,7.6000000000000005,0.03391265869140625,0.00278472900390625,0.92529296875,30.522172957414895,36.42240096845335,8192.0
inert,105,7.7,0.03340911865234375,0.00228118896484375,0.9273681640625,30.918914297626042,36.851352935113994,8192.0
inert,105,7.8,0.03697967529296875,0.00585174560546875,0.9224853515625,31.315655637837185,37.283015887076694,8192.0
inert,105,7.9,0.0293731689453125,-0.0017547607421875,0.9334716796875,31.71239697804833,37.70237391727988,8192.0
inert,105,8.0,0.03319549560546875,0.00206756591796875,0.927001953125,32.10913831825947,38.180556831712785,8192.0
inert,106,0.0,0.4393463134765625,0.4082183837890625,0.706298828125,0.0,0.0,8192.0
inert,106,0.1,0.438385009765625,0.407257080078125,0.70556640625,0.40129698456319723,0.6265238583899585,8192.0
inert,106,0.2,0.4326324462890625,0.4015045166015625,0.709716796875,0.8025939691263945,1.2530477167799172,8192.0
inert,106,0.3,0.4278411865234375,0.3967132568359375,0.7088623046875,1.2038909536895916,1.8795715751698763,8192.0
inert,106,0.4,0.42430877685546875,0.39318084716796875,0.713623046875,1.605187938252789,2.506095433559836,8192.0
inert,106,0.5,0.4163360595703125,0.3852081298828125,0.7149658203125,2.0064849228159867,3.1326192919497964,8192.0
inert,106,0.6,0.406402587890625,0.375274658203125,0.71826171875,2.407670109703389,3.663924058762688,8192.0
inert,106,0.7000000000000001,0.39794158935546875,0.36681365966796875,0.7222900390625,2.808855296590793,4.247464551095763,8192.0
inert,106,0.8,0.366485595703125,0.335357666015625,0.73486328125,3.210040483478196,4.840462257201259,8192.0
inert,106,0.9,0.351043701171875,0.319915771484375,0.742431640625,3.6112256703655996,5.434585332093423,8192.0
inert,106,1.0,0.3249359130859375,0.2938079833984375,0.7547607421875,4.012410857253003,6.034073555555287,8192.0
inert,106,1.1,0.32537841796875,0.29425048828125,0.75537109375,4.421416236581084,6.420243440092695,8192.0
inert,106,1.2,0.28424835205078125,0.25312042236328125,0.77197265625,4.830421615909166,6.902028298637469,8192.0
inert,106,1.3,0.25875091552734375,0.22762298583984375,0.785400390625,5.239426995237247,7.452344468184177,8192.0
inert,106,1.4000000000000001,0.22417449951171875,0.19304656982421875,0.801025390625,5.6484323745653295,8.020913959359916,8192.0
inert,106,1.5,0.20685577392578125,0.17572784423828125,0.8116455078125,6.057437753893411,8.600700326638176,8192.0
inert,106,1.6,0.19964599609375,0.16851806640625,0.8138427734375,6.457080406710581,9.048600869481275,8192.0
inert,106,1.7,0.20761871337890625,0.17649078369140625,0.8115234375,6.856723059527752,9.498148330142508,8192.0
inert,106,1.8,0.18082427978515625,0.14969635009765625,0.8248291015625,7.256365712344922,9.999804047675758,8192.0
inert,106,1.9000000000000001,0.18022918701171875,0.14910125732421875,0.82470703125,7.6560083651620925,10.524801644108003,8192.0
inert,106,2.0,0.153472900390625,0.122344970703125,0.8409423828125,8.055651017979262,11.08215320423274,8192.0
inert,106,2.1,0.16268157958984375,0.13155364990234375,0.8360595703125,8.462269349052567,11.514781885011498,8192.0
inert,106,2.2,0.14568328857421875,0.11455535888671875,0.8487548828125,8.86888768012587,11.9888419829487,8192.0
inert,106,2.3000000000000003,0.1317596435546875,0.1006317138671875,0.85400390625,9.275506011199175,12.46603365403286,8192.0
inert,106,2.4,0.12140655517578125,0.09027862548828125,0.85986328125,9.682124342272477,12.976073358380269,8192.0
inert,106,2.5,0.1049957275390625,0.0738677978515625,0.867919921875,10.08874267334578,13.522207154878613,8192.0
inert,106,2.6,0.1087188720703125,0.0775909423828125,0.870361328125,10.488873124113017,13.951291188349465,8192.0
inert,106,2.7,0.10074615478515625,0.06961822509765625,0.874267578125,10.88900357488025,14.388419917180169,8192.0
inert,106,2.8000000000000003,0.085845947265625,0.054718017578125,0.8836669921875,11.289134025647483,14.884575944471061,8192.0
inert,106,2.9,0.0797271728515625,0.0485992431640625,0.8902587890625,11.689264476414717,15.418206289547603,8192.0
inert,106,3.0,0.0757598876953125,0.0446319580078125,0.8944091796875,12.08939492718195,15.928671204707005,8192.0
inert,106,3.1,0.072509765625,0.0413818359375,0.895263671875,12.485083980580676,16.31309426909603,8192.0
inert,106,3.2,0.0695343017578125,0.0384063720703125,0.898681640625,12.880773033979398,16.740635339454652,8192.0
inert,106,3.3000000000000003,0.06537628173828125,0.03424835205078125,0.9022216796875,13.276462087378125,17.190828322413847,8192.0
inert,106,3.4,0.05988311767578125,0.02875518798828125,0.9075927734375,13.672151140776847,17.703588040826702,8192.0
inert,106,3.5,0.05915069580078125,0.02802276611328125,0.90625,14.06784019417557,18.20236752400909,8192.0
inert,106,3.6,0.0572357177734375,0.0261077880859375,0.9036865234375,14.46272698646154,18.600816824203505,8192.0
inert,106,3.7,0.05878448486328125,0.02765655517578125,0.9039306640625,14.857613778747513,19.03032832562225,8192.0
inert,106,3.8000000000000003,0.05922698974609375,0.02809906005859375,0.90283203125,15.252500571033483,19.500645102706198,8192.0
inert,106,3.9,0.05121612548828125,0.02008819580078125,0.907958984375,15.647387363319456,19.988824425609376,8192.0
inert,106,4.0,0.04781341552734375,0.01668548583984375,0.9129638671875,16.042274155605426,20.49510500991856,8192.0
inert,106,4.1,0.04998016357421875,0.01885223388671875,0.9102783203125,16.443771334226298,20.898031346962902,8192.0
inert,106,4.2,0.05348968505859375,0.02236175537109375,0.9083251953125,16.84526851284717,21.337340336645898,8192.0
inert,106,4.3,0.04830169677734375,0.01717376708984375,0.914306640625,17.24676569146804,21.77924736972563,8192.0
inert,106,4.4,0.05019378662109375,0.01906585693359375,0.91015625,17.648262870088907,22.250677783075997,8192.0
inert,106,4.5,0.046722412109375,0.015594482421875,0.9151611328125,18.04976004870978,22.698874928570845,8192.0
inert,106,4.6000000000000005,0.04645538330078125,0.01532745361328125,0.916015625,18.44668272304802,23.131018341571824,8192.0
inert,106,4.7,0.045745849609375,0.014617919921875,0.9161376953125,18.843605397386263,23.56601584061059,8192.0
inert,106,4.8,0.04801177978515625,0.01688385009765625,0.910888671875,19.240528071724512,24.045425823953895,8192.0
inert,106,4.9,0.04274749755859375,0.01161956787109375,0.9149169921875,19.637450746062754,24.516143277552803,8192.0
inert,106,5.0,0.0420074462890625,0.0108795166015625,0.918212890625,20.034373420400996,25.013590046156207,8192.0
inert,106,5.1000000000000005,0.0398101806640625,0.0086822509765625,0.9210205078125,20.430102399870336,25.415716009861406,8192.0
inert,106,5.2,0.03859710693359375,0.00746917724609375,0.921875,20.82583137933967,25.827700607147634,8192.0
inert,106,5.3,0.03908538818359375,0.00795745849609375,0.923095703125,21.221560358809008,26.268829552327055,8192.0
inert,106,5.4,0.03653717041015625,0.00540924072265625,0.924072265625,21.617289338278347,26.747638386712612,8192.0
inert,106,5.5,0.040802001953125,0.009674072265625,0.92041015625,22.013018317747687,27.24294275948066,8192.0
inert,106,5.6000000000000005,0.043060302734375,0.011932373046875,0.9183349609375,22.4141717535601,27.67128422968871,8192.0
inert,106,5.7,0.0373077392578125,0.0061798095703125,0.923583984375,22.815325189372516,28.086069023828255,8192.0
inert,106,5.8,0.0427398681640625,0.0116119384765625,0.9166259765625,23.216478625184934,28.522690450230595,8192.0
inert,106,5.9,0.04091644287109375,0.00978851318359375,0.9207763671875,23.61763206099735,29.004621100202154,8192.0
inert,106,6.0,0.04311370849609375,0.01198577880859375,0.91845703125,24.018785496809762,29.501861911403243,8192.0
inert,106,6.1000000000000005,0.04045867919921875,0.00933074951171875,0.9207763671875,24.41687677836411,29.931519332048378,8192.0
inert,106,6.2,0.04050445556640625,0.00937652587890625,0.9197998046875,24.81496805991845,30.34027703729373,8192.0
inert,106,6.3,0.041717529296875,0.010589599609375,0.9183349609375,25.21305934147279,30.743495776841957,8192.0
inert,106,6.4,0.039276123046875,0.008148193359375,0.9205322265625,25.61115062302713,31.198855779779958,8192.0
inert,106,6.5,0.040374755859375,0.009246826171875,0.919189453125,26.00924190458147,31.66654125358127,8192.0
inert,106,6.6000000000000005,0.04141998291015625,0.01029205322265625,0.91748046875,26.411358546751444,32.11381488908152,8192.0
inert,106,6.7,0.041015625,0.0098876953125,0.9188232421875,26.813475188921423,32.55275181628243,8192.0
inert,106,6.8,0.03697967529296875,0.00585174560546875,0.923583984375,27.2155918310914,33.030890374346285,8192.0
inert,106,6.9,0.03513336181640625,0.00400543212890625,0.9271240234375,27.617708473261377,33.496314814448695,8192.0
inert,106,7.0,0.0354766845703125,0.0043487548828125,0.9228515625,28.019825115431352,33.955277924406886,8192.0
inert,106,7.1000000000000005,0.04029083251953125,0.00916290283203125,0.9195556640625,28.418236516872348,34.34266782731311,8192.0
inert,106,7.2,0.0363311767578125,0.0052032470703125,0.9254150390625,28.81664791831335,34.773773783640905,8192.0
inert,106,7.3,0.037109375,0.0059814453125,0.9248046875,29.215059319754342,35.205280535557016,8192.0
inert,106,7.4,0.036865234375,0.0057373046875,0.9239501953125,29.613470721195345,35.696766644389385,8192.0
inert,106,7.5,0.0363922119140625,0.0052642822265625,0.922607421875,30.011882122636344,36.184907452686495,8192.0
inert,106,7.6000000000000005,0.032745361328125,0.001617431640625,0.9281005859375,30.410220854180537,36.58171848381501,8192.0
inert,106,7.7,0.03179168701171875,0.00066375732421875,0.9271240234375,30.808559585724737,36.971882990393425,8192.0
inert,106,7.8,0.0351715087890625,0.0040435791015625,0.9249267578125,31.20689831726893,37.43510252277185,8192.0
inert,106,7.9,0.0368804931640625,0.0057525634765625,0.924560546875,31.60523704881313,37.856184546889665,8192.0
inert,106,8.0,0.03508758544921875,0.00395965576171875,0.9251708984375,32.00357578035733,38.34158872535876,8192.0
inert,107,0.0,0.41739654541015625,0.38626861572265625,0.71240234375,0.0,0.0,8192.0
inert,107,0.1,0.42290496826171875,0.39177703857421875,0.7108154296875,0.40057961661248964,0.626546299281032,8192.0
inert,107,0.2,0.41338348388671875,0.38225555419921875,0.7127685546875,0.8011592332249793,1.253092598562064,8192.0
inert,107,0.3,0.4099884033203125,0.3788604736328125,0.714111328125,1.201738849837469,1.8796388978430958,8192.0
inert,107,0.4,0.41119384765625,0.38006591796875,0.7152099609375,1.6023184664499586,2.5061851971241293,8192.0
inert,107,0.5,0.39994049072265625,0.36881256103515625,0.7183837890625,2.0028980830624485,3.1327314964051634,8192.0
inert,107,0.6,0.3922882080078125,0.3611602783203125,0.720947265625,2.4022974735233023,3.658613115975691,8192.0
inert,107,0.7000000000000001,0.37206268310546875,0.34093475341796875,0.7281494140625,2.801696863984156,4.242363906274538,8192.0
inert,107,0.8,0.367431640625,0.3363037109375,0.731689453125,3.20109625444501,4.833523876053602,8192.0
inert,107,0.9,0.32888031005859375,0.29775238037109375,0.74853515625,3.6004956449058634,5.428417372019822,8192.0
inert,107,1.0,0.308197021484375,0.277069091796875,0.7587890625,3.9998950353667175,6.028441658831084,8192.0
inert,107,1.1,0.30362701416015625,0.27249908447265625,0.760986328125,4.395570626937149,6.420203966577284,8192.0
inert,107,1.2,0.28539276123046875,0.25426483154296875,0.7725830078125,4.79124621850758,6.93677899257776,8192.0
inert,107,1.3,0.25383758544921875,0.22270965576171875,0.77978515625,5.186921810078012,7.483150629351807,8192.0
inert,107,1.4000000000000001,0.2238616943359375,0.1927337646484375,0.8017578125,5.582597401648444,8.05844878246873,8192.0
inert,107,1.5,0.19393157958984375,0.16280364990234375,0.81689453125,5.978272993218876,8.631857902209683,8192.0
inert,107,1.6,0.19065093994140625,0.15952301025390625,0.817626953125,6.3811267684205255,9.096813086637658,8192.0
inert,107,1.7,0.18624114990234375,0.15511322021484375,0.820556640625,6.783980543622176,9.585337347714148,8192.0
inert,107,1.8,0.16933441162109375,0.13820648193359375,0.8311767578125,7.186834318823826,10.11087023946976,8192.0
inert,107,1.9000000000000001,0.14897918701171875,0.11785125732421875,0.841552734375,7.589688094025476,10.662216352069954,8192.0
inert,107,2.0,0.138336181640625,0.107208251953125,0.84814453125,7.992541869227127,11.217659947353079,8192.0
inert,107,2.1,0.13970184326171875,0.10857391357421875,0.852294921875,8.389083308794348,11.609867210528456,8192.0
inert,107,2.2,0.1387939453125,0.107666015625,0.8482666015625,8.78562474836157,12.029278677453263,8192.0
inert,107,2.3000000000000003,0.13134765625,0.1002197265625,0.85791015625,9.182166187928795,12.488693111659328,8192.0
inert,107,2.4,0.11048126220703125,0.07935333251953125,0.86669921875,9.578707627496016,12.965255942880672,8192.0
inert,107,2.5,0.10523223876953125,0.07410430908203125,0.871826171875,9.975249067063238,13.523555502858187,8192.0
inert,107,2.6,0.10799407958984375,0.07686614990234375,0.872802734375,10.372894514371499,13.942622749830182,8192.0
inert,107,2.7,0.10363006591796875,0.07250213623046875,0.8753662109375,10.770539961679763,14.387169355572594,8192.0
inert,107,2.8000000000000003,0.0991363525390625,0.0680084228515625,0.8785400390625,11.168185408988023,14.858436351641213,8192.0
inert,107,2.9,0.09671783447265625,0.06558990478515625,0.8795166015625,11.565830856296284,15.346149155517612,8192.0
inert,107,3.0,0.08980560302734375,0.05867767333984375,0.884033203125,11.963476303604548,15.863118231446533,8192.0
inert,107,3.1,0.0904541015625,0.059326171875,0.8851318359375,12.357260230857785,16.26939692390273,8192.0
inert,107,3.2,0.0807647705078125,0.0496368408203125,0.8914794921875,12.751044158111025,16.700938353223073,8192.0
inert,107,3.3000000000000003,0.0821533203125,0.051025390625,0.8892822265625,13.144828085364262,17.15450348505909,8192.0
inert,107,3.4,0.0771484375,0.0460205078125,0.893798828125,13.5386120126175,17.622392165077468,8192.0
inert,107,3.5,0.07413482666015625,0.04300689697265625,0.8970947265625,13.932395939870737,18.102915111552786,8192.0
inert,107,3.6,0.0765533447265625,0.0454254150390625,0.893310546875,14.32906215625032,18.520695583619162,8192.0
inert,107,3.7,0.072998046875,0.0418701171875,0.9002685546875,14.725728372629906,18.935310368992177,8192.0
inert,107,3.8000000000000003,0.073577880859375,0.042449951171875,0.89453125,15.122394589009488,19.41261194916323,8192.0
inert,107,3.9,0.06647491455078125,0.03534698486328125,0.900634765625,15.51906080538907,19.924696436737833,8192.0
inert,107,4.0,0.06601715087890625,0.03488922119140625,0.899658203125,15.915727021768655,20.442423080914008,8192.0
inert,107,4.1,0.06156158447265625,0.03043365478515625,0.8983154296875,16.316911903646115,20.84163119132175,8192.0
inert,107,4.2,0.057403564453125,0.026275634765625,0.9072265625,16.718096785523574,21.276020866161566,8192.0
inert,107,4.3,0.0603179931640625,0.0291900634765625,0.90087890625,17.119281667401033,21.762086368420604,8192.0
inert,107,4.4,0.0549468994140625,0.0238189697265625,0.906982421875,17.520466549278495,22.28969334520836,8192.0
inert,107,4.5,0.05414581298828125,0.02301788330078125,0.9071044921875,17.921651431155958,22.800368956884085,8192.0
inert,107,4.6000000000000005,0.0579376220703125,0.0268096923828125,0.9056396484375,18.325936102723496,23.190539583734118,8192.0
inert,107,4.7,0.04958343505859375,0.01845550537109375,0.910888671875,18.730220774291038,23.626277982039902,8192.0
inert,107,4.8,0.05083465576171875,0.01970672607421875,0.912841796875,19.13450544585858,24.05896314713036,8192.0
inert,107,4.9,0.04759979248046875,0.01647186279296875,0.9149169921875,19.538790117426117,24.53317081851807,8192.0
inert,107,5.0,0.04492950439453125,0.01380157470703125,0.9173583984375,19.943074788993663,25.024766737716746,8192.0
inert,107,5.1000000000000005,0.05069732666015625,0.01956939697265625,0.9105224609375,20.342417803067377,25.416442176271918,8192.0
inert,107,5.2,0.04665374755859375,0.01552581787109375,0.9132080078125,20.7417608171411,25.816200401121442,8192.0
inert,107,5.3,0.04676055908203125,0.01563262939453125,0.9114990234375,21.141103831214814,26.2803146399538,8192.0
inert,107,5.4,0.044189453125,0.0130615234375,0.9127197265625,21.540446845288532,26.73222965973996,8192.0
inert,107,5.5,0.040863037109375,0.009735107421875,0.9173583984375,21.93978985936225,27.250121086789434,8192.0
inert,107,5.6000000000000005,0.04453277587890625,0.01340484619140625,0.9161376953125,22.34197466425528,27.662869131069957,8192.0
inert,107,5.7,0.04219818115234375,0.01107025146484375,0.9188232421875,22.744159469148308,28.124352151262656,8192.0
inert,107,5.8,0.04241180419921875,0.01128387451171875,0.92041015625,23.14634427404134,28.610942331716043,8192.0
inert,107,5.9,0.03890228271484375,0.00777435302734375,0.924560546875,23.548529078934372,29.050722526132386,8192.0
inert,107,6.0,0.037872314453125,0.006744384765625,0.9263916015625,23.9507138838274,29.5370839916175,8192.0
inert,107,6.1000000000000005,0.04120635986328125,0.01007843017578125,0.9205322265625,24.356478007208974,29.941989326920922,8192.0
inert,107,6.2,0.03993988037109375,0.00881195068359375,0.9210205078125,24.76224213059055,30.366240699818984,8192.0
inert,107,6.3,0.03984832763671875,0.00872039794921875,0.9215087890625,25.168006253972123,30.837065213494128,8192.0
inert,107,6.4,0.0389251708984375,0.0077972412109375,0.9215087890625,25.573770377353696,31.320061124731343,8192.0
inert,107,6.5,0.037139892578125,0.006011962890625,0.9237060546875,25.97953450073527,31.78329222301476,8192.0
inert,107,6.6000000000000005,0.03771209716796875,0.00658416748046875,0.9241943359375,26.374075252873837,32.210893681831266,8192.0
inert,107,6.7,0.03943634033203125,0.00830841064453125,0.9222412109375,26.7686160050124,32.629649811875424,8192.0
inert,107,6.8,0.04111480712890625,0.00998687744140625,0.9205322265625,27.16315675715097,33.07308024015059,8192.0
inert,107,6.9,0.0396881103515625,0.0085601806640625,0.9208984375,27.557697509289532,33.48524631148167,8192.0
inert,107,7.0,0.0375518798828125,0.0064239501953125,0.9224853515625,27.9522382614281,33.95353355977238,8192.0
inert,107,7.1000000000000005,0.03524017333984375,0.00411224365234375,0.9268798828125,28.347830717581587,34.32775924445243,8192.0
inert,107,7.2,0.03301239013671875,0.00188446044921875,0.9283447265625,28.743423173735074,34.777549751862615,8192.0
inert,107,7.3,0.031707763671875,0.000579833984375,0.9285888671875,29.13901562988856,35.167271715824704,8192.0
inert,107,7.4,0.0342864990234375,0.0031585693359375,0.9298095703125,29.53460808604205,35.6567061143696,8192.0
inert,107,7.5,0.0361328125,0.0050048828125,0.923828125,29.930200542195536,36.13328904464484,8192.0
inert,107,7.6000000000000005,0.03571319580078125,0.00458526611328125,0.9244384765625,30.33096976331303,36.52535501172641,8192.0
inert,107,7.7,0.036346435546875,0.005218505859375,0.9244384765625,30.73173898443052,36.93430659700194,8192.0
inert,107,7.8,0.0358123779296875,0.0046844482421875,0.9241943359375,31.132508205548014,37.37355676924658,8192.0
inert,107,7.9,0.03392791748046875,0.00279998779296875,0.9278564453125,31.533277426665506,37.881549899069356,8192.0
inert,107,8.0,0.0356903076171875,0.0045623779296875,0.923583984375,31.934046647782992,38.3257706212337,8192.0
brownian,100,0.0,0.432342529296875,0.401214599609375,0.7078857421875,0.0,0.0,8192.0
brownian,100,0.1,0.43450164794921875,0.40337371826171875,0.708740234375,0.40398564315040864,0.6267132949838837,8192.0
brownian,100,0.2,0.436279296875,0.4051513671875,0.70703125,0.8079798912207561,1.2534322119327945,8192.0
brownian,100,0.3,0.43010711669921875,0.39897918701171875,0.7103271484375,1.2119690885478316,1.8801169731500835,8192.0
brownian,100,0.4,0.4266815185546875,0.3955535888671875,0.7142333984375,1.615956592984508,2.506837297054931,8192.0
brownian,100,0.5,0.4087982177734375,0.3776702880859375,0.718994140625,2.0199497516142317,3.1335321198945043,8192.0
brownian,100,0.6,0.402740478515625,0.371612548828125,0.72119140625,2.4255216191015645,3.668516374863455,8192.0
brownian,100,0.7000000000000001,0.3959503173828125,0.3648223876953125,0.723876953125,2.831098062308881,4.250244238109886,8192.0
brownian,100,0.8,0.36614990234375,0.33502197265625,0.73388671875,3.2366704061790816,4.847810737337476,8192.0
brownian,100,0.9,0.35358428955078125,0.32245635986328125,0.7425537109375,3.642235885992615,5.4518383293621655,8192.0
brownian,100,1.0,0.32030487060546875,0.28917694091796875,0.75390625,4.047784093089147,6.051255618259431,8192.0
brownian,100,1.1,0.30261993408203125,0.27149200439453125,0.7642822265625,4.457907971392746,6.485713540577495,8192.0
brownian,100,1.2,0.28234100341796875,0.25121307373046875,0.77685546875,4.868024151882137,6.99520732003284,8192.0
brownian,100,1.3,0.24491119384765625,0.21378326416015625,0.792236328125,5.278133763862275,7.532893939740201,8192.0
brownian,100,1.4000000000000001,0.230255126953125,0.199127197265625,0.799560546875,5.688237313041049,8.0701412105371,8192.0
brownian,100,1.5,0.203826904296875,0.172698974609375,0.8115234375,6.098345199778278,8.628076556358153,8192.0
brownian,100,1.6,0.199249267578125,0.168121337890625,0.814697265625,6.494803593515162,8.973574496799051,8192.0
brownian,100,1.7,0.18796539306640625,0.15683746337890625,0.8223876953125,6.891253486958866,9.364363740548999,8192.0
brownian,100,1.8,0.1800384521484375,0.1489105224609375,0.82666015625,7.287693895471957,9.831558330554403,8192.0
brownian,100,1.9000000000000001,0.16152191162109375,0.13039398193359375,0.8338623046875,7.684144244036678,10.33954824376441,8192.0
brownian,100,2.0,0.146392822265625,0.115264892578125,0.843017578125,8.080598614968844,10.89140179960878,8192.0
brownian,100,2.1,0.1422576904296875,0.1111297607421875,0.8460693359375,8.471464653489157,11.305072674138874,8192.0
brownian,100,2.2,0.13597869873046875,0.10485076904296875,0.8497314453125,8.862341003513713,11.768384326617886,8192.0
brownian,100,2.3000000000000003,0.129608154296875,0.098480224609375,0.8531494140625,9.253209190178517,12.313796554286121,8192.0
brownian,100,2.4,0.11855316162109375,0.08742523193359375,0.8590087890625,9.644085113236539,12.85393116319359,8192.0
brownian,100,2.5,0.1068878173828125,0.0757598876953125,0.867919921875,10.034956528909241,13.38949066854156,8192.0
brownian,100,2.6,0.1160430908203125,0.0849151611328125,0.8570556640625,10.428815203283374,13.817681847889656,8192.0
brownian,100,2.7,0.10881805419921875,0.07769012451171875,0.8668212890625,10.822679597547765,14.28256576136542,8192.0
brownian,100,2.8000000000000003,0.11322784423828125,0.08209991455078125,0.861083984375,11.216547921030362,14.762433247879994,8192.0
brownian,100,2.9,0.0964813232421875,0.0653533935546875,0.876220703125,11.610410538608551,15.266067890544187,8192.0
brownian,100,3.0,0.08683013916015625,0.05570220947265625,0.8837890625,12.004271888543878,15.789271297294086,8192.0
brownian,100,3.1,0.09160614013671875,0.06047821044921875,0.8802490234375,12.411195162970712,16.224326297599575,8192.0
brownian,100,3.2,0.08264923095703125,0.05152130126953125,0.88671875,12.818119593417261,16.657966817310815,8192.0
brownian,100,3.3000000000000003,0.0797576904296875,0.0486297607421875,0.89013671875,13.225040122954196,17.14640617827734,8192.0
brownian,100,3.4,0.071044921875,0.0399169921875,0.894287109375,13.631959176322722,17.623152382525085,8192.0
brownian,100,3.5,0.0687255859375,0.03759765625,0.8946533203125,14.038889461209266,18.136613431660496,8192.0
brownian,100,3.6,0.07144927978515625,0.04032135009765625,0.8955078125,14.43475460324092,18.568921108778127,8192.0
brownian,100,3.7,0.0686798095703125,0.0375518798828125,0.89453125,14.830611910850283,19.002069020001965,8192.0
brownian,100,3.8000000000000003,0.05843353271484375,0.02730560302734375,0.9022216796875,15.226461406166672,19.455196462338836,8192.0
brownian,100,3.9,0.06072235107421875,0.02959442138671875,0.9013671875,15.622315638424675,19.93503959468276,8192.0
brownian,100,4.0,0.05516815185546875,0.02404022216796875,0.9066162109375,16.0181632091836,20.43018123962485,8192.0
brownian,100,4.1,0.05771636962890625,0.02658843994140625,0.90673828125,16.41951460631237,20.85620746047784,8192.0
brownian,100,4.2,0.05451202392578125,0.02338409423828125,0.9063720703125,16.820873628027584,21.27285011290485,8192.0
brownian,100,4.3,0.05254364013671875,0.02141571044921875,0.9075927734375,17.222235535169478,21.70299714434356,8192.0
brownian,100,4.4,0.049957275390625,0.018829345703125,0.91064453125,17.62360673633109,22.156205388547043,8192.0
brownian,100,4.5,0.04894256591796875,0.01781463623046875,0.9117431640625,18.024978596361457,22.64549205309186,8192.0
brownian,100,4.6000000000000005,0.05193328857421875,0.02080535888671875,0.9091796875,18.42188347644021,23.065636987370706,8192.0
brownian,100,4.7,0.0493011474609375,0.0181732177734375,0.911865234375,18.81879253656126,23.51912015025439,8192.0
brownian,100,4.8,0.04808807373046875,0.01696014404296875,0.9122314453125,19.215712738497142,24.000387300844377,8192.0
brownian,100,4.9,0.042755126953125,0.011627197265625,0.919189453125,19.612636388014565,24.443813130895418,8192.0
brownian,100,5.0,0.0416717529296875,0.0105438232421875,0.9189453125,20.009560364009822,24.927125795275842,8192.0
brownian,100,5.1000000000000005,0.0384674072265625,0.0073394775390625,0.9224853515625,20.41164342377477,25.317294178053942,8192.0
brownian,100,5.2,0.041778564453125,0.010650634765625,0.917724609375,20.81372629009276,25.753597138930598,8192.0
brownian,100,5.3,0.0369720458984375,0.0058441162109375,0.9246826171875,21.215801084647257,26.21900858272866,8192.0
brownian,100,5.4,0.0414276123046875,0.0102996826171875,0.91748046875,21.617870768319,26.684019588637973,8192.0
brownian,100,5.5,0.03656005859375,0.00543212890625,0.922607421875,22.019937441376932,27.177892605108667,8192.0
brownian,100,5.6000000000000005,0.0359954833984375,0.0048675537109375,0.9244384765625,22.41733984887316,27.585952881781996,8192.0
brownian,100,5.7,0.038177490234375,0.007049560546875,0.92138671875,22.814760314637045,28.023570911962675,8192.0
brownian,100,5.8,0.03546905517578125,0.00434112548828125,0.9254150390625,23.212183183677077,28.49077478266326,8192.0
brownian,100,5.9,0.035186767578125,0.004058837890625,0.924560546875,23.609624377822648,28.959472475731086,8192.0
brownian,100,6.0,0.03401947021484375,0.00289154052734375,0.9237060546875,24.007072034613024,29.461213607946824,8192.0
brownian,100,6.1000000000000005,0.0348358154296875,0.0037078857421875,0.9273681640625,24.410381173119795,29.831155891212173,8192.0
brownian,100,6.2,0.03417205810546875,0.00304412841796875,0.9256591796875,24.81368736102827,30.29583757105298,8192.0
brownian,100,6.3,0.03333282470703125,0.00220489501953125,0.9281005859375,25.216994503171293,30.74804023459815,8192.0
brownian,100,6.4,0.03246307373046875,0.00133514404296875,0.9296875,25.620307739185463,31.20273712572474,8192.0
brownian,100,6.5,0.03096771240234375,-0.00016021728515625,0.929931640625,26.02362952914749,31.68780115109741,8192.0
brownian,100,6.6000000000000005,0.02890777587890625,-0.00222015380859375,0.9346923828125,26.420643617391207,32.057734467038976,8192.0
brownian,100,6.7,0.03357696533203125,0.00244903564453125,0.9261474609375,26.81766152495674,32.47220789659282,8192.0
brownian,100,6.8,0.03076934814453125,-0.00035858154296875,0.9305419921875,27.214685741319734,32.91538017337976,8192.0
brownian,100,6.9,0.03118133544921875,5.340576171875e-05,0.927978515625,27.611721543103457,33.38655494600029,8192.0
brownian,100,7.0,0.032928466796875,0.001800537109375,0.9266357421875,28.008761685096594,33.85167324408555,8192.0
brownian,100,7.1000000000000005,0.030853271484375,-0.000274658203125,0.92919921875,28.410944925651563,34.286127271809676,8192.0
brownian,100,7.2,0.03322601318359375,0.00209808349609375,0.9266357421875,28.813116357144377,34.66276939050608,8192.0
brownian,100,7.3,0.0337066650390625,0.0025787353515625,0.92626953125,29.215292984439245,35.07382303821813,8192.0
brownian,100,7.4,0.03478240966796875,0.00365447998046875,0.92578125,29.61746863142711,35.50754643211193,8192.0
brownian,100,7.5,0.03426361083984375,0.00313568115234375,0.9268798828125,30.019653779849307,35.97815836181517,8192.0
brownian,100,7.6000000000000005,0.03455352783203125,0.00342559814453125,0.92724609375,30.42205120056839,36.39465358171372,8192.0
brownian,100,7.7,0.03473663330078125,0.00360870361328125,0.9259033203125,30.824450161302615,36.86628351695988,8192.0
brownian,100,7.8,0.0321044921875,0.0009765625,0.927978515625,31.22685218987864,37.32700196744518,8192.0
brownian,100,7.9,0.0333404541015625,0.0022125244140625,0.9283447265625,31.629252597537448,37.79131184940969,8192.0
brownian,100,8.0,0.0330963134765625,0.0019683837890625,0.9278564453125,32.031661945650114,38.30628003606213,8192.0
brownian,101,0.0,0.43595123291015625,0.40482330322265625,0.70751953125,0.0,0.0,8192.0
brownian,101,0.1,0.43341064453125,0.40228271484375,0.708984375,0.39941102574873416,0.6260888575013759,8192.0
brownian,101,0.2,0.433837890625,0.4027099609375,0.7110595703125,0.7988315708733579,1.2521567101378552,8192.0
brownian,101,0.3,0.42604827880859375,0.39492034912109375,0.7117919921875,1.1982471503472378,1.8782777364285086,8192.0
brownian,101,0.4,0.42485809326171875,0.39373016357421875,0.71337890625,1.59766199129521,2.504408526558837,8192.0
brownian,101,0.5,0.4101104736328125,0.3789825439453125,0.7156982421875,1.9970780054432944,3.1305434110576376,8192.0
brownian,101,0.6,0.3972930908203125,0.3661651611328125,0.7208251953125,2.3980550042073157,3.6532931385677836,8192.0
brownian,101,0.7000000000000001,0.3948211669921875,0.3636932373046875,0.7197265625,2.799033220361183,4.232902798593591,8192.0
brownian,101,0.8,0.35997772216796875,0.32884979248046875,0.735595703125,3.2000108754761323,4.822629061280616,8192.0
brownian,101,0.9,0.34218597412109375,0.31105804443359375,0.7379150390625,3.600980967717671,5.417647822346795,8192.0
brownian,101,1.0,0.31958770751953125,0.28845977783203125,0.754638671875,4.001934438478568,6.015187903781038,8192.0
brownian,101,1.1,0.31032562255859375,0.27919769287109375,0.760986328125,4.384972884413354,6.431451228542271,8192.0
brownian,101,1.2,0.29030609130859375,0.25917816162109375,0.77197265625,4.76799731778613,6.945140700461671,8192.0
brownian,101,1.3,0.264312744140625,0.233184814453125,0.78564453125,5.151025621114922,7.497381970046363,8192.0
brownian,101,1.4000000000000001,0.24365234375,0.2125244140625,0.7943115234375,5.534042190283797,8.068404750841836,8192.0
brownian,101,1.5,0.21491241455078125,0.18378448486328125,0.8077392578125,5.91704501906052,8.647711160526802,8192.0
brownian,101,1.6,0.202880859375,0.1717529296875,0.816162109375,6.333385583465384,9.110892697900296,8192.0
brownian,101,1.7,0.19632720947265625,0.16519927978515625,0.818603515625,6.749717147195767,9.567587391861549,8192.0
brownian,101,1.8,0.17488861083984375,0.14376068115234375,0.830078125,7.166056735094003,10.074892667260547,8192.0
brownian,101,1.9000000000000001,0.16297149658203125,0.13184356689453125,0.8341064453125,7.582403737752431,10.599573631961384,8192.0
brownian,101,2.0,0.14617919921875,0.11505126953125,0.845947265625,7.998748803429118,11.156390540485283,8192.0
brownian,101,2.1,0.13210296630859375,0.10097503662109375,0.8555908203125,8.403840634983146,11.565203441980788,8192.0
brownian,101,2.2,0.1334381103515625,0.1023101806640625,0.8529052734375,8.808944592271452,11.962332703101767,8192.0
brownian,101,2.3000000000000003,0.1163787841796875,0.0852508544921875,0.864013671875,9.214057610192587,12.422392975626645,8192.0
brownian,101,2.4,0.10819244384765625,0.07706451416015625,0.8692626953125,9.619167964238741,12.92710101238787,8192.0
brownian,101,2.5,0.09735107421875,0.06622314453125,0.875732421875,10.024271665870351,13.463103115416423,8192.0
brownian,101,2.6,0.1025238037109375,0.0713958740234375,0.872802734375,10.420938268093812,13.853019313009993,8192.0
brownian,101,2.7,0.0949859619140625,0.0638580322265625,0.877197265625,10.817609642203927,14.308547266576694,8192.0
brownian,101,2.8000000000000003,0.085357666015625,0.054229736328125,0.8839111328125,11.214280354382439,14.783973768177523,8192.0
brownian,101,2.9,0.080963134765625,0.049835205078125,0.8863525390625,11.610949265299434,15.283452911387586,8192.0
brownian,101,3.0,0.07733154296875,0.04620361328125,0.889404296875,12.007620392692731,15.809432239387,8192.0
brownian,101,3.1,0.07994842529296875,0.04882049560546875,0.886962890625,12.407677505819748,16.246137971395527,8192.0
brownian,101,3.2,0.0774688720703125,0.0463409423828125,0.8929443359375,12.807738249350031,16.695884846124514,8192.0
brownian,101,3.3000000000000003,0.075531005859375,0.044403076171875,0.8892822265625,13.207799550854295,17.19959714646468,8192.0
brownian,101,3.4,0.0768585205078125,0.0457305908203125,0.8880615234375,13.607860589600264,17.657080788418064,8192.0
brownian,101,3.5,0.0661163330078125,0.0349884033203125,0.89794921875,14.00791736686699,18.145227120604368,8192.0
brownian,101,3.6,0.06646728515625,0.03533935546875,0.8973388671875,14.403730372661748,18.56899347297666,8192.0
brownian,101,3.7,0.07126617431640625,0.04013824462890625,0.892578125,14.799528083246319,19.00592489036543,8192.0
brownian,101,3.8000000000000003,0.0565185546875,0.025390625,0.904296875,15.195326688960156,19.470293848565245,8192.0
brownian,101,3.9,0.05817413330078125,0.02704620361328125,0.9022216796875,15.591129295319043,19.918495618572308,8192.0
brownian,101,4.0,0.05438995361328125,0.02326202392578125,0.9073486328125,15.986933404670111,20.427626241598627,8192.0
brownian,101,4.1,0.055267333984375,0.024139404296875,0.9058837890625,16.38132495262006,20.81445280075025,8192.0
brownian,101,4.2,0.05585479736328125,0.02472686767578125,0.9051513671875,16.77572226878863,21.25494541831286,8192.0
brownian,101,4.3,0.052764892578125,0.021636962890625,0.908447265625,17.17012891180054,21.71152373754189,8192.0
brownian,101,4.4,0.0526580810546875,0.0215301513671875,0.9097900390625,17.564538443053824,22.182602532388476,8192.0
brownian,101,4.5,0.0513916015625,0.020263671875,0.9102783203125,17.95893729610267,22.689002513520677,8192.0
brownian,101,4.6000000000000005,0.054718017578125,0.023590087890625,0.9068603515625,18.356381247626032,23.10320376676658,8192.0
brownian,101,4.7,0.0542755126953125,0.0231475830078125,0.905029296875,18.75382591928098,23.553605587056666,8192.0
brownian,101,4.8,0.05072784423828125,0.01959991455078125,0.9090576171875,19.151277920918893,24.00385060026239,8192.0
brownian,101,4.9,0.050506591796875,0.019378662109375,0.9105224609375,19.54874404200953,24.49173533201272,8192.0
brownian,101,5.0,0.04433441162109375,0.01320648193359375,0.9169921875,19.946206136052616,24.993135478579017,8192.0
brownian,101,5.1000000000000005,0.04552459716796875,0.01439666748046875,0.915283203125,20.346231922470636,25.38292650531481,8192.0
brownian,101,5.2,0.04988861083984375,0.01876068115234375,0.91064453125,20.746262157915524,25.774843079048505,8192.0
brownian,101,5.3,0.04396820068359375,0.01284027099609375,0.9171142578125,21.146283314802744,26.177529758708992,8192.0
brownian,101,5.4,0.0491485595703125,0.0180206298828125,0.9100341796875,21.546319170633467,26.616481934371333,8192.0
brownian,101,5.5,0.04392242431640625,0.01279449462890625,0.9171142578125,21.9463398953285,27.05825480365152,8192.0
brownian,101,5.6000000000000005,0.0432281494140625,0.0121002197265625,0.9173583984375,22.344180172625506,27.436065428032546,8192.0
brownian,101,5.7,0.0427703857421875,0.0116424560546875,0.92138671875,22.742021670445457,27.85886884017036,8192.0
brownian,101,5.8,0.0408172607421875,0.0096893310546875,0.9200439453125,23.139863657610004,28.307343420895997,8192.0
brownian,101,5.9,0.04498291015625,0.01385498046875,0.9176025390625,23.53770823753432,28.804974939113904,8192.0
brownian,101,6.0,0.04251861572265625,0.01139068603515625,0.9158935546875,23.935541030891414,29.26103072636988,8192.0
brownian,101,6.1000000000000005,0.043243408203125,0.012115478515625,0.913330078125,24.33611372969357,29.681093901647966,8192.0
brownian,101,6.2,0.0392608642578125,0.0081329345703125,0.91943359375,24.73668423009412,30.104216741147408,8192.0
brownian,101,6.3,0.0418548583984375,0.0107269287109375,0.9163818359375,25.137259663805757,30.579048544319892,8192.0
brownian,101,6.4,0.03734588623046875,0.00621795654296875,0.9210205078125,25.537850498002694,31.037899767279775,8192.0
brownian,101,6.5,0.04401397705078125,0.01288604736328125,0.9146728515625,25.93843782010721,31.506834351591323,8192.0
brownian,101,6.6000000000000005,0.04360198974609375,0.01247406005859375,0.91748046875,26.338003171429893,31.945519229570134,8192.0
brownian,101,6.7,0.0380706787109375,0.0069427490234375,0.919189453125,26.737575415372433,32.39911076855459,8192.0
brownian,101,6.8,0.040802001953125,0.009674072265625,0.919677734375,27.137159182667723,32.825333120080295,8192.0
brownian,101,6.9,0.038665771484375,0.007537841796875,0.92138671875,27.53674995817997,33.24905792055911,8192.0
brownian,101,7.0,0.0386962890625,0.007568359375,0.9224853515625,27.936345083072,33.70857806810979,8192.0
brownian,101,7.1000000000000005,0.03270721435546875,0.00157928466796875,0.9288330078125,28.33633186594782,34.13924785797933,8192.0
brownian,101,7.2,0.036041259765625,0.004913330078125,0.9248046875,28.736319891689902,34.5805488769175,8192.0
brownian,101,7.3,0.03524017333984375,0.00411224365234375,0.9254150390625,29.136306569814458,35.030679013643464,8192.0
brownian,101,7.4,0.03417205810546875,0.00304412841796875,0.9261474609375,29.536302153036846,35.45146482017869,8192.0
brownian,101,7.5,0.037689208984375,0.006561279296875,0.923828125,29.936296260088408,35.88987013120101,8192.0
brownian,101,7.6000000000000005,0.038330078125,0.0072021484375,0.92431640625,30.335880804070158,36.34174035694328,8192.0
brownian,101,7.7,0.03601837158203125,0.00489044189453125,0.9261474609375,30.73546136020257,36.718080047740216,8192.0
brownian,101,7.8,0.0354461669921875,0.0043182373046875,0.924072265625,31.13504256258149,37.19698865552778,8192.0
brownian,101,7.9,0.03362274169921875,0.00249481201171875,0.926513671875,31.534614083128467,37.66122729804377,8192.0
brownian,101,8.0,0.0355377197265625,0.0044097900390625,0.924560546875,31.934177262333993,38.113981922277574,8192.0
brownian,102,0.0,0.4326324462890625,0.4015045166015625,0.7109375,0.0,0.0,8192.0
brownian,102,0.1,0.436004638671875,0.404876708984375,0.71044921875,0.40091869790011836,0.6266019884179835,8192.0
brownian,102,0.2,0.43524932861328125,0.40412139892578125,0.711181640625,0.8018411656113857,1.2532029184769944,8192.0
brownian,102,0.3,0.43035125732421875,0.39922332763671875,0.7125244140625,1.202758468608692,1.8798126926905647,8192.0
brownian,102,0.4,0.41759490966796875,0.38646697998046875,0.7176513671875,1.6036831512650025,2.506427708133525,8192.0
brownian,102,0.5,0.40929412841796875,0.37816619873046875,0.7166748046875,2.0046122113142393,3.1330561222080666,8192.0
brownian,102,0.6,0.401031494140625,0.369903564453125,0.72412109375,2.4065053024909577,3.6705791973974344,8192.0
brownian,102,0.7000000000000001,0.39467620849609375,0.36354827880859375,0.722900390625,2.808390548632281,4.249670825964353,8192.0
brownian,102,0.8,0.38304901123046875,0.35192108154296875,0.7288818359375,3.2102753423270105,4.841153619396741,8192.0
brownian,102,0.9,0.35227203369140625,0.32114410400390625,0.7393798828125,3.6121508311288486,5.438536776156201,8192.0
brownian,102,1.0,0.32454681396484375,0.29341888427734375,0.751220703125,4.014019810085085,6.036257082830801,8192.0
brownian,102,1.1,0.3105621337890625,0.2794342041015625,0.7620849609375,4.404920988860514,6.449775369760073,8192.0
brownian,102,1.2,0.28040313720703125,0.24927520751953125,0.777099609375,4.795817423622029,6.953112445731311,8192.0
brownian,102,1.3,0.25876617431640625,0.22763824462890625,0.7880859375,5.186713067974313,7.51039591766433,8192.0
brownian,102,1.4000000000000001,0.23551177978515625,0.20438385009765625,0.7998046875,5.577616601237478,8.075794538348426,8192.0
brownian,102,1.5,0.20867919921875,0.17755126953125,0.8115234375,5.968513454096012,8.649396743322514,8192.0
brownian,102,1.6,0.195770263671875,0.164642333984375,0.82421875,6.369102158206474,9.106554668142618,8192.0
brownian,102,1.7,0.186431884765625,0.155303955078125,0.8251953125,6.769694803521053,9.595220179765574,8192.0
brownian,102,1.8,0.1888427734375,0.15771484375,0.826904296875,7.170294226152581,10.134463554120767,8192.0
brownian,102,1.9000000000000001,0.17537689208984375,0.14424896240234375,0.8343505859375,7.5709022603807,10.687151089551664,8192.0
brownian,102,2.0,0.15836334228515625,0.12723541259765625,0.841064453125,7.971508823090533,11.272006650338152,8192.0
brownian,102,2.1,0.15457916259765625,0.12345123291015625,0.8443603515625,8.370940334203329,11.607069144907186,8192.0
brownian,102,2.2,0.14992523193359375,0.11879730224609375,0.846435546875,8.770365538049116,12.029504641261314,8192.0
brownian,102,2.3000000000000003,0.128997802734375,0.097869873046875,0.8565673828125,9.169776406122415,12.519666086200434,8192.0
brownian,102,2.4,0.12518310546875,0.09405517578125,0.859130859375,9.569170601702366,13.024805545064092,8192.0
brownian,102,2.5,0.111175537109375,0.080047607421875,0.865478515625,9.968564709040123,13.535628564041245,8192.0
brownian,102,2.6,0.10703277587890625,0.07590484619140625,0.8699951171875,10.363954437893762,13.91632707121688,8192.0
brownian,102,2.7,0.10723114013671875,0.07610321044921875,0.8695068359375,10.759327699243347,14.361124805036226,8192.0
brownian,102,2.8000000000000003,0.098785400390625,0.067657470703125,0.8734130859375,11.1546957238862,14.81626970038908,8192.0
brownian,102,2.9,0.093505859375,0.0623779296875,0.8782958984375,11.550067068097611,15.28788950472339,8192.0
brownian,102,3.0,0.08475494384765625,0.05362701416015625,0.88427734375,11.945432553166444,15.809065741721053,8192.0
brownian,102,3.1,0.090240478515625,0.059112548828125,0.879638671875,12.346563623196774,16.205727643331258,8192.0
brownian,102,3.2,0.08788299560546875,0.05675506591796875,0.8834228515625,12.747692718716536,16.669888660993212,8192.0
brownian,102,3.3000000000000003,0.07842254638671875,0.04729461669921875,0.88818359375,13.148824298264172,17.118465215858418,8192.0
brownian,102,3.4,0.0804595947265625,0.0493316650390625,0.8892822265625,13.549947864642377,17.58087508578787,8192.0
brownian,102,3.5,0.07022857666015625,0.03910064697265625,0.89599609375,13.951059620249467,18.097985812562502,8192.0
brownian,102,3.6,0.066314697265625,0.035186767578125,0.898681640625,14.353166469475408,18.52229191172834,8192.0
brownian,102,3.7,0.0622711181640625,0.0311431884765625,0.8983154296875,14.755289181958162,18.92878792449859,8192.0
brownian,102,3.8000000000000003,0.0643157958984375,0.0331878662109375,0.8985595703125,15.157399958540616,19.364908564381253,8192.0
brownian,102,3.9,0.05584716796875,0.02471923828125,0.90576171875,15.559504013005746,19.81041959956752,8192.0
brownian,102,4.0,0.0493927001953125,0.0182647705078125,0.91162109375,15.96161496778766,20.271212795271698,8192.0
brownian,102,4.1,0.05274200439453125,0.02161407470703125,0.910888671875,16.36548648504284,20.699247847295048,8192.0
brownian,102,4.2,0.05110931396484375,0.01998138427734375,0.9111328125,16.769348709254935,21.160500870440554,8192.0
brownian,102,4.3,0.04959869384765625,0.01847076416015625,0.9127197265625,17.173210888506652,21.615892772846628,8192.0
brownian,102,4.4,0.04547882080078125,0.01435089111328125,0.9161376953125,17.577081738234185,22.063518300323132,8192.0
brownian,102,4.5,0.04183197021484375,0.01070404052734375,0.9208984375,17.98095234549597,22.531936716468696,8192.0
brownian,102,4.6000000000000005,0.0423431396484375,0.0112152099609375,0.9169921875,18.37804062140846,22.9434902442901,8192.0
brownian,102,4.7,0.03910064697265625,0.00797271728515625,0.923095703125,18.775138167344764,23.381197572561177,8192.0
brownian,102,4.8,0.04187774658203125,0.01074981689453125,0.9197998046875,19.172240362823274,23.81935359965032,8192.0
brownian,102,4.9,0.04138946533203125,0.01026153564453125,0.9189453125,19.569345923779274,24.310716728390275,8192.0
brownian,102,5.0,0.03682708740234375,0.00569915771484375,0.9256591796875,19.966445793320997,24.797939215372022,8192.0
brownian,102,5.1000000000000005,0.0349578857421875,0.0038299560546875,0.9278564453125,20.37196244742486,25.232586956066907,8192.0
brownian,102,5.2,0.036712646484375,0.005584716796875,0.92578125,20.777477185490547,25.674415704889952,8192.0
brownian,102,5.3,0.03482818603515625,0.00370025634765625,0.927490234375,21.182977220355347,26.147814944065487,8192.0
brownian,102,5.4,0.03441619873046875,0.00328826904296875,0.9287109375,21.588487477694468,26.593075683485615,8192.0
brownian,102,5.5,0.03363800048828125,0.00251007080078125,0.93017578125,21.994004046868596,27.09586581107748,8192.0
brownian,102,5.6000000000000005,0.0379180908203125,0.0067901611328125,0.923828125,22.392925943676595,27.53589243057655,8192.0
brownian,102,5.7,0.03694915771484375,0.00582122802734375,0.926513671875,22.791847455542044,27.964789485243728,8192.0
brownian,102,5.8,0.03807830810546875,0.00695037841796875,0.9234619140625,23.190767450528007,28.384688216337896,8192.0
brownian,102,5.9,0.036376953125,0.0052490234375,0.92626953125,23.589700875238112,28.88651947983548,8192.0
brownian,102,6.0,0.03672027587890625,0.00559234619140625,0.9229736328125,23.98863387221011,29.410707906698487,8192.0
brownian,102,6.1000000000000005,0.0333099365234375,0.0021820068359375,0.9256591796875,24.392681452507034,29.777836838631483,8192.0
brownian,102,6.2,0.036224365234375,0.005096435546875,0.9248046875,24.796721819505233,30.218564565211924,8192.0
brownian,102,6.3,0.0341339111328125,0.0030059814453125,0.9268798828125,25.200767149330296,30.658004490452107,8192.0
brownian,102,6.4,0.037139892578125,0.006011962890625,0.922607421875,25.604813427934708,31.11765623806224,8192.0
brownian,102,6.5,0.03595733642578125,0.00482940673828125,0.92431640625,26.00885247651533,31.572527065302772,8192.0
brownian,102,6.6000000000000005,0.03369140625,0.0025634765625,0.92724609375,26.412397720285966,31.974816673765694,8192.0
brownian,102,6.7,0.033416748046875,0.002288818359375,0.9249267578125,26.815942058809142,32.36906160405926,8192.0
brownian,102,6.8,0.0384063720703125,0.0072784423828125,0.921875,27.21948507817767,32.84347363238639,8192.0
brownian,102,6.9,0.0310821533203125,-4.57763671875e-05,0.9287109375,27.623028245437524,33.320181663241584,8192.0
brownian,102,7.0,0.0325775146484375,0.0014495849609375,0.927978515625,28.026570323531722,33.82499545749892,8192.0
brownian,102,7.1000000000000005,0.033782958984375,0.002655029296875,0.9268798828125,28.423898815039173,34.216540300472815,8192.0
brownian,102,7.2,0.03662109375,0.0054931640625,0.924072265625,28.82122760054058,34.6529797603013,8192.0
brownian,102,7.3,0.035369873046875,0.004241943359375,0.92431640625,29.218565693284226,35.0892007433879,8192.0
brownian,102,7.4,0.02857208251953125,-0.00255584716796875,0.932861328125,29.615900161445865,35.5014660819184,8192.0
brownian,102,7.5,0.0303497314453125,-0.0007781982421875,0.930419921875,30.013208000215222,35.98660282607538,8192.0
brownian,102,7.6000000000000005,0.0325469970703125,0.0014190673828125,0.9305419921875,30.41355572368348,36.41685202058958,8192.0
brownian,102,7.7,0.0297393798828125,-0.0013885498046875,0.931396484375,30.813901381470263,36.86971321739966,8192.0
brownian,102,7.8,0.02935028076171875,-0.00177764892578125,0.9326171875,31.21423868955973,37.315421702870836,8192.0
brownian,102,7.9,0.032684326171875,0.001556396484375,0.927978515625,31.614566445720257,37.77892065212874,8192.0
brownian,102,8.0,0.031463623046875,0.000335693359375,0.9305419921875,32.01489048558961,38.215458647254884,8192.0
brownian,103,0.0,0.4463958740234375,0.4152679443359375,0.706787109375,0.0,0.0,8192.0
brownian,103,0.1,0.44106292724609375,0.40993499755859375,0.704833984375,0.4027474846101169,0.6263304640206799,8192.0
brownian,103,0.2,0.44377899169921875,0.41265106201171875,0.706787109375,0.8054883965196002,1.2526422678212572,8192.0
brownian,103,0.3,0.4330291748046875,0.4019012451171875,0.7076416015625,1.2082308792465806,1.8789873263188002,8192.0
brownian,103,0.4,0.42681121826171875,0.39568328857421875,0.7109375,1.6109703670097753,2.505371926057625,8192.0
brownian,103,0.5,0.41335296630859375,0.38222503662109375,0.7156982421875,2.0137040777092583,3.1317257185171568,8192.0
brownian,103,0.6,0.40605926513671875,0.37493133544921875,0.716552734375,2.4169163509102223,3.6685309750626045,8192.0
brownian,103,0.7000000000000001,0.406951904296875,0.375823974609375,0.7159423828125,2.820123496713549,4.25556138940395,8192.0
brownian,103,0.8,0.37535858154296875,0.34423065185546875,0.7271728515625,3.2233233559964622,4.857972012819208,8192.0
brownian,103,0.9,0.36174774169921875,0.33061981201171875,0.737060546875,3.6265139776850455,5.454615538994488,8192.0
brownian,103,1.0,0.32695770263671875,0.29582977294921875,0.7491455078125,4.02970302570004,6.05838064821472,8192.0
brownian,103,1.1,0.328125,0.2969970703125,0.7537841796875,4.403495662545887,6.499772176704732,8192.0
brownian,103,1.2,0.31165313720703125,0.28052520751953125,0.7598876953125,4.777286246302492,6.991850686320173,8192.0
brownian,103,1.3,0.294708251953125,0.263580322265625,0.77001953125,5.151065751021252,7.533955209489191,8192.0
brownian,103,1.4000000000000001,0.26007843017578125,0.22895050048828125,0.788330078125,5.524843708850848,8.073907968399404,8192.0
brownian,103,1.5,0.25882720947265625,0.22769927978515625,0.7886962890625,5.898615272618201,8.643029373853137,8192.0
brownian,103,1.6,0.2643280029296875,0.2332000732421875,0.786376953125,6.297023175403377,9.094435009327317,8192.0
brownian,103,1.7,0.222381591796875,0.191253662109375,0.809326171875,6.6954376666653035,9.539104448131138,8192.0
brownian,103,1.8,0.205810546875,0.1746826171875,0.8154296875,7.093847574514093,10.039138608096044,8192.0
brownian,103,1.9000000000000001,0.19058990478515625,0.15946197509765625,0.8228759765625,7.492259865310405,10.576414557214664,8192.0
brownian,103,2.0,0.1698150634765625,0.1386871337890625,0.8309326171875,7.8906770702519085,11.130511243349861,8192.0
brownian,103,2.1,0.17230224609375,0.14117431640625,0.8265380859375,8.308861358338893,11.566937843626462,8192.0
brownian,103,2.2,0.1499176025390625,0.1187896728515625,0.8455810546875,8.727051687407474,12.029157398353812,8192.0
brownian,103,2.3000000000000003,0.14638519287109375,0.11525726318359375,0.843994140625,9.145237669524448,12.52800244892226,8192.0
brownian,103,2.4,0.12747955322265625,0.09635162353515625,0.8531494140625,9.563418630003584,12.997459799855768,8192.0
brownian,103,2.5,0.11712646484375,0.08599853515625,0.8612060546875,9.981593892495273,13.524968830058775,8192.0
brownian,103,2.6,0.1078948974609375,0.0767669677734375,0.8677978515625,10.37352205371472,13.956394664186547,8192.0
brownian,103,2.7,0.11257171630859375,0.08144378662109375,0.865478515625,10.765456403494237,14.405926619426811,8192.0
brownian,103,2.8000000000000003,0.10224151611328125,0.07111358642578125,0.8699951171875,11.1574029397959,14.870072066847824,8192.0
brownian,103,2.9,0.09380340576171875,0.06267547607421875,0.8765869140625,11.549354453173763,15.376125737681454,8192.0
brownian,103,3.0,0.0850372314453125,0.0539093017578125,0.8856201171875,11.94130917737292,15.898385256956598,8192.0
brownian,103,3.1,0.08441162109375,0.05328369140625,0.885498046875,12.335566142897965,16.255440802962116,8192.0
brownian,103,3.2,0.0810699462890625,0.0499420166015625,0.8856201171875,12.729825502808033,16.678891474113723,8192.0
brownian,103,3.3000000000000003,0.0829010009765625,0.0517730712890625,0.88525390625,13.124089082913933,17.122395544717524,8192.0
brownian,103,3.4,0.07714080810546875,0.04601287841796875,0.888671875,13.5183445064771,17.59247482381286,8192.0
brownian,103,3.5,0.0717010498046875,0.0405731201171875,0.897216796875,13.912586904642026,18.060244859986202,8192.0
brownian,103,3.6,0.061248779296875,0.030120849609375,0.90478515625,14.309648292009019,18.48381778452172,8192.0
brownian,103,3.7,0.06357574462890625,0.03244781494140625,0.9017333984375,14.706707284746035,18.975514276111642,8192.0
brownian,103,3.8000000000000003,0.0572357177734375,0.0261077880859375,0.9066162109375,15.103773296359462,19.445906535077018,8192.0
brownian,103,3.9,0.0633544921875,0.0322265625,0.9012451171875,15.500844177703636,19.95686832935895,8192.0
brownian,103,4.0,0.05393218994140625,0.02280426025390625,0.91162109375,15.897919507738566,20.469944963062556,8192.0
brownian,103,4.1,0.0560302734375,0.02490234375,0.9100341796875,16.294555129137258,20.886723583535613,8192.0
brownian,103,4.2,0.0514068603515625,0.0202789306640625,0.912841796875,16.69118781877446,21.30321099079695,8192.0
brownian,103,4.3,0.05591583251953125,0.02478790283203125,0.91064453125,17.087826235846556,21.717788382654216,8192.0
brownian,103,4.4,0.05287933349609375,0.02175140380859375,0.9091796875,17.4844559546585,22.18583216825463,8192.0
brownian,103,4.5,0.04904937744140625,0.01792144775390625,0.9178466796875,17.881081317690523,22.654738064401922,8192.0
brownian,103,4.6000000000000005,0.04795074462890625,0.01682281494140625,0.916015625,18.28015217387918,23.058281266381144,8192.0
brownian,103,4.7,0.0451812744140625,0.0140533447265625,0.9169921875,18.679233754254643,23.50958032480321,8192.0
brownian,103,4.8,0.04541778564453125,0.01428985595703125,0.91552734375,19.078320615462033,23.944149227847095,8192.0
brownian,103,4.9,0.049407958984375,0.018280029296875,0.91455078125,19.477416471718264,24.40836452548518,8192.0
brownian,103,5.0,0.04470062255859375,0.01357269287109375,0.9193115234375,19.87650885549085,24.886503187017016,8192.0
brownian,103,5.1000000000000005,0.0466766357421875,0.0155487060546875,0.9136962890625,20.28181369910523,25.337906563011874,8192.0
brownian,103,5.2,0.04448699951171875,0.01335906982421875,0.91796875,20.687110298339334,25.78556981809886,8192.0
brownian,103,5.3,0.040374755859375,0.009246826171875,0.9219970703125,21.092419405248144,26.22980642192966,8192.0
brownian,103,5.4,0.03948211669921875,0.00835418701171875,0.92138671875,21.497737637777043,26.691661056402914,8192.0
brownian,103,5.5,0.03911590576171875,0.00798797607421875,0.92236328125,21.903062503953777,27.200488866377047,8192.0
brownian,103,5.6000000000000005,0.04285430908203125,0.01172637939453125,0.9183349609375,22.308733768129066,27.60228566726629,8192.0
brownian,103,5.7,0.040557861328125,0.009429931640625,0.9224853515625,22.714402860422418,28.009643208054666,8192.0
brownian,103,5.8,0.03932952880859375,0.00820159912109375,0.921875,23.120069825380305,28.49695398104755,8192.0
brownian,103,5.9,0.04172515869140625,0.01059722900390625,0.9212646484375,23.525741953348486,28.959748220130827,8192.0
brownian,103,6.0,0.03475189208984375,0.00362396240234375,0.9259033203125,23.931414805367623,29.457186813422084,8192.0
brownian,103,6.1000000000000005,0.03639984130859375,0.00527191162109375,0.9241943359375,24.335200677046195,29.881615564858723,8192.0
brownian,103,6.2,0.0372467041015625,0.0061187744140625,0.92431640625,24.738991746288193,30.333425993020494,8192.0
brownian,103,6.3,0.04230499267578125,0.01117706298828125,0.9202880859375,25.142793502548024,30.778596109957068,8192.0
brownian,103,6.4,0.04183197021484375,0.01070404052734375,0.9212646484375,25.546602335371308,31.23819487669264,8192.0
brownian,103,6.5,0.03688812255859375,0.00576019287109375,0.924560546875,25.950407994927822,31.666224404129743,8192.0
brownian,103,6.6000000000000005,0.03951263427734375,0.00838470458984375,0.922119140625,26.347190699188033,32.054294236206,8192.0
brownian,103,6.7,0.0409698486328125,0.0098419189453125,0.922119140625,26.743971253492766,32.46715138741622,8192.0
brownian,103,6.8,0.0374603271484375,0.0063323974609375,0.9251708984375,27.14074414641278,32.914491321458485,8192.0
brownian,103,6.9,0.04080963134765625,0.00968170166015625,0.922607421875,27.53751005870832,33.37464796600358,8192.0
brownian,103,7.0,0.03665924072265625,0.00553131103515625,0.9251708984375,27.93426573213773,33.88951797711732,8192.0
brownian,103,7.1000000000000005,0.03643798828125,0.00531005859375,0.92724609375,28.335344065648496,34.29433876406687,8192.0
brownian,103,7.2,0.0392913818359375,0.0081634521484375,0.922119140625,28.736429688375345,34.72090435226186,8192.0
brownian,103,7.3,0.0357208251953125,0.0045928955078125,0.9263916015625,29.137520997429114,35.15698340380279,8192.0
brownian,103,7.4,0.0383453369140625,0.0072174072265625,0.9202880859375,29.538607345290487,35.62894448624436,8192.0
brownian,103,7.5,0.0356292724609375,0.0045013427734375,0.9263916015625,29.939688538139105,36.11650860237407,8192.0
brownian,103,7.6000000000000005,0.03427886962890625,0.00315093994140625,0.92578125,30.335550970871317,36.505189724870725,8192.0
brownian,103,7.7,0.0372467041015625,0.0061187744140625,0.9234619140625,30.731410235040656,36.91097416869219,8192.0
brownian,103,7.8,0.03353118896484375,0.00240325927734375,0.9263916015625,31.12726580287238,37.33184960476557,8192.0
brownian,103,7.9,0.03397369384765625,0.00284576416015625,0.9259033203125,31.523121515379678,37.74978681088724,8192.0
brownian,103,8.0,0.0337066650390625,0.0025787353515625,0.9237060546875,31.918981210674698,38.17113998555057,8192.0
brownian,104,0.0,0.42022705078125,0.38909912109375,0.71435546875,0.0,0.0,8192.0
brownian,104,0.1,0.41686248779296875,0.38573455810546875,0.7152099609375,0.3931489163715407,0.6261259505952064,8192.0
brownian,104,0.2,0.4176788330078125,0.3865509033203125,0.7154541015625,0.7863030883770576,1.2521999937765789,8192.0
brownian,104,0.3,0.4089202880859375,0.3777923583984375,0.7176513671875,1.1794550787771505,1.8782997464834166,8192.0
brownian,104,0.4,0.4068603515625,0.375732421875,0.7177734375,1.5726136133237318,2.5044466854334013,8192.0
brownian,104,0.5,0.397064208984375,0.365936279296875,0.7225341796875,1.965763154310483,3.1305032570637508,8192.0
brownian,104,0.6,0.3836517333984375,0.3525238037109375,0.7274169921875,2.3659876659290493,3.656663356123834,8192.0
brownian,104,0.7000000000000001,0.37334442138671875,0.34221649169921875,0.729248046875,2.766217462971241,4.234598837035868,8192.0
brownian,104,0.8,0.35831451416015625,0.32718658447265625,0.7322998046875,3.1664622860717055,4.826599690467955,8192.0
brownian,104,0.9,0.3404998779296875,0.3093719482421875,0.744873046875,3.5667110386653027,5.4223069156909265,8192.0
brownian,104,1.0,0.311248779296875,0.280120849609375,0.7567138671875,3.9669603836157457,6.025688015331277,8192.0
brownian,104,1.1,0.30808258056640625,0.27695465087890625,0.759765625,4.38841174983064,6.375319129442629,8192.0
brownian,104,1.2,0.27977752685546875,0.24864959716796875,0.77099609375,4.809856258667212,6.841519258112529,8192.0
brownian,104,1.3,0.2678680419921875,0.2367401123046875,0.784423828125,5.231303490022556,7.384011186225611,8192.0
brownian,104,1.4000000000000001,0.24330902099609375,0.21218109130859375,0.797119140625,5.652763073882538,7.950962237248441,8192.0
brownian,104,1.5,0.22855377197265625,0.19742584228515625,0.8031005859375,6.074222775066586,8.527593465877947,8192.0
brownian,104,1.6,0.2161407470703125,0.1850128173828125,0.8109130859375,6.4761762701640695,8.926946649364872,8192.0
brownian,104,1.7,0.203857421875,0.1727294921875,0.8125,6.878113216721146,9.38203914679351,8192.0
brownian,104,1.8,0.1835479736328125,0.1524200439453125,0.8294677734375,7.280042235713367,9.885668114537303,8192.0
brownian,104,1.9000000000000001,0.16320037841796875,0.13207244873046875,0.8350830078125,7.6819642179287335,10.401174643428474,8192.0
brownian,104,2.0,0.15033721923828125,0.11920928955078125,0.84375,8.083898569137958,10.950738512285165,8192.0
brownian,104,2.1,0.14682769775390625,0.11569976806640625,0.8450927734375,8.474388764271133,11.381749693778788,8192.0
brownian,104,2.2,0.13385772705078125,0.10272979736328125,0.8514404296875,8.864884291879921,11.857608547905688,8192.0
brownian,104,2.3000000000000003,0.125823974609375,0.094696044921875,0.857177734375,9.25537739418372,12.360635909639287,8192.0
brownian,104,2.4,0.11234283447265625,0.08121490478515625,0.8681640625,9.645876357470563,12.887791916565403,8192.0
brownian,104,2.5,0.1120758056640625,0.0809478759765625,0.86376953125,10.03637517253402,13.439891098320071,8192.0
brownian,104,2.6,0.10657501220703125,0.07544708251953125,0.8712158203125,10.43449010020327,13.873072587858783,8192.0
brownian,104,2.7,0.1059417724609375,0.0748138427734375,0.869384765625,10.832597660321115,14.313612678422654,8192.0
brownian,104,2.8000000000000003,0.0916595458984375,0.0605316162109375,0.88037109375,11.230693983143635,14.786514559772353,8192.0
brownian,104,2.9,0.085235595703125,0.054107666015625,0.882568359375,11.628772112629232,15.278445651285207,8192.0
brownian,104,3.0,0.087371826171875,0.056243896484375,0.882080078125,12.026839790362168,15.780543991568265,8192.0
brownian,104,3.1,0.083343505859375,0.052215576171875,0.886962890625,12.432717802770135,16.194626301741593,8192.0
brownian,104,3.2,0.08332061767578125,0.05219268798828125,0.88427734375,12.838590182434817,16.64726348934296,8192.0
brownian,104,3.3000000000000003,0.07891082763671875,0.04778289794921875,0.888916015625,13.244471901969707,17.129448154880336,8192.0
brownian,104,3.4,0.07098388671875,0.03985595703125,0.893310546875,13.650350093166312,17.61993269738403,8192.0
brownian,104,3.5,0.06744384765625,0.03631591796875,0.898193359375,14.056222966747608,18.139494684029806,8192.0
brownian,104,3.6,0.06298828125,0.0318603515625,0.9024658203125,14.456473178630864,18.564725145745676,8192.0
brownian,104,3.7,0.0665283203125,0.035400390625,0.8961181640625,14.856716805189707,18.97603125673814,8192.0
brownian,104,3.8000000000000003,0.0572967529296875,0.0261688232421875,0.9041748046875,15.256957969883308,19.42396511274796,8192.0
brownian,104,3.9,0.0629119873046875,0.0317840576171875,0.8988037109375,15.657187992291725,19.915925521335303,8192.0
brownian,104,4.0,0.05309295654296875,0.02196502685546875,0.909423828125,16.05740724513776,20.41915147074266,8192.0
brownian,104,4.1,0.05515289306640625,0.02402496337890625,0.909912109375,16.460340336072647,20.849031058859932,8192.0
brownian,104,4.2,0.05161285400390625,0.02048492431640625,0.90966796875,16.863280831414293,21.293039746561924,8192.0
brownian,104,4.3,0.0514373779296875,0.0203094482421875,0.911865234375,17.266219302183014,21.775403980545992,8192.0
brownian,104,4.4,0.04726409912109375,0.01613616943359375,0.912841796875,17.669154458150764,22.273785704062366,8192.0
brownian,104,4.5,0.04400634765625,0.01287841796875,0.9171142578125,18.072094812811514,22.799437090059122,8192.0
brownian,104,4.6000000000000005,0.04217529296875,0.01104736328125,0.9188232421875,18.475656769721454,23.23259766672122,8192.0
brownian,104,4.7,0.04236602783203125,0.01123809814453125,0.917236328125,18.87921711085693,23.649916225007857,8192.0
brownian,104,4.8,0.040435791015625,0.009307861328125,0.917724609375,19.28277116036973,24.09305542758906,8192.0
brownian,104,4.9,0.0483856201171875,0.0172576904296875,0.91015625,19.686336085552828,24.575346723012707,8192.0
brownian,104,5.0,0.03806304931640625,0.00693511962890625,0.92041015625,20.08989857656428,25.088436781238613,8192.0
brownian,104,5.1000000000000005,0.04022216796875,0.00909423828125,0.9180908203125,20.491471409374963,25.454435932665792,8192.0
brownian,104,5.2,0.0392913818359375,0.0081634521484375,0.919921875,20.893043149357418,25.92563078556723,8192.0
brownian,104,5.3,0.03615570068359375,0.00502777099609375,0.9217529296875,21.294607989942477,26.345255661388485,8192.0
brownian,104,5.4,0.034088134765625,0.002960205078125,0.9261474609375,21.696171595559875,26.784918547679787,8192.0
brownian,104,5.5,0.03176116943359375,0.00063323974609375,0.9300537109375,22.09774791844444,27.246888008053393,8192.0
brownian,104,5.6000000000000005,0.03664398193359375,0.00551605224609375,0.9234619140625,22.500096036491474,27.655180136040084,8192.0
brownian,104,5.7,0.03170013427734375,0.00057220458984375,0.9288330078125,22.902447111553833,28.10203271984116,8192.0
brownian,104,5.8,0.03101348876953125,-0.00011444091796875,0.9296875,23.30479855646192,28.537141284457515,8192.0
brownian,104,5.9,0.0310211181640625,-0.0001068115234375,0.92919921875,23.70715866742561,29.026023046113426,8192.0
brownian,104,6.0,0.0310821533203125,-4.57763671875e-05,0.9288330078125,24.109519876449156,29.52845287500796,8192.0
brownian,104,6.1000000000000005,0.03154754638671875,0.00041961669921875,0.9306640625,24.509522132457118,29.936276383341376,8192.0
brownian,104,6.2,0.03324127197265625,0.00211334228515625,0.9266357421875,24.90952905300213,30.37870424758305,8192.0
brownian,104,6.3,0.0333099365234375,0.0021820068359375,0.927978515625,25.30954252710906,30.811425356671677,8192.0
brownian,104,6.4,0.03421783447265625,0.00308990478515625,0.9263916015625,25.709552121855133,31.29948719680403,8192.0
brownian,104,6.5,0.02954864501953125,-0.00157928466796875,0.932861328125,26.109574502633837,31.75412821875726,8192.0
brownian,104,6.6000000000000005,0.0344085693359375,0.0032806396484375,0.9278564453125,26.509696278283606,32.1621299804783,8192.0
brownian,104,6.7,0.02927398681640625,-0.00185394287109375,0.9344482421875,26.909814899735554,32.565210798262676,8192.0
brownian,104,6.8,0.03197479248046875,0.00084686279296875,0.92919921875,27.309942073168443,33.01220550706456,8192.0
brownian,104,6.9,0.02993011474609375,-0.00119781494140625,0.9300537109375,27.710079310917322,33.45180903491822,8192.0
brownian,104,7.0,0.03203582763671875,0.00090789794921875,0.9290771484375,28.11021717585448,33.90642415554095,8192.0
brownian,104,7.1000000000000005,0.0308837890625,-0.000244140625,0.92919921875,28.508184279506295,34.288754541689,8192.0
brownian,104,7.2,0.03076934814453125,-0.00035858154296875,0.9310302734375,28.906156147011266,34.72101321344067,8192.0
brownian,104,7.3,0.03386688232421875,0.00273895263671875,0.9273681640625,29.304131417258073,35.173244116987874,8192.0
brownian,104,7.4,0.02993011474609375,-0.00119781494140625,0.9298095703125,29.702104117375374,35.590638007126984,8192.0
brownian,104,7.5,0.033172607421875,0.002044677734375,0.9263916015625,30.10006677149459,36.08977934494533,8192.0
brownian,104,7.6000000000000005,0.03632354736328125,0.00519561767578125,0.925537109375,30.497683461497655,36.48775907743881,8192.0
brownian,104,7.7,0.033935546875,0.0028076171875,0.9249267578125,30.89530977882893,36.907768178055434,8192.0
brownian,104,7.8,0.0347900390625,0.003662109375,0.9249267578125,31.29295111056996,37.35077780346157,8192.0
brownian,104,7.9,0.0351409912109375,0.0040130615234375,0.9232177734375,31.690596555484145,37.82902401389496,8192.0
brownian,104,8.0,0.02931976318359375,-0.00180816650390625,0.9293212890625,32.08824595643699,38.29662483671764,8192.0
brownian,105,0.0,0.41552734375,0.3843994140625,0.717041015625,0.0,0.0,8192.0
brownian,105,0.1,0.416015625,0.3848876953125,0.7169189453125,0.4032230551635876,0.6266368225022826,8192.0
brownian,105,0.2,0.4132232666015625,0.3820953369140625,0.7183837890625,0.806453265548676,1.253292020133137,8192.0
brownian,105,0.3,0.40871429443359375,0.37758636474609375,0.71875,1.2096841548742292,1.879962712534053,8192.0
brownian,105,0.4,0.39820098876953125,0.36707305908203125,0.7259521484375,1.6129131850240332,2.5066388026374864,8192.0
brownian,105,0.5,0.3931121826171875,0.3619842529296875,0.72705078125,2.016138681095049,3.1333213098272146,8192.0
brownian,105,0.6,0.38483428955078125,0.35370635986328125,0.7276611328125,2.415016598611256,3.66686579590153,8192.0
brownian,105,0.7000000000000001,0.373138427734375,0.342010498046875,0.7330322265625,2.8138945377798263,4.245348517233591,8192.0
brownian,105,0.8,0.3564910888671875,0.3253631591796875,0.73974609375,3.212783747059733,4.838874516061346,8192.0
brownian,105,0.9,0.32588958740234375,0.29476165771484375,0.7520751953125,3.611685413019278,5.4340209021680765,8192.0
brownian,105,1.0,0.2957000732421875,0.2645721435546875,0.765869140625,4.010591112573329,6.0310523704040975,8192.0
brownian,105,1.1,0.2967071533203125,0.2655792236328125,0.7630615234375,4.414406066676921,6.478701978983816,8192.0
brownian,105,1.2,0.2610321044921875,0.2299041748046875,0.790283203125,4.818224063109099,6.986549676252788,8192.0
brownian,105,1.3,0.2303009033203125,0.1991729736328125,0.8016357421875,5.222039111960587,7.503759816271954,8192.0
brownian,105,1.4000000000000001,0.209869384765625,0.178741455078125,0.81298828125,5.6258530040755055,8.050621218048455,8192.0
brownian,105,1.5,0.19069671630859375,0.15956878662109375,0.822509765625,6.029661901389259,8.608435292079266,8192.0
brownian,105,1.6,0.19890594482421875,0.16777801513671875,0.8214111328125,6.427470638988104,8.917623478716866,8192.0
brownian,105,1.7,0.179473876953125,0.148345947265625,0.825439453125,6.825281428969399,9.256405251708543,8192.0
brownian,105,1.8,0.182373046875,0.1512451171875,0.8271484375,7.22307576490168,9.713494375035646,8192.0
brownian,105,1.9000000000000001,0.1570892333984375,0.1259613037109375,0.8388671875,7.620871229520709,10.209881794764096,8192.0
brownian,105,2.0,0.14929962158203125,0.11817169189453125,0.845703125,8.018672146898318,10.746805782437098,8192.0
brownian,105,2.1,0.13600921630859375,0.10488128662109375,0.848388671875,8.42230133185538,11.2091609113739,8192.0
brownian,105,2.2,0.12842559814453125,0.09729766845703125,0.8531494140625,8.825907918717263,11.710601581592238,8192.0
brownian,105,2.3000000000000003,0.126220703125,0.0950927734375,0.8541259765625,9.22951626416086,12.238876236439253,8192.0
brownian,105,2.4,0.10951995849609375,0.07839202880859375,0.86669921875,9.633134082101643,12.76171734746914,8192.0
brownian,105,2.5,0.105804443359375,0.074676513671875,0.87060546875,10.036759229549656,13.291947671004126,8192.0
brownian,105,2.6,0.10237884521484375,0.07125091552734375,0.8726806640625,10.442865320620971,13.741923588906264,8192.0
brownian,105,2.7,0.095123291015625,0.063995361328125,0.8768310546875,10.848976449559089,14.19318037730637,8192.0
brownian,105,2.8000000000000003,0.09436798095703125,0.06324005126953125,0.8773193359375,11.255073372383455,14.691435981953306,8192.0
brownian,105,2.9,0.0894317626953125,0.0583038330078125,0.8819580078125,11.661160791316473,15.195262488176011,8192.0
brownian,105,3.0,0.0836029052734375,0.0524749755859375,0.8841552734375,12.067250490087211,15.716868056693857,8192.0
brownian,105,3.1,0.084442138671875,0.053314208984375,0.8836669921875,12.472202293335844,16.152222980034836,8192.0
brownian,105,3.2,0.07611083984375,0.04498291015625,0.889404296875,12.877158064152175,16.596381588643688,8192.0
brownian,105,3.3000000000000003,0.0827178955078125,0.0515899658203125,0.8880615234375,13.282101246712177,17.05019590941156,8192.0
brownian,105,3.4,0.06877899169921875,0.03765106201171875,0.8946533203125,13.687046512942937,17.517240178016927,8192.0
brownian,105,3.5,0.06990814208984375,0.03878021240234375,0.8973388671875,14.091993612515537,18.013099907850396,8192.0
brownian,105,3.6,0.0687713623046875,0.0376434326171875,0.894775390625,14.484659115101113,18.436906598150365,8192.0
brownian,105,3.7,0.0644989013671875,0.0333709716796875,0.8973388671875,14.877330695196264,18.853625982114405,8192.0
brownian,105,3.8000000000000003,0.0697784423828125,0.0386505126953125,0.8927001953125,15.269993898513846,19.339616947128185,8192.0
brownian,105,3.9,0.0656280517578125,0.0345001220703125,0.89599609375,15.662660798745176,19.799136954562687,8192.0
brownian,105,4.0,0.0619354248046875,0.0308074951171875,0.8995361328125,16.05533049224699,20.294884329156435,8192.0
brownian,105,4.1,0.05963897705078125,0.02851104736328125,0.9029541015625,16.46089914027226,20.690013682007105,8192.0
brownian,105,4.2,0.0577850341796875,0.0266571044921875,0.905029296875,16.86646887574534,21.123536065228414,8192.0
brownian,105,4.3,0.05631256103515625,0.02518463134765625,0.9046630859375,17.272036183042616,21.607106287853654,8192.0
brownian,105,4.4,0.05414581298828125,0.02301788330078125,0.9063720703125,17.67761199460817,22.096334836798814,8192.0
brownian,105,4.5,0.05206298828125,0.02093505859375,0.9090576171875,18.083186304680922,22.598766897159578,8192.0
brownian,105,4.6000000000000005,0.05741119384765625,0.02628326416015625,0.904541015625,18.487438907206947,22.98632420998486,8192.0
brownian,105,4.7,0.05074310302734375,0.01961517333984375,0.912109375,18.89169083307369,23.4135947605268,8192.0
brownian,105,4.8,0.0538177490234375,0.0226898193359375,0.90869140625,19.295947142155498,23.842135304409013,8192.0
brownian,105,4.9,0.05261993408203125,0.02149200439453125,0.910400390625,19.700210958515093,24.304679650178933,8192.0
brownian,105,5.0,0.0479583740234375,0.0168304443359375,0.913818359375,20.10446448668523,24.783178787826657,8192.0
brownian,105,5.1000000000000005,0.04204559326171875,0.01091766357421875,0.918212890625,20.513520839834257,25.214538977895046,8192.0
brownian,105,5.2,0.04427337646484375,0.01314544677734375,0.9149169921875,20.922576039548964,25.70506140146734,8192.0
brownian,105,5.3,0.045623779296875,0.014495849609375,0.9154052734375,21.33162992648286,26.126395842790203,8192.0
brownian,105,5.4,0.0466461181640625,0.0155181884765625,0.9127197265625,21.740683266068984,26.61316098151618,8192.0
brownian,105,5.5,0.04285430908203125,0.01172637939453125,0.91796875,22.149726481830225,27.100582675846784,8192.0
brownian,105,5.6000000000000005,0.04369354248046875,0.01256561279296875,0.916748046875,22.55289111994307,27.50402366236008,8192.0
brownian,105,5.7,0.04032135009765625,0.00919342041015625,0.920654296875,22.95605453721275,27.91423877449532,8192.0
brownian,105,5.8,0.03482818603515625,0.00370025634765625,0.92724609375,23.359219698793893,28.40534899397623,8192.0
brownian,105,5.9,0.03472137451171875,0.00359344482421875,0.9273681640625,23.762383510425696,28.854299904380188,8192.0
brownian,105,6.0,0.03475189208984375,0.00362396240234375,0.92626953125,24.1655368526257,29.333416127692004,8192.0
brownian,105,6.1000000000000005,0.03963470458984375,0.00850677490234375,0.921142578125,24.565297604050663,29.768448232804015,8192.0
brownian,105,6.2,0.03701019287109375,0.00588226318359375,0.9241943359375,24.965065625746576,30.216315060643062,8192.0
brownian,105,6.3,0.0356292724609375,0.0045013427734375,0.925048828125,25.36482162601085,30.636537498926277,8192.0
brownian,105,6.4,0.03275299072265625,0.00162506103515625,0.9315185546875,25.764569477273156,31.133116969942318,8192.0
brownian,105,6.5,0.0335540771484375,0.0024261474609375,0.926513671875,26.16431780105235,31.627001079318227,8192.0
brownian,105,6.6000000000000005,0.0300445556640625,-0.0010833740234375,0.9305419921875,26.562626228575166,32.031432336613186,8192.0
brownian,105,6.7,0.03224945068359375,0.00112152099609375,0.9287109375,26.960941005803654,32.44493624146231,8192.0
brownian,105,6.8,0.0328216552734375,0.0016937255859375,0.9263916015625,27.3592564831324,32.893025184431245,8192.0
brownian,105,6.9,0.029937744140625,-0.001190185546875,0.931884765625,27.757573540347003,33.34304266060132,8192.0
brownian,105,7.0,0.031158447265625,3.0517578125e-05,0.9288330078125,28.155890112356918,33.83879724958067,8192.0
brownian,105,7.1000000000000005,0.03192901611328125,0.00080108642578125,0.929443359375,28.55739317858213,34.265290826140564,8192.0
brownian,105,7.2,0.03106689453125,-6.103515625e-05,0.929443359375,28.95890106896408,34.68078927375689,8192.0
brownian,105,7.3,0.0333251953125,0.002197265625,0.92724609375,29.36041124133453,35.10963981749773,8192.0
brownian,105,7.4,0.030120849609375,-0.001007080078125,0.9298095703125,29.761917512118643,35.57789759787824,8192.0
brownian,105,7.5,0.02999114990234375,-0.00113677978515625,0.930908203125,30.163431122130703,36.06211566035114,8192.0
brownian,105,7.6000000000000005,0.03015899658203125,-0.00096893310546875,0.92919921875,30.562006445485043,36.454015907766866,8192.0
brownian,105,7.7,0.02962493896484375,-0.00150299072265625,0.931884765625,30.960581185834105,36.89544172070631,8192.0
brownian,105,7.8,0.03357696533203125,0.00244903564453125,0.9256591796875,31.359159510456262,37.34479135350542,8192.0
brownian,105,7.9,0.03272247314453125,0.00159454345703125,0.9263916015625,31.75773431991809,37.82160928985315,8192.0
brownian,105,8.0,0.03228759765625,0.00115966796875,0.928955078125,32.156304037444635,38.31358101849264,8192.0
brownian,106,0.0,0.4393463134765625,0.4082183837890625,0.706298828125,0.0,0.0,8192.0
brownian,106,0.1,0.43782806396484375,0.40670013427734375,0.7056884765625,0.4013012749128262,0.6265344204819987,8192.0
brownian,106,0.2,0.43358612060546875,0.40245819091796875,0.70947265625,0.8025961465840088,1.2530379914139083,8192.0
brownian,106,0.3,0.42868804931640625,0.39756011962890625,0.7080078125,1.2038909344781794,1.879557021229306,8192.0
brownian,106,0.4,0.42339324951171875,0.39226531982421875,0.712890625,1.6051792742868158,2.506068998040864,8192.0
brownian,106,0.5,0.41568756103515625,0.38455963134765625,0.715087890625,2.0064647432134715,3.1325959162683397,8192.0
brownian,106,0.6,0.4069366455078125,0.3758087158203125,0.7174072265625,2.4076581142214915,3.6642219917786716,8192.0
brownian,106,0.7000000000000001,0.39479827880859375,0.36367034912109375,0.723388671875,2.808852639591906,4.247307905110687,8192.0
brownian,106,0.8,0.3670501708984375,0.3359222412109375,0.73486328125,3.2100416200278996,4.841485907509212,8192.0
brownian,106,0.9,0.35031890869140625,0.31919097900390625,0.7430419921875,3.6112232547003646,5.436271550140825,8192.0
brownian,106,1.0,0.326171875,0.2950439453125,0.756103515625,4.012392887089547,6.035917267339186,8192.0
brownian,106,1.1,0.325164794921875,0.294036865234375,0.755615234375,4.421454817758812,6.419008914314188,8192.0
brownian,106,1.2,0.28292083740234375,0.25179290771484375,0.7718505859375,4.830526609114471,6.900489771631367,8192.0
brownian,106,1.3,0.26126861572265625,0.23014068603515625,0.782470703125,5.239592183028728,7.452787607100716,8192.0
brownian,106,1.4000000000000001,0.2272186279296875,0.1960906982421875,0.8011474609375,5.64865638790177,8.023658124739084,8192.0
brownian,106,1.5,0.209686279296875,0.178558349609375,0.810546875,6.057723407105958,8.598115998547657,8192.0
brownian,106,1.6,0.2007598876953125,0.1696319580078125,0.813720703125,6.457253472246388,9.050309599767273,8192.0
brownian,106,1.7,0.21598052978515625,0.18485260009765625,0.8084716796875,6.856775643336633,9.490161051726709,8192.0
brownian,106,1.8,0.18270111083984375,0.15157318115234375,0.824951171875,7.256301257724378,10.009844319005976,8192.0
brownian,106,1.9000000000000001,0.181884765625,0.1507568359375,0.82666015625,7.655820991546747,10.539915478885124,8192.0
brownian,106,2.0,0.15976715087890625,0.12863922119140625,0.837646484375,8.055330432309763,11.097744091279786,8192.0
brownian,106,2.1,0.16783905029296875,0.13671112060546875,0.8341064453125,8.462196735577935,11.510730235502717,8192.0
brownian,106,2.2,0.14404296875,0.1129150390625,0.8499755859375,8.869076592843296,11.988820627535514,8192.0
brownian,106,2.3000000000000003,0.1324005126953125,0.1012725830078125,0.853271484375,9.275963413650645,12.469645812128274,8192.0
brownian,106,2.4,0.1195831298828125,0.0884552001953125,0.86279296875,9.682850607720237,13.000567304228094,8192.0
brownian,106,2.5,0.1092987060546875,0.0781707763671875,0.8646240234375,10.089739711932964,13.536001705531852,8192.0
brownian,106,2.6,0.1065216064453125,0.0753936767578125,0.8721923828125,10.489818189065634,13.961892275976856,8192.0
brownian,106,2.7,0.09883880615234375,0.06771087646484375,0.8756103515625,10.88989540416505,14.394136723922566,8192.0
brownian,106,2.8000000000000003,0.0872344970703125,0.0561065673828125,0.88623046875,11.289980482565573,14.866778474139956,8192.0
brownian,106,2.9,0.08069610595703125,0.04956817626953125,0.88720703125,11.690073039656115,15.37434258453992,8192.0
brownian,106,3.0,0.083770751953125,0.052642822265625,0.8880615234375,12.09017559763004,15.89244880351885,8192.0
brownian,106,3.1,0.075225830078125,0.044097900390625,0.890625,12.484750784069252,16.277945668511656,8192.0
brownian,106,3.2,0.07328033447265625,0.04215240478515625,0.8951416015625,12.879318772551368,16.74214834982002,8192.0
brownian,106,3.3000000000000003,0.06252288818359375,0.03139495849609375,0.904296875,13.273888171689126,17.168147046488105,8192.0
brownian,106,3.4,0.057861328125,0.0267333984375,0.90771484375,13.66846886873129,17.666904746307655,8192.0
brownian,106,3.5,0.0556793212890625,0.0245513916015625,0.9071044921875,14.06304722185298,18.169196091885823,8192.0
brownian,106,3.6,0.051788330078125,0.020660400390625,0.9110107421875,14.457055226553056,18.546215162127627,8192.0
brownian,106,3.7,0.05828094482421875,0.02715301513671875,0.90283203125,14.851057869177552,18.97675507581745,8192.0
brownian,106,3.8000000000000003,0.05426788330078125,0.02313995361328125,0.91015625,15.245058196813435,19.440377476182125,8192.0
brownian,106,3.9,0.05077362060546875,0.01964569091796875,0.9122314453125,15.639055427884394,19.933188362837146,8192.0
brownian,106,4.0,0.04499053955078125,0.01386260986328125,0.91748046875,16.03306054898632,20.41363730777334,8192.0
brownian,106,4.1,0.0495758056640625,0.0184478759765625,0.9122314453125,16.434307124165464,20.806081536477098,8192.0
brownian,106,4.2,0.05121612548828125,0.02008819580078125,0.9141845703125,16.835566074954308,21.24351612234156,8192.0
brownian,106,4.3,0.046173095703125,0.015045166015625,0.9150390625,17.236832763234958,21.717117786662527,8192.0
brownian,106,4.4,0.04611968994140625,0.01499176025390625,0.9163818359375,17.63810218717778,22.173113763945597,8192.0
brownian,106,4.5,0.03731536865234375,0.00618743896484375,0.9212646484375,18.039361084859774,22.672516066376254,8192.0
brownian,106,4.6000000000000005,0.03993988037109375,0.00881195068359375,0.919189453125,18.439079561218634,23.09434042306769,8192.0
brownian,106,4.7,0.0326080322265625,0.0014801025390625,0.92724609375,18.838802879883673,23.554962802518187,8192.0
brownian,106,4.8,0.04150390625,0.0103759765625,0.9185791015625,19.23851338884588,24.002877607457496,8192.0
brownian,106,4.9,0.0372467041015625,0.0061187744140625,0.922119140625,19.638216638218797,24.474154034364926,8192.0
brownian,106,5.0,0.038330078125,0.0072021484375,0.9228515625,20.037914484828516,24.968807774424693,8192.0
brownian,106,5.1000000000000005,0.03624725341796875,0.00511932373046875,0.9241943359375,20.437077888997393,25.386995549299247,8192.0
brownian,106,5.2,0.03420257568359375,0.00307464599609375,0.92626953125,20.836246600490902,25.820552951508734,8192.0
brownian,106,5.3,0.0386962890625,0.007568359375,0.9210205078125,21.23541047625052,26.252907500755168,8192.0
brownian,106,5.4,0.03733062744140625,0.00620269775390625,0.9222412109375,21.634572059813237,26.707175954922576,8192.0
brownian,106,5.5,0.0325469970703125,0.0014190673828125,0.927001953125,22.03373270475583,27.212718270804768,8192.0
brownian,106,5.6000000000000005,0.034271240234375,0.003143310546875,0.9266357421875,22.432485176174758,27.654820374718646,8192.0
brownian,106,5.7,0.03269195556640625,0.00156402587890625,0.927490234375,22.831231145961716,28.088587608694564,8192.0
brownian,106,5.8,0.03359222412109375,0.00246429443359375,0.926513671875,23.229967764072747,28.507831158871163,8192.0
brownian,106,5.9,0.03353118896484375,0.00240325927734375,0.92724609375,23.628699925999435,28.949751863289602,8192.0
brownian,106,6.0,0.033416748046875,0.002288818359375,0.927734375,24.027435978806963,29.443729704610313,8192.0
brownian,106,6.1000000000000005,0.03192138671875,0.00079345703125,0.927490234375,24.4285322725262,29.8791706254994,8192.0
brownian,106,6.2,0.034149169921875,0.003021240234375,0.9256591796875,24.82962551080931,30.325997576692764,8192.0
brownian,106,6.3,0.0343170166015625,0.0031890869140625,0.927490234375,25.23071723396196,30.758051057262858,8192.0
brownian,106,6.4,0.04082489013671875,0.00969696044921875,0.9200439453125,25.631819775940052,31.20773631815945,8192.0
brownian,106,6.5,0.03235626220703125,0.00122833251953125,0.9305419921875,26.032937675933674,31.676698738676393,8192.0
brownian,106,6.6000000000000005,0.02994537353515625,-0.00118255615234375,0.9306640625,26.433272775235608,32.05970299559481,8192.0
brownian,106,6.7,0.02983856201171875,-0.00128936767578125,0.9337158203125,26.83361784456896,32.51482512267521,8192.0
brownian,106,6.8,0.02965545654296875,-0.00147247314453125,0.931640625,27.23397426152784,32.96179516832485,8192.0
brownian,106,6.9,0.03159332275390625,0.00046539306640625,0.9296875,27.63433546490255,33.44008367852523,8192.0
brownian,106,7.0,0.02941131591796875,-0.00171661376953125,0.9324951171875,28.03470302695045,33.91534225872403,8192.0
brownian,106,7.1000000000000005,0.02800750732421875,-0.00312042236328125,0.933349609375,28.433274106298036,34.27104492266607,8192.0
brownian,106,7.2,0.03252410888671875,0.00139617919921875,0.9283447265625,28.831842129487242,34.69761309012086,8192.0
brownian,106,7.3,0.03266143798828125,0.00153350830078125,0.9296875,29.230415067727396,35.11084098078899,8192.0
brownian,106,7.4,0.0301513671875,-0.0009765625,0.9317626953125,29.628995239458725,35.58801573448058,8192.0
brownian,106,7.5,0.03067779541015625,-0.00045013427734375,0.9310302734375,30.02757200084268,36.05784390027399,8192.0
brownian,106,7.6000000000000005,0.03200531005859375,0.00087738037109375,0.9300537109375,30.426159086079043,36.46163411925578,8192.0
brownian,106,7.7,0.03179168701171875,0.00066375732421875,0.9312744140625,30.8247444852838,36.844378290923515,8192.0
brownian,106,7.8,0.03069305419921875,-0.00043487548828125,0.92919921875,31.22332294839357,37.301682064372145,8192.0
brownian,106,7.9,0.0338134765625,0.002685546875,0.928955078125,31.6219036705807,37.76744794221723,8192.0
brownian,106,8.0,0.03202056884765625,0.00089263916015625,0.927978515625,32.02048733490108,38.27463750122675,8192.0
brownian,107,0.0,0.41739654541015625,0.38626861572265625,0.71240234375,0.0,0.0,8192.0
brownian,107,0.1,0.42437744140625,0.39324951171875,0.7103271484375,0.40058063074846184,0.6265493077444834,8192.0
brownian,107,0.2,0.413726806640625,0.382598876953125,0.7132568359375,0.8011606350513173,1.253109980120425,8192.0
brownian,107,0.3,0.40947723388671875,0.37834930419921875,0.7144775390625,1.2017387868139706,1.8796294634176098,8192.0
brownian,107,0.4,0.4086151123046875,0.3774871826171875,0.71630859375,1.6023197653180548,2.5061480172929493,8192.0
brownian,107,0.5,0.39739990234375,0.36627197265625,0.71875,2.0029058488389087,3.1327137535770935,8192.0
brownian,107,0.6,0.39032745361328125,0.35919952392578125,0.720947265625,2.402316684101444,3.6589165101644348,8192.0
brownian,107,0.7000000000000001,0.3729095458984375,0.3417816162109375,0.7274169921875,2.80172023081362,4.243013738373263,8192.0
brownian,107,0.8,0.36865234375,0.3375244140625,0.732421875,3.2011152255544033,4.833730972952219,8192.0
brownian,107,0.9,0.3308258056640625,0.2996978759765625,0.748046875,3.600502164369379,5.427052037899868,8192.0
brownian,107,1.0,0.3096771240234375,0.2785491943359375,0.7584228515625,3.9998856161406176,6.030632898385958,8192.0
brownian,107,1.1,0.30710601806640625,0.27597808837890625,0.7593994140625,4.3957713336405915,6.4149090381032945,8192.0
brownian,107,1.2,0.282989501953125,0.251861572265625,0.775146484375,4.791652181345906,6.9372931895234276,8192.0
brownian,107,1.3,0.25,0.2188720703125,0.782470703125,5.1875346328298235,7.481099476680545,8192.0
brownian,107,1.4000000000000001,0.22119903564453125,0.19007110595703125,0.8021240234375,5.583421528744592,8.054067034024872,8192.0
brownian,107,1.5,0.191802978515625,0.160675048828125,0.818115234375,5.97930491598931,8.636214344894622,8192.0
brownian,107,1.6,0.1907806396484375,0.1596527099609375,0.8175048828125,6.3819005807359,9.104479329473369,8192.0
brownian,107,1.7,0.1822662353515625,0.1511383056640625,0.822998046875,6.784495279104853,9.585524113974195,8192.0
brownian,107,1.8,0.17583465576171875,0.14470672607421875,0.830322265625,7.1870783179307605,10.102196737585384,8192.0
brownian,107,1.9000000000000001,0.15843963623046875,0.12731170654296875,0.836181640625,7.589653504229514,10.652260928111492,8192.0
brownian,107,2.0,0.14139556884765625,0.11026763916015625,0.8472900390625,7.9922421605592255,11.209746363196798,8192.0
brownian,107,2.1,0.1377105712890625,0.1065826416015625,0.84912109375,8.388504822287228,11.593549994208507,8192.0
brownian,107,2.2,0.13629913330078125,0.10517120361328125,0.848876953125,8.784754631907656,12.03427714544622,8192.0
brownian,107,2.3000000000000003,0.13018035888671875,0.09905242919921875,0.8604736328125,9.181007845453884,12.479293426293921,8192.0
brownian,107,2.4,0.1080322265625,0.076904296875,0.868896484375,9.577268399109325,12.972869787752064,8192.0
brownian,107,2.5,0.10048675537109375,0.06935882568359375,0.876953125,9.973532297084166,13.527506596514732,8192.0
brownian,107,2.6,0.1031036376953125,0.0719757080078125,0.875244140625,10.371016903293897,13.927733045155202,8192.0
brownian,107,2.7,0.10247039794921875,0.07134246826171875,0.877685546875,10.768506065275098,14.364440141375523,8192.0
brownian,107,2.8000000000000003,0.0967254638671875,0.0655975341796875,0.880615234375,11.166007234977204,14.829462757593284,8192.0
brownian,107,2.9,0.09516143798828125,0.06403350830078125,0.8790283203125,11.563520586825057,15.339780114171697,8192.0
brownian,107,3.0,0.0914154052734375,0.0602874755859375,0.883544921875,11.961024444760419,15.863750935829447,8192.0
brownian,107,3.1,0.09023284912109375,0.05910491943359375,0.8851318359375,12.354602527521932,16.263079990670544,8192.0
brownian,107,3.2,0.08481597900390625,0.05368804931640625,0.8883056640625,12.74818760820503,16.669180375290388,8192.0
brownian,107,3.3000000000000003,0.0853729248046875,0.0542449951171875,0.88671875,13.141761426670346,17.09984244253583,8192.0
brownian,107,3.4,0.08394622802734375,0.05281829833984375,0.8900146484375,13.53533320967167,17.554620725036745,8192.0
brownian,107,3.5,0.0797271728515625,0.0485992431640625,0.8907470703125,13.928907639939027,18.037755086236448,8192.0
brownian,107,3.6,0.08391571044921875,0.05278778076171875,0.88623046875,14.327578164308001,18.457604761471003,8192.0
brownian,107,3.7,0.07244110107421875,0.04131317138671875,0.8983154296875,14.726248001328841,18.928452555451873,8192.0
brownian,107,3.8000000000000003,0.079254150390625,0.048126220703125,0.8944091796875,15.124908498129129,19.401743693639943,8192.0
brownian,107,3.9,0.06866455078125,0.03753662109375,0.8984375,15.523555506916022,19.889281904837386,8192.0
brownian,107,4.0,0.07305908203125,0.04193115234375,0.8966064453125,15.922193462061554,20.419268618395986,8192.0
brownian,107,4.1,0.072113037109375,0.040985107421875,0.8919677734375,16.323961556604303,20.838302128491268,8192.0
brownian,107,4.2,0.070556640625,0.0394287109375,0.894775390625,16.725736608668157,21.257386889333635,8192.0
brownian,107,4.3,0.06522369384765625,0.03409576416015625,0.89892578125,17.12751690693318,21.69715756573715,8192.0
brownian,107,4.4,0.06615447998046875,0.03502655029296875,0.8980712890625,17.529296406823672,22.208962187624515,8192.0
brownian,107,4.5,0.0635986328125,0.032470703125,0.9000244140625,17.931071018935036,22.70934761179656,8192.0
brownian,107,4.6000000000000005,0.06119537353515625,0.03006744384765625,0.9033203125,18.33412189840277,23.089013253564776,8192.0
brownian,107,4.7,0.05480194091796875,0.02367401123046875,0.9068603515625,18.737172872118286,23.501888019972974,8192.0
brownian,107,4.8,0.0601654052734375,0.0290374755859375,0.9012451171875,19.140230987219685,23.97234236640649,8192.0
brownian,107,4.9,0.05644989013671875,0.02532196044921875,0.9053955078125,19.54328815200389,24.421964963384127,8192.0
brownian,107,5.0,0.058258056640625,0.027130126953125,0.9041748046875,19.94633946204423,24.929894978052765,8192.0
brownian,107,5.1000000000000005,0.05266571044921875,0.02153778076171875,0.90673828125,20.347443012157875,25.35090437404607,8192.0
brownian,107,5.2,0.0471649169921875,0.0160369873046875,0.912109375,20.748530710904095,25.74547036250311,8192.0
brownian,107,5.3,0.04950714111328125,0.01837921142578125,0.91015625,21.149605754120522,26.189773965363237,8192.0
brownian,107,5.4,0.04431915283203125,0.01319122314453125,0.9144287109375,21.55067758397946,26.680109797611937,8192.0
brownian,107,5.5,0.04644775390625,0.01531982421875,0.9114990234375,21.951750270705602,27.09393074644013,8192.0
brownian,107,5.6000000000000005,0.044403076171875,0.013275146484375,0.915771484375,22.352461887390895,27.5007177593749,8192.0
brownian,107,5.7,0.03878021240234375,0.00765228271484375,0.9224853515625,22.753173037546475,27.934289543029493,8192.0
brownian,107,5.8,0.042694091796875,0.011566162109375,0.9166259765625,23.153874903781073,28.351874378996015,8192.0
brownian,107,5.9,0.03714752197265625,0.00601959228515625,0.923095703125,23.554579414343458,28.830235907567328,8192.0
brownian,107,6.0,0.03887939453125,0.00775146484375,0.91943359375,23.955288661724488,29.348001396144838,8192.0
brownian,107,6.1000000000000005,0.0366363525390625,0.0055084228515625,0.9254150390625,24.35753205239739,29.757810104618986,8192.0
brownian,107,6.2,0.038604736328125,0.007476806640625,0.9222412109375,24.759762387579514,30.20929037832192,8192.0
brownian,107,6.3,0.03696441650390625,0.00583648681640625,0.924072265625,25.16199252812908,30.655878017655613,8192.0
brownian,107,6.4,0.0361785888671875,0.0050506591796875,0.9219970703125,25.56422185696001,31.166737176882407,8192.0
brownian,107,6.5,0.035491943359375,0.004364013671875,0.9246826171875,25.966455808482912,31.676085365571655,8192.0
brownian,107,6.6000000000000005,0.03455352783203125,0.00342559814453125,0.9271240234375,26.363529425107274,32.037520324084774,8192.0
brownian,107,6.7,0.0366668701171875,0.0055389404296875,0.925048828125,26.7606074025582,32.42797679426586,8192.0
brownian,107,6.8,0.0345916748046875,0.0034637451171875,0.92578125,27.15769136882619,32.83554439983805,8192.0
brownian,107,6.9,0.0353851318359375,0.0042572021484375,0.9266357421875,27.55476694869904,33.29221465909323,8192.0
brownian,107,7.0,0.03098297119140625,-0.00014495849609375,0.93017578125,27.951841043355074,33.7587865190811,8192.0
brownian,107,7.1000000000000005,0.0300750732421875,-0.0010528564453125,0.9305419921875,28.352845632629823,34.19443802965917,8192.0
brownian,107,7.2,0.03041839599609375,-0.00070953369140625,0.9312744140625,28.753848678752696,34.58313737590283,8192.0
brownian,107,7.3,0.02718353271484375,-0.00394439697265625,0.933837890625,29.154843663285174,35.02739011134023,8192.0
brownian,107,7.4,0.0319671630859375,0.0008392333984375,0.9283447265625,29.55583724318977,35.4586336593505,8192.0
brownian,107,7.5,0.0273590087890625,-0.0037689208984375,0.9359130859375,29.956824373767844,35.904524349358724,8192.0
brownian,107,7.6000000000000005,0.02646636962890625,-0.00466156005859375,0.93603515625,30.354685268086328,36.334644744567875,8192.0
brownian,107,7.7,0.02495574951171875,-0.00617218017578125,0.936279296875,30.752544036044412,36.78032328934925,8192.0
brownian,107,7.8,0.02704620361328125,-0.00408172607421875,0.9345703125,31.15038941704508,37.27388837720648,8192.0
brownian,107,7.9,0.02497100830078125,-0.00615692138671875,0.939453125,31.5482361020212,37.7418575552467,8192.0
brownian,107,8.0,0.02930450439453125,-0.00182342529296875,0.931640625,31.946082829929964,38.24882807349885,8192.0
motile_assumed,100,0.0,0.432342529296875,0.401214599609375,0.7078857421875,0.0,0.0,8192.0
motile_assumed,100,0.1,0.43194580078125,0.40081787109375,0.7078857421875,0.40395533180608045,0.6267301519208373,8192.0
motile_assumed,100,0.2,0.43341064453125,0.40228271484375,0.70751953125,0.8078725718885934,1.2533822671230885,8192.0
motile_assumed,100,0.3,0.43022918701171875,0.39910125732421875,0.7105712890625,1.2117719617233054,1.8799690198450068,8192.0
motile_assumed,100,0.4,0.423248291015625,0.392120361328125,0.7139892578125,1.6156571568844464,2.506863689584011,8192.0
motile_assumed,100,0.5,0.40799713134765625,0.37686920166015625,0.7186279296875,2.019544616552694,3.1335442205041386,8192.0
motile_assumed,100,0.6,0.393463134765625,0.362335205078125,0.725341796875,2.425230743325284,3.6717143447933194,8192.0
motile_assumed,100,0.7000000000000001,0.387725830078125,0.356597900390625,0.7257080078125,2.830900741584504,4.258797203466514,8192.0
motile_assumed,100,0.8,0.36089324951171875,0.32976531982421875,0.735107421875,3.236553095064658,4.852974388333522,8192.0
motile_assumed,100,0.9,0.3433837890625,0.312255859375,0.7430419921875,3.64218046212744,5.448717229070812,8192.0
motile_assumed,100,1.0,0.30487823486328125,0.27375030517578125,0.7569580078125,4.047773535430621,6.051545165974982,8192.0
motile_assumed,100,1.1,0.29802703857421875,0.26689910888671875,0.7640380859375,4.456592382253305,6.491596321952013,8192.0
motile_assumed,100,1.2,0.26345062255859375,0.23232269287109375,0.7811279296875,4.865393625344309,6.9888090472446756,8192.0
motile_assumed,100,1.3,0.24478912353515625,0.21366119384765625,0.7894287109375,5.274179986026058,7.525489859656441,8192.0
motile_assumed,100,1.4000000000000001,0.221527099609375,0.190399169921875,0.802490234375,5.682950757120842,8.083728563337734,8192.0
motile_assumed,100,1.5,0.19306182861328125,0.16193389892578125,0.814453125,6.09171320592978,8.617415519433305,8192.0
motile_assumed,100,1.6,0.18312835693359375,0.15200042724609375,0.8238525390625,6.488776722727408,8.948667577860038,8192.0
motile_assumed,100,1.7,0.169769287109375,0.138641357421875,0.8310546875,6.885775371614593,9.329895803508755,8192.0
motile_assumed,100,1.8,0.163787841796875,0.132659912109375,0.8387451171875,7.282678367878045,9.81243773550345,8192.0
motile_assumed,100,1.9000000000000001,0.1500244140625,0.118896484375,0.8427734375,7.679503521938512,10.320010147532862,8192.0
motile_assumed,100,2.0,0.14179229736328125,0.11066436767578125,0.849853515625,8.076261290497456,10.85532894156329,8192.0
motile_assumed,100,2.1,0.13848114013671875,0.10735321044921875,0.8480224609375,8.470898842466362,11.273979971070839,8192.0
motile_assumed,100,2.2,0.1322174072265625,0.1010894775390625,0.8515625,8.86545121139557,11.743690585486513,8192.0
motile_assumed,100,2.3000000000000003,0.12477874755859375,0.09365081787109375,0.85595703125,9.259920043627112,12.2741150717813,8192.0
motile_assumed,100,2.4,0.1124420166015625,0.0813140869140625,0.8662109375,9.654296056866595,12.828781987213478,8192.0
motile_assumed,100,2.5,0.1118011474609375,0.0806732177734375,0.8673095703125,10.048590297049778,13.374654656933545,8192.0
motile_assumed,100,2.6,0.10131072998046875,0.07018280029296875,0.8712158203125,10.443258920461414,13.775324197364833,8192.0
motile_assumed,100,2.7,0.09610748291015625,0.06497955322265625,0.8760986328125,10.83791057857085,14.246747939051335,8192.0
motile_assumed,100,2.8000000000000003,0.08995819091796875,0.05883026123046875,0.88037109375,11.232557638285408,14.70788436819108,8192.0
motile_assumed,100,2.9,0.0782470703125,0.047119140625,0.888427734375,11.627198280797362,15.205756297829623,8192.0
motile_assumed,100,3.0,0.0745086669921875,0.0433807373046875,0.890625,12.02186179798272,15.726583166248888,8192.0
motile_assumed,100,3.1,0.07635498046875,0.04522705078125,0.889892578125,12.42600805834031,16.161906740844323,8192.0
motile_assumed,100,3.2,0.07160186767578125,0.04047393798828125,0.8961181640625,12.830187280006193,16.62297486398076,8192.0
motile_assumed,100,3.3000000000000003,0.07343292236328125,0.04230499267578125,0.8936767578125,13.234384867662431,17.089594149858094,8192.0
motile_assumed,100,3.4,0.0667877197265625,0.0356597900390625,0.897705078125,13.638578516932217,17.57029696459723,8192.0
motile_assumed,100,3.5,0.0589752197265625,0.0278472900390625,0.902587890625,14.042763969691912,18.07238327048036,8192.0
motile_assumed,100,3.6,0.0620574951171875,0.0309295654296875,0.9027099609375,14.438634622584397,18.5072466038438,8192.0
motile_assumed,100,3.7,0.0593719482421875,0.0282440185546875,0.9034423828125,14.834548509512686,18.950338384450355,8192.0
motile_assumed,100,3.8000000000000003,0.050323486328125,0.019195556640625,0.911865234375,15.230502267545013,19.410532594697603,8192.0
motile_assumed,100,3.9,0.05011749267578125,0.01898956298828125,0.9122314453125,15.626520296716137,19.907362747232696,8192.0
motile_assumed,100,4.0,0.0482940673828125,0.0171661376953125,0.915283203125,16.022603333528554,20.42085209295324,8192.0
motile_assumed,100,4.1,0.04654693603515625,0.01541900634765625,0.9140625,16.419111933669512,20.818900514534363,8192.0
motile_assumed,100,4.2,0.0467987060546875,0.0156707763671875,0.9141845703125,16.815560188542342,21.259706837830507,8192.0
motile_assumed,100,4.3,0.04860687255859375,0.01747894287109375,0.9107666015625,17.211968954763144,21.68207518565602,8192.0
motile_assumed,100,4.4,0.04349517822265625,0.01236724853515625,0.915771484375,17.60833124317899,22.134725648412516,8192.0
motile_assumed,100,4.5,0.039306640625,0.0081787109375,0.9222412109375,18.004636521784544,22.643881931952187,8192.0
motile_assumed,100,4.6000000000000005,0.04239654541015625,0.01126861572265625,0.9169921875,18.403162933729835,23.051395069800392,8192.0
motile_assumed,100,4.7,0.04445648193359375,0.01332855224609375,0.9149169921875,18.801629306357295,23.491220066885703,8192.0
motile_assumed,100,4.8,0.04085540771484375,0.00972747802734375,0.9189453125,19.200042408887995,23.9303048565117,8192.0
motile_assumed,100,4.9,0.0397186279296875,0.0085906982421875,0.9210205078125,19.598386304017232,24.440353864168234,8192.0
motile_assumed,100,5.0,0.04193878173828125,0.01081085205078125,0.9180908203125,19.996661118086987,24.960931924499338,8192.0
motile_assumed,100,5.1000000000000005,0.04677581787109375,0.01564788818359375,0.9163818359375,20.39469609341128,25.33712683152797,8192.0
motile_assumed,100,5.2,0.0427093505859375,0.0115814208984375,0.9205322265625,20.792708995579403,25.76265261063137,8192.0
motile_assumed,100,5.3,0.0406646728515625,0.0095367431640625,0.9215087890625,21.190666021011943,26.202771132440276,8192.0
motile_assumed,100,5.4,0.04201507568359375,0.01088714599609375,0.9197998046875,21.58856700948092,26.701956510192854,8192.0
motile_assumed,100,5.5,0.036956787109375,0.005828857421875,0.9224853515625,21.98643345500726,27.178740556298408,8192.0
motile_assumed,100,5.6000000000000005,0.039794921875,0.0086669921875,0.9189453125,22.386475689298695,27.588601326303422,8192.0
motile_assumed,100,5.7,0.03614044189453125,0.00501251220703125,0.9234619140625,22.786583381131948,28.025971046072428,8192.0
motile_assumed,100,5.8,0.03154754638671875,0.00041961669921875,0.9288330078125,23.186728496384525,28.434367990456895,8192.0
motile_assumed,100,5.9,0.0337982177734375,0.0026702880859375,0.9281005859375,23.586931216682807,28.923337433799386,8192.0
motile_assumed,100,6.0,0.0335693359375,0.00244140625,0.9283447265625,23.987135383475767,29.39628006731786,8192.0
motile_assumed,100,6.1000000000000005,0.0361480712890625,0.0050201416015625,0.9249267578125,24.384670150914697,29.797082417017712,8192.0
motile_assumed,100,6.2,0.0328369140625,0.001708984375,0.9276123046875,24.78214210947668,30.21977033149614,8192.0
motile_assumed,100,6.3,0.03694915771484375,0.00582122802734375,0.9239501953125,25.179556062575323,30.660744654588832,8192.0
motile_assumed,100,6.4,0.033905029296875,0.002777099609375,0.9271240234375,25.576908595079093,31.113250980827917,8192.0
motile_assumed,100,6.5,0.03353118896484375,0.00240325927734375,0.9266357421875,25.97422136425107,31.561264628762157,8192.0
motile_assumed,100,6.6000000000000005,0.03334808349609375,0.00222015380859375,0.926513671875,26.37378714371239,31.944510332230063,8192.0
motile_assumed,100,6.7,0.0322113037109375,0.0010833740234375,0.927734375,26.77338361573465,32.32435621921706,8192.0
motile_assumed,100,6.8,0.03630828857421875,0.00518035888671875,0.92236328125,27.173054232800197,32.76544551338057,8192.0
motile_assumed,100,6.9,0.03334808349609375,0.00222015380859375,0.92724609375,27.572796761363445,33.26140894436526,8192.0
motile_assumed,100,7.0,0.0334625244140625,0.0023345947265625,0.927734375,27.972614687186216,33.734442522395234,8192.0
motile_assumed,100,7.1000000000000005,0.03237152099609375,0.00124359130859375,0.9285888671875,28.37191877745454,34.10942245353219,8192.0
motile_assumed,100,7.2,0.0325927734375,0.00146484375,0.92724609375,28.771304120190454,34.528570608265184,8192.0
motile_assumed,100,7.3,0.033843994140625,0.002716064453125,0.9256591796875,29.170773233606344,35.01664132187428,8192.0
motile_assumed,100,7.4,0.035552978515625,0.004425048828125,0.92529296875,29.570310502558137,35.40964549021489,8192.0
motile_assumed,100,7.5,0.03185272216796875,0.00072479248046875,0.9300537109375,29.96989258496224,35.870204939414144,8192.0
motile_assumed,100,7.6000000000000005,0.0296783447265625,-0.0014495849609375,0.9320068359375,30.369738932601898,36.26832303273171,8192.0
motile_assumed,100,7.7,0.033294677734375,0.002166748046875,0.927978515625,30.769514138048873,36.728749307114796,8192.0
motile_assumed,100,7.8,0.0285491943359375,-0.0025787353515625,0.9329833984375,31.169204715840365,37.16897766777662,8192.0
motile_assumed,100,7.9,0.02801513671875,-0.00311279296875,0.934326171875,31.56879012005296,37.59782873000869,8192.0
motile_assumed,100,8.0,0.02733612060546875,-0.00379180908203125,0.932861328125,31.968264581651837,38.054714474623566,8192.0
motile_assumed,101,0.0,0.43595123291015625,0.40482330322265625,0.70751953125,0.0,0.0,8192.0
motile_assumed,101,0.1,0.43332672119140625,0.40219879150390625,0.7095947265625,0.39939442774500666,0.6261134470969645,8192.0
motile_assumed,101,0.2,0.43010711669921875,0.39897918701171875,0.71240234375,0.7987747516307611,1.2522144487239086,8192.0
motile_assumed,101,0.3,0.42491912841796875,0.39379119873046875,0.712158203125,1.1981500474279665,1.8783771752432483,8192.0
motile_assumed,101,0.4,0.4215545654296875,0.3904266357421875,0.712158203125,1.5975143706265142,2.5045667929472764,8192.0
motile_assumed,101,0.5,0.40865325927734375,0.37752532958984375,0.7156982421875,1.996868980517611,3.1307515469364855,8192.0
motile_assumed,101,0.6,0.40232086181640625,0.37119293212890625,0.719970703125,2.3978292593350283,3.6545988888953445,8192.0
motile_assumed,101,0.7000000000000001,0.39423370361328125,0.36310577392578125,0.722900390625,2.7987708222410226,4.233288360064203,8192.0
motile_assumed,101,0.8,0.36431884765625,0.33319091796875,0.733642578125,3.199677381593553,4.826230725335032,8192.0
motile_assumed,101,0.9,0.344482421875,0.3133544921875,0.73974609375,3.6005482025251148,5.420211429299378,8192.0
motile_assumed,101,1.0,0.32527923583984375,0.29415130615234375,0.7515869140625,4.0013845981966245,6.014212162736332,8192.0
motile_assumed,101,1.1,0.3086395263671875,0.2775115966796875,0.7596435546875,4.385437611951653,6.43465352886549,8192.0
motile_assumed,101,1.2,0.2861480712890625,0.2550201416015625,0.7720947265625,4.769536556550253,6.94437065952954,8192.0
motile_assumed,101,1.3,0.25586700439453125,0.22473907470703125,0.7891845703125,5.153691633956596,7.501363754899564,8192.0
motile_assumed,101,1.4000000000000001,0.2269134521484375,0.1957855224609375,0.7979736328125,5.537889206498352,8.070178418195253,8192.0
motile_assumed,101,1.5,0.20121002197265625,0.17008209228515625,0.8148193359375,5.922132893081534,8.652097017616462,8192.0
motile_assumed,101,1.6,0.20207977294921875,0.17095184326171875,0.811767578125,6.337212114947589,9.11536175454193,8192.0
motile_assumed,101,1.7,0.18224334716796875,0.15111541748046875,0.8272705078125,6.75231227527655,9.576320641925438,8192.0
motile_assumed,101,1.8,0.15948486328125,0.12835693359375,0.8380126953125,7.167453331709885,10.088748848837897,8192.0
motile_assumed,101,1.9000000000000001,0.14818572998046875,0.11705780029296875,0.8428955078125,7.5826160522994135,10.62600644597453,8192.0
motile_assumed,101,2.0,0.13524627685546875,0.10411834716796875,0.85400390625,7.997788933592091,11.173797502942932,8192.0
motile_assumed,101,2.1,0.12267303466796875,0.09154510498046875,0.8604736328125,8.402025173274595,11.570161390552817,8192.0
motile_assumed,101,2.2,0.11399078369140625,0.08286285400390625,0.8653564453125,8.806267805222793,11.947164264321126,8192.0
motile_assumed,101,2.3000000000000003,0.0941009521484375,0.0629730224609375,0.876220703125,9.210520775215382,12.417487367207608,8192.0
motile_assumed,101,2.4,0.08612060546875,0.05499267578125,0.8818359375,9.614770265622269,12.931231459333548,8192.0
motile_assumed,101,2.5,0.0753631591796875,0.0442352294921875,0.8935546875,10.019029207771812,13.45676344435753,8192.0
motile_assumed,101,2.6,0.07749176025390625,0.04636383056640625,0.8895263671875,10.412667808091232,13.85215889715126,8192.0
motile_assumed,101,2.7,0.07386016845703125,0.04273223876953125,0.89501953125,10.806200337690445,14.277252174744138,8192.0
motile_assumed,101,2.8000000000000003,0.0671234130859375,0.0359954833984375,0.896484375,11.199617217378396,14.753996230654076,8192.0
motile_assumed,101,2.9,0.067230224609375,0.036102294921875,0.8961181640625,11.592955224884289,15.254447243755449,8192.0
motile_assumed,101,3.0,0.0624847412109375,0.0313568115234375,0.8985595703125,11.986258598756304,15.760279451431073,8192.0
motile_assumed,101,3.1,0.05799102783203125,0.02686309814453125,0.907958984375,12.385825205906496,16.157618341135183,8192.0
motile_assumed,101,3.2,0.05810546875,0.0269775390625,0.90673828125,12.785410182178042,16.601308464732895,8192.0
motile_assumed,101,3.3000000000000003,0.0562286376953125,0.0251007080078125,0.9061279296875,13.185014670531976,17.089257055329863,8192.0
motile_assumed,101,3.4,0.05217742919921875,0.02104949951171875,0.9093017578125,13.584634687816049,17.582767633703625,8192.0
motile_assumed,101,3.5,0.053070068359375,0.021942138671875,0.9088134765625,13.984250965125687,18.115004318097586,8192.0
motile_assumed,101,3.6,0.04958343505859375,0.01845550537109375,0.912353515625,14.380771531509094,18.503970839421452,8192.0
motile_assumed,101,3.7,0.04912567138671875,0.01799774169921875,0.912353515625,14.777315762685614,18.919477945417604,8192.0
motile_assumed,101,3.8000000000000003,0.04802703857421875,0.01689910888671875,0.912109375,15.173867711008864,19.399322544041834,8192.0
motile_assumed,101,3.9,0.04630279541015625,0.01517486572265625,0.913818359375,15.570429701634076,19.85860066068077,8192.0
motile_assumed,101,4.0,0.0453033447265625,0.0141754150390625,0.914306640625,15.966986361259858,20.36380998982401,8192.0
motile_assumed,101,4.1,0.044464111328125,0.013336181640625,0.915283203125,16.372377642052257,20.75429336403863,8192.0
motile_assumed,101,4.2,0.04222869873046875,0.01110076904296875,0.9200439453125,16.77776154018495,21.186887091193107,8192.0
motile_assumed,101,4.3,0.03928375244140625,0.00815582275390625,0.922119140625,17.18316042652868,21.63844056914816,8192.0
motile_assumed,101,4.4,0.037567138671875,0.006439208984375,0.9251708984375,17.588566783962055,22.117833683850137,8192.0
motile_assumed,101,4.5,0.03571319580078125,0.00458526611328125,0.927978515625,17.993957250602104,22.606622860115753,8192.0
motile_assumed,101,4.6000000000000005,0.0343475341796875,0.0032196044921875,0.9296875,18.393925010612083,23.00334445751334,8192.0
motile_assumed,101,4.7,0.0368804931640625,0.0057525634765625,0.9246826171875,18.79391482674736,23.44729730105575,8192.0
motile_assumed,101,4.8,0.0301666259765625,-0.0009613037109375,0.9315185546875,19.193925114064648,23.891621673230354,8192.0
motile_assumed,101,4.9,0.03411102294921875,0.00298309326171875,0.928955078125,19.59394280634291,24.358446961317238,8192.0
motile_assumed,101,5.0,0.02983856201171875,-0.00128936767578125,0.9327392578125,19.99395466654073,24.84739500714442,8192.0
motile_assumed,101,5.1000000000000005,0.02660369873046875,-0.00452423095703125,0.935791015625,20.39252087685365,25.262626036875798,8192.0
motile_assumed,101,5.2,0.03232574462890625,0.00119781494140625,0.92822265625,20.791114551654346,25.728127482336582,8192.0
motile_assumed,101,5.3,0.03079986572265625,-0.00032806396484375,0.9300537109375,21.18974841305021,26.18618691160998,8192.0
motile_assumed,101,5.4,0.03073883056640625,-0.00038909912109375,0.933349609375,21.588411878812742,26.688131729486802,8192.0
motile_assumed,101,5.5,0.02869415283203125,-0.00243377685546875,0.9342041015625,21.987088404179534,27.191604271014054,8192.0
motile_assumed,101,5.6000000000000005,0.0290069580078125,-0.0021209716796875,0.930908203125,22.386719214589423,27.582347181514326,8192.0
motile_assumed,101,5.7,0.03107452392578125,-5.340576171875e-05,0.9305419921875,22.786362517499917,27.984484797757712,8192.0
motile_assumed,101,5.8,0.02814483642578125,-0.00298309326171875,0.9337158203125,23.186030772999104,28.416581279474233,8192.0
motile_assumed,101,5.9,0.02965545654296875,-0.00147247314453125,0.931884765625,23.585725249261536,28.889081571624395,8192.0
motile_assumed,101,6.0,0.02925872802734375,-0.00186920166015625,0.9334716796875,23.985421718350494,29.344687257078014,8192.0
motile_assumed,101,6.1000000000000005,0.03107452392578125,-5.340576171875e-05,0.9305419921875,24.38718351101084,29.745329911584626,8192.0
motile_assumed,101,6.2,0.03115081787109375,2.288818359375e-05,0.9310302734375,24.788911016381775,30.18395191074618,8192.0
motile_assumed,101,6.3,0.03221893310546875,0.00109100341796875,0.9298095703125,25.190626041874467,30.664042965824663,8192.0
motile_assumed,101,6.4,0.0287933349609375,-0.0023345947265625,0.9329833984375,25.592343653731895,31.116460176080214,8192.0
motile_assumed,101,6.5,0.03258514404296875,0.00145721435546875,0.9276123046875,25.994053636782716,31.599435430503995,8192.0
motile_assumed,101,6.6000000000000005,0.03409576416015625,0.00296783447265625,0.92626953125,26.393556029158017,32.002556492802725,8192.0
motile_assumed,101,6.7,0.0315093994140625,0.0003814697265625,0.929443359375,26.79303391318528,32.37938184721591,8192.0
motile_assumed,101,6.8,0.03302764892578125,0.00189971923828125,0.9278564453125,27.192504915584657,32.816732463695836,8192.0
motile_assumed,101,6.9,0.0346221923828125,0.0034942626953125,0.92431640625,27.591983686522802,33.262752983348534,8192.0
motile_assumed,101,7.0,0.0326385498046875,0.0015106201171875,0.9290771484375,27.9914875817597,33.72984311798041,8192.0
motile_assumed,101,7.1000000000000005,0.029449462890625,-0.001678466796875,0.9306640625,28.391120743965693,34.155241101983776,8192.0
motile_assumed,101,7.2,0.0282440185546875,-0.0028839111328125,0.9310302734375,28.79076776263728,34.56618062319117,8192.0
motile_assumed,101,7.3,0.029510498046875,-0.001617431640625,0.9315185546875,29.190413267582002,34.969781937260215,8192.0
motile_assumed,101,7.4,0.0326080322265625,0.0014801025390625,0.9271240234375,29.590026423244534,35.456342275877745,8192.0
motile_assumed,101,7.5,0.0331878662109375,0.0020599365234375,0.9259033203125,29.989615279166234,35.91828543564493,8192.0
motile_assumed,101,7.6000000000000005,0.0287322998046875,-0.0023956298828125,0.93017578125,30.388035952400664,36.355370489590406,8192.0
motile_assumed,101,7.7,0.02899169921875,-0.00213623046875,0.930419921875,30.786451190434658,36.827167048582986,8192.0
motile_assumed,101,7.8,0.02823638916015625,-0.00289154052734375,0.93212890625,31.18485146043881,37.24173012207514,8192.0
motile_assumed,101,7.9,0.0276641845703125,-0.0034637451171875,0.9326171875,31.583220356109607,37.69103210945025,8192.0
motile_assumed,101,8.0,0.02927398681640625,-0.00185394287109375,0.9295654296875,31.981572858144254,38.20426467368193,8192.0
motile_assumed,102,0.0,0.4326324462890625,0.4015045166015625,0.7109375,0.0,0.0,8192.0
motile_assumed,102,0.1,0.43785858154296875,0.40673065185546875,0.7103271484375,0.40092771127358906,0.6265399397580751,8192.0
motile_assumed,102,0.2,0.43386077880859375,0.40273284912109375,0.7113037109375,0.8018838143275147,1.2530771491609642,8192.0
motile_assumed,102,0.3,0.431243896484375,0.400115966796875,0.7113037109375,1.202855582916137,1.8795651294960352,8192.0
motile_assumed,102,0.4,0.41631317138671875,0.38518524169921875,0.7159423828125,1.603857543855109,2.506032591399301,8192.0
motile_assumed,102,0.5,0.4088897705078125,0.3777618408203125,0.7154541015625,2.004873495603163,3.1325204930049577,8192.0
motile_assumed,102,0.6,0.40346527099609375,0.37233734130859375,0.721923828125,2.4068620749493053,3.6678523075593623,8192.0
motile_assumed,102,0.7000000000000001,0.3890380859375,0.35791015625,0.7261962890625,2.808904883247532,4.251707196572421,8192.0
motile_assumed,102,0.8,0.36812591552734375,0.33699798583984375,0.73486328125,3.211010737099514,4.8429714221033215,8192.0
motile_assumed,102,0.9,0.341461181640625,0.310333251953125,0.74658203125,3.6131798249519873,5.440965385071238,8192.0
motile_assumed,102,1.0,0.309783935546875,0.278656005859375,0.759521484375,4.015407185758859,6.041713123801227,8192.0
motile_assumed,102,1.1,0.297149658203125,0.266021728515625,0.764892578125,4.406358012227876,6.445748406360335,8192.0
motile_assumed,102,1.2,0.257354736328125,0.226226806640625,0.7869873046875,4.797353949204799,6.954449185997209,8192.0
motile_assumed,102,1.3,0.23950958251953125,0.20838165283203125,0.796142578125,5.188409095909904,7.517775339735625,8192.0
motile_assumed,102,1.4000000000000001,0.2154083251953125,0.1842803955078125,0.8050537109375,5.579532439658309,8.093578889038946,8192.0
motile_assumed,102,1.5,0.1991119384765625,0.1679840087890625,0.8138427734375,5.970739223185608,8.671951463580562,8192.0
motile_assumed,102,1.6,0.18988800048828125,0.15876007080078125,0.822265625,6.373558781209231,9.123027477539944,8192.0
motile_assumed,102,1.7,0.18149566650390625,0.15036773681640625,0.8271484375,6.776363390993906,9.589801538684764,8192.0
motile_assumed,102,1.8,0.1714630126953125,0.1403350830078125,0.8345947265625,7.179147956803812,10.124150578828745,8192.0
motile_assumed,102,1.9000000000000001,0.1588592529296875,0.1277313232421875,0.8394775390625,7.581909083523005,10.652502675150721,8192.0
motile_assumed,102,2.0,0.15219879150390625,0.12107086181640625,0.8468017578125,7.984629826952489,11.200049007959628,8192.0
motile_assumed,102,2.1,0.13367462158203125,0.10254669189453125,0.854248046875,8.388090220813908,11.600577021167137,8192.0
motile_assumed,102,2.2,0.13814544677734375,0.10701751708984375,0.8516845703125,8.791534526751708,12.046720982886685,8192.0
motile_assumed,102,2.3000000000000003,0.12134552001953125,0.09021759033203125,0.861328125,9.194955412594837,12.536797638560024,8192.0
motile_assumed,102,2.4,0.10732269287109375,0.07619476318359375,0.87109375,9.59835797041075,13.06929721783181,8192.0
motile_assumed,102,2.5,0.11407470703125,0.08294677734375,0.865234375,10.001765057789457,13.605214321548925,8192.0
motile_assumed,102,2.6,0.103057861328125,0.071929931640625,0.8714599609375,10.402545543067827,14.045441573564153,8192.0
motile_assumed,102,2.7,0.0977630615234375,0.0666351318359375,0.87548828125,10.80330313243427,14.476798420423037,8192.0
motile_assumed,102,2.8000000000000003,0.09333038330078125,0.06220245361328125,0.8780517578125,11.204026962522256,14.936422732667014,8192.0
motile_assumed,102,2.9,0.09030914306640625,0.05918121337890625,0.8797607421875,11.604707797836852,15.443655918684176,8192.0
motile_assumed,102,3.0,0.08777618408203125,0.05664825439453125,0.8814697265625,12.00533850503247,15.969607629314948,8192.0
motile_assumed,102,3.1,0.085235595703125,0.054107666015625,0.8818359375,12.404782001210819,16.398176569148887,8192.0
motile_assumed,102,3.2,0.07704925537109375,0.04592132568359375,0.89111328125,12.804260339073764,16.84058232699385,8192.0
motile_assumed,102,3.3000000000000003,0.070892333984375,0.039764404296875,0.8935546875,13.203779864670643,17.265903478572305,8192.0
motile_assumed,102,3.4,0.0684661865234375,0.0373382568359375,0.8990478515625,13.60334824857237,17.739521215669193,8192.0
motile_assumed,102,3.5,0.063232421875,0.0321044921875,0.900634765625,14.002962700733727,18.248259495749302,8192.0
motile_assumed,102,3.6,0.05918121337890625,0.02805328369140625,0.905029296875,14.402556098303027,18.67390305273094,8192.0
motile_assumed,102,3.7,0.05855560302734375,0.02742767333984375,0.9049072265625,14.802144856969424,19.100495949103845,8192.0
motile_assumed,102,3.8000000000000003,0.0605316162109375,0.0294036865234375,0.905029296875,15.201727232574566,19.572387125659194,8192.0
motile_assumed,102,3.9,0.0506744384765625,0.0195465087890625,0.90869140625,15.601287617599194,19.989609392195508,8192.0
motile_assumed,102,4.0,0.04864501953125,0.01751708984375,0.9127197265625,16.000817036873592,20.51027725331003,8192.0
motile_assumed,102,4.1,0.05499267578125,0.02386474609375,0.90576171875,16.398991993460744,20.895581681965282,8192.0
motile_assumed,102,4.2,0.0525360107421875,0.0214080810546875,0.9091796875,16.79719954953442,21.346712088946834,8192.0
motile_assumed,102,4.3,0.047637939453125,0.016510009765625,0.916015625,17.195435711763263,21.776295758083183,8192.0
motile_assumed,102,4.4,0.0503082275390625,0.0191802978515625,0.90869140625,17.59370033998757,22.26013254298218,8192.0
motile_assumed,102,4.5,0.046600341796875,0.015472412109375,0.9156494140625,17.991985402950167,22.71404131957446,8192.0
motile_assumed,102,4.6000000000000005,0.0415802001953125,0.0104522705078125,0.91845703125,18.39090881506999,23.10610300012533,8192.0
motile_assumed,102,4.7,0.04209136962890625,0.01096343994140625,0.91748046875,18.789812192165538,23.532785625054775,8192.0
motile_assumed,102,4.8,0.042266845703125,0.011138916015625,0.9156494140625,19.188728478030015,23.9820997085566,8192.0
motile_assumed,102,4.9,0.04227447509765625,0.01114654541015625,0.9208984375,19.587680756472768,24.46583502016402,8192.0
motile_assumed,102,5.0,0.0371856689453125,0.0060577392578125,0.9217529296875,19.986678921142982,24.97186905672585,8192.0
motile_assumed,102,5.1000000000000005,0.037811279296875,0.006683349609375,0.9234619140625,20.39187441398723,25.388183177343194,8192.0
motile_assumed,102,5.2,0.03733062744140625,0.00620269775390625,0.9232177734375,20.79707663433672,25.833109585883893,8192.0
motile_assumed,102,5.3,0.03725433349609375,0.00612640380859375,0.925048828125,21.202255415869804,26.307875736919463,8192.0
motile_assumed,102,5.4,0.03466033935546875,0.00353240966796875,0.92578125,21.60737379158975,26.791082819167904,8192.0
motile_assumed,102,5.5,0.0372467041015625,0.0061187744140625,0.9234619140625,22.012403303367144,27.269513898715783,8192.0
motile_assumed,102,5.6000000000000005,0.0363922119140625,0.0052642822265625,0.923583984375,22.41508293027406,27.690741531809437,8192.0
motile_assumed,102,5.7,0.03946685791015625,0.00833892822265625,0.9190673828125,22.81779784700841,28.13698450220416,8192.0
motile_assumed,102,5.8,0.03803253173828125,0.00690460205078125,0.9217529296875,23.220522025494375,28.595582968185937,8192.0
motile_assumed,102,5.9,0.03774261474609375,0.00661468505859375,0.9229736328125,23.623251689356742,29.051579991999724,8192.0
motile_assumed,102,6.0,0.03704833984375,0.00592041015625,0.92236328125,24.0259969165433,29.515919731449475,8192.0
motile_assumed,102,6.1000000000000005,0.0356597900390625,0.0045318603515625,0.923828125,24.42879081033595,29.864818765079598,8192.0
motile_assumed,102,6.2,0.037200927734375,0.006072998046875,0.9207763671875,24.831530828755348,30.298211754895497,8192.0
motile_assumed,102,6.3,0.03582000732421875,0.00469207763671875,0.92333984375,25.234230727289123,30.72876873743852,8192.0
motile_assumed,102,6.4,0.0390777587890625,0.0079498291015625,0.91943359375,25.636900006410553,31.213137504222683,8192.0
motile_assumed,102,6.5,0.03784942626953125,0.00672149658203125,0.9228515625,26.039536821472904,31.67255993596369,8192.0
motile_assumed,102,6.6000000000000005,0.03729248046875,0.00616455078125,0.9219970703125,26.4358610754984,32.078234832046306,8192.0
motile_assumed,102,6.7,0.0356597900390625,0.0045318603515625,0.925048828125,26.832191952950666,32.4862682450763,8192.0
motile_assumed,102,6.8,0.03566741943359375,0.00453948974609375,0.9224853515625,27.228521914915284,32.92086278757817,8192.0
motile_assumed,102,6.9,0.0330657958984375,0.0019378662109375,0.9251708984375,27.624854344743532,33.36699523699775,8192.0
motile_assumed,102,7.0,0.03304290771484375,0.00191497802734375,0.926025390625,28.021185954173436,33.82656661180513,8192.0
motile_assumed,102,7.1000000000000005,0.03099822998046875,-0.00012969970703125,0.9290771484375,28.41590100770147,34.21828236852311,8192.0
motile_assumed,102,7.2,0.02951812744140625,-0.00160980224609375,0.930419921875,28.810590553360186,34.61924331860337,8192.0
motile_assumed,102,7.3,0.0299224853515625,-0.0012054443359375,0.93212890625,29.20526517285593,35.057850991128426,8192.0
motile_assumed,102,7.4,0.03191375732421875,0.00078582763671875,0.9273681640625,29.59990112415712,35.494708763058576,8192.0
motile_assumed,102,7.5,0.02722930908203125,-0.00389862060546875,0.9346923828125,29.994485655932955,35.97201988563497,8192.0
motile_assumed,102,7.6000000000000005,0.029022216796875,-0.002105712890625,0.93212890625,30.395544889278696,36.36989233467365,8192.0
motile_assumed,102,7.7,0.02849578857421875,-0.00263214111328125,0.9315185546875,30.796592922203992,36.82114356634407,8192.0
motile_assumed,102,7.8,0.03192901611328125,0.00080108642578125,0.9293212890625,31.19762887553371,37.28132662562147,8192.0
motile_assumed,102,7.9,0.0281829833984375,-0.0029449462890625,0.9320068359375,31.59867075115814,37.742102530598615,8192.0
motile_assumed,102,8.0,0.02701568603515625,-0.00411224365234375,0.933349609375,31.99973676597159,38.24443208937126,8192.0
motile_assumed,103,0.0,0.4463958740234375,0.4152679443359375,0.706787109375,0.0,0.0,8192.0
motile_assumed,103,0.1,0.44113922119140625,0.41001129150390625,0.704833984375,0.40274301394702555,0.6263858778467366,8192.0
motile_assumed,103,0.2,0.441253662109375,0.410125732421875,0.70654296875,0.8054705044248873,1.252788536969208,8192.0
motile_assumed,103,0.3,0.4314422607421875,0.4003143310546875,0.7080078125,1.2081945735549766,1.8791634690902497,8192.0
motile_assumed,103,0.4,0.42655181884765625,0.39542388916015625,0.7119140625,1.6109073112953662,2.5057935517055725,8192.0
motile_assumed,103,0.5,0.412567138671875,0.381439208984375,0.71826171875,2.0136107979383917,3.132179105669434,8192.0
motile_assumed,103,0.6,0.40235137939453125,0.37122344970703125,0.718505859375,2.4166403471665574,3.6649524223662664,8192.0
motile_assumed,103,0.7000000000000001,0.39087677001953125,0.35974884033203125,0.724365234375,2.819595964504016,4.253813687946669,8192.0
motile_assumed,103,0.8,0.3748626708984375,0.3437347412109375,0.7296142578125,3.222483760382452,4.845590259279819,8192.0
motile_assumed,103,0.9,0.34323883056640625,0.31211090087890625,0.7425537109375,3.6252970775293525,5.448060808276752,8192.0
motile_assumed,103,1.0,0.32456207275390625,0.29343414306640625,0.75244140625,4.028047101332441,6.0518004821423705,8192.0
motile_assumed,103,1.1,0.3154754638671875,0.2843475341796875,0.7576904296875,4.402641253080001,6.498981337786759,8192.0
motile_assumed,103,1.2,0.29962921142578125,0.26850128173828125,0.769287109375,4.777314336197734,7.0261685556523705,8192.0
motile_assumed,103,1.3,0.27069091796875,0.23956298828125,0.781982421875,5.152070167714269,7.5628550380562585,8192.0
motile_assumed,103,1.4000000000000001,0.2546539306640625,0.2235260009765625,0.7923583984375,5.526910024493861,8.121659923075011,8192.0
motile_assumed,103,1.5,0.23665618896484375,0.20552825927734375,0.8013916015625,5.90182063152999,8.688752224269315,8192.0
motile_assumed,103,1.6,0.22989654541015625,0.19876861572265625,0.7989501953125,6.301473422158594,9.1285815960574,8192.0
motile_assumed,103,1.7,0.20639801025390625,0.17527008056640625,0.8150634765625,6.701082322163093,9.585845438850889,8192.0
motile_assumed,103,1.8,0.18282318115234375,0.15169525146484375,0.826416015625,7.1006636137109576,10.097814570395574,8192.0
motile_assumed,103,1.9000000000000001,0.17789459228515625,0.14676666259765625,0.8282470703125,7.500231144963582,10.62985218691845,8192.0
motile_assumed,103,2.0,0.1529541015625,0.121826171875,0.838134765625,7.899778869055657,11.17597564327734,8192.0
motile_assumed,103,2.1,0.1551361083984375,0.1240081787109375,0.8380126953125,8.314248376492362,11.613951850661737,8192.0
motile_assumed,103,2.2,0.13622283935546875,0.10509490966796875,0.84912109375,8.728674084737893,12.054131351828746,8192.0
motile_assumed,103,2.3000000000000003,0.13372802734375,0.10260009765625,0.853759765625,9.14307948919189,12.536716481423554,8192.0
motile_assumed,103,2.4,0.11724090576171875,0.08611297607421875,0.8624267578125,9.557445967987963,13.037860816998144,8192.0
motile_assumed,103,2.5,0.1150970458984375,0.0839691162109375,0.8668212890625,9.971749808301333,13.5688657708572,8192.0
motile_assumed,103,2.6,0.0977630615234375,0.0666351318359375,0.87744140625,10.365778469429932,13.99038167954627,8192.0
motile_assumed,103,2.7,0.10314178466796875,0.07201385498046875,0.8765869140625,10.759790689943465,14.41633158623146,8192.0
motile_assumed,103,2.8000000000000003,0.0911407470703125,0.0600128173828125,0.88134765625,11.153767124146718,14.866812258074736,8192.0
motile_assumed,103,2.9,0.085784912109375,0.054656982421875,0.885498046875,11.547717015330244,15.361557812999527,8192.0
motile_assumed,103,3.0,0.0798187255859375,0.0486907958984375,0.8890380859375,11.94164982495127,15.85675068835107,8192.0
motile_assumed,103,3.1,0.07648468017578125,0.04535675048828125,0.88916015625,12.335586023736571,16.289278112643938,8192.0
motile_assumed,103,3.2,0.0712432861328125,0.0401153564453125,0.895751953125,12.729591301887943,16.754718516026543,8192.0
motile_assumed,103,3.3000000000000003,0.06880950927734375,0.03768157958984375,0.8968505859375,13.12363053678611,17.194389679449447,8192.0
motile_assumed,103,3.4,0.06661224365234375,0.03548431396484375,0.8963623046875,13.517698095921409,17.652616468258966,8192.0
motile_assumed,103,3.5,0.0579833984375,0.02685546875,0.906005859375,13.91178891334228,18.11856211856852,8192.0
motile_assumed,103,3.6,0.05570220947265625,0.02457427978515625,0.9085693359375,14.305703988476434,18.539636014160305,8192.0
motile_assumed,103,3.7,0.0588836669921875,0.0277557373046875,0.90283203125,14.69965499628681,18.992595188950304,8192.0
motile_assumed,103,3.8000000000000003,0.048797607421875,0.017669677734375,0.91455078125,15.093652321145342,19.45434261498882,8192.0
motile_assumed,103,3.9,0.048370361328125,0.017242431640625,0.914794921875,15.487698323824056,19.941295481737075,8192.0
motile_assumed,103,4.0,0.04644775390625,0.01531982421875,0.914794921875,15.881813050352754,20.440227175444907,8192.0
motile_assumed,103,4.1,0.040802001953125,0.009674072265625,0.9222412109375,16.28036997214133,20.839031237559023,8192.0
motile_assumed,103,4.2,0.04328155517578125,0.01215362548828125,0.9161376953125,16.678955527599765,21.253907048271483,8192.0
motile_assumed,103,4.3,0.0404052734375,0.00927734375,0.9212646484375,17.07755100520366,21.700572946620163,8192.0
motile_assumed,103,4.4,0.04766082763671875,0.01653289794921875,0.91357421875,17.47613812667555,22.19750388984166,8192.0
motile_assumed,103,4.5,0.03993988037109375,0.00881195068359375,0.919189453125,17.87473713626148,22.66864405746378,8192.0
motile_assumed,103,4.6000000000000005,0.0392608642578125,0.0081329345703125,0.921875,18.27543432416818,23.081681851313988,8192.0
motile_assumed,103,4.7,0.03957366943359375,0.00844573974609375,0.9200439453125,18.676298712630384,23.541008594667662,8192.0
motile_assumed,103,4.8,0.042999267578125,0.011871337890625,0.919189453125,19.077318118766744,23.996575532393013,8192.0
motile_assumed,103,4.9,0.035980224609375,0.004852294921875,0.926513671875,19.47847205073051,24.494115268015996,8192.0
motile_assumed,103,5.0,0.03459930419921875,0.00347137451171875,0.92626953125,19.87975041051618,24.98058782424942,8192.0
motile_assumed,103,5.1000000000000005,0.0352630615234375,0.0041351318359375,0.926025390625,20.27986634386299,25.360274281192904,8192.0
motile_assumed,103,5.2,0.03823089599609375,0.00710296630859375,0.92236328125,20.679942275984377,25.78153591878244,8192.0
motile_assumed,103,5.3,0.040557861328125,0.009429931640625,0.92041015625,21.079979814850347,26.214572603513453,8192.0
motile_assumed,103,5.4,0.0355987548828125,0.0044708251953125,0.9248046875,21.48000620532214,26.63504377259572,8192.0
motile_assumed,103,5.5,0.0360870361328125,0.0049591064453125,0.9261474609375,21.88005385773092,27.10952652634514,8192.0
motile_assumed,103,5.6000000000000005,0.0351104736328125,0.0039825439453125,0.92626953125,22.282810896343875,27.529345368563437,8192.0
motile_assumed,103,5.7,0.03386688232421875,0.00273895263671875,0.928955078125,22.68549686148741,27.960098985416654,8192.0
motile_assumed,103,5.8,0.0301513671875,-0.0009765625,0.931396484375,23.088128486815663,28.364507670612433,8192.0
motile_assumed,103,5.9,0.03079986572265625,-0.00032806396484375,0.9298095703125,23.49068083412421,28.825374150345024,8192.0
motile_assumed,103,6.0,0.03299713134765625,0.00186920166015625,0.927734375,23.893131449355813,29.26776870151001,8192.0
motile_assumed,103,6.1000000000000005,0.0321197509765625,0.0009918212890625,0.9281005859375,24.29628191179719,29.70742680591027,8192.0
motile_assumed,103,6.2,0.03771209716796875,0.00658416748046875,0.924072265625,24.69945177968171,30.161156358154848,8192.0
motile_assumed,103,6.3,0.03205108642578125,0.00092315673828125,0.927734375,25.102664025020783,30.601639664385083,8192.0
motile_assumed,103,6.4,0.0348968505859375,0.0037689208984375,0.9267578125,25.50592688701083,31.08584072983604,8192.0
motile_assumed,103,6.5,0.03115081787109375,2.288818359375e-05,0.9306640625,25.90920881025116,31.56613910119121,8192.0
motile_assumed,103,6.6000000000000005,0.032470703125,0.0013427734375,0.9302978515625,26.30769231100359,32.00407710823034,8192.0
motile_assumed,103,6.7,0.03374481201171875,0.00261688232421875,0.929443359375,26.70616670930452,32.446614862617515,8192.0
motile_assumed,103,6.8,0.03238677978515625,0.00125885009765625,0.93017578125,27.10461982338509,32.917867812147584,8192.0
motile_assumed,103,6.9,0.0332183837890625,0.0020904541015625,0.9283447265625,27.503082396309757,33.37222204103076,8192.0
motile_assumed,103,7.0,0.03417205810546875,0.00304412841796875,0.927734375,27.901543007187453,33.828976852648935,8192.0
motile_assumed,103,7.1000000000000005,0.03302001953125,0.00189208984375,0.9298095703125,28.302069066779005,34.22240181481338,8192.0
motile_assumed,103,7.2,0.0319671630859375,0.0008392333984375,0.9290771484375,28.70253182293976,34.64242304235742,8192.0
motile_assumed,103,7.3,0.03472137451171875,0.00359344482421875,0.9261474609375,29.10296764926942,35.09009315346872,8192.0
motile_assumed,103,7.4,0.03736114501953125,0.00623321533203125,0.921630859375,29.503405816729817,35.525014703615724,8192.0
motile_assumed,103,7.5,0.0350189208984375,0.0038909912109375,0.92431640625,29.90384063395449,35.99802749640346,8192.0
motile_assumed,103,7.6000000000000005,0.03106689453125,-6.103515625e-05,0.9278564453125,30.30458343761712,36.397972986723424,8192.0
motile_assumed,103,7.7,0.0365447998046875,0.0054168701171875,0.9212646484375,30.705312450961635,36.802350450369936,8192.0
motile_assumed,103,7.8,0.033599853515625,0.002471923828125,0.9263916015625,31.106055359970366,37.266411281453706,8192.0
motile_assumed,103,7.9,0.0331268310546875,0.0019989013671875,0.9276123046875,31.50680444242382,37.665980730659065,8192.0
motile_assumed,103,8.0,0.02927398681640625,-0.00185394287109375,0.931884765625,31.907560303173213,38.155998953747655,8192.0
motile_assumed,104,0.0,0.42022705078125,0.38909912109375,0.71435546875,0.0,0.0,8192.0
motile_assumed,104,0.1,0.4187469482421875,0.3876190185546875,0.7147216796875,0.3931334621388488,0.6261196971093473,8192.0
motile_assumed,104,0.2,0.41945648193359375,0.38832855224609375,0.71337890625,0.7862192696225743,1.252292445161094,8192.0
motile_assumed,104,0.3,0.41507720947265625,0.38394927978515625,0.7147216796875,1.1792451907560535,1.8783958069114035,8192.0
motile_assumed,104,0.4,0.41336822509765625,0.38224029541015625,0.715087890625,1.572231524673675,2.5044200411814357,8192.0
motile_assumed,104,0.5,0.4038238525390625,0.3726959228515625,0.7188720703125,1.9651691592489664,3.1302572407651317,8192.0
motile_assumed,104,0.6,0.38716888427734375,0.35604095458984375,0.7252197265625,2.3655070814135644,3.657722880940082,8192.0
motile_assumed,104,0.7000000000000001,0.3787841796875,0.34765625,0.727294921875,2.765847518132353,4.238639775632617,8192.0
motile_assumed,104,0.8,0.35587310791015625,0.32474517822265625,0.734375,3.1661920327864914,4.83059353080962,8192.0
motile_assumed,104,0.9,0.33812713623046875,0.30699920654296875,0.7435302734375,3.566539544467038,5.432375229103264,8192.0
motile_assumed,104,1.0,0.31817626953125,0.28704833984375,0.7523193359375,3.9669102713160513,6.032435416701134,8192.0
motile_assumed,104,1.1,0.32440948486328125,0.29328155517578125,0.7525634765625,4.388564310085636,6.381693436848204,8192.0
motile_assumed,104,1.2,0.290985107421875,0.259857177734375,0.76708984375,4.810195839400039,6.848216478067207,8192.0
motile_assumed,104,1.3,0.2690887451171875,0.2379608154296875,0.78173828125,5.2318128505986765,7.3895115054214955,8192.0
motile_assumed,104,1.4000000000000001,0.24365234375,0.2125244140625,0.7943115234375,5.653414987026838,7.948684708875605,8192.0
motile_assumed,104,1.5,0.2240753173828125,0.1929473876953125,0.8037109375,6.075000287753809,8.522611400837194,8192.0
motile_assumed,104,1.6,0.1990814208984375,0.1679534912109375,0.8170166015625,6.474252085124242,8.921448379223866,8192.0
motile_assumed,104,1.7,0.19237518310546875,0.16124725341796875,0.8177490234375,6.8734322426036165,9.365066562910181,8192.0
motile_assumed,104,1.8,0.167083740234375,0.135955810546875,0.8294677734375,7.2725491491756555,9.852582929899944,8192.0
motile_assumed,104,1.9000000000000001,0.159088134765625,0.127960205078125,0.8359375,7.671610978690875,10.377244797421005,8192.0
motile_assumed,104,2.0,0.140899658203125,0.109771728515625,0.8450927734375,8.070618976951732,10.916962446756889,8192.0
motile_assumed,104,2.1,0.12603759765625,0.09490966796875,0.8543701171875,8.459432270051515,11.358855388466836,8192.0
motile_assumed,104,2.2,0.12531280517578125,0.09418487548828125,0.8526611328125,8.848264163519394,11.82191008883684,8192.0
motile_assumed,104,2.3000000000000003,0.12047576904296875,0.08934783935546875,0.856689453125,9.237099160279701,12.33901921042472,8192.0
motile_assumed,104,2.4,0.10430908203125,0.07318115234375,0.869140625,9.625924936231328,12.851859043044744,8192.0
motile_assumed,104,2.5,0.10288238525390625,0.07175445556640625,0.867919921875,10.014745671823665,13.400961380644278,8192.0
motile_assumed,104,2.6,0.1015777587890625,0.0704498291015625,0.8697509765625,10.415370492763266,13.83314592527428,8192.0
motile_assumed,104,2.7,0.09911346435546875,0.06798553466796875,0.8739013671875,10.815974588931933,14.269726292459845,8192.0
motile_assumed,104,2.8000000000000003,0.0878753662109375,0.0567474365234375,0.882568359375,11.216570448225276,14.743350978885811,8192.0
motile_assumed,104,2.9,0.08644866943359375,0.05532073974609375,0.882568359375,11.61717142665076,15.262750706278652,8192.0
motile_assumed,104,3.0,0.07884979248046875,0.04772186279296875,0.8876953125,12.017781508876576,15.767005944434157,8192.0
motile_assumed,104,3.1,0.07265472412109375,0.04152679443359375,0.8914794921875,12.424286910659148,16.201890458519934,8192.0
motile_assumed,104,3.2,0.07140350341796875,0.04027557373046875,0.892333984375,12.830731673273661,16.671518230824656,8192.0
motile_assumed,104,3.3000000000000003,0.071502685546875,0.040374755859375,0.8919677734375,13.237124788442035,17.144821312013285,8192.0
motile_assumed,104,3.4,0.068511962890625,0.037384033203125,0.8948974609375,13.64346149711033,17.619386696826083,8192.0
motile_assumed,104,3.5,0.06139373779296875,0.03026580810546875,0.9027099609375,14.04973596911627,18.1325373181045,8192.0
motile_assumed,104,3.6,0.0650634765625,0.033935546875,0.8975830078125,14.449517534360274,18.5423127535054,8192.0
motile_assumed,104,3.7,0.05893707275390625,0.02780914306640625,0.9033203125,14.849262940426067,18.983457207404225,8192.0
motile_assumed,104,3.8000000000000003,0.05835723876953125,0.02722930908203125,0.9044189453125,15.248974211970427,19.458333430291937,8192.0
motile_assumed,104,3.9,0.05263519287109375,0.02150726318359375,0.9088134765625,15.648664196257016,19.93509337464599,8192.0
motile_assumed,104,4.0,0.05411529541015625,0.02298736572265625,0.9049072265625,16.048327435427147,20.47587648733359,8192.0
motile_assumed,104,4.1,0.05641937255859375,0.02529144287109375,0.9052734375,16.45179626062491,20.88258972220959,8192.0
motile_assumed,104,4.2,0.04996490478515625,0.01883697509765625,0.909912109375,16.85532119990148,21.30493109327559,8192.0
motile_assumed,104,4.3,0.052001953125,0.0208740234375,0.9071044921875,17.25891893033573,21.774945689711963,8192.0
motile_assumed,104,4.4,0.04978179931640625,0.01865386962890625,0.9122314453125,17.662602061395827,22.27734270551219,8192.0
motile_assumed,104,4.5,0.05109405517578125,0.01996612548828125,0.91064453125,18.066373068332556,22.78160912276992,8192.0
motile_assumed,104,4.6000000000000005,0.0474395751953125,0.0163116455078125,0.9119873046875,18.46906549228948,23.168650456068242,8192.0
motile_assumed,104,4.7,0.04229736328125,0.01116943359375,0.91650390625,18.87171961311955,23.6100305026862,8192.0
motile_assumed,104,4.8,0.043487548828125,0.012359619140625,0.9149169921875,19.274335806788013,24.108768784708257,8192.0
motile_assumed,104,4.9,0.04010772705078125,0.00897979736328125,0.916259765625,19.676882764972888,24.564553798982217,8192.0
motile_assumed,104,5.0,0.040924072265625,0.009796142578125,0.91650390625,20.079359723695273,25.052723171891653,8192.0
motile_assumed,104,5.1000000000000005,0.03729248046875,0.00616455078125,0.9248046875,20.478944330396608,25.485388439329615,8192.0
motile_assumed,104,5.2,0.0350799560546875,0.0039520263671875,0.9256591796875,20.878429267877962,25.897778429200415,8192.0
motile_assumed,104,5.3,0.0349273681640625,0.0037994384765625,0.926513671875,21.277820897402023,26.324453981084506,8192.0
motile_assumed,104,5.4,0.0373992919921875,0.0062713623046875,0.9237060546875,21.677130797438775,26.8125009659468,8192.0
motile_assumed,104,5.5,0.03426361083984375,0.00313568115234375,0.9268798828125,22.076381863942537,27.293224056210192,8192.0
motile_assumed,104,5.6000000000000005,0.03514862060546875,0.00402069091796875,0.9232177734375,22.47345553763504,27.67167987824932,8192.0
motile_assumed,104,5.7,0.03595733642578125,0.00482940673828125,0.923583984375,22.870567625811212,28.102685493523342,8192.0
motile_assumed,104,5.8,0.03580474853515625,0.00467681884765625,0.92529296875,23.26771154201898,28.54243725764023,8192.0
motile_assumed,104,5.9,0.0361785888671875,0.0050506591796875,0.923095703125,23.664864209333203,28.97043088023274,8192.0
motile_assumed,104,6.0,0.035858154296875,0.004730224609375,0.9263916015625,24.062025678886023,29.45396330799677,8192.0
motile_assumed,104,6.1000000000000005,0.03844451904296875,0.00731658935546875,0.9227294921875,24.460416744099124,29.830222358626095,8192.0
motile_assumed,104,6.2,0.04125213623046875,0.01012420654296875,0.920654296875,24.858809780378905,30.2622410455523,8192.0
motile_assumed,104,6.3,0.03824615478515625,0.00711822509765625,0.924560546875,25.25718836716628,30.70350393367073,8192.0
motile_assumed,104,6.4,0.03702545166015625,0.00589752197265625,0.9234619140625,25.655548427767705,31.172658369684463,8192.0
motile_assumed,104,6.5,0.0381927490234375,0.0070648193359375,0.923583984375,26.05387273220161,31.655410773332708,8192.0
motile_assumed,104,6.6000000000000005,0.039794921875,0.0086669921875,0.917724609375,26.457231317156463,32.09390702944033,8192.0
motile_assumed,104,6.7,0.0413665771484375,0.0102386474609375,0.9207763671875,26.860515244113664,32.539227383955534,8192.0
motile_assumed,104,6.8,0.04120635986328125,0.01007843017578125,0.9185791015625,27.263739684421648,32.989342881724085,8192.0
motile_assumed,104,6.9,0.0409698486328125,0.0098419189453125,0.9195556640625,27.666905363608038,33.43823944206698,8192.0
motile_assumed,104,7.0,0.04248046875,0.0113525390625,0.9202880859375,28.069987689841543,33.88550633356791,8192.0
motile_assumed,104,7.1000000000000005,0.03618621826171875,0.00505828857421875,0.92578125,28.4681992043517,34.301017430487754,8192.0
motile_assumed,104,7.2,0.03580474853515625,0.00467681884765625,0.9267578125,28.8663641324628,34.7123795166145,8192.0
motile_assumed,104,7.3,0.03493499755859375,0.00380706787109375,0.926513671875,29.264489048085775,35.18433316752935,8192.0
motile_assumed,104,7.4,0.03733062744140625,0.00620269775390625,0.9239501953125,29.662598712665847,35.61524663916959,8192.0
motile_assumed,104,7.5,0.03897857666015625,0.00785064697265625,0.9207763671875,30.060697049483398,36.11996010692437,8192.0
motile_assumed,104,7.6000000000000005,0.0345001220703125,0.0033721923828125,0.92919921875,30.458793481844275,36.51816074740138,8192.0
motile_assumed,104,7.7,0.037872314453125,0.006744384765625,0.9219970703125,30.856894727425832,36.946945778272806,8192.0
motile_assumed,104,7.8,0.03598785400390625,0.00485992431640625,0.9266357421875,31.25500847163731,37.37310460708999,8192.0
motile_assumed,104,7.9,0.0371246337890625,0.0059967041015625,0.921142578125,31.653145278146713,37.83236556310193,8192.0
motile_assumed,104,8.0,0.03403472900390625,0.00290679931640625,0.926025390625,32.05132443859142,38.29203829460055,8192.0
motile_assumed,105,0.0,0.41552734375,0.3843994140625,0.717041015625,0.0,0.0,8192.0
motile_assumed,105,0.1,0.41644287109375,0.38531494140625,0.718017578125,0.40319652247489635,0.6266531137223259,8192.0
motile_assumed,105,0.2,0.41628265380859375,0.38515472412109375,0.717529296875,0.8063462851672809,1.2533749786615458,8192.0
motile_assumed,105,0.3,0.4044189453125,0.373291015625,0.7208251953125,1.209446859763464,1.8799280457886793,8192.0
motile_assumed,105,0.4,0.404541015625,0.3734130859375,0.72314453125,1.6124960069528265,2.5065148229366097,8192.0
motile_assumed,105,0.5,0.3909454345703125,0.3598175048828125,0.7274169921875,2.0155070443474017,3.1328637790257723,8192.0
motile_assumed,105,0.6,0.3841552734375,0.35302734375,0.7271728515625,2.414284534295618,3.664037473057689,8192.0
motile_assumed,105,0.7000000000000001,0.36846160888671875,0.33733367919921875,0.736083984375,2.8131244831615163,4.247447137185687,8192.0
motile_assumed,105,0.8,0.35259246826171875,0.32146453857421875,0.7403564453125,3.212024152403708,4.83473120255397,8192.0
motile_assumed,105,0.9,0.32112884521484375,0.29000091552734375,0.7535400390625,3.610965267398793,5.434394408454468,8192.0
motile_assumed,105,1.0,0.299530029296875,0.268402099609375,0.7633056640625,4.009948138789405,6.037043592288649,8192.0
motile_assumed,105,1.1,0.2774658203125,0.246337890625,0.771240234375,4.4139829827070205,6.48028885830903,8192.0
motile_assumed,105,1.2,0.25945281982421875,0.22832489013671875,0.785400390625,4.81795601842073,7.004727504404496,8192.0
motile_assumed,105,1.3,0.23052978515625,0.19940185546875,0.803955078125,5.221868929720271,7.533199232964359,8192.0
motile_assumed,105,1.4000000000000001,0.2079010009765625,0.1767730712890625,0.8150634765625,5.625739552605239,8.089040465779373,8192.0
motile_assumed,105,1.5,0.186859130859375,0.155731201171875,0.8238525390625,6.029582287603519,8.64765474050699,8192.0
motile_assumed,105,1.6,0.18979644775390625,0.15866851806640625,0.8218994140625,6.43025536335047,8.931051031417246,8192.0
motile_assumed,105,1.7,0.17165374755859375,0.14052581787109375,0.83056640625,6.830936779835731,9.272440442357404,8192.0
motile_assumed,105,1.8,0.16208648681640625,0.13095855712890625,0.833984375,7.231641706965301,9.713073965696648,8192.0
motile_assumed,105,1.9000000000000001,0.15406036376953125,0.12293243408203125,0.839111328125,7.632347720600476,10.202296364392764,8192.0
motile_assumed,105,2.0,0.14306640625,0.1119384765625,0.8411865234375,8.03304225968725,10.765053778291513,8192.0
motile_assumed,105,2.1,0.14424896240234375,0.11312103271484375,0.843505859375,8.437154572356452,11.217579744622876,8192.0
motile_assumed,105,2.2,0.128326416015625,0.097198486328125,0.8533935546875,8.84121896131069,11.72583628222624,8192.0
motile_assumed,105,2.3000000000000003,0.12545013427734375,0.09432220458984375,0.8536376953125,9.245275789743069,12.252547891482367,8192.0
motile_assumed,105,2.4,0.11053466796875,0.07940673828125,0.8624267578125,9.649333423243746,12.787291538475184,8192.0
motile_assumed,105,2.5,0.1025238037109375,0.0713958740234375,0.8653564453125,10.053395806335867,13.328017342616317,8192.0
motile_assumed,105,2.6,0.09918212890625,0.06805419921875,0.869384765625,10.46087763439899,13.739743295712044,8192.0
motile_assumed,105,2.7,0.09344482421875,0.06231689453125,0.87646484375,10.868369167850112,14.174380329082773,8192.0
motile_assumed,105,2.8000000000000003,0.08699798583984375,0.05587005615234375,0.8831787109375,11.27586167443296,14.653569651448468,8192.0
motile_assumed,105,2.9,0.0770721435546875,0.0459442138671875,0.8905029296875,11.683338452302364,15.180920131095483,8192.0
motile_assumed,105,3.0,0.07300567626953125,0.04187774658203125,0.89501953125,12.090798122070872,15.717069071602307,8192.0
motile_assumed,105,3.1,0.0781707763671875,0.0470428466796875,0.887939453125,12.495989842605498,16.142850031521732,8192.0
motile_assumed,105,3.2,0.0798492431640625,0.0487213134765625,0.8857421875,12.901182841853213,16.564788636907206,8192.0
motile_assumed,105,3.3000000000000003,0.06988525390625,0.03875732421875,0.8936767578125,13.306389475247073,17.051701316705998,8192.0
motile_assumed,105,3.4,0.06903076171875,0.03790283203125,0.8968505859375,13.71162176455072,17.545957085461424,8192.0
motile_assumed,105,3.5,0.05933380126953125,0.02820587158203125,0.90087890625,14.116900204509445,18.064759160479802,8192.0
motile_assumed,105,3.6,0.05645751953125,0.02532958984375,0.9019775390625,14.516070746259143,18.489284319513864,8192.0
motile_assumed,105,3.7,0.053131103515625,0.022003173828125,0.90625,14.91527162722878,18.929413832596044,8192.0
motile_assumed,105,3.8000000000000003,0.05738067626953125,0.02625274658203125,0.903564453125,15.314498402286905,19.407696677717055,8192.0
motile_assumed,105,3.9,0.0512847900390625,0.0201568603515625,0.910888671875,15.713749137351192,19.87857682910422,8192.0
motile_assumed,105,4.0,0.05239105224609375,0.02126312255859375,0.908935546875,16.113018526604883,20.403737334032762,8192.0
motile_assumed,105,4.1,0.05014801025390625,0.01902008056640625,0.9093017578125,16.51631718051612,20.796438094590574,8192.0
motile_assumed,105,4.2,0.05356597900390625,0.02243804931640625,0.907470703125,16.91959502517563,21.21563621994617,8192.0
motile_assumed,105,4.3,0.0516204833984375,0.0204925537109375,0.91015625,17.32282871211641,21.683803603125934,8192.0
motile_assumed,105,4.4,0.04795074462890625,0.01682281494140625,0.9107666015625,17.72600513939249,22.170131217950658,8192.0
motile_assumed,105,4.5,0.04886627197265625,0.01773834228515625,0.914794921875,18.129124355543116,22.680009441842213,8192.0
motile_assumed,105,4.6000000000000005,0.046875,0.0157470703125,0.9144287109375,18.525205363528357,23.06424317893021,8192.0
motile_assumed,105,4.7,0.04913330078125,0.01800537109375,0.913330078125,18.92130507899288,23.499935036933675,8192.0
motile_assumed,105,4.8,0.0445556640625,0.013427734375,0.916259765625,19.317421583666743,23.952561718942977,8192.0
motile_assumed,105,4.9,0.0374298095703125,0.0063018798828125,0.9249267578125,19.713545094661093,24.407001656528234,8192.0
motile_assumed,105,5.0,0.03940582275390625,0.00827789306640625,0.9210205078125,20.109691315348257,24.903598663354536,8192.0
motile_assumed,105,5.1000000000000005,0.03954315185546875,0.00841522216796875,0.922119140625,20.512962343629322,25.30069720229862,8192.0
motile_assumed,105,5.2,0.04087066650390625,0.00974273681640625,0.9217529296875,20.91618974436475,25.738022243332377,8192.0
motile_assumed,105,5.3,0.0394287109375,0.00830078125,0.9205322265625,21.31937088249812,26.18648187999851,8192.0
motile_assumed,105,5.4,0.03968048095703125,0.00855255126953125,0.9212646484375,21.722508632077897,26.65191638071992,8192.0
motile_assumed,105,5.5,0.03736114501953125,0.00623321533203125,0.92236328125,22.12560365706583,27.141405753816663,8192.0
motile_assumed,105,5.6000000000000005,0.03143310546875,0.00030517578125,0.9300537109375,22.528817440186245,27.56035535638716,8192.0
motile_assumed,105,5.7,0.0325775146484375,0.0014495849609375,0.92724609375,22.93198813488786,28.014230298480097,8192.0
motile_assumed,105,5.8,0.03173065185546875,0.00060272216796875,0.9287109375,23.33511256859193,28.458581433535393,8192.0
motile_assumed,105,5.9,0.03041839599609375,-0.00070953369140625,0.9298095703125,23.73819392391477,28.956725706341924,8192.0
motile_assumed,105,6.0,0.0315093994140625,0.0003814697265625,0.93017578125,24.141260120506786,29.44234681121254,8192.0
motile_assumed,105,6.1000000000000005,0.03360748291015625,0.00247955322265625,0.925048828125,24.541302490416122,29.84543827806475,8192.0
motile_assumed,105,6.2,0.03612518310546875,0.00499725341796875,0.9248046875,24.941403452700982,30.261272530576562,8192.0
motile_assumed,105,6.3,0.03252410888671875,0.00139617919921875,0.9285888671875,25.341559244602035,30.699219109033,8192.0
motile_assumed,105,6.4,0.03289794921875,0.00177001953125,0.92578125,25.741771884073817,31.165513723000274,8192.0
motile_assumed,105,6.5,0.03155517578125,0.00042724609375,0.927978515625,26.14204271311835,31.667322747446704,8192.0
motile_assumed,105,6.6000000000000005,0.03253173828125,0.00140380859375,0.928466796875,26.540089852551795,32.06543318639099,8192.0
motile_assumed,105,6.7,0.03011322021484375,-0.00101470947265625,0.932373046875,26.93810856362284,32.452392813704584,8192.0
motile_assumed,105,6.8,0.03162384033203125,0.00049591064453125,0.92919921875,27.336128114952963,32.9382087811498,8192.0
motile_assumed,105,6.9,0.03650665283203125,0.00537872314453125,0.924072265625,27.734162834007947,33.39478483094687,8192.0
motile_assumed,105,7.0,0.03440093994140625,0.00327301025390625,0.927734375,28.132192632160084,33.875235795522215,8192.0
motile_assumed,105,7.1000000000000005,0.0318145751953125,0.0006866455078125,0.929443359375,28.53258687374629,34.260793240998694,8192.0
motile_assumed,105,7.2,0.033843994140625,0.002716064453125,0.92578125,28.932984579122305,34.67607981718891,8192.0
motile_assumed,105,7.3,0.027374267578125,-0.003753662109375,0.9342041015625,29.333369772258123,35.15479491578336,8192.0
motile_assumed,105,7.4,0.028106689453125,-0.003021240234375,0.933349609375,29.73376739592777,35.614013378788904,8192.0
motile_assumed,105,7.5,0.02892303466796875,-0.00220489501953125,0.9302978515625,30.134169043576275,36.08885496590662,8192.0
motile_assumed,105,7.6000000000000005,0.03452301025390625,0.00339508056640625,0.9249267578125,30.533858844211775,36.49977660009872,8192.0
motile_assumed,105,7.7,0.0316925048828125,0.0005645751953125,0.926513671875,30.933570926292912,36.8882579201907,8192.0
motile_assumed,105,7.8,0.02864837646484375,-0.00247955322265625,0.9307861328125,31.33328273126623,37.33753644709062,8192.0
motile_assumed,105,7.9,0.0328216552734375,0.0016937255859375,0.927490234375,31.732987410749985,37.79174042422298,8192.0
motile_assumed,105,8.0,0.03084564208984375,-0.00028228759765625,0.9300537109375,32.13266140826467,38.264871429603915,8192.0
motile_assumed,106,0.0,0.4393463134765625,0.4082183837890625,0.706298828125,0.0,0.0,8192.0
motile_assumed,106,0.1,0.4374542236328125,0.4063262939453125,0.7059326171875,0.4013186451906549,0.6264704632885427,8192.0
motile_assumed,106,0.2,0.43387603759765625,0.40274810791015625,0.7091064453125,0.8026516024027393,1.2528477558553424,8192.0
motile_assumed,106,0.3,0.42923736572265625,0.39810943603515625,0.7103271484375,1.2039800942473002,1.8792906652083985,8192.0
motile_assumed,106,0.4,0.41870880126953125,0.38758087158203125,0.7122802734375,1.605301214254069,2.505580311559172,8192.0
motile_assumed,106,0.5,0.410308837890625,0.379180908203125,0.7152099609375,2.0066282181802775,3.1318353056557435,8192.0
motile_assumed,106,0.6,0.397247314453125,0.366119384765625,0.7213134765625,2.40805541779325,3.663322340780161,8192.0
motile_assumed,106,0.7000000000000001,0.39133453369140625,0.36020660400390625,0.7232666015625,2.809502318763835,4.243554967073986,8192.0
motile_assumed,106,0.8,0.364715576171875,0.333587646484375,0.7371826171875,3.2109580025222524,4.835821011187582,8192.0
motile_assumed,106,0.9,0.342681884765625,0.311553955078125,0.7440185546875,3.6123861638654353,5.436403143728633,8192.0
motile_assumed,106,1.0,0.31501007080078125,0.28388214111328125,0.758544921875,4.013802233972949,6.03729288167404,8192.0
motile_assumed,106,1.1,0.30600738525390625,0.27487945556640625,0.7606201171875,4.422715451773453,6.390335988100306,8192.0
motile_assumed,106,1.2,0.27545928955078125,0.24433135986328125,0.77685546875,4.831560718674417,6.888509172630204,8192.0
motile_assumed,106,1.3,0.252777099609375,0.221649169921875,0.788330078125,5.2403283235611955,7.428873491772335,8192.0
motile_assumed,106,1.4000000000000001,0.2282867431640625,0.1971588134765625,0.8018798828125,5.64903194064541,8.005706215674742,8192.0
motile_assumed,106,1.5,0.21039581298828125,0.17926788330078125,0.811279296875,6.057704888256027,8.59659386070123,8192.0
motile_assumed,106,1.6,0.18898773193359375,0.15785980224609375,0.818603515625,6.456611957720185,9.024405770673232,8192.0
motile_assumed,106,1.7,0.1998291015625,0.168701171875,0.814208984375,6.8555790246621715,9.474696249342337,8192.0
motile_assumed,106,1.8,0.1772613525390625,0.1461334228515625,0.8260498046875,7.254615350244844,9.951092494579253,8192.0
motile_assumed,106,1.9000000000000001,0.166412353515625,0.135284423828125,0.83203125,7.653699001596182,10.474189907633317,8192.0
motile_assumed,106,2.0,0.14075469970703125,0.10962677001953125,0.8463134765625,8.052807890786863,11.010257662414475,8192.0
motile_assumed,106,2.1,0.138580322265625,0.107452392578125,0.8477783203125,8.457338661681652,11.47198171187477,8192.0
motile_assumed,106,2.2,0.1297454833984375,0.0986175537109375,0.8531494140625,8.861884063520245,11.944195938644501,8192.0
motile_assumed,106,2.3000000000000003,0.11884307861328125,0.08771514892578125,0.8636474609375,9.266450861103477,12.423302742424278,8192.0
motile_assumed,106,2.4,0.10379791259765625,0.07266998291015625,0.8709716796875,9.671034107660653,12.910615527092885,8192.0
motile_assumed,106,2.5,0.09616851806640625,0.06504058837890625,0.8785400390625,10.075636737709177,13.449511648432045,8192.0
motile_assumed,106,2.6,0.09090423583984375,0.05977630615234375,0.8780517578125,10.47365268644579,13.867087232339065,8192.0
motile_assumed,106,2.7,0.08573150634765625,0.05460357666015625,0.88525390625,10.871690335624352,14.327633838188975,8192.0
motile_assumed,106,2.8000000000000003,0.075714111328125,0.044586181640625,0.893310546875,11.2697417613394,14.771452152437321,8192.0
motile_assumed,106,2.9,0.075775146484375,0.044647216796875,0.8922119140625,11.66780780048397,15.280548006655035,8192.0
motile_assumed,106,3.0,0.06224822998046875,0.03112030029296875,0.903564453125,12.06587569392402,15.800325125168017,8192.0
motile_assumed,106,3.1,0.0673675537109375,0.0362396240234375,0.897216796875,12.45986116510069,16.1968806027465,8192.0
motile_assumed,106,3.2,0.065704345703125,0.034576416015625,0.9000244140625,12.853850151016685,16.593770560904552,8192.0
motile_assumed,106,3.3000000000000003,0.06177520751953125,0.03064727783203125,0.899169921875,13.247860080831833,17.061898843678723,8192.0
motile_assumed,106,3.4,0.06208038330078125,0.03095245361328125,0.90576171875,13.641904733119581,17.550425249160593,8192.0
motile_assumed,106,3.5,0.0616607666015625,0.0305328369140625,0.903076171875,14.035975883933164,18.054148145199132,8192.0
motile_assumed,106,3.6,0.0592041015625,0.028076171875,0.904296875,14.436587300057475,18.49142636542052,8192.0
motile_assumed,106,3.7,0.0536346435546875,0.0225067138671875,0.909912109375,14.837179769127495,18.933912215596056,8192.0
motile_assumed,106,3.8000000000000003,0.0506744384765625,0.0195465087890625,0.9091796875,15.237766991933864,19.40203118441157,8192.0
motile_assumed,106,3.9,0.048583984375,0.0174560546875,0.910400390625,15.638322758177324,19.85640303879453,8192.0
motile_assumed,106,4.0,0.05352020263671875,0.02239227294921875,0.910400390625,16.038880287397067,20.357785183292208,8192.0
motile_assumed,106,4.1,0.05062103271484375,0.01949310302734375,0.90966796875,16.43485873346006,20.781149399918792,8192.0
motile_assumed,106,4.2,0.04766845703125,0.01654052734375,0.91357421875,16.8308512423645,21.20943549985798,8192.0
motile_assumed,106,4.3,0.049774169921875,0.018646240234375,0.9122314453125,17.22687998795025,21.654918134660207,8192.0
motile_assumed,106,4.4,0.04476165771484375,0.01363372802734375,0.9169921875,17.622952615288355,22.10361238039641,8192.0
motile_assumed,106,4.5,0.04485321044921875,0.01372528076171875,0.9150390625,18.01908964800935,22.634267894540365,8192.0
motile_assumed,106,4.6000000000000005,0.03893280029296875,0.00780487060546875,0.91845703125,18.418777084802436,23.006818065845017,8192.0
motile_assumed,106,4.7,0.04032135009765625,0.00919342041015625,0.9190673828125,18.818431142878396,23.45797184794977,8192.0
motile_assumed,106,4.8,0.0368804931640625,0.0057525634765625,0.923828125,19.218053747831,23.911135456421633,8192.0
motile_assumed,106,4.9,0.04120635986328125,0.01007843017578125,0.91845703125,19.617652392896076,24.407325178721972,8192.0
motile_assumed,106,5.0,0.037322998046875,0.006195068359375,0.9249267578125,20.017218233611715,24.885065716465284,8192.0
motile_assumed,106,5.1000000000000005,0.0341339111328125,0.0030059814453125,0.928955078125,20.42231048509971,25.330913731072737,8192.0
motile_assumed,106,5.2,0.034820556640625,0.003692626953125,0.927490234375,20.82739440598791,25.768544948264214,8192.0
motile_assumed,106,5.3,0.03386688232421875,0.00273895263671875,0.9259033203125,21.232493612529048,26.25830043373571,8192.0
motile_assumed,106,5.4,0.03993988037109375,0.00881195068359375,0.9207763671875,21.637608868173732,26.75399617275855,8192.0
motile_assumed,106,5.5,0.03737640380859375,0.00624847412109375,0.9212646484375,22.042727898094505,27.249846823838876,8192.0
motile_assumed,106,5.6000000000000005,0.033355712890625,0.002227783203125,0.9266357421875,22.44724227062534,27.64055526702026,8192.0
motile_assumed,106,5.7,0.033172607421875,0.002044677734375,0.9267578125,22.851786484083014,28.050169067062885,8192.0
motile_assumed,106,5.8,0.03553009033203125,0.00440216064453125,0.9254150390625,23.256373090043635,28.49038013517665,8192.0
motile_assumed,106,5.9,0.03900146484375,0.00787353515625,0.92138671875,23.660999374401918,28.940679177808736,8192.0
motile_assumed,106,6.0,0.03838348388671875,0.00725555419921875,0.9229736328125,24.065620258434087,29.415801199037986,8192.0
motile_assumed,106,6.1000000000000005,0.0382080078125,0.007080078125,0.9244384765625,24.46799141212162,29.80000896733483,8192.0
motile_assumed,106,6.2,0.0349578857421875,0.0038299560546875,0.9248046875,24.870322153549125,30.256325781706106,8192.0
motile_assumed,106,6.3,0.033721923828125,0.002593994140625,0.9273681640625,25.272595681244578,30.701453991999806,8192.0
motile_assumed,106,6.4,0.034576416015625,0.003448486328125,0.9256591796875,25.674781696549495,31.168575344100024,8192.0
motile_assumed,106,6.5,0.03044891357421875,-0.00067901611328125,0.9293212890625,26.076871740317607,31.631852234443073,8192.0
motile_assumed,106,6.6000000000000005,0.0332183837890625,0.0020904541015625,0.9267578125,26.4786738511673,32.06694867278838,8192.0
motile_assumed,106,6.7,0.0338592529296875,0.0027313232421875,0.926513671875,26.880501014465878,32.49216617176357,8192.0
motile_assumed,106,6.8,0.0333099365234375,0.0021820068359375,0.9261474609375,27.282372767945247,32.924868988998625,8192.0
motile_assumed,106,6.9,0.02994537353515625,-0.00118255615234375,0.930908203125,27.68430160420324,33.41253101505995,8192.0
motile_assumed,106,7.0,0.03217315673828125,0.00104522705078125,0.9287109375,28.086291602301635,33.942184494455866,8192.0
motile_assumed,106,7.1000000000000005,0.0316009521484375,0.0004730224609375,0.9281005859375,28.487754605642913,34.35220853477766,8192.0
motile_assumed,106,7.2,0.03011322021484375,-0.00101470947265625,0.93115234375,28.88930993789843,34.75240538429391,8192.0
motile_assumed,106,7.3,0.030670166015625,-0.000457763671875,0.9293212890625,29.290920558071107,35.19226396267451,8192.0
motile_assumed,106,7.4,0.031158447265625,3.0517578125e-05,0.9312744140625,29.692582350035977,35.7080300558412,8192.0
motile_assumed,106,7.5,0.029754638671875,-0.001373291015625,0.9295654296875,30.09432085298856,36.230706273693194,8192.0
motile_assumed,106,7.6000000000000005,0.02721405029296875,-0.00391387939453125,0.9346923828125,30.49722996937222,36.571148489026946,8192.0
motile_assumed,106,7.7,0.02616119384765625,-0.00496673583984375,0.935546875,30.90017364150313,36.96837247289846,8192.0
motile_assumed,106,7.8,0.02740478515625,-0.00372314453125,0.93310546875,31.303150902445324,37.385920600491445,8192.0
motile_assumed,106,7.9,0.03179931640625,0.00067138671875,0.9300537109375,31.706148999727322,37.866953542346195,8192.0
motile_assumed,106,8.0,0.03133392333984375,0.00020599365234375,0.9287109375,32.109146884664455,38.34435663278282,8192.0
motile_assumed,107,0.0,0.41739654541015625,0.38626861572265625,0.71240234375,0.0,0.0,8192.0
motile_assumed,107,0.1,0.4217071533203125,0.3905792236328125,0.7108154296875,0.4005612929200595,0.6265135626070804,8192.0
motile_assumed,107,0.2,0.41316986083984375,0.38204193115234375,0.71240234375,0.8010952568213571,1.2530027911801944,8192.0
motile_assumed,107,0.3,0.40944671630859375,0.37831878662109375,0.71435546875,1.201600272193299,1.8794334992837993,8192.0
motile_assumed,107,0.4,0.40410614013671875,0.37297821044921875,0.714599609375,1.602090453609287,2.5059181551320675,8192.0
motile_assumed,107,0.5,0.3981781005859375,0.3670501708984375,0.7213134765625,2.0025756108151977,3.1323736311657835,8192.0
motile_assumed,107,0.6,0.39072418212890625,0.35959625244140625,0.720947265625,2.402379009665744,3.6615483531018485,8192.0
motile_assumed,107,0.7000000000000001,0.37918853759765625,0.34806060791015625,0.7274169921875,2.8022085753975787,4.238846430274464,8192.0
motile_assumed,107,0.8,0.36244964599609375,0.33132171630859375,0.734619140625,3.202026973770385,4.826636201589068,8192.0
motile_assumed,107,0.9,0.33512115478515625,0.30399322509765625,0.7457275390625,3.601826161844154,5.424707620963103,8192.0
motile_assumed,107,1.0,0.29677581787109375,0.26564788818359375,0.7620849609375,4.001614194263148,6.028215903019108,8192.0
motile_assumed,107,1.1,0.29756927490234375,0.26644134521484375,0.7630615234375,4.397568346767024,6.420831227952831,8192.0
motile_assumed,107,1.2,0.26399993896484375,0.23287200927734375,0.778564453125,4.793511357867592,6.930014061296875,8192.0
motile_assumed,107,1.3,0.2374114990234375,0.2062835693359375,0.7908935546875,5.189450173411702,7.476242777144834,8192.0
motile_assumed,107,1.4000000000000001,0.218505859375,0.1873779296875,0.805908203125,5.585386463438438,8.03169659530027,8192.0
motile_assumed,107,1.5,0.19439697265625,0.16326904296875,0.8179931640625,5.981285560159423,8.603945683518036,8192.0
motile_assumed,107,1.6,0.18935394287109375,0.15822601318359375,0.8231201171875,6.383370969514934,9.08555261856272,8192.0
motile_assumed,107,1.7,0.16851043701171875,0.13738250732421875,0.8314208984375,6.785444472135502,9.5698851253676,8192.0
motile_assumed,107,1.8,0.160064697265625,0.128936767578125,0.8380126953125,7.187527119870012,10.081971671972905,8192.0
motile_assumed,107,1.9000000000000001,0.1410675048828125,0.1099395751953125,0.845703125,7.589636004900234,10.61144423818542,8192.0
motile_assumed,107,2.0,0.1257781982421875,0.0946502685546875,0.8585205078125,7.991789172186636,11.162343613469488,8192.0
motile_assumed,107,2.1,0.11824798583984375,0.08712005615234375,0.866455078125,8.386572990731612,11.556938779742886,8192.0
motile_assumed,107,2.2,0.10746002197265625,0.07633209228515625,0.8714599609375,8.781282484897165,11.975254496194099,8192.0
motile_assumed,107,2.3000000000000003,0.101531982421875,0.070404052734375,0.87646484375,9.175923832269994,12.421222867025337,8192.0
motile_assumed,107,2.4,0.092376708984375,0.061248779296875,0.880615234375,9.570480471991715,12.936254104031098,8192.0
motile_assumed,107,2.5,0.091094970703125,0.059967041015625,0.8831787109375,9.964964809444272,13.458957294722598,8192.0
motile_assumed,107,2.6,0.0914764404296875,0.0603485107421875,0.8785400390625,10.361743887522483,13.918133900750703,8192.0
motile_assumed,107,2.7,0.08263397216796875,0.05150604248046875,0.8896484375,10.758512683182506,14.388557814140656,8192.0
motile_assumed,107,2.8000000000000003,0.081085205078125,0.049957275390625,0.889892578125,11.155292057141601,14.891869218571559,8192.0
motile_assumed,107,2.9,0.07433319091796875,0.04320526123046875,0.893798828125,11.552060201326675,15.369497271880396,8192.0
motile_assumed,107,3.0,0.06745147705078125,0.03632354736328125,0.897216796875,11.9488272625029,15.875844276004527,8192.0
motile_assumed,107,3.1,0.06317138671875,0.03204345703125,0.8997802734375,12.347242315256695,16.27122919098889,8192.0
motile_assumed,107,3.2,0.06539154052734375,0.03426361083984375,0.897216796875,12.745693129909942,16.699426790440203,8192.0
motile_assumed,107,3.3000000000000003,0.0601043701171875,0.0289764404296875,0.903076171875,13.144167299364383,17.134570850655678,8192.0
motile_assumed,107,3.4,0.05866241455078125,0.02753448486328125,0.9012451171875,13.542657414809405,17.60962686918044,8192.0
motile_assumed,107,3.5,0.05579376220703125,0.02466583251953125,0.90576171875,13.941139138242155,18.10173588960181,8192.0
motile_assumed,107,3.6,0.05713653564453125,0.02600860595703125,0.90478515625,14.335316467558123,18.51904522345006,8192.0
motile_assumed,107,3.7,0.049957275390625,0.018829345703125,0.9093017578125,14.72942800175269,18.959785994291238,8192.0
motile_assumed,107,3.8000000000000003,0.05522918701171875,0.02410125732421875,0.906005859375,15.123489879167966,19.42733139857468,8192.0
motile_assumed,107,3.9,0.04825592041015625,0.01712799072265625,0.9105224609375,15.517518676506871,19.883560181565656,8192.0
motile_assumed,107,4.0,0.05226898193359375,0.02114105224609375,0.907470703125,15.91148592663074,20.394397779592577,8192.0
motile_assumed,107,4.1,0.04982757568359375,0.01869964599609375,0.911865234375,16.30830533443784,20.815248415718322,8192.0
motile_assumed,107,4.2,0.04892730712890625,0.01779937744140625,0.913330078125,16.705194017597712,21.21759248140159,8192.0
motile_assumed,107,4.3,0.04354095458984375,0.01241302490234375,0.914794921875,17.10213034544107,21.669229020725385,8192.0
motile_assumed,107,4.4,0.0442962646484375,0.0131683349609375,0.9169921875,17.499093658008853,22.177318755257613,8192.0
motile_assumed,107,4.5,0.04351043701171875,0.01238250732421875,0.916015625,17.89607616187125,22.690004853325362,8192.0
motile_assumed,107,4.6000000000000005,0.040985107421875,0.009857177734375,0.9190673828125,18.29334428785628,23.079324689705885,8192.0
motile_assumed,107,4.7,0.043548583984375,0.012420654296875,0.9178466796875,18.69070013048813,23.472872725808422,8192.0
motile_assumed,107,4.8,0.03705596923828125,0.00592803955078125,0.923583984375,19.088157821691617,23.91927137157425,8192.0
motile_assumed,107,4.9,0.03737640380859375,0.00624847412109375,0.922119140625,19.485711825163083,24.39649582754148,8192.0
motile_assumed,107,5.0,0.03987884521484375,0.00875091552734375,0.922607421875,19.883341258636566,24.88275803898809,8192.0
motile_assumed,107,5.1000000000000005,0.043060302734375,0.011932373046875,0.9178466796875,20.28542856282327,25.272326292469295,8192.0
motile_assumed,107,5.2,0.035736083984375,0.004608154296875,0.925048828125,20.687532770370957,25.727682654083775,8192.0
motile_assumed,107,5.3,0.037872314453125,0.006744384765625,0.92333984375,21.08965989699916,26.20250588865272,8192.0
motile_assumed,107,5.4,0.03224945068359375,0.00112152099609375,0.9302978515625,21.491793539252278,26.69419756449348,8192.0
motile_assumed,107,5.5,0.03403472900390625,0.00290679931640625,0.9259033203125,21.893912888107117,27.146809107949192,8192.0
motile_assumed,107,5.6000000000000005,0.03505706787109375,0.00392913818359375,0.925537109375,22.296981821857585,27.572054482207825,8192.0
motile_assumed,107,5.7,0.031524658203125,0.000396728515625,0.92919921875,22.700124568633903,27.95926779308958,8192.0
motile_assumed,107,5.8,0.0295562744140625,-0.0015716552734375,0.9300537109375,23.103361224698798,28.403070968507112,8192.0
motile_assumed,107,5.9,0.0328216552734375,0.0016937255859375,0.925537109375,23.506694326958353,28.8684383762602,8192.0
motile_assumed,107,6.0,0.03293609619140625,0.00180816650390625,0.9259033203125,23.910099132675533,29.340875640251785,8192.0
motile_assumed,107,6.1000000000000005,0.03435516357421875,0.00322723388671875,0.925048828125,24.310929666687745,29.75740237883118,8192.0
motile_assumed,107,6.2,0.0327301025390625,0.0016021728515625,0.9271240234375,24.711765734029655,30.177917166794238,8192.0
motile_assumed,107,6.3,0.03490447998046875,0.00377655029296875,0.92578125,25.112613582351315,30.635491363108596,8192.0
motile_assumed,107,6.4,0.03479766845703125,0.00366973876953125,0.924560546875,25.513492649424478,31.111525267615267,8192.0
motile_assumed,107,6.5,0.03392791748046875,0.00279998779296875,0.9283447265625,25.914421322966714,31.598363771699578,8192.0
motile_assumed,107,6.6000000000000005,0.0295562744140625,-0.0015716552734375,0.93115234375,26.320683788400963,32.0215379187233,8192.0
motile_assumed,107,6.7,0.03556060791015625,0.00443267822265625,0.923583984375,26.726971778298484,32.45360242590755,8192.0
motile_assumed,107,6.8,0.0310821533203125,-4.57763671875e-05,0.9290771484375,27.133259570424144,32.90058912294793,8192.0
motile_assumed,107,6.9,0.0319671630859375,0.0008392333984375,0.9278564453125,27.539531258526985,33.35554628175908,8192.0
motile_assumed,107,7.0,0.02892303466796875,-0.00220489501953125,0.932861328125,27.945791313218187,33.85801980309566,8192.0
motile_assumed,107,7.1000000000000005,0.028411865234375,-0.002716064453125,0.931640625,28.347291422175314,34.26539002006737,8192.0
motile_assumed,107,7.2,0.026611328125,-0.0045166015625,0.9354248046875,28.74878076617597,34.66732236181148,8192.0
motile_assumed,107,7.3,0.02884674072265625,-0.00228118896484375,0.9332275390625,29.15024119208222,35.14094681446566,8192.0
motile_assumed,107,7.4,0.02996063232421875,-0.00116729736328125,0.9310302734375,29.551669588131325,35.632694587024716,8192.0
motile_assumed,107,7.5,0.02980804443359375,-0.00131988525390625,0.931640625,29.95307026456883,36.10483059649653,8192.0
motile_assumed,107,7.6000000000000005,0.0310516357421875,-7.62939453125e-05,0.9305419921875,30.353042391971442,36.5241292885554,8192.0
motile_assumed,107,7.7,0.03070068359375,-0.00042724609375,0.932373046875,30.752977895177057,36.93707012337135,8192.0
motile_assumed,107,7.8,0.03685760498046875,0.00572967529296875,0.926025390625,31.152851867197747,37.334922122058295,8192.0
motile_assumed,107,7.9,0.0339202880859375,0.0027923583984375,0.9296875,31.55267067766285,37.76602304963917,8192.0
motile_assumed,107,8.0,0.0385589599609375,0.0074310302734375,0.9261474609375,31.95245927812622,38.24678926032438,8192.0
