flow,seed,t,mass,variance,mixing_index,water_overlap,minimum,maximum
still,100,0.0,0.5,0.10125,0.0,0.4275024730472353,0.04999999999999999,0.95
still,100,0.1,0.5,0.1004537098080294,0.007864594488598664,0.42975814723985495,0.05177302667503547,0.9482269733249645
still,100,0.2,0.5,0.0996636821155138,0.015667337130727987,0.43200493394244466,0.0535390675198697,0.9464609324801303
still,100,0.3,0.5,0.09887986767043458,0.023408714366078276,0.43424286817224145,0.05529815005908845,0.9447018499409116
still,100,0.4,0.5,0.0981022176081203,0.031089208808688484,0.4364719848085125,0.057050301708827744,0.9429496982911723
still,100,0.5,0.5,0.09733068344820009,0.03870929927703626,0.43869231859309965,0.058795549777204026,0.941204450222796
still,100,0.6,0.5,0.09656521709158189,0.04626946082388261,0.4409039041309585,0.060533921464735574,0.9394660785352644
still,100,0.7000000000000001,0.5,0.09580577081745309,0.05377016476589547,0.44310677589070036,0.06226544386477134,0.9377345561352286
still,100,0.8,0.5,0.09505229728030612,0.061211878713026024,0.4453009682051273,0.06399014396391034,0.9360098560360897
still,100,0.9,0.5,0.09430474950698672,0.06859506659766201,0.4474865152717685,0.06570804864242197,0.934291951357578
still,100,1.0,0.5,0.09356308089376525,0.0759201887035531,0.4496634511534129,0.06741918467466745,0.9325808153253325
still,100,1.1,0.5,0.09282724520343165,0.08318770169450229,0.4518318097786395,0.06912357872951314,0.9308764212704869
still,100,1.2,0.5,0.09209719656241275,0.09039805864283712,0.4539916249423473,0.07082125737074962,0.9291787426292504
still,100,1.3,0.5,0.09137288945791247,0.09755170905765465,0.4561429303062804,0.07251224705750514,0.9274877529424949
still,100,1.4000000000000001,0.5,0.09065427873507434,0.10464909891284613,0.45828575939955485,0.07419657414465614,0.9258034258553438
still,100,1.5,0.49999999999999994,0.08994131959416657,0.11169067067489813,0.4604201456191793,0.0758742648832405,0.9241257351167596
still,100,1.6,0.5,0.08923396758778901,0.118676863330479,0.46254612223057656,0.07754534542086433,0.9224546545791357
still,100,1.7,0.49999999999999994,0.08853217861810225,0.12560811241380498,0.4646637223681016,0.07920984180211232,0.9207901581978877
still,100,1.8,0.5,0.08783590893407879,0.13248485003378974,0.4667729790355577,0.08086777996895067,0.9191322200310493
still,100,1.9000000000000001,0.49999999999999994,0.08714511512877474,0.1393075049009903,0.4688739251067121,0.08251918576113204,0.917480814238868
still,100,2.0,0.49999999999999994,0.08645975413662457,0.14607650235432523,0.4709665933258069,0.08416408491660099,0.915835915083399
still,100,2.1,0.5,0.08577978323075602,0.15279226438759486,0.47305101630806934,0.08580250307189097,0.914197496928109
still,100,2.2,0.49999999999999994,0.08510516002032628,0.15945520967578986,0.4751272265402212,0.08743446576252722,0.9125655342374728
still,100,2.3000000000000003,0.5,0.08443584244787913,0.1660657536011938,0.47719525638098526,0.08905999842342283,0.9109400015765772
still,100,2.4,0.5,0.0837717887867234,0.17262430827927522,0.47925513806158837,0.09067912638927722,0.9093208736107228
still,100,2.5,0.5,0.08311295763833121,0.17913128258438316,0.4813069036862647,0.09229187489496732,0.9077081251050327
still,100,2.6,0.5,0.08245930792975767,0.1855870821752329,0.4833505852327554,0.09389826907594462,0.9061017309240553
still,100,2.7,0.5,0.08181079891107948,0.19199210952020274,0.48538621455280834,0.09549833396862573,0.9045016660313743
still,100,2.8000000000000003,0.5,0.08116739015285551,0.1983467639224148,0.48741382337267214,0.09709209451078082,0.9029079054892192
still,100,2.9,0.5,0.08052904154360532,0.20465144154463888,0.4894334432935936,0.09867957554192569,0.9013204244580744
still,100,3.0,0.5000000000000001,0.0798957132873094,0.2109065354339812,0.4914451057923074,0.10026080180370456,0.8997391981962954
still,100,3.1,0.5,0.07926736590092737,0.21711243554639648,0.4934488422215294,0.10183579794028041,0.8981642020597196
still,100,3.2,0.5,0.07864396021193726,0.22326952877099004,0.49544468381044304,0.10340458849871592,0.8965954115012841
still,100,3.3000000000000003,0.5,0.07802545735589281,0.22937819895414513,0.4974326616651873,0.10496719792935694,0.8950328020706431
still,100,3.4,0.49999999999999994,0.07741181877400109,0.2354388269234461,0.4994128067693412,0.10652365058621305,0.893476349413787
still,100,3.5,0.5,0.0768030062107187,0.2414517905114203,0.5013851499844054,0.10807397072733765,0.8919260292726623
still,100,3.6,0.5,0.07619898171136602,0.24741746457910108,0.5033497220502863,0.10961818251520666,0.8903818174847933
still,100,3.7,0.5,0.07559970761976184,0.25333622103938924,0.5053065535857723,0.11115631001709403,0.888843689982906
still,100,3.8000000000000003,0.5,0.07500514657587579,0.2592084288802392,0.5072556750890109,0.11268837720544644,0.8873116227945536
still,100,3.9,0.5,0.07441526151349853,0.2650344541876689,0.5091971169379876,0.11421440795825966,0.8857855920417403
still,100,4.0,0.5,0.07383001565793176,0.27081466016857525,0.5111309093909949,0.1157344260594469,0.8842655739405532
still,100,4.1,0.5,0.0732493725236951,0.27654940717338183,0.5130570825871063,0.11724845519921245,0.8827515448007875
still,100,4.2,0.5,0.07267329591225186,0.28223905271850025,0.5149756665466454,0.11875651897441863,0.8812434810255814
still,100,4.3,0.49999999999999994,0.07210174990975196,0.28788395150862267,0.5168866911716544,0.12025864088895605,0.8797413591110439
still,100,4.4,0.5,0.07153469888479333,0.2934844554588314,0.5187901862463594,0.1217548443541071,0.8782451556458929
still,100,4.5,0.5,0.07097210748620038,0.2990409137165395,0.5206861814376349,0.123245152688914,0.876754847311086
still,100,4.6000000000000005,0.5,0.07041394064082013,0.30455367268325806,0.5225747062954662,0.12472958912053955,0.8752704108794604
still,100,4.7,0.5,0.06986016355133559,0.3100230760361917,0.5244557902534106,0.12620817678463037,0.8737918232153696
still,100,4.8,0.5,0.06931074169409693,0.31544946474966007,0.526329462629054,0.1276809387256776,0.8723190612743223
still,100,4.9,0.5,0.0687656408169688,0.3208331771163576,0.5281957526244695,0.1291478978973744,0.8708521021026256
still,100,5.0,0.5,0.06822482693719473,0.3261745487684472,0.5300546893266733,0.13060907716297626,0.8693909228370238
still,100,5.1000000000000005,0.5,0.0676882663392788,0.33147391269848103,0.5319063017080767,0.132064499295656,0.867935500704344
still,100,5.2,0.5,0.067155925572884,0.33673159928015817,0.5337506186269378,0.1335141869788592,0.8664858130211408
still,100,5.3,0.5,0.06662777145074675,0.34194793628892106,0.5355876688278114,0.13495816280665535,0.8650418371933446
still,100,5.4,0.5,0.06610377104660754,0.34712324892239466,0.5374174809419974,0.13639644928409478,0.8636035507159052
still,100,5.5,0.4999999999999999,0.06558389169315873,0.3522578598206546,0.5392400834879859,0.1378290688275543,0.8621709311724457
still,100,5.6000000000000005,0.49999999999999994,0.06506810098000776,0.3573520890863432,0.5410555048719035,0.1392560437650905,0.8607439562349095
still,100,5.7,0.5,0.06455636675165675,0.3624062543046247,0.542863773387954,0.140677396336785,0.859322603663215
still,100,5.8,0.5,0.06404865710549756,0.3674206705629871,0.5446649172188613,0.14209314869509193,0.8579068513049081
still,100,5.9,0.5,0.06354494038982358,0.3723956504708782,0.5464589644363063,0.14350332290518358,0.8564966770948164
still,100,6.0,0.5,0.0630451852018553,0.3773315041792069,0.5482459430013678,0.14490794094529658,0.8550920590547034
still,100,6.1000000000000005,0.5,0.06254936038578408,0.3822285393996634,0.5500258807649543,0.14630702470706802,0.853692975292932
still,100,6.2,0.49999999999999994,0.062057435030828736,0.3870870614239138,0.5517988054682412,0.14770059599588325,0.8522994040041167
still,100,6.3,0.5,0.06156937846930864,0.3919073731426307,0.5535647447431024,0.14908867653121294,0.8509113234687871
still,100,6.4,0.5,0.06108516027473232,0.3966897750643722,0.5553237261125399,0.15047128794695114,0.8495287120530488
still,100,6.5,0.5,0.060604750259900426,0.40143456533431676,0.5570757769911128,0.15184845179175288,0.8481515482082471
still,100,6.6000000000000005,0.49999999999999994,0.06012811847502353,0.4061420397528541,0.5588209246853659,0.15322018952937072,0.8467798104706292
still,100,6.7,0.4999999999999999,0.0596552352058549,0.4108124917940257,0.5605591963942558,0.15458652253898897,0.845413477461011
still,100,6.8,0.5,0.05918607097183886,0.41544621262381376,0.5622906192095711,0.15594747211555582,0.8440525278844442
still,100,6.9,0.5,0.058720596524271966,0.42004349111830164,0.564015220116359,0.15730305947011658,0.8426969405298834
still,100,7.0,0.5,0.058258782844480064,0.42460461388167836,0.5657330259933429,0.1586533057301442,0.8413466942698558
still,100,7.1000000000000005,0.5,0.05780060114200898,0.4291298652641089,0.5674440636133438,0.15999823193986729,0.8400017680601327
still,100,7.2,0.5,0.057346022852829866,0.4336195273794582,0.5691483596436957,0.16133785906059994,0.8386621409394001
still,100,7.3,0.5,0.05689501963755836,0.4380738801228804,0.5708459406466613,0.1626722079710668,0.8373277920289333
still,100,7.4,0.5,0.05644756337968798,0.44249320118826685,0.5725368330798465,0.16400129946772934,0.8359987005322707
still,100,7.5,0.5,0.056003626183837245,0.44687776608555807,0.5742210632966118,0.16532515426510913,0.8346748457348909
still,100,7.6000000000000005,0.5,0.05556318037401021,0.45122784815792394,0.5758986575464861,0.1666437929961121,0.8333562070038879
still,100,7.7,0.5,0.055126198491871725,0.45554371859879783,0.5775696419755711,0.16795723621234848,0.8320427637876515
still,100,7.8,0.5,0.054692653295035074,0.45982564646878943,0.5792340426269535,0.16926550438445515,0.8307344956155449
still,100,7.9,0.5,0.05426251775536399,0.4640738987124544,0.5808918854411076,0.1705686179024123,0.8294313820975877
still,100,8.0,0.5,0.05383576505728757,0.4682887401749376,0.5825431962563004,0.17186659707586321,0.8281334029241367
still,101,0.0,0.5,0.10125,0.0,0.4275024730472353,0.04999999999999999,0.95
still,101,0.1,0.5,0.1004537098080294,0.007864594488598664,0.42975814723985495,0.05177302667503547,0.9482269733249645
still,101,0.2,0.5,0.0996636821155138,0.015667337130727987,0.43200493394244466,0.0535390675198697,0.9464609324801303
still,101,0.3,0.5,0.09887986767043458,0.023408714366078276,0.43424286817224145,0.05529815005908845,0.9447018499409116
still,101,0.4,0.5,0.0981022176081203,0.031089208808688484,0.4364719848085125,0.057050301708827744,0.9429496982911723
still,101,0.5,0.5,0.09733068344820009,0.03870929927703626,0.43869231859309965,0.058795549777204026,0.941204450222796
still,101,0.6,0.5,0.09656521709158189,0.04626946082388261,0.4409039041309585,0.060533921464735574,0.9394660785352644
still,101,0.7000000000000001,0.5,0.09580577081745309,0.05377016476589547,0.44310677589070036,0.06226544386477134,0.9377345561352286
still,101,0.8,0.5,0.09505229728030612,0.061211878713026024,0.4453009682051273,0.06399014396391034,0.9360098560360897
still,101,0.9,0.5,0.09430474950698672,0.06859506659766201,0.4474865152717685,0.06570804864242197,0.934291951357578
still,101,1.0,0.5,0.09356308089376525,0.0759201887035531,0.4496634511534129,0.06741918467466745,0.9325808153253325
still,101,1.1,0.5,0.09282724520343165,0.08318770169450229,0.4518318097786395,0.06912357872951314,0.9308764212704869
still,101,1.2,0.5,0.09209719656241275,0.09039805864283712,0.4539916249423473,0.07082125737074962,0.9291787426292504
still,101,1.3,0.5,0.09137288945791247,0.09755170905765465,0.4561429303062804,0.07251224705750514,0.9274877529424949
still,101,1.4000000000000001,0.5,0.09065427873507434,0.10464909891284613,0.45828575939955485,0.07419657414465614,0.9258034258553438
still,101,1.5,0.49999999999999994,0.08994131959416657,0.11169067067489813,0.4604201456191793,0.0758742648832405,0.9241257351167596
still,101,1.6,0.5,0.08923396758778901,0.118676863330479,0.46254612223057656,0.07754534542086433,0.9224546545791357
still,101,1.7,0.49999999999999994,0.08853217861810225,0.12560811241380498,0.4646637223681016,0.07920984180211232,0.9207901581978877
still,101,1.8,0.5,0.08783590893407879,0.13248485003378974,0.4667729790355577,0.08086777996895067,0.9191322200310493
still,101,1.9000000000000001,0.49999999999999994,0.08714511512877474,0.1393075049009903,0.4688739251067121,0.08251918576113204,0.917480814238868
still,101,2.0,0.49999999999999994,0.08645975413662457,0.14607650235432523,0.4709665933258069,0.08416408491660099,0.915835915083399
still,101,2.1,0.5,0.08577978323075602,0.15279226438759486,0.47305101630806934,0.08580250307189097,0.914197496928109
still,101,2.2,0.49999999999999994,0.08510516002032628,0.15945520967578986,0.4751272265402212,0.08743446576252722,0.9125655342374728
still,101,2.3000000000000003,0.5,0.08443584244787913,0.1660657536011938,0.47719525638098526,0.08905999842342283,0.9109400015765772
still,101,2.4,0.5,0.0837717887867234,0.17262430827927522,0.47925513806158837,0.09067912638927722,0.9093208736107228
still,101,2.5,0.5,0.08311295763833121,0.17913128258438316,0.4813069036862647,0.09229187489496732,0.9077081251050327
still,101,2.6,0.5,0.08245930792975767,0.1855870821752329,0.4833505852327554,0.09389826907594462,0.9061017309240553
still,101,2.7,0.5,0.08181079891107948,0.19199210952020274,0.48538621455280834,0.09549833396862573,0.9045016660313743
still,101,2.8000000000000003,0.5,0.08116739015285551,0.1983467639224148,0.48741382337267214,0.09709209451078082,0.9029079054892192
still,101,2.9,0.5,0.08052904154360532,0.20465144154463888,0.4894334432935936,0.09867957554192569,0.9013204244580744
still,101,3.0,0.5000000000000001,0.0798957132873094,0.2109065354339812,0.4914451057923074,0.10026080180370456,0.8997391981962954
still,101,3.1,0.5,0.07926736590092737,0.21711243554639648,0.4934488422215294,0.10183579794028041,0.8981642020597196
still,101,3.2,0.5,0.07864396021193726,0.22326952877099004,0.49544468381044304,0.10340458849871592,0.8965954115012841
still,101,3.3000000000000003,0.5,0.07802545735589281,0.22937819895414513,0.4974326616651873,0.10496719792935694,0.8950328020706431
still,101,3.4,0.49999999999999994,0.07741181877400109,0.2354388269234461,0.4994128067693412,0.10652365058621305,0.893476349413787
still,101,3.5,0.5,0.0768030062107187,0.2414517905114203,0.5013851499844054,0.10807397072733765,0.8919260292726623
still,101,3.6,0.5,0.07619898171136602,0.24741746457910108,0.5033497220502863,0.10961818251520666,0.8903818174847933
still,101,3.7,0.5,0.07559970761976184,0.25333622103938924,0.5053065535857723,0.11115631001709403,0.888843689982906
still,101,3.8000000000000003,0.5,0.07500514657587579,0.2592084288802392,0.5072556750890109,0.11268837720544644,0.8873116227945536
still,101,3.9,0.5,0.07441526151349853,0.2650344541876689,0.5091971169379876,0.11421440795825966,0.8857855920417403
still,101,4.0,0.5,0.07383001565793176,0.27081466016857525,0.5111309093909949,0.1157344260594469,0.8842655739405532
still,101,4.1,0.5,0.0732493725236951,0.27654940717338183,0.5130570825871063,0.11724845519921245,0.8827515448007875
still,101,4.2,0.5,0.07267329591225186,0.28223905271850025,0.5149756665466454,0.11875651897441863,0.8812434810255814
still,101,4.3,0.49999999999999994,0.07210174990975196,0.28788395150862267,0.5168866911716544,0.12025864088895605,0.8797413591110439
still,101,4.4,0.5,0.07153469888479333,0.2934844554588314,0.5187901862463594,0.1217548443541071,0.8782451556458929
still,101,4.5,0.5,0.07097210748620038,0.2990409137165395,0.5206861814376349,0.123245152688914,0.876754847311086
still,101,4.6000000000000005,0.5,0.07041394064082013,0.30455367268325806,0.5225747062954662,0.12472958912053955,0.8752704108794604
still,101,4.7,0.5,0.06986016355133559,0.3100230760361917,0.5244557902534106,0.12620817678463037,0.8737918232153696
still,101,4.8,0.5,0.06931074169409693,0.31544946474966007,0.526329462629054,0.1276809387256776,0.8723190612743223
still,101,4.9,0.5,0.0687656408169688,0.3208331771163576,0.5281957526244695,0.1291478978973744,0.8708521021026256
still,101,5.0,0.5,0.06822482693719473,0.3261745487684472,0.5300546893266733,0.13060907716297626,0.8693909228370238
still,101,5.1000000000000005,0.5,0.0676882663392788,0.33147391269848103,0.5319063017080767,0.132064499295656,0.867935500704344
still,101,5.2,0.5,0.067155925572884,0.33673159928015817,0.5337506186269378,0.1335141869788592,0.8664858130211408
still,101,5.3,0.5,0.06662777145074675,0.34194793628892106,0.5355876688278114,0.13495816280665535,0.8650418371933446
still,101,5.4,0.5,0.06610377104660754,0.34712324892239466,0.5374174809419974,0.13639644928409478,0.8636035507159052
still,101,5.5,0.4999999999999999,0.06558389169315873,0.3522578598206546,0.5392400834879859,0.1378290688275543,0.8621709311724457
still,101,5.6000000000000005,0.49999999999999994,0.06506810098000776,0.3573520890863432,0.5410555048719035,0.1392560437650905,0.8607439562349095
still,101,5.7,0.5,0.06455636675165675,0.3624062543046247,0.542863773387954,0.140677396336785,0.859322603663215
still,101,5.8,0.5,0.06404865710549756,0.3674206705629871,0.5446649172188613,0.14209314869509193,0.8579068513049081
still,101,5.9,0.5,0.06354494038982358,0.3723956504708782,0.5464589644363063,0.14350332290518358,0.8564966770948164
still,101,6.0,0.5,0.0630451852018553,0.3773315041792069,0.5482459430013678,0.14490794094529658,0.8550920590547034
still,101,6.1000000000000005,0.5,0.06254936038578408,0.3822285393996634,0.5500258807649543,0.14630702470706802,0.853692975292932
still,101,6.2,0.49999999999999994,0.062057435030828736,0.3870870614239138,0.5517988054682412,0.14770059599588325,0.8522994040041167
still,101,6.3,0.5,0.06156937846930864,0.3919073731426307,0.5535647447431024,0.14908867653121294,0.8509113234687871
still,101,6.4,0.5,0.06108516027473232,0.3966897750643722,0.5553237261125399,0.15047128794695114,0.8495287120530488
still,101,6.5,0.5,0.060604750259900426,0.40143456533431676,0.5570757769911128,0.15184845179175288,0.8481515482082471
still,101,6.6000000000000005,0.49999999999999994,0.06012811847502353,0.4061420397528541,0.5588209246853659,0.15322018952937072,0.8467798104706292
still,101,6.7,0.4999999999999999,0.0596552352058549,0.4108124917940257,0.5605591963942558,0.15458652253898897,0.845413477461011
still,101,6.8,0.5,0.05918607097183886,0.41544621262381376,0.5622906192095711,0.15594747211555582,0.8440525278844442
still,101,6.9,0.5,0.058720596524271966,0.42004349111830164,0.564015220116359,0.15730305947011658,0.8426969405298834
still,101,7.0,0.5,0.058258782844480064,0.42460461388167836,0.5657330259933429,0.1586533057301442,0.8413466942698558
still,101,7.1000000000000005,0.5,0.05780060114200898,0.4291298652641089,0.5674440636133438,0.15999823193986729,0.8400017680601327
still,101,7.2,0.5,0.057346022852829866,0.4336195273794582,0.5691483596436957,0.16133785906059994,0.8386621409394001
still,101,7.3,0.5,0.05689501963755836,0.4380738801228804,0.5708459406466613,0.1626722079710668,0.8373277920289333
still,101,7.4,0.5,0.05644756337968798,0.44249320118826685,0.5725368330798465,0.16400129946772934,0.8359987005322707
still,101,7.5,0.5,0.056003626183837245,0.44687776608555807,0.5742210632966118,0.16532515426510913,0.8346748457348909
still,101,7.6000000000000005,0.5,0.05556318037401021,0.45122784815792394,0.5758986575464861,0.1666437929961121,0.8333562070038879
still,101,7.7,0.5,0.055126198491871725,0.45554371859879783,0.5775696419755711,0.16795723621234848,0.8320427637876515
still,101,7.8,0.5,0.054692653295035074,0.45982564646878943,0.5792340426269535,0.16926550438445515,0.8307344956155449
still,101,7.9,0.5,0.05426251775536399,0.4640738987124544,0.5808918854411076,0.1705686179024123,0.8294313820975877
still,101,8.0,0.5,0.05383576505728757,0.4682887401749376,0.5825431962563004,0.17186659707586321,0.8281334029241367
still,102,0.0,0.5,0.10125,0.0,0.4275024730472353,0.04999999999999999,0.95
still,102,0.1,0.5,0.1004537098080294,0.007864594488598664,0.42975814723985495,0.05177302667503547,0.9482269733249645
still,102,0.2,0.5,0.0996636821155138,0.015667337130727987,0.43200493394244466,0.0535390675198697,0.9464609324801303
still,102,0.3,0.5,0.09887986767043458,0.023408714366078276,0.43424286817224145,0.05529815005908845,0.9447018499409116
still,102,0.4,0.5,0.0981022176081203,0.031089208808688484,0.4364719848085125,0.057050301708827744,0.9429496982911723
still,102,0.5,0.5,0.09733068344820009,0.03870929927703626,0.43869231859309965,0.058795549777204026,0.941204450222796
still,102,0.6,0.5,0.09656521709158189,0.04626946082388261,0.4409039041309585,0.060533921464735574,0.9394660785352644
still,102,0.7000000000000001,0.5,0.09580577081745309,0.05377016476589547,0.44310677589070036,0.06226544386477134,0.9377345561352286
still,102,0.8,0.5,0.09505229728030612,0.061211878713026024,0.4453009682051273,0.06399014396391034,0.9360098560360897
still,102,0.9,0.5,0.09430474950698672,0.06859506659766201,0.4474865152717685,0.06570804864242197,0.934291951357578
still,102,1.0,0.5,0.09356308089376525,0.0759201887035531,0.4496634511534129,0.06741918467466745,0.9325808153253325
still,102,1.1,0.5,0.09282724520343165,0.08318770169450229,0.4518318097786395,0.06912357872951314,0.9308764212704869
still,102,1.2,0.5,0.09209719656241275,0.09039805864283712,0.4539916249423473,0.07082125737074962,0.9291787426292504
still,102,1.3,0.5,0.09137288945791247,0.09755170905765465,0.4561429303062804,0.07251224705750514,0.9274877529424949
still,102,1.4000000000000001,0.5,0.09065427873507434,0.10464909891284613,0.45828575939955485,0.07419657414465614,0.9258034258553438
still,102,1.5,0.49999999999999994,0.08994131959416657,0.11169067067489813,0.4604201456191793,0.0758742648832405,0.9241257351167596
still,102,1.6,0.5,0.08923396758778901,0.118676863330479,0.46254612223057656,0.07754534542086433,0.9224546545791357
still,102,1.7,0.49999999999999994,0.08853217861810225,0.12560811241380498,0.4646637223681016,0.07920984180211232,0.9207901581978877
still,102,1.8,0.5,0.08783590893407879,0.13248485003378974,0.4667729790355577,0.08086777996895067,0.9191322200310493
still,102,1.9000000000000001,0.49999999999999994,0.08714511512877474,0.1393075049009903,0.4688739251067121,0.08251918576113204,0.917480814238868
still,102,2.0,0.49999999999999994,0.08645975413662457,0.14607650235432523,0.4709665933258069,0.08416408491660099,0.915835915083399
still,102,2.1,0.5,0.08577978323075602,0.15279226438759486,0.47305101630806934,0.08580250307189097,0.914197496928109
still,102,2.2,0.49999999999999994,0.08510516002032628,0.15945520967578986,0.4751272265402212,0.08743446576252722,0.9125655342374728
still,102,2.3000000000000003,0.5,0.08443584244787913,0.1660657536011938,0.47719525638098526,0.08905999842342283,0.9109400015765772
still,102,2.4,0.5,0.0837717887867234,0.17262430827927522,0.47925513806158837,0.09067912638927722,0.9093208736107228
still,102,2.5,0.5,0.08311295763833121,0.17913128258438316,0.4813069036862647,0.09229187489496732,0.9077081251050327
still,102,2.6,0.5,0.08245930792975767,0.1855870821752329,0.4833505852327554,0.09389826907594462,0.9061017309240553
still,102,2.7,0.5,0.08181079891107948,0.19199210952020274,0.48538621455280834,0.09549833396862573,0.9045016660313743
still,102,2.8000000000000003,0.5,0.08116739015285551,0.1983467639224148,0.48741382337267214,0.09709209451078082,0.9029079054892192
still,102,2.9,0.5,0.08052904154360532,0.20465144154463888,0.4894334432935936,0.09867957554192569,0.9013204244580744
still,102,3.0,0.5000000000000001,0.0798957132873094,0.2109065354339812,0.4914451057923074,0.10026080180370456,0.8997391981962954
still,102,3.1,0.5,0.07926736590092737,0.21711243554639648,0.4934488422215294,0.10183579794028041,0.8981642020597196
still,102,3.2,0.5,0.07864396021193726,0.22326952877099004,0.49544468381044304,0.10340458849871592,0.8965954115012841
still,102,3.3000000000000003,0.5,0.07802545735589281,0.22937819895414513,0.4974326616651873,0.10496719792935694,0.8950328020706431
still,102,3.4,0.49999999999999994,0.07741181877400109,0.2354388269234461,0.4994128067693412,0.10652365058621305,0.893476349413787
still,102,3.5,0.5,0.0768030062107187,0.2414517905114203,0.5013851499844054,0.10807397072733765,0.8919260292726623
still,102,3.6,0.5,0.07619898171136602,0.24741746457910108,0.5033497220502863,0.10961818251520666,0.8903818174847933
still,102,3.7,0.5,0.07559970761976184,0.25333622103938924,0.5053065535857723,0.11115631001709403,0.888843689982906
still,102,3.8000000000000003,0.5,0.07500514657587579,0.2592084288802392,0.5072556750890109,0.11268837720544644,0.8873116227945536
still,102,3.9,0.5,0.07441526151349853,0.2650344541876689,0.5091971169379876,0.11421440795825966,0.8857855920417403
still,102,4.0,0.5,0.07383001565793176,0.27081466016857525,0.5111309093909949,0.1157344260594469,0.8842655739405532
still,102,4.1,0.5,0.0732493725236951,0.27654940717338183,0.5130570825871063,0.11724845519921245,0.8827515448007875
still,102,4.2,0.5,0.07267329591225186,0.28223905271850025,0.5149756665466454,0.11875651897441863,0.8812434810255814
still,102,4.3,0.49999999999999994,0.07210174990975196,0.28788395150862267,0.5168866911716544,0.12025864088895605,0.8797413591110439
still,102,4.4,0.5,0.07153469888479333,0.2934844554588314,0.5187901862463594,0.1217548443541071,0.8782451556458929
still,102,4.5,0.5,0.07097210748620038,0.2990409137165395,0.5206861814376349,0.123245152688914,0.876754847311086
still,102,4.6000000000000005,0.5,0.07041394064082013,0.30455367268325806,0.5225747062954662,0.12472958912053955,0.8752704108794604
still,102,4.7,0.5,0.06986016355133559,0.3100230760361917,0.5244557902534106,0.12620817678463037,0.8737918232153696
still,102,4.8,0.5,0.06931074169409693,0.31544946474966007,0.526329462629054,0.1276809387256776,0.8723190612743223
still,102,4.9,0.5,0.0687656408169688,0.3208331771163576,0.5281957526244695,0.1291478978973744,0.8708521021026256
still,102,5.0,0.5,0.06822482693719473,0.3261745487684472,0.5300546893266733,0.13060907716297626,0.8693909228370238
still,102,5.1000000000000005,0.5,0.0676882663392788,0.33147391269848103,0.5319063017080767,0.132064499295656,0.867935500704344
still,102,5.2,0.5,0.067155925572884,0.33673159928015817,0.5337506186269378,0.1335141869788592,0.8664858130211408
still,102,5.3,0.5,0.06662777145074675,0.34194793628892106,0.5355876688278114,0.13495816280665535,0.8650418371933446
still,102,5.4,0.5,0.06610377104660754,0.34712324892239466,0.5374174809419974,0.13639644928409478,0.8636035507159052
still,102,5.5,0.4999999999999999,0.06558389169315873,0.3522578598206546,0.5392400834879859,0.1378290688275543,0.8621709311724457
still,102,5.6000000000000005,0.49999999999999994,0.06506810098000776,0.3573520890863432,0.5410555048719035,0.1392560437650905,0.8607439562349095
still,102,5.7,0.5,0.06455636675165675,0.3624062543046247,0.542863773387954,0.140677396336785,0.859322603663215
still,102,5.8,0.5,0.06404865710549756,0.3674206705629871,0.5446649172188613,0.14209314869509193,0.8579068513049081
still,102,5.9,0.5,0.06354494038982358,0.3723956504708782,0.5464589644363063,0.14350332290518358,0.8564966770948164
still,102,6.0,0.5,0.0630451852018553,0.3773315041792069,0.5482459430013678,0.14490794094529658,0.8550920590547034
still,102,6.1000000000000005,0.5,0.06254936038578408,0.3822285393996634,0.5500258807649543,0.14630702470706802,0.853692975292932
still,102,6.2,0.49999999999999994,0.062057435030828736,0.3870870614239138,0.5517988054682412,0.14770059599588325,0.8522994040041167
still,102,6.3,0.5,0.06156937846930864,0.3919073731426307,0.5535647447431024,0.14908867653121294,0.8509113234687871
still,102,6.4,0.5,0.06108516027473232,0.3966897750643722,0.5553237261125399,0.15047128794695114,0.8495287120530488
still,102,6.5,0.5,0.060604750259900426,0.40143456533431676,0.5570757769911128,0.15184845179175288,0.8481515482082471
still,102,6.6000000000000005,0.49999999999999994,0.06012811847502353,0.4061420397528541,0.5588209246853659,0.15322018952937072,0.8467798104706292
still,102,6.7,0.4999999999999999,0.0596552352058549,0.4108124917940257,0.5605591963942558,0.15458652253898897,0.845413477461011
still,102,6.8,0.5,0.05918607097183886,0.41544621262381376,0.5622906192095711,0.15594747211555582,0.8440525278844442
still,102,6.9,0.5,0.058720596524271966,0.42004349111830164,0.564015220116359,0.15730305947011658,0.8426969405298834
still,102,7.0,0.5,0.058258782844480064,0.42460461388167836,0.5657330259933429,0.1586533057301442,0.8413466942698558
still,102,7.1000000000000005,0.5,0.05780060114200898,0.4291298652641089,0.5674440636133438,0.15999823193986729,0.8400017680601327
still,102,7.2,0.5,0.057346022852829866,0.4336195273794582,0.5691483596436957,0.16133785906059994,0.8386621409394001
still,102,7.3,0.5,0.05689501963755836,0.4380738801228804,0.5708459406466613,0.1626722079710668,0.8373277920289333
still,102,7.4,0.5,0.05644756337968798,0.44249320118826685,0.5725368330798465,0.16400129946772934,0.8359987005322707
still,102,7.5,0.5,0.056003626183837245,0.44687776608555807,0.5742210632966118,0.16532515426510913,0.8346748457348909
still,102,7.6000000000000005,0.5,0.05556318037401021,0.45122784815792394,0.5758986575464861,0.1666437929961121,0.8333562070038879
still,102,7.7,0.5,0.055126198491871725,0.45554371859879783,0.5775696419755711,0.16795723621234848,0.8320427637876515
still,102,7.8,0.5,0.054692653295035074,0.45982564646878943,0.5792340426269535,0.16926550438445515,0.8307344956155449
still,102,7.9,0.5,0.05426251775536399,0.4640738987124544,0.5808918854411076,0.1705686179024123,0.8294313820975877
still,102,8.0,0.5,0.05383576505728757,0.4682887401749376,0.5825431962563004,0.17186659707586321,0.8281334029241367
still,103,0.0,0.5,0.10125,0.0,0.4275024730472353,0.04999999999999999,0.95
still,103,0.1,0.5,0.1004537098080294,0.007864594488598664,0.42975814723985495,0.05177302667503547,0.9482269733249645
still,103,0.2,0.5,0.0996636821155138,0.015667337130727987,0.43200493394244466,0.0535390675198697,0.9464609324801303
still,103,0.3,0.5,0.09887986767043458,0.023408714366078276,0.43424286817224145,0.05529815005908845,0.9447018499409116
still,103,0.4,0.5,0.0981022176081203,0.031089208808688484,0.4364719848085125,0.057050301708827744,0.9429496982911723
still,103,0.5,0.5,0.09733068344820009,0.03870929927703626,0.43869231859309965,0.058795549777204026,0.941204450222796
still,103,0.6,0.5,0.09656521709158189,0.04626946082388261,0.4409039041309585,0.060533921464735574,0.9394660785352644
still,103,0.7000000000000001,0.5,0.09580577081745309,0.05377016476589547,0.44310677589070036,0.06226544386477134,0.9377345561352286
still,103,0.8,0.5,0.09505229728030612,0.061211878713026024,0.4453009682051273,0.06399014396391034,0.9360098560360897
still,103,0.9,0.5,0.09430474950698672,0.06859506659766201,0.4474865152717685,0.06570804864242197,0.934291951357578
still,103,1.0,0.5,0.09356308089376525,0.0759201887035531,0.4496634511534129,0.06741918467466745,0.9325808153253325
still,103,1.1,0.5,0.09282724520343165,0.08318770169450229,0.4518318097786395,0.06912357872951314,0.9308764212704869
still,103,1.2,0.5,0.09209719656241275,0.09039805864283712,0.4539916249423473,0.07082125737074962,0.9291787426292504
still,103,1.3,0.5,0.09137288945791247,0.09755170905765465,0.4561429303062804,0.07251224705750514,0.9274877529424949
still,103,1.4000000000000001,0.5,0.09065427873507434,0.10464909891284613,0.45828575939955485,0.07419657414465614,0.9258034258553438
still,103,1.5,0.49999999999999994,0.08994131959416657,0.11169067067489813,0.4604201456191793,0.0758742648832405,0.9241257351167596
still,103,1.6,0.5,0.08923396758778901,0.118676863330479,0.46254612223057656,0.07754534542086433,0.9224546545791357
still,103,1.7,0.49999999999999994,0.08853217861810225,0.12560811241380498,0.4646637223681016,0.07920984180211232,0.9207901581978877
still,103,1.8,0.5,0.08783590893407879,0.13248485003378974,0.4667729790355577,0.08086777996895067,0.9191322200310493
still,103,1.9000000000000001,0.49999999999999994,0.08714511512877474,0.1393075049009903,0.4688739251067121,0.08251918576113204,0.917480814238868
still,103,2.0,0.49999999999999994,0.08645975413662457,0.14607650235432523,0.4709665933258069,0.08416408491660099,0.915835915083399
still,103,2.1,0.5,0.08577978323075602,0.15279226438759486,0.47305101630806934,0.08580250307189097,0.914197496928109
still,103,2.2,0.49999999999999994,0.08510516002032628,0.15945520967578986,0.4751272265402212,0.08743446576252722,0.9125655342374728
still,103,2.3000000000000003,0.5,0.08443584244787913,0.1660657536011938,0.47719525638098526,0.08905999842342283,0.9109400015765772
still,103,2.4,0.5,0.0837717887867234,0.17262430827927522,0.47925513806158837,0.09067912638927722,0.9093208736107228
still,103,2.5,0.5,0.08311295763833121,0.17913128258438316,0.4813069036862647,0.09229187489496732,0.9077081251050327
still,103,2.6,0.5,0.08245930792975767,0.1855870821752329,0.4833505852327554,0.09389826907594462,0.9061017309240553
still,103,2.7,0.5,0.08181079891107948,0.19199210952020274,0.48538621455280834,0.09549833396862573,0.9045016660313743
still,103,2.8000000000000003,0.5,0.08116739015285551,0.1983467639224148,0.48741382337267214,0.09709209451078082,0.9029079054892192
still,103,2.9,0.5,0.08052904154360532,0.20465144154463888,0.4894334432935936,0.09867957554192569,0.9013204244580744
still,103,3.0,0.5000000000000001,0.0798957132873094,0.2109065354339812,0.4914451057923074,0.10026080180370456,0.8997391981962954
still,103,3.1,0.5,0.07926736590092737,0.21711243554639648,0.4934488422215294,0.10183579794028041,0.8981642020597196
still,103,3.2,0.5,0.07864396021193726,0.22326952877099004,0.49544468381044304,0.10340458849871592,0.8965954115012841
still,103,3.3000000000000003,0.5,0.07802545735589281,0.22937819895414513,0.4974326616651873,0.10496719792935694,0.8950328020706431
still,103,3.4,0.49999999999999994,0.07741181877400109,0.2354388269234461,0.4994128067693412,0.10652365058621305,0.893476349413787
still,103,3.5,0.5,0.0768030062107187,0.2414517905114203,0.5013851499844054,0.10807397072733765,0.8919260292726623
still,103,3.6,0.5,0.07619898171136602,0.24741746457910108,0.5033497220502863,0.10961818251520666,0.8903818174847933
still,103,3.7,0.5,0.07559970761976184,0.25333622103938924,0.5053065535857723,0.11115631001709403,0.888843689982906
still,103,3.8000000000000003,0.5,0.07500514657587579,0.2592084288802392,0.5072556750890109,0.11268837720544644,0.8873116227945536
still,103,3.9,0.5,0.07441526151349853,0.2650344541876689,0.5091971169379876,0.11421440795825966,0.8857855920417403
still,103,4.0,0.5,0.07383001565793176,0.27081466016857525,0.5111309093909949,0.1157344260594469,0.8842655739405532
still,103,4.1,0.5,0.0732493725236951,0.27654940717338183,0.5130570825871063,0.11724845519921245,0.8827515448007875
still,103,4.2,0.5,0.07267329591225186,0.28223905271850025,0.5149756665466454,0.11875651897441863,0.8812434810255814
still,103,4.3,0.49999999999999994,0.07210174990975196,0.28788395150862267,0.5168866911716544,0.12025864088895605,0.8797413591110439
still,103,4.4,0.5,0.07153469888479333,0.2934844554588314,0.5187901862463594,0.1217548443541071,0.8782451556458929
still,103,4.5,0.5,0.07097210748620038,0.2990409137165395,0.5206861814376349,0.123245152688914,0.876754847311086
still,103,4.6000000000000005,0.5,0.07041394064082013,0.30455367268325806,0.5225747062954662,0.12472958912053955,0.8752704108794604
still,103,4.7,0.5,0.06986016355133559,0.3100230760361917,0.5244557902534106,0.12620817678463037,0.8737918232153696
still,103,4.8,0.5,0.06931074169409693,0.31544946474966007,0.526329462629054,0.1276809387256776,0.8723190612743223
still,103,4.9,0.5,0.0687656408169688,0.3208331771163576,0.5281957526244695,0.1291478978973744,0.8708521021026256
still,103,5.0,0.5,0.06822482693719473,0.3261745487684472,0.5300546893266733,0.13060907716297626,0.8693909228370238
still,103,5.1000000000000005,0.5,0.0676882663392788,0.33147391269848103,0.5319063017080767,0.132064499295656,0.867935500704344
still,103,5.2,0.5,0.067155925572884,0.33673159928015817,0.5337506186269378,0.1335141869788592,0.8664858130211408
still,103,5.3,0.5,0.06662777145074675,0.34194793628892106,0.5355876688278114,0.13495816280665535,0.8650418371933446
still,103,5.4,0.5,0.06610377104660754,0.34712324892239466,0.5374174809419974,0.13639644928409478,0.8636035507159052
still,103,5.5,0.4999999999999999,0.06558389169315873,0.3522578598206546,0.5392400834879859,0.1378290688275543,0.8621709311724457
still,103,5.6000000000000005,0.49999999999999994,0.06506810098000776,0.3573520890863432,0.5410555048719035,0.1392560437650905,0.8607439562349095
still,103,5.7,0.5,0.06455636675165675,0.3624062543046247,0.542863773387954,0.140677396336785,0.859322603663215
still,103,5.8,0.5,0.06404865710549756,0.3674206705629871,0.5446649172188613,0.14209314869509193,0.8579068513049081
still,103,5.9,0.5,0.06354494038982358,0.3723956504708782,0.5464589644363063,0.14350332290518358,0.8564966770948164
still,103,6.0,0.5,0.0630451852018553,0.3773315041792069,0.5482459430013678,0.14490794094529658,0.8550920590547034
still,103,6.1000000000000005,0.5,0.06254936038578408,0.3822285393996634,0.5500258807649543,0.14630702470706802,0.853692975292932
still,103,6.2,0.49999999999999994,0.062057435030828736,0.3870870614239138,0.5517988054682412,0.14770059599588325,0.8522994040041167
still,103,6.3,0.5,0.06156937846930864,0.3919073731426307,0.5535647447431024,0.14908867653121294,0.8509113234687871
still,103,6.4,0.5,0.06108516027473232,0.3966897750643722,0.5553237261125399,0.15047128794695114,0.8495287120530488
still,103,6.5,0.5,0.060604750259900426,0.40143456533431676,0.5570757769911128,0.15184845179175288,0.8481515482082471
still,103,6.6000000000000005,0.49999999999999994,0.06012811847502353,0.4061420397528541,0.5588209246853659,0.15322018952937072,0.8467798104706292
still,103,6.7,0.4999999999999999,0.0596552352058549,0.4108124917940257,0.5605591963942558,0.15458652253898897,0.845413477461011
still,103,6.8,0.5,0.05918607097183886,0.41544621262381376,0.5622906192095711,0.15594747211555582,0.8440525278844442
still,103,6.9,0.5,0.058720596524271966,0.42004349111830164,0.564015220116359,0.15730305947011658,0.8426969405298834
still,103,7.0,0.5,0.058258782844480064,0.42460461388167836,0.5657330259933429,0.1586533057301442,0.8413466942698558
still,103,7.1000000000000005,0.5,0.05780060114200898,0.4291298652641089,0.5674440636133438,0.15999823193986729,0.8400017680601327
still,103,7.2,0.5,0.057346022852829866,0.4336195273794582,0.5691483596436957,0.16133785906059994,0.8386621409394001
still,103,7.3,0.5,0.05689501963755836,0.4380738801228804,0.5708459406466613,0.1626722079710668,0.8373277920289333
still,103,7.4,0.5,0.05644756337968798,0.44249320118826685,0.5725368330798465,0.16400129946772934,0.8359987005322707
still,103,7.5,0.5,0.056003626183837245,0.44687776608555807,0.5742210632966118,0.16532515426510913,0.8346748457348909
still,103,7.6000000000000005,0.5,0.05556318037401021,0.45122784815792394,0.5758986575464861,0.1666437929961121,0.8333562070038879
still,103,7.7,0.5,0.055126198491871725,0.45554371859879783,0.5775696419755711,0.16795723621234848,0.8320427637876515
still,103,7.8,0.5,0.054692653295035074,0.45982564646878943,0.5792340426269535,0.16926550438445515,0.8307344956155449
still,103,7.9,0.5,0.05426251775536399,0.4640738987124544,0.5808918854411076,0.1705686179024123,0.8294313820975877
still,103,8.0,0.5,0.05383576505728757,0.4682887401749376,0.5825431962563004,0.17186659707586321,0.8281334029241367
still,104,0.0,0.5,0.10125,0.0,0.4275024730472353,0.04999999999999999,0.95
still,104,0.1,0.5,0.1004537098080294,0.007864594488598664,0.42975814723985495,0.05177302667503547,0.9482269733249645
still,104,0.2,0.5,0.0996636821155138,0.015667337130727987,0.43200493394244466,0.0535390675198697,0.9464609324801303
still,104,0.3,0.5,0.09887986767043458,0.023408714366078276,0.43424286817224145,0.05529815005908845,0.9447018499409116
still,104,0.4,0.5,0.0981022176081203,0.031089208808688484,0.4364719848085125,0.057050301708827744,0.9429496982911723
still,104,0.5,0.5,0.09733068344820009,0.03870929927703626,0.43869231859309965,0.058795549777204026,0.941204450222796
still,104,0.6,0.5,0.09656521709158189,0.04626946082388261,0.4409039041309585,0.060533921464735574,0.9394660785352644
still,104,0.7000000000000001,0.5,0.09580577081745309,0.05377016476589547,0.44310677589070036,0.06226544386477134,0.9377345561352286
still,104,0.8,0.5,0.09505229728030612,0.061211878713026024,0.4453009682051273,0.06399014396391034,0.9360098560360897
still,104,0.9,0.5,0.09430474950698672,0.06859506659766201,0.4474865152717685,0.06570804864242197,0.934291951357578
still,104,1.0,0.5,0.09356308089376525,0.0759201887035531,0.4496634511534129,0.06741918467466745,0.9325808153253325
still,104,1.1,0.5,0.09282724520343165,0.08318770169450229,0.4518318097786395,0.06912357872951314,0.9308764212704869
still,104,1.2,0.5,0.09209719656241275,0.09039805864283712,0.4539916249423473,0.07082125737074962,0.9291787426292504
still,104,1.3,0.5,0.09137288945791247,0.09755170905765465,0.4561429303062804,0.07251224705750514,0.9274877529424949
still,104,1.4000000000000001,0.5,0.09065427873507434,0.10464909891284613,0.45828575939955485,0.07419657414465614,0.9258034258553438
still,104,1.5,0.49999999999999994,0.08994131959416657,0.11169067067489813,0.4604201456191793,0.0758742648832405,0.9241257351167596
still,104,1.6,0.5,0.08923396758778901,0.118676863330479,0.46254612223057656,0.07754534542086433,0.9224546545791357
still,104,1.7,0.49999999999999994,0.08853217861810225,0.12560811241380498,0.4646637223681016,0.07920984180211232,0.9207901581978877
still,104,1.8,0.5,0.08783590893407879,0.13248485003378974,0.4667729790355577,0.08086777996895067,0.9191322200310493
still,104,1.9000000000000001,0.49999999999999994,0.08714511512877474,0.1393075049009903,0.4688739251067121,0.08251918576113204,0.917480814238868
still,104,2.0,0.49999999999999994,0.08645975413662457,0.14607650235432523,0.4709665933258069,0.08416408491660099,0.915835915083399
still,104,2.1,0.5,0.08577978323075602,0.15279226438759486,0.47305101630806934,0.08580250307189097,0.914197496928109
still,104,2.2,0.49999999999999994,0.08510516002032628,0.15945520967578986,0.4751272265402212,0.08743446576252722,0.9125655342374728
still,104,2.3000000000000003,0.5,0.08443584244787913,0.1660657536011938,0.47719525638098526,0.08905999842342283,0.9109400015765772
still,104,2.4,0.5,0.0837717887867234,0.17262430827927522,0.47925513806158837,0.09067912638927722,0.9093208736107228
still,104,2.5,0.5,0.08311295763833121,0.17913128258438316,0.4813069036862647,0.09229187489496732,0.9077081251050327
still,104,2.6,0.5,0.08245930792975767,0.1855870821752329,0.4833505852327554,0.09389826907594462,0.9061017309240553
still,104,2.7,0.5,0.08181079891107948,0.19199210952020274,0.48538621455280834,0.09549833396862573,0.9045016660313743
still,104,2.8000000000000003,0.5,0.08116739015285551,0.1983467639224148,0.48741382337267214,0.09709209451078082,0.9029079054892192
still,104,2.9,0.5,0.08052904154360532,0.20465144154463888,0.4894334432935936,0.09867957554192569,0.9013204244580744
still,104,3.0,0.5000000000000001,0.0798957132873094,0.2109065354339812,0.4914451057923074,0.10026080180370456,0.8997391981962954
still,104,3.1,0.5,0.07926736590092737,0.21711243554639648,0.4934488422215294,0.10183579794028041,0.8981642020597196
still,104,3.2,0.5,0.07864396021193726,0.22326952877099004,0.49544468381044304,0.10340458849871592,0.8965954115012841
still,104,3.3000000000000003,0.5,0.07802545735589281,0.22937819895414513,0.4974326616651873,0.10496719792935694,0.8950328020706431
still,104,3.4,0.49999999999999994,0.07741181877400109,0.2354388269234461,0.4994128067693412,0.10652365058621305,0.893476349413787
still,104,3.5,0.5,0.0768030062107187,0.2414517905114203,0.5013851499844054,0.10807397072733765,0.8919260292726623
still,104,3.6,0.5,0.07619898171136602,0.24741746457910108,0.5033497220502863,0.10961818251520666,0.8903818174847933
still,104,3.7,0.5,0.07559970761976184,0.25333622103938924,0.5053065535857723,0.11115631001709403,0.888843689982906
still,104,3.8000000000000003,0.5,0.07500514657587579,0.2592084288802392,0.5072556750890109,0.11268837720544644,0.8873116227945536
still,104,3.9,0.5,0.07441526151349853,0.2650344541876689,0.5091971169379876,0.11421440795825966,0.8857855920417403
still,104,4.0,0.5,0.07383001565793176,0.27081466016857525,0.5111309093909949,0.1157344260594469,0.8842655739405532
still,104,4.1,0.5,0.0732493725236951,0.27654940717338183,0.5130570825871063,0.11724845519921245,0.8827515448007875
still,104,4.2,0.5,0.07267329591225186,0.28223905271850025,0.5149756665466454,0.11875651897441863,0.8812434810255814
still,104,4.3,0.49999999999999994,0.07210174990975196,0.28788395150862267,0.5168866911716544,0.12025864088895605,0.8797413591110439
still,104,4.4,0.5,0.07153469888479333,0.2934844554588314,0.5187901862463594,0.1217548443541071,0.8782451556458929
still,104,4.5,0.5,0.07097210748620038,0.2990409137165395,0.5206861814376349,0.123245152688914,0.876754847311086
still,104,4.6000000000000005,0.5,0.07041394064082013,0.30455367268325806,0.5225747062954662,0.12472958912053955,0.8752704108794604
still,104,4.7,0.5,0.06986016355133559,0.3100230760361917,0.5244557902534106,0.12620817678463037,0.8737918232153696
still,104,4.8,0.5,0.06931074169409693,0.31544946474966007,0.526329462629054,0.1276809387256776,0.8723190612743223
still,104,4.9,0.5,0.0687656408169688,0.3208331771163576,0.5281957526244695,0.1291478978973744,0.8708521021026256
still,104,5.0,0.5,0.06822482693719473,0.3261745487684472,0.5300546893266733,0.13060907716297626,0.8693909228370238
still,104,5.1000000000000005,0.5,0.0676882663392788,0.33147391269848103,0.5319063017080767,0.132064499295656,0.867935500704344
still,104,5.2,0.5,0.067155925572884,0.33673159928015817,0.5337506186269378,0.1335141869788592,0.8664858130211408
still,104,5.3,0.5,0.06662777145074675,0.34194793628892106,0.5355876688278114,0.13495816280665535,0.8650418371933446
still,104,5.4,0.5,0.06610377104660754,0.34712324892239466,0.5374174809419974,0.13639644928409478,0.8636035507159052
still,104,5.5,0.4999999999999999,0.06558389169315873,0.3522578598206546,0.5392400834879859,0.1378290688275543,0.8621709311724457
still,104,5.6000000000000005,0.49999999999999994,0.06506810098000776,0.3573520890863432,0.5410555048719035,0.1392560437650905,0.8607439562349095
still,104,5.7,0.5,0.06455636675165675,0.3624062543046247,0.542863773387954,0.140677396336785,0.859322603663215
still,104,5.8,0.5,0.06404865710549756,0.3674206705629871,0.5446649172188613,0.14209314869509193,0.8579068513049081
still,104,5.9,0.5,0.06354494038982358,0.3723956504708782,0.5464589644363063,0.14350332290518358,0.8564966770948164
still,104,6.0,0.5,0.0630451852018553,0.3773315041792069,0.5482459430013678,0.14490794094529658,0.8550920590547034
still,104,6.1000000000000005,0.5,0.06254936038578408,0.3822285393996634,0.5500258807649543,0.14630702470706802,0.853692975292932
still,104,6.2,0.49999999999999994,0.062057435030828736,0.3870870614239138,0.5517988054682412,0.14770059599588325,0.8522994040041167
still,104,6.3,0.5,0.06156937846930864,0.3919073731426307,0.5535647447431024,0.14908867653121294,0.8509113234687871
still,104,6.4,0.5,0.06108516027473232,0.3966897750643722,0.5553237261125399,0.15047128794695114,0.8495287120530488
still,104,6.5,0.5,0.060604750259900426,0.40143456533431676,0.5570757769911128,0.15184845179175288,0.8481515482082471
still,104,6.6000000000000005,0.49999999999999994,0.06012811847502353,0.4061420397528541,0.5588209246853659,0.15322018952937072,0.8467798104706292
still,104,6.7,0.4999999999999999,0.0596552352058549,0.4108124917940257,0.5605591963942558,0.15458652253898897,0.845413477461011
still,104,6.8,0.5,0.05918607097183886,0.41544621262381376,0.5622906192095711,0.15594747211555582,0.8440525278844442
still,104,6.9,0.5,0.058720596524271966,0.42004349111830164,0.564015220116359,0.15730305947011658,0.8426969405298834
still,104,7.0,0.5,0.058258782844480064,0.42460461388167836,0.5657330259933429,0.1586533057301442,0.8413466942698558
still,104,7.1000000000000005,0.5,0.05780060114200898,0.4291298652641089,0.5674440636133438,0.15999823193986729,0.8400017680601327
still,104,7.2,0.5,0.057346022852829866,0.4336195273794582,0.5691483596436957,0.16133785906059994,0.8386621409394001
still,104,7.3,0.5,0.05689501963755836,0.4380738801228804,0.5708459406466613,0.1626722079710668,0.8373277920289333
still,104,7.4,0.5,0.05644756337968798,0.44249320118826685,0.5725368330798465,0.16400129946772934,0.8359987005322707
still,104,7.5,0.5,0.056003626183837245,0.44687776608555807,0.5742210632966118,0.16532515426510913,0.8346748457348909
still,104,7.6000000000000005,0.5,0.05556318037401021,0.45122784815792394,0.5758986575464861,0.1666437929961121,0.8333562070038879
still,104,7.7,0.5,0.055126198491871725,0.45554371859879783,0.5775696419755711,0.16795723621234848,0.8320427637876515
still,104,7.8,0.5,0.054692653295035074,0.45982564646878943,0.5792340426269535,0.16926550438445515,0.8307344956155449
still,104,7.9,0.5,0.05426251775536399,0.4640738987124544,0.5808918854411076,0.1705686179024123,0.8294313820975877
still,104,8.0,0.5,0.05383576505728757,0.4682887401749376,0.5825431962563004,0.17186659707586321,0.8281334029241367
still,105,0.0,0.5,0.10125,0.0,0.4275024730472353,0.04999999999999999,0.95
still,105,0.1,0.5,0.1004537098080294,0.007864594488598664,0.42975814723985495,0.05177302667503547,0.9482269733249645
still,105,0.2,0.5,0.0996636821155138,0.015667337130727987,0.43200493394244466,0.0535390675198697,0.9464609324801303
still,105,0.3,0.5,0.09887986767043458,0.023408714366078276,0.43424286817224145,0.05529815005908845,0.9447018499409116
still,105,0.4,0.5,0.0981022176081203,0.031089208808688484,0.4364719848085125,0.057050301708827744,0.9429496982911723
still,105,0.5,0.5,0.09733068344820009,0.03870929927703626,0.43869231859309965,0.058795549777204026,0.941204450222796
still,105,0.6,0.5,0.09656521709158189,0.04626946082388261,0.4409039041309585,0.060533921464735574,0.9394660785352644
still,105,0.7000000000000001,0.5,0.09580577081745309,0.05377016476589547,0.44310677589070036,0.06226544386477134,0.9377345561352286
still,105,0.8,0.5,0.09505229728030612,0.061211878713026024,0.4453009682051273,0.06399014396391034,0.9360098560360897
still,105,0.9,0.5,0.09430474950698672,0.06859506659766201,0.4474865152717685,0.06570804864242197,0.934291951357578
still,105,1.0,0.5,0.09356308089376525,0.0759201887035531,0.4496634511534129,0.06741918467466745,0.9325808153253325
still,105,1.1,0.5,0.09282724520343165,0.08318770169450229,0.4518318097786395,0.06912357872951314,0.9308764212704869
still,105,1.2,0.5,0.09209719656241275,0.09039805864283712,0.4539916249423473,0.07082125737074962,0.9291787426292504
still,105,1.3,0.5,0.09137288945791247,0.09755170905765465,0.4561429303062804,0.07251224705750514,0.9274877529424949
still,105,1.4000000000000001,0.5,0.09065427873507434,0.10464909891284613,0.45828575939955485,0.07419657414465614,0.9258034258553438
still,105,1.5,0.49999999999999994,0.08994131959416657,0.11169067067489813,0.4604201456191793,0.0758742648832405,0.9241257351167596
still,105,1.6,0.5,0.08923396758778901,0.118676863330479,0.46254612223057656,0.07754534542086433,0.9224546545791357
still,105,1.7,0.49999999999999994,0.08853217861810225,0.12560811241380498,0.4646637223681016,0.07920984180211232,0.9207901581978877
still,105,1.8,0.5,0.08783590893407879,0.13248485003378974,0.4667729790355577,0.08086777996895067,0.9191322200310493
still,105,1.9000000000000001,0.49999999999999994,0.08714511512877474,0.1393075049009903,0.4688739251067121,0.08251918576113204,0.917480814238868
still,105,2.0,0.49999999999999994,0.08645975413662457,0.14607650235432523,0.4709665933258069,0.08416408491660099,0.915835915083399
still,105,2.1,0.5,0.08577978323075602,0.15279226438759486,0.47305101630806934,0.08580250307189097,0.914197496928109
still,105,2.2,0.49999999999999994,0.08510516002032628,0.15945520967578986,0.4751272265402212,0.08743446576252722,0.9125655342374728
still,105,2.3000000000000003,0.5,0.08443584244787913,0.1660657536011938,0.47719525638098526,0.08905999842342283,0.9109400015765772
still,105,2.4,0.5,0.0837717887867234,0.17262430827927522,0.47925513806158837,0.09067912638927722,0.9093208736107228
still,105,2.5,0.5,0.08311295763833121,0.17913128258438316,0.4813069036862647,0.09229187489496732,0.9077081251050327
still,105,2.6,0.5,0.08245930792975767,0.1855870821752329,0.4833505852327554,0.09389826907594462,0.9061017309240553
still,105,2.7,0.5,0.08181079891107948,0.19199210952020274,0.48538621455280834,0.09549833396862573,0.9045016660313743
still,105,2.8000000000000003,0.5,0.08116739015285551,0.1983467639224148,0.48741382337267214,0.09709209451078082,0.9029079054892192
still,105,2.9,0.5,0.08052904154360532,0.20465144154463888,0.4894334432935936,0.09867957554192569,0.9013204244580744
still,105,3.0,0.5000000000000001,0.0798957132873094,0.2109065354339812,0.4914451057923074,0.10026080180370456,0.8997391981962954
still,105,3.1,0.5,0.07926736590092737,0.21711243554639648,0.4934488422215294,0.10183579794028041,0.8981642020597196
still,105,3.2,0.5,0.07864396021193726,0.22326952877099004,0.49544468381044304,0.10340458849871592,0.8965954115012841
still,105,3.3000000000000003,0.5,0.07802545735589281,0.22937819895414513,0.4974326616651873,0.10496719792935694,0.8950328020706431
still,105,3.4,0.49999999999999994,0.07741181877400109,0.2354388269234461,0.4994128067693412,0.10652365058621305,0.893476349413787
still,105,3.5,0.5,0.0768030062107187,0.2414517905114203,0.5013851499844054,0.10807397072733765,0.8919260292726623
still,105,3.6,0.5,0.07619898171136602,0.24741746457910108,0.5033497220502863,0.10961818251520666,0.8903818174847933
still,105,3.7,0.5,0.07559970761976184,0.25333622103938924,0.5053065535857723,0.11115631001709403,0.888843689982906
still,105,3.8000000000000003,0.5,0.07500514657587579,0.2592084288802392,0.5072556750890109,0.11268837720544644,0.8873116227945536
still,105,3.9,0.5,0.07441526151349853,0.2650344541876689,0.5091971169379876,0.11421440795825966,0.8857855920417403
still,105,4.0,0.5,0.07383001565793176,0.27081466016857525,0.5111309093909949,0.1157344260594469,0.8842655739405532
still,105,4.1,0.5,0.0732493725236951,0.27654940717338183,0.5130570825871063,0.11724845519921245,0.8827515448007875
still,105,4.2,0.5,0.07267329591225186,0.28223905271850025,0.5149756665466454,0.11875651897441863,0.8812434810255814
still,105,4.3,0.49999999999999994,0.07210174990975196,0.28788395150862267,0.5168866911716544,0.12025864088895605,0.8797413591110439
still,105,4.4,0.5,0.07153469888479333,0.2934844554588314,0.5187901862463594,0.1217548443541071,0.8782451556458929
still,105,4.5,0.5,0.07097210748620038,0.2990409137165395,0.5206861814376349,0.123245152688914,0.876754847311086
still,105,4.6000000000000005,0.5,0.07041394064082013,0.30455367268325806,0.5225747062954662,0.12472958912053955,0.8752704108794604
still,105,4.7,0.5,0.06986016355133559,0.3100230760361917,0.5244557902534106,0.12620817678463037,0.8737918232153696
still,105,4.8,0.5,0.06931074169409693,0.31544946474966007,0.526329462629054,0.1276809387256776,0.8723190612743223
still,105,4.9,0.5,0.0687656408169688,0.3208331771163576,0.5281957526244695,0.1291478978973744,0.8708521021026256
still,105,5.0,0.5,0.06822482693719473,0.3261745487684472,0.5300546893266733,0.13060907716297626,0.8693909228370238
still,105,5.1000000000000005,0.5,0.0676882663392788,0.33147391269848103,0.5319063017080767,0.132064499295656,0.867935500704344
still,105,5.2,0.5,0.067155925572884,0.33673159928015817,0.5337506186269378,0.1335141869788592,0.8664858130211408
still,105,5.3,0.5,0.06662777145074675,0.34194793628892106,0.5355876688278114,0.13495816280665535,0.8650418371933446
still,105,5.4,0.5,0.06610377104660754,0.34712324892239466,0.5374174809419974,0.13639644928409478,0.8636035507159052
still,105,5.5,0.4999999999999999,0.06558389169315873,0.3522578598206546,0.5392400834879859,0.1378290688275543,0.8621709311724457
still,105,5.6000000000000005,0.49999999999999994,0.06506810098000776,0.3573520890863432,0.5410555048719035,0.1392560437650905,0.8607439562349095
still,105,5.7,0.5,0.06455636675165675,0.3624062543046247,0.542863773387954,0.140677396336785,0.859322603663215
still,105,5.8,0.5,0.06404865710549756,0.3674206705629871,0.5446649172188613,0.14209314869509193,0.8579068513049081
still,105,5.9,0.5,0.06354494038982358,0.3723956504708782,0.5464589644363063,0.14350332290518358,0.8564966770948164
still,105,6.0,0.5,0.0630451852018553,0.3773315041792069,0.5482459430013678,0.14490794094529658,0.8550920590547034
still,105,6.1000000000000005,0.5,0.06254936038578408,0.3822285393996634,0.5500258807649543,0.14630702470706802,0.853692975292932
still,105,6.2,0.49999999999999994,0.062057435030828736,0.3870870614239138,0.5517988054682412,0.14770059599588325,0.8522994040041167
still,105,6.3,0.5,0.06156937846930864,0.3919073731426307,0.5535647447431024,0.14908867653121294,0.8509113234687871
still,105,6.4,0.5,0.06108516027473232,0.3966897750643722,0.5553237261125399,0.15047128794695114,0.8495287120530488
still,105,6.5,0.5,0.060604750259900426,0.40143456533431676,0.5570757769911128,0.15184845179175288,0.8481515482082471
still,105,6.6000000000000005,0.49999999999999994,0.06012811847502353,0.4061420397528541,0.5588209246853659,0.15322018952937072,0.8467798104706292
still,105,6.7,0.4999999999999999,0.0596552352058549,0.4108124917940257,0.5605591963942558,0.15458652253898897,0.845413477461011
still,105,6.8,0.5,0.05918607097183886,0.41544621262381376,0.5622906192095711,0.15594747211555582,0.8440525278844442
still,105,6.9,0.5,0.058720596524271966,0.42004349111830164,0.564015220116359,0.15730305947011658,0.8426969405298834
still,105,7.0,0.5,0.058258782844480064,0.42460461388167836,0.5657330259933429,0.1586533057301442,0.8413466942698558
still,105,7.1000000000000005,0.5,0.05780060114200898,0.4291298652641089,0.5674440636133438,0.15999823193986729,0.8400017680601327
still,105,7.2,0.5,0.057346022852829866,0.4336195273794582,0.5691483596436957,0.16133785906059994,0.8386621409394001
still,105,7.3,0.5,0.05689501963755836,0.4380738801228804,0.5708459406466613,0.1626722079710668,0.8373277920289333
still,105,7.4,0.5,0.05644756337968798,0.44249320118826685,0.5725368330798465,0.16400129946772934,0.8359987005322707
still,105,7.5,0.5,0.056003626183837245,0.44687776608555807,0.5742210632966118,0.16532515426510913,0.8346748457348909
still,105,7.6000000000000005,0.5,0.05556318037401021,0.45122784815792394,0.5758986575464861,0.1666437929961121,0.8333562070038879
still,105,7.7,0.5,0.055126198491871725,0.45554371859879783,0.5775696419755711,0.16795723621234848,0.8320427637876515
still,105,7.8,0.5,0.054692653295035074,0.45982564646878943,0.5792340426269535,0.16926550438445515,0.8307344956155449
still,105,7.9,0.5,0.05426251775536399,0.4640738987124544,0.5808918854411076,0.1705686179024123,0.8294313820975877
still,105,8.0,0.5,0.05383576505728757,0.4682887401749376,0.5825431962563004,0.17186659707586321,0.8281334029241367
still,106,0.0,0.5,0.10125,0.0,0.4275024730472353,0.04999999999999999,0.95
still,106,0.1,0.5,0.1004537098080294,0.007864594488598664,0.42975814723985495,0.05177302667503547,0.9482269733249645
still,106,0.2,0.5,0.0996636821155138,0.015667337130727987,0.43200493394244466,0.0535390675198697,0.9464609324801303
still,106,0.3,0.5,0.09887986767043458,0.023408714366078276,0.43424286817224145,0.05529815005908845,0.9447018499409116
still,106,0.4,0.5,0.0981022176081203,0.031089208808688484,0.4364719848085125,0.057050301708827744,0.9429496982911723
still,106,0.5,0.5,0.09733068344820009,0.03870929927703626,0.43869231859309965,0.058795549777204026,0.941204450222796
still,106,0.6,0.5,0.09656521709158189,0.04626946082388261,0.4409039041309585,0.060533921464735574,0.9394660785352644
still,106,0.7000000000000001,0.5,0.09580577081745309,0.05377016476589547,0.44310677589070036,0.06226544386477134,0.9377345561352286
still,106,0.8,0.5,0.09505229728030612,0.061211878713026024,0.4453009682051273,0.06399014396391034,0.9360098560360897
still,106,0.9,0.5,0.09430474950698672,0.06859506659766201,0.4474865152717685,0.06570804864242197,0.934291951357578
still,106,1.0,0.5,0.09356308089376525,0.0759201887035531,0.4496634511534129,0.06741918467466745,0.9325808153253325
still,106,1.1,0.5,0.09282724520343165,0.08318770169450229,0.4518318097786395,0.06912357872951314,0.9308764212704869
still,106,1.2,0.5,0.09209719656241275,0.09039805864283712,0.4539916249423473,0.07082125737074962,0.9291787426292504
still,106,1.3,0.5,0.09137288945791247,0.09755170905765465,0.4561429303062804,0.07251224705750514,0.9274877529424949
still,106,1.4000000000000001,0.5,0.09065427873507434,0.10464909891284613,0.45828575939955485,0.07419657414465614,0.9258034258553438
still,106,1.5,0.49999999999999994,0.08994131959416657,0.11169067067489813,0.4604201456191793,0.0758742648832405,0.9241257351167596
still,106,1.6,0.5,0.08923396758778901,0.118676863330479,0.46254612223057656,0.07754534542086433,0.9224546545791357
still,106,1.7,0.49999999999999994,0.08853217861810225,0.12560811241380498,0.4646637223681016,0.07920984180211232,0.9207901581978877
still,106,1.8,0.5,0.08783590893407879,0.13248485003378974,0.4667729790355577,0.08086777996895067,0.9191322200310493
still,106,1.9000000000000001,0.49999999999999994,0.08714511512877474,0.1393075049009903,0.4688739251067121,0.08251918576113204,0.917480814238868
still,106,2.0,0.49999999999999994,0.08645975413662457,0.14607650235432523,0.4709665933258069,0.08416408491660099,0.915835915083399
still,106,2.1,0.5,0.08577978323075602,0.15279226438759486,0.47305101630806934,0.08580250307189097,0.914197496928109
still,106,2.2,0.49999999999999994,0.08510516002032628,0.15945520967578986,0.4751272265402212,0.08743446576252722,0.9125655342374728
still,106,2.3000000000000003,0.5,0.08443584244787913,0.1660657536011938,0.47719525638098526,0.08905999842342283,0.9109400015765772
still,106,2.4,0.5,0.0837717887867234,0.17262430827927522,0.47925513806158837,0.09067912638927722,0.9093208736107228
still,106,2.5,0.5,0.08311295763833121,0.17913128258438316,0.4813069036862647,0.09229187489496732,0.9077081251050327
still,106,2.6,0.5,0.08245930792975767,0.1855870821752329,0.4833505852327554,0.09389826907594462,0.9061017309240553
still,106,2.7,0.5,0.08181079891107948,0.19199210952020274,0.48538621455280834,0.09549833396862573,0.9045016660313743
still,106,2.8000000000000003,0.5,0.08116739015285551,0.1983467639224148,0.48741382337267214,0.09709209451078082,0.9029079054892192
still,106,2.9,0.5,0.08052904154360532,0.20465144154463888,0.4894334432935936,0.09867957554192569,0.9013204244580744
still,106,3.0,0.5000000000000001,0.0798957132873094,0.2109065354339812,0.4914451057923074,0.10026080180370456,0.8997391981962954
still,106,3.1,0.5,0.07926736590092737,0.21711243554639648,0.4934488422215294,0.10183579794028041,0.8981642020597196
still,106,3.2,0.5,0.07864396021193726,0.22326952877099004,0.49544468381044304,0.10340458849871592,0.8965954115012841
still,106,3.3000000000000003,0.5,0.07802545735589281,0.22937819895414513,0.4974326616651873,0.10496719792935694,0.8950328020706431
still,106,3.4,0.49999999999999994,0.07741181877400109,0.2354388269234461,0.4994128067693412,0.10652365058621305,0.893476349413787
still,106,3.5,0.5,0.0768030062107187,0.2414517905114203,0.5013851499844054,0.10807397072733765,0.8919260292726623
still,106,3.6,0.5,0.07619898171136602,0.24741746457910108,0.5033497220502863,0.10961818251520666,0.8903818174847933
still,106,3.7,0.5,0.07559970761976184,0.25333622103938924,0.5053065535857723,0.11115631001709403,0.888843689982906
still,106,3.8000000000000003,0.5,0.07500514657587579,0.2592084288802392,0.5072556750890109,0.11268837720544644,0.8873116227945536
still,106,3.9,0.5,0.07441526151349853,0.2650344541876689,0.5091971169379876,0.11421440795825966,0.8857855920417403
still,106,4.0,0.5,0.07383001565793176,0.27081466016857525,0.5111309093909949,0.1157344260594469,0.8842655739405532
still,106,4.1,0.5,0.0732493725236951,0.27654940717338183,0.5130570825871063,0.11724845519921245,0.8827515448007875
still,106,4.2,0.5,0.07267329591225186,0.28223905271850025,0.5149756665466454,0.11875651897441863,0.8812434810255814
still,106,4.3,0.49999999999999994,0.07210174990975196,0.28788395150862267,0.5168866911716544,0.12025864088895605,0.8797413591110439
still,106,4.4,0.5,0.07153469888479333,0.2934844554588314,0.5187901862463594,0.1217548443541071,0.8782451556458929
still,106,4.5,0.5,0.07097210748620038,0.2990409137165395,0.5206861814376349,0.123245152688914,0.876754847311086
still,106,4.6000000000000005,0.5,0.07041394064082013,0.30455367268325806,0.5225747062954662,0.12472958912053955,0.8752704108794604
still,106,4.7,0.5,0.06986016355133559,0.3100230760361917,0.5244557902534106,0.12620817678463037,0.8737918232153696
still,106,4.8,0.5,0.06931074169409693,0.31544946474966007,0.526329462629054,0.1276809387256776,0.8723190612743223
still,106,4.9,0.5,0.0687656408169688,0.3208331771163576,0.5281957526244695,0.1291478978973744,0.8708521021026256
still,106,5.0,0.5,0.06822482693719473,0.3261745487684472,0.5300546893266733,0.13060907716297626,0.8693909228370238
still,106,5.1000000000000005,0.5,0.0676882663392788,0.33147391269848103,0.5319063017080767,0.132064499295656,0.867935500704344
still,106,5.2,0.5,0.067155925572884,0.33673159928015817,0.5337506186269378,0.1335141869788592,0.8664858130211408
still,106,5.3,0.5,0.06662777145074675,0.34194793628892106,0.5355876688278114,0.13495816280665535,0.8650418371933446
still,106,5.4,0.5,0.06610377104660754,0.34712324892239466,0.5374174809419974,0.13639644928409478,0.8636035507159052
still,106,5.5,0.4999999999999999,0.06558389169315873,0.3522578598206546,0.5392400834879859,0.1378290688275543,0.8621709311724457
still,106,5.6000000000000005,0.49999999999999994,0.06506810098000776,0.3573520890863432,0.5410555048719035,0.1392560437650905,0.8607439562349095
still,106,5.7,0.5,0.06455636675165675,0.3624062543046247,0.542863773387954,0.140677396336785,0.859322603663215
still,106,5.8,0.5,0.06404865710549756,0.3674206705629871,0.5446649172188613,0.14209314869509193,0.8579068513049081
still,106,5.9,0.5,0.06354494038982358,0.3723956504708782,0.5464589644363063,0.14350332290518358,0.8564966770948164
still,106,6.0,0.5,0.0630451852018553,0.3773315041792069,0.5482459430013678,0.14490794094529658,0.8550920590547034
still,106,6.1000000000000005,0.5,0.06254936038578408,0.3822285393996634,0.5500258807649543,0.14630702470706802,0.853692975292932
still,106,6.2,0.49999999999999994,0.062057435030828736,0.3870870614239138,0.5517988054682412,0.14770059599588325,0.8522994040041167
still,106,6.3,0.5,0.06156937846930864,0.3919073731426307,0.5535647447431024,0.14908867653121294,0.8509113234687871
still,106,6.4,0.5,0.06108516027473232,0.3966897750643722,0.5553237261125399,0.15047128794695114,0.8495287120530488
still,106,6.5,0.5,0.060604750259900426,0.40143456533431676,0.5570757769911128,0.15184845179175288,0.8481515482082471
still,106,6.6000000000000005,0.49999999999999994,0.06012811847502353,0.4061420397528541,0.5588209246853659,0.15322018952937072,0.8467798104706292
still,106,6.7,0.4999999999999999,0.0596552352058549,0.4108124917940257,0.5605591963942558,0.15458652253898897,0.845413477461011
still,106,6.8,0.5,0.05918607097183886,0.41544621262381376,0.5622906192095711,0.15594747211555582,0.8440525278844442
still,106,6.9,0.5,0.058720596524271966,0.42004349111830164,0.564015220116359,0.15730305947011658,0.8426969405298834
still,106,7.0,0.5,0.058258782844480064,0.42460461388167836,0.5657330259933429,0.1586533057301442,0.8413466942698558
still,106,7.1000000000000005,0.5,0.05780060114200898,0.4291298652641089,0.5674440636133438,0.15999823193986729,0.8400017680601327
still,106,7.2,0.5,0.057346022852829866,0.4336195273794582,0.5691483596436957,0.16133785906059994,0.8386621409394001
still,106,7.3,0.5,0.05689501963755836,0.4380738801228804,0.5708459406466613,0.1626722079710668,0.8373277920289333
still,106,7.4,0.5,0.05644756337968798,0.44249320118826685,0.5725368330798465,0.16400129946772934,0.8359987005322707
still,106,7.5,0.5,0.056003626183837245,0.44687776608555807,0.5742210632966118,0.16532515426510913,0.8346748457348909
still,106,7.6000000000000005,0.5,0.05556318037401021,0.45122784815792394,0.5758986575464861,0.1666437929961121,0.8333562070038879
still,106,7.7,0.5,0.055126198491871725,0.45554371859879783,0.5775696419755711,0.16795723621234848,0.8320427637876515
still,106,7.8,0.5,0.054692653295035074,0.45982564646878943,0.5792340426269535,0.16926550438445515,0.8307344956155449
still,106,7.9,0.5,0.05426251775536399,0.4640738987124544,0.5808918854411076,0.1705686179024123,0.8294313820975877
still,106,8.0,0.5,0.05383576505728757,0.4682887401749376,0.5825431962563004,0.17186659707586321,0.8281334029241367
still,107,0.0,0.5,0.10125,0.0,0.4275024730472353,0.04999999999999999,0.95
still,107,0.1,0.5,0.1004537098080294,0.007864594488598664,0.42975814723985495,0.05177302667503547,0.9482269733249645
still,107,0.2,0.5,0.0996636821155138,0.015667337130727987,0.43200493394244466,0.0535390675198697,0.9464609324801303
still,107,0.3,0.5,0.09887986767043458,0.023408714366078276,0.43424286817224145,0.05529815005908845,0.9447018499409116
still,107,0.4,0.5,0.0981022176081203,0.031089208808688484,0.4364719848085125,0.057050301708827744,0.9429496982911723
still,107,0.5,0.5,0.09733068344820009,0.03870929927703626,0.43869231859309965,0.058795549777204026,0.941204450222796
still,107,0.6,0.5,0.09656521709158189,0.04626946082388261,0.4409039041309585,0.060533921464735574,0.9394660785352644
still,107,0.7000000000000001,0.5,0.09580577081745309,0.05377016476589547,0.44310677589070036,0.06226544386477134,0.9377345561352286
still,107,0.8,0.5,0.09505229728030612,0.061211878713026024,0.4453009682051273,0.06399014396391034,0.9360098560360897
still,107,0.9,0.5,0.09430474950698672,0.06859506659766201,0.4474865152717685,0.06570804864242197,0.934291951357578
still,107,1.0,0.5,0.09356308089376525,0.0759201887035531,0.4496634511534129,0.06741918467466745,0.9325808153253325
still,107,1.1,0.5,0.09282724520343165,0.08318770169450229,0.4518318097786395,0.06912357872951314,0.9308764212704869
still,107,1.2,0.5,0.09209719656241275,0.09039805864283712,0.4539916249423473,0.07082125737074962,0.9291787426292504
still,107,1.3,0.5,0.09137288945791247,0.09755170905765465,0.4561429303062804,0.07251224705750514,0.9274877529424949
still,107,1.4000000000000001,0.5,0.09065427873507434,0.10464909891284613,0.45828575939955485,0.07419657414465614,0.9258034258553438
still,107,1.5,0.49999999999999994,0.08994131959416657,0.11169067067489813,0.4604201456191793,0.0758742648832405,0.9241257351167596
still,107,1.6,0.5,0.08923396758778901,0.118676863330479,0.46254612223057656,0.07754534542086433,0.9224546545791357
still,107,1.7,0.49999999999999994,0.08853217861810225,0.12560811241380498,0.4646637223681016,0.07920984180211232,0.9207901581978877
still,107,1.8,0.5,0.08783590893407879,0.13248485003378974,0.4667729790355577,0.08086777996895067,0.9191322200310493
still,107,1.9000000000000001,0.49999999999999994,0.08714511512877474,0.1393075049009903,0.4688739251067121,0.08251918576113204,0.917480814238868
still,107,2.0,0.49999999999999994,0.08645975413662457,0.14607650235432523,0.4709665933258069,0.08416408491660099,0.915835915083399
still,107,2.1,0.5,0.08577978323075602,0.15279226438759486,0.47305101630806934,0.08580250307189097,0.914197496928109
still,107,2.2,0.49999999999999994,0.08510516002032628,0.15945520967578986,0.4751272265402212,0.08743446576252722,0.9125655342374728
still,107,2.3000000000000003,0.5,0.08443584244787913,0.1660657536011938,0.47719525638098526,0.08905999842342283,0.9109400015765772
still,107,2.4,0.5,0.0837717887867234,0.17262430827927522,0.47925513806158837,0.09067912638927722,0.9093208736107228
still,107,2.5,0.5,0.08311295763833121,0.17913128258438316,0.4813069036862647,0.09229187489496732,0.9077081251050327
still,107,2.6,0.5,0.08245930792975767,0.1855870821752329,0.4833505852327554,0.09389826907594462,0.9061017309240553
still,107,2.7,0.5,0.08181079891107948,0.19199210952020274,0.48538621455280834,0.09549833396862573,0.9045016660313743
still,107,2.8000000000000003,0.5,0.08116739015285551,0.1983467639224148,0.48741382337267214,0.09709209451078082,0.9029079054892192
still,107,2.9,0.5,0.08052904154360532,0.20465144154463888,0.4894334432935936,0.09867957554192569,0.9013204244580744
still,107,3.0,0.5000000000000001,0.0798957132873094,0.2109065354339812,0.4914451057923074,0.10026080180370456,0.8997391981962954
still,107,3.1,0.5,0.07926736590092737,0.21711243554639648,0.4934488422215294,0.10183579794028041,0.8981642020597196
still,107,3.2,0.5,0.07864396021193726,0.22326952877099004,0.49544468381044304,0.10340458849871592,0.8965954115012841
still,107,3.3000000000000003,0.5,0.07802545735589281,0.22937819895414513,0.4974326616651873,0.10496719792935694,0.8950328020706431
still,107,3.4,0.49999999999999994,0.07741181877400109,0.2354388269234461,0.4994128067693412,0.10652365058621305,0.893476349413787
still,107,3.5,0.5,0.0768030062107187,0.2414517905114203,0.5013851499844054,0.10807397072733765,0.8919260292726623
still,107,3.6,0.5,0.07619898171136602,0.24741746457910108,0.5033497220502863,0.10961818251520666,0.8903818174847933
still,107,3.7,0.5,0.07559970761976184,0.25333622103938924,0.5053065535857723,0.11115631001709403,0.888843689982906
still,107,3.8000000000000003,0.5,0.07500514657587579,0.2592084288802392,0.5072556750890109,0.11268837720544644,0.8873116227945536
still,107,3.9,0.5,0.07441526151349853,0.2650344541876689,0.5091971169379876,0.11421440795825966,0.8857855920417403
still,107,4.0,0.5,0.07383001565793176,0.27081466016857525,0.5111309093909949,0.1157344260594469,0.8842655739405532
still,107,4.1,0.5,0.0732493725236951,0.27654940717338183,0.5130570825871063,0.11724845519921245,0.8827515448007875
still,107,4.2,0.5,0.07267329591225186,0.28223905271850025,0.5149756665466454,0.11875651897441863,0.8812434810255814
still,107,4.3,0.49999999999999994,0.07210174990975196,0.28788395150862267,0.5168866911716544,0.12025864088895605,0.8797413591110439
still,107,4.4,0.5,0.07153469888479333,0.2934844554588314,0.5187901862463594,0.1217548443541071,0.8782451556458929
still,107,4.5,0.5,0.07097210748620038,0.2990409137165395,0.5206861814376349,0.123245152688914,0.876754847311086
still,107,4.6000000000000005,0.5,0.07041394064082013,0.30455367268325806,0.5225747062954662,0.12472958912053955,0.8752704108794604
still,107,4.7,0.5,0.06986016355133559,0.3100230760361917,0.5244557902534106,0.12620817678463037,0.8737918232153696
still,107,4.8,0.5,0.06931074169409693,0.31544946474966007,0.526329462629054,0.1276809387256776,0.8723190612743223
still,107,4.9,0.5,0.0687656408169688,0.3208331771163576,0.5281957526244695,0.1291478978973744,0.8708521021026256
still,107,5.0,0.5,0.06822482693719473,0.3261745487684472,0.5300546893266733,0.13060907716297626,0.8693909228370238
still,107,5.1000000000000005,0.5,0.0676882663392788,0.33147391269848103,0.5319063017080767,0.132064499295656,0.867935500704344
still,107,5.2,0.5,0.067155925572884,0.33673159928015817,0.5337506186269378,0.1335141869788592,0.8664858130211408
still,107,5.3,0.5,0.06662777145074675,0.34194793628892106,0.5355876688278114,0.13495816280665535,0.8650418371933446
still,107,5.4,0.5,0.06610377104660754,0.34712324892239466,0.5374174809419974,0.13639644928409478,0.8636035507159052
still,107,5.5,0.4999999999999999,0.06558389169315873,0.3522578598206546,0.5392400834879859,0.1378290688275543,0.8621709311724457
still,107,5.6000000000000005,0.49999999999999994,0.06506810098000776,0.3573520890863432,0.5410555048719035,0.1392560437650905,0.8607439562349095
still,107,5.7,0.5,0.06455636675165675,0.3624062543046247,0.542863773387954,0.140677396336785,0.859322603663215
still,107,5.8,0.5,0.06404865710549756,0.3674206705629871,0.5446649172188613,0.14209314869509193,0.8579068513049081
still,107,5.9,0.5,0.06354494038982358,0.3723956504708782,0.5464589644363063,0.14350332290518358,0.8564966770948164
still,107,6.0,0.5,0.0630451852018553,0.3773315041792069,0.5482459430013678,0.14490794094529658,0.8550920590547034
still,107,6.1000000000000005,0.5,0.06254936038578408,0.3822285393996634,0.5500258807649543,0.14630702470706802,0.853692975292932
still,107,6.2,0.49999999999999994,0.062057435030828736,0.3870870614239138,0.5517988054682412,0.14770059599588325,0.8522994040041167
still,107,6.3,0.5,0.06156937846930864,0.3919073731426307,0.5535647447431024,0.14908867653121294,0.8509113234687871
still,107,6.4,0.5,0.06108516027473232,0.3966897750643722,0.5553237261125399,0.15047128794695114,0.8495287120530488
still,107,6.5,0.5,0.060604750259900426,0.40143456533431676,0.5570757769911128,0.15184845179175288,0.8481515482082471
still,107,6.6000000000000005,0.49999999999999994,0.06012811847502353,0.4061420397528541,0.5588209246853659,0.15322018952937072,0.8467798104706292
still,107,6.7,0.4999999999999999,0.0596552352058549,0.4108124917940257,0.5605591963942558,0.15458652253898897,0.845413477461011
still,107,6.8,0.5,0.05918607097183886,0.41544621262381376,0.5622906192095711,0.15594747211555582,0.8440525278844442
still,107,6.9,0.5,0.058720596524271966,0.42004349111830164,0.564015220116359,0.15730305947011658,0.8426969405298834
still,107,7.0,0.5,0.058258782844480064,0.42460461388167836,0.5657330259933429,0.1586533057301442,0.8413466942698558
still,107,7.1000000000000005,0.5,0.05780060114200898,0.4291298652641089,0.5674440636133438,0.15999823193986729,0.8400017680601327
still,107,7.2,0.5,0.057346022852829866,0.4336195273794582,0.5691483596436957,0.16133785906059994,0.8386621409394001
still,107,7.3,0.5,0.05689501963755836,0.4380738801228804,0.5708459406466613,0.1626722079710668,0.8373277920289333
still,107,7.4,0.5,0.05644756337968798,0.44249320118826685,0.5725368330798465,0.16400129946772934,0.8359987005322707
still,107,7.5,0.5,0.056003626183837245,0.44687776608555807,0.5742210632966118,0.16532515426510913,0.8346748457348909
still,107,7.6000000000000005,0.5,0.05556318037401021,0.45122784815792394,0.5758986575464861,0.1666437929961121,0.8333562070038879
still,107,7.7,0.5,0.055126198491871725,0.45554371859879783,0.5775696419755711,0.16795723621234848,0.8320427637876515
still,107,7.8,0.5,0.054692653295035074,0.45982564646878943,0.5792340426269535,0.16926550438445515,0.8307344956155449
still,107,7.9,0.5,0.05426251775536399,0.4640738987124544,0.5808918854411076,0.1705686179024123,0.8294313820975877
still,107,8.0,0.5,0.05383576505728757,0.4682887401749376,0.5825431962563004,0.17186659707586321,0.8281334029241367
stirred,100,0.0,0.5,0.10125,0.0,0.4275024730472353,0.04999999999999999,0.95
stirred,100,0.1,0.5,0.10040143623894054,0.00838087665243914,0.429432481121154,0.05180053803043322,0.9481994619695664
stirred,100,0.2,0.5,0.09925266308438863,0.019726784351717375,0.43266384390852963,0.05369765710886354,0.9463023428911361
stirred,100,0.3,0.5,0.09751849505663407,0.03685436981102164,0.43772932216300053,0.05535604861346016,0.9446439513865392
stirred,100,0.4,0.5,0.09495497856226198,0.06217305123691874,0.4452323545688516,0.05748467435489829,0.9425153256451018
stirred,100,0.5,0.5,0.09138651345109611,0.09741715110028537,0.45573276562953324,0.05937129236103755,0.9406287076389623
stirred,100,0.6,0.5,0.08720462649166197,0.1387197383539559,0.468616437068847,0.06153144948191791,0.938476487544938
stirred,100,0.7000000000000001,0.49999999999999994,0.08218910268386626,0.18825577596181486,0.48460092406241334,0.06332581387647916,0.9367346348228103
stirred,100,0.8,0.49999999999999983,0.07574265814891507,0.2519243639613328,0.5066274612932162,0.06593690202817099,0.9341231784426828
stirred,100,0.9,0.4999999999999998,0.06792584571622626,0.32912744971628394,0.5355700544691192,0.06988753799720643,0.9300538028317392
stirred,100,1.0,0.4999999999999997,0.059353867135742894,0.4137889665605641,0.5704679477453015,0.07611350434109448,0.923768717303166
stirred,100,1.1,0.5,0.05144472500631366,0.49190395055492686,0.606050064403802,0.08186396114764496,0.9179966432303273
stirred,100,1.2,0.5,0.04425950311858769,0.5628691050016031,0.6418748890146708,0.0870378553476939,0.9118190000231133
stirred,100,1.3,0.4999999999999999,0.03786052750659725,0.6260688641323728,0.6747995383188854,0.09295074107849044,0.9035850387188009
stirred,100,1.4000000000000001,0.4999999999999999,0.03262794709232787,0.677748670693058,0.6999050511926391,0.0991944408129953,0.8890985409341936
stirred,100,1.5,0.49999999999999983,0.028535382663539242,0.7181690601131927,0.7193172497108874,0.10814034955693397,0.8676326029163979
stirred,100,1.6,0.4999999999999998,0.025569581560717466,0.7474609228571114,0.7349134041724503,0.11638806118834605,0.8398399562873103
stirred,100,1.7,0.49999999999999967,0.02320931116871538,0.7707722353707123,0.7489193701866067,0.12269574089660165,0.8284832972286202
stirred,100,1.8,0.4999999999999998,0.021090285208835338,0.7917008868263177,0.7623499131926577,0.12916853479176527,0.8226812374839267
stirred,100,1.9000000000000001,0.49999999999999956,0.019093989028809974,0.8114173923080497,0.775956153715375,0.13637598675505136,0.8157683518704133
stirred,100,2.0,0.49999999999999956,0.01719575934698301,0.8301653397828839,0.7899314102830008,0.1439639552563367,0.8098704540007331
stirred,100,2.1,0.4999999999999998,0.015562234301562384,0.8462989204783962,0.802482029504106,0.1514660928160398,0.8037275525941387
stirred,100,2.2,0.49999999999999933,0.01407383662619215,0.8609991444326701,0.8137987577575829,0.1590955584791127,0.7964635408886527
stirred,100,2.3000000000000003,0.4999999999999996,0.012622915680629773,0.8753292278456318,0.8251913872162967,0.16960531693301617,0.7902497658052232
stirred,100,2.4,0.4999999999999994,0.011248308190018041,0.8889055981232786,0.837102367772769,0.18598898709687467,0.7820256379649909
stirred,100,2.5,0.49999999999999967,0.009987114101406677,0.9013618360354896,0.8491451709940272,0.20636427745308095,0.7728163999856447
stirred,100,2.6,0.49999999999999933,0.008945160018754672,0.9116527405555094,0.8596484454628103,0.22323272409222414,0.7644044391810733
stirred,100,2.7,0.4999999999999993,0.008025326329484666,0.9207375177334848,0.8691130359684426,0.24082017242785655,0.7570497223788878
stirred,100,2.8000000000000003,0.49999999999999944,0.007113387336231494,0.9297443226051211,0.8789521798113524,0.26361083294939314,0.7500628234378774
stirred,100,2.9,0.49999999999999933,0.006200995657648611,0.9387555984429767,0.8888994280879678,0.28170701248192903,0.7409983333986957
stirred,100,3.0,0.4999999999999992,0.005327844431584698,0.9473793142559536,0.8985377488727041,0.29641151757839684,0.7314950403010461
stirred,100,3.1,0.4999999999999991,0.004623220718631586,0.9543385608036387,0.906504382171474,0.3079032959902738,0.7234448569640959
stirred,100,3.2,0.499999999999999,0.004031914967255676,0.9601786176073513,0.9134220228790275,0.31893205180322354,0.7165035654802823
stirred,100,3.3000000000000003,0.4999999999999993,0.0034782193047509617,0.9656472167432004,0.9199712923429335,0.3293992558535036,0.7074181358775453
stirred,100,3.4,0.4999999999999991,0.0029689289842183457,0.9706772446003127,0.9259514459594653,0.339301496348533,0.6943093402132623
stirred,100,3.5,0.4999999999999991,0.002521506447101491,0.9750962326212198,0.9312258778087052,0.34865962995406385,0.6734531137634359
stirred,100,3.6,0.4999999999999991,0.0021765189225882954,0.9785035168139428,0.9354852045653221,0.35479646612254223,0.6529780924761037
stirred,100,3.7,0.4999999999999991,0.0018977379368911983,0.9812569092652721,0.9391123838096105,0.3642971014022614,0.6387223431526421
stirred,100,3.8000000000000003,0.4999999999999991,0.0016455495123837306,0.9837476591369508,0.9423763540154131,0.37295000652815047,0.627099239539436
stirred,100,3.9,0.499999999999999,0.001417615907889892,0.9859988552307171,0.9452593616628251,0.38060340886588145,0.6167810367883504
stirred,100,4.0,0.4999999999999989,0.001223569623511685,0.9879153617430945,0.9477748380711474,0.39078634072763496,0.6072894420364693
stirred,100,4.1,0.49999999999999906,0.0010851038957497994,0.9892829244864217,0.9498671612234303,0.39978657759266467,0.5993757559448571
stirred,100,4.2,0.4999999999999992,0.000977696952043099,0.9903437338069817,0.9517781441961535,0.40874099285488663,0.592979607279864
stirred,100,4.3,0.4999999999999991,0.0008797721786358725,0.9913108920628556,0.9538159649900356,0.41882065073474495,0.5861432797340195
stirred,100,4.4,0.4999999999999989,0.0007889816079420025,0.992207589057363,0.9560388511197306,0.4301033202905128,0.5798382312157679
stirred,100,4.5,0.49999999999999867,0.0007053928372019541,0.9930331571634375,0.9582070840178578,0.4376995721764696,0.5773770574620432
stirred,100,4.6000000000000005,0.49999999999999856,0.0006347540216784934,0.9937308244772495,0.9600271294543331,0.4415262598009139,0.5746662092542365
stirred,100,4.7,0.49999999999999856,0.0005724161404651248,0.9943465072546654,0.9617397906039099,0.4438980226355867,0.5709379336353079
stirred,100,4.8,0.49999999999999856,0.0005143367815253723,0.9949201305528358,0.9634183577192938,0.44571792076480476,0.5663816762049798
stirred,100,4.9,0.49999999999999833,0.0004609051349459305,0.9954478505190525,0.9650860962903809,0.4472210892874539,0.561802156927163
stirred,100,5.0,0.49999999999999833,0.00041290899525512904,0.9959218864666161,0.9667330407790876,0.4485779218873066,0.5564079464716745
stirred,100,5.1000000000000005,0.4999999999999981,0.00037262778198191265,0.9963197256100552,0.9683231671814672,0.45001050321637553,0.5518002010474445
stirred,100,5.2,0.49999999999999795,0.0003353373114381473,0.9966880265536973,0.9699945282177392,0.4514891793670259,0.5482116329475337
stirred,100,5.3,0.49999999999999767,0.0002975511675127651,0.9970612230369109,0.9719072799359645,0.4535243990865962,0.5450761935976912
stirred,100,5.4,0.4999999999999978,0.00026036023167141155,0.9974285409217638,0.9739965955711006,0.4557661786981984,0.542814583508629
stirred,100,5.5,0.49999999999999767,0.00022607190571966607,0.9977671910546205,0.976014674488877,0.4583690792043418,0.5406037595911296
stirred,100,5.6000000000000005,0.4999999999999979,0.00019822439209522195,0.99804222822622,0.9776203928638677,0.4606166789655475,0.5385849281893652
stirred,100,5.7,0.4999999999999979,0.00017432421364720491,0.9982782793713856,0.9790155367209264,0.4626904759444375,0.5369170213508856
stirred,100,5.8,0.49999999999999817,0.000152154815749885,0.9984972363876554,0.9803495313588763,0.4646177207170501,0.5354954490140198
stirred,100,5.9,0.4999999999999981,0.00013211581192160534,0.9986951524748483,0.9817078794061183,0.4659480374684666,0.5341165776978709
stirred,100,6.0,0.4999999999999981,0.0001148681066220318,0.9988655001815108,0.9830026196634905,0.46730063022293455,0.5326812933053019
stirred,100,6.1000000000000005,0.4999999999999982,0.00010138669059290192,0.9989986499694529,0.9841122613531175,0.4683669807175649,0.53107395909711
stirred,100,6.2,0.49999999999999845,9.017267779692285e-05,0.9991094056513884,0.9851403437648457,0.4692941819614361,0.529469353880121
stirred,100,6.3,0.4999999999999985,7.996643024175135e-05,0.9992102080963777,0.9861188993353028,0.4702026133437284,0.5268898192866482
stirred,100,6.4,0.49999999999999845,7.074094007725878e-05,0.9993013240486197,0.986943678834812,0.4710606847969884,0.5237413061811413
stirred,100,6.5,0.49999999999999856,6.280707505470985e-05,0.9993796832093362,0.9876197792592238,0.47201859743653407,0.5202915097536713
stirred,100,6.6000000000000005,0.4999999999999985,5.6620617663753555e-05,0.999440784023074,0.9881866302340812,0.4730087405843837,0.5193594349979876
stirred,100,6.7,0.49999999999999833,5.1346667104024425e-05,0.9994928724236639,0.9887339342195602,0.47408646154444545,0.5188124930315299
stirred,100,6.8,0.49999999999999856,4.640017484896092e-05,0.9995417266681584,0.9892973013562131,0.4758403426498046,0.5180068786248023
stirred,100,6.9,0.4999999999999985,4.1684790977602795e-05,0.999588298360715,0.9898467190899048,0.47813286914741693,0.5169376375090812
stirred,100,7.0,0.49999999999999833,3.723764169230403e-05,0.999632220822792,0.990350906818289,0.48088060281721695,0.5157816286385919
stirred,100,7.1000000000000005,0.49999999999999817,3.342934192289984e-05,0.9996698336600207,0.9907682377910074,0.4837791085592507,0.5144473060988203
stirred,100,7.2,0.4999999999999982,2.9971347464729442e-05,0.9997039866917063,0.9911669029015067,0.48694310695915705,0.5130794786086491
stirred,100,7.3,0.49999999999999845,2.6656386771019793e-05,0.9997367270442369,0.991602484462436,0.4879592125793768,0.5121248269753158
stirred,100,7.4,0.49999999999999883,2.3598569774690008e-05,0.999766927705929,0.9920512281316751,0.4884706291643573,0.5116421968186126
stirred,100,7.5,0.4999999999999988,2.087840513650215e-05,0.999793793529516,0.9924534682814953,0.4889849869235233,0.5110773733591047
stirred,100,7.6000000000000005,0.4999999999999988,1.872896696235105e-05,0.99981502254852,0.9928024359291006,0.4894424705275248,0.5104582488459259
stirred,100,7.7,0.4999999999999988,1.6931153239711144e-05,0.9998327787334349,0.9931336331596085,0.4899236857083417,0.5102186420963448
stirred,100,7.8,0.49999999999999895,1.5232520209472205e-05,0.9998495553559559,0.9934813053055328,0.49050864571728736,0.5100110021723752
stirred,100,7.9,0.4999999999999991,1.3609842783296863e-05,0.9998655817996711,0.9938520949623673,0.491346623909829,0.5098045077182911
stirred,100,8.0,0.4999999999999991,1.2101699550562056e-05,0.999880477041476,0.994228602406679,0.49224921922900833,0.5095738942267105
stirred,101,0.0,0.5,0.10125,0.0,0.4275024730472353,0.04999999999999999,0.95
stirred,101,0.1,0.5,0.10040143623894054,0.00838087665243914,0.42943442877870275,0.05180130599147997,0.9481986940085199
stirred,101,0.2,0.5,0.09925266308438851,0.019726784351718485,0.4326693761033841,0.05369389007631398,0.9463061099236859
stirred,101,0.3,0.49999999999999994,0.0975184950566341,0.036854369811021304,0.43774342229083146,0.05535470688852573,0.9446452931114744
stirred,101,0.4,0.5,0.09495497856226211,0.06217305123691752,0.4452004135907358,0.05748166983485814,0.9425183301651425
stirred,101,0.5,0.5,0.09138651345109633,0.09741715110028326,0.45581475696291396,0.059350171587392586,0.9406498284126074
stirred,101,0.6,0.4999999999999999,0.08720979239333707,0.1386687171028439,0.4685851735802954,0.061573584923975966,0.9384648456728114
stirred,101,0.7000000000000001,0.4999999999999999,0.08223180587331116,0.18783401606606265,0.4844487962119509,0.06341114131645822,0.936670928399575
stirred,101,0.8,0.49999999999999994,0.07589334268801112,0.25043612159989015,0.5058142828908294,0.06543186164730497,0.934554814814057
stirred,101,0.9,0.4999999999999999,0.0682986235019457,0.32544569380794375,0.5337860762843119,0.06918532079342796,0.9307516803403981
stirred,101,1.0,0.49999999999999983,0.06009230945142774,0.4064957091217014,0.5673841682579871,0.07267587751915033,0.9271903756056358
stirred,101,1.1,0.5,0.05281439836849053,0.47837631240997014,0.6003390241260045,0.07904760897723684,0.9229617838315678
stirred,101,1.2,0.4999999999999999,0.04639040365392817,0.5418231737883638,0.6326005187314173,0.0874432314429493,0.9185377357880646
stirred,101,1.3,0.5,0.040398343830779296,0.6010040115478588,0.6621750922763354,0.09963592551255529,0.9132881280176696
stirred,101,1.4000000000000001,0.5,0.0349704079380441,0.6546132549328978,0.6878718095843996,0.11799231857590636,0.9065593432367901
stirred,101,1.5,0.5,0.03022059146178842,0.7015250225996206,0.710162049605724,0.14363770495365696,0.8980494111064576
stirred,101,1.6,0.5,0.02647511022362182,0.7385174298901549,0.7289707438995403,0.16274859876083136,0.8889901501071269
stirred,101,1.7,0.5,0.023171851945972564,0.7711422030027402,0.7469786758991255,0.17842859435389252,0.8759867492441361
stirred,101,1.8,0.4999999999999999,0.01983212347198811,0.8041271755853027,0.7659795083857996,0.20386353809362273,0.8595598529202103
stirred,101,1.9000000000000001,0.5,0.01652262935944437,0.8368135371906729,0.7854633539818356,0.2415370454577977,0.8355195047962809
stirred,101,2.0,0.5000000000000002,0.013484636594207771,0.8668184040078245,0.8052335340160549,0.25509646622613835,0.8071413250417913
stirred,101,2.1,0.5000000000000002,0.011087374932240733,0.8904950623976224,0.8238840154771592,0.26539297110233495,0.7792457790957598
stirred,101,2.2,0.5,0.009131433630946272,0.9098130011758393,0.8411121346974969,0.27329553591594224,0.7518785312593377
stirred,101,2.3000000000000003,0.4999999999999999,0.00749363141523658,0.9259888255285276,0.8570923751767732,0.2814407668725292,0.7205303307480448
stirred,101,2.4,0.4999999999999999,0.006194428481613966,0.9388204594408497,0.8713335555725608,0.2947707966389819,0.7077588954889282
stirred,101,2.5,0.49999999999999967,0.005192467511306019,0.948716370258706,0.8835395618542812,0.3146676796734498,0.7027689386914486
stirred,101,2.6,0.49999999999999956,0.004487189082597923,0.9556820831348354,0.8928224543079509,0.33743991720936933,0.6969099106826956
stirred,101,2.7,0.49999999999999933,0.003972930521450178,0.96076118003506,0.8997081656878245,0.3460318070444457,0.6930553066825845
stirred,101,2.8000000000000003,0.49999999999999944,0.003561164881817628,0.9648280011672333,0.9052755602408753,0.35818910475576143,0.688425468365152
stirred,101,2.9,0.4999999999999993,0.0032153064378350905,0.9682438870337275,0.9103852425336463,0.3733555645850101,0.6836948680677015
stirred,101,3.0,0.49999999999999933,0.0029167360573011504,0.9711927302982603,0.915026537557199,0.3820934213265449,0.6792419960468257
stirred,101,3.1,0.499999999999999,0.002675815973699708,0.973572187914077,0.9187959355136076,0.38886748462168674,0.6742188247199086
stirred,101,3.2,0.4999999999999991,0.0024599413622269388,0.9757042828422031,0.9224933812612871,0.39638047645725766,0.6693029678531484
stirred,101,3.3000000000000003,0.499999999999999,0.0022378967604965556,0.977897315945713,0.9265670799471276,0.4034991380695081,0.6630617165267813
stirred,101,3.4,0.4999999999999991,0.0020109662638401033,0.9801386048015792,0.9307340166814265,0.40871407833296514,0.6540742226169274
stirred,101,3.5,0.4999999999999991,0.001791390362374082,0.982307255680256,0.9347834707214773,0.4137422014853163,0.6424206317318768
stirred,101,3.6,0.499999999999999,0.0015977946549639863,0.9842193120497384,0.9384028873149066,0.418881631503846,0.6313413669360756
stirred,101,3.7,0.499999999999999,0.001417809830131797,0.9859969399493156,0.9418843202455982,0.4245472187693851,0.6221456262560365
stirred,101,3.8000000000000003,0.499999999999999,0.0012446551457166739,0.9877071096719341,0.9454385143496373,0.4303202360063249,0.6184012079639487
stirred,101,3.9,0.499999999999999,0.001083915934645397,0.989294657435601,0.9490645335212617,0.43623597471728714,0.6158154266600625
stirred,101,4.0,0.499999999999999,0.0009394929116292802,0.9907210576629207,0.9526918243623784,0.4413714222158441,0.6131676822285131
stirred,101,4.1,0.49999999999999895,0.000820928618700873,0.9918920630251765,0.9560189823276739,0.44386249403681216,0.6098470246635985
stirred,101,4.2,0.4999999999999991,0.0007157681139595407,0.9929306852942268,0.9592987381037306,0.4461198408506001,0.6064056909190958
stirred,101,4.3,0.499999999999999,0.0006157385879498275,0.9939186312301251,0.9626604262778409,0.4481542151722283,0.6023871822825352
stirred,101,4.4,0.4999999999999989,0.0005250095722262874,0.9948147202743083,0.9658200870683865,0.45029638594022353,0.5951665873546991
stirred,101,4.5,0.49999999999999883,0.0004469289506647036,0.9955858869070153,0.9684973411423419,0.4520535595705102,0.5857802835838934
stirred,101,4.6000000000000005,0.499999999999999,0.000386722841037732,0.9961805151502446,0.9706149018508443,0.45406439232580603,0.5761012885866403
stirred,101,4.7,0.4999999999999989,0.0003363564609143628,0.9966779608798582,0.97244926527551,0.456036131246794,0.5684306165704012
stirred,101,4.8,0.4999999999999991,0.0002881033140154569,0.9971545351702177,0.974337517767738,0.45857284346103167,0.5627195240274292
stirred,101,4.9,0.4999999999999992,0.0002425165116159224,0.9976047751939168,0.9762584884261278,0.4615679401652746,0.5580745179007911
stirred,101,5.0,0.4999999999999992,0.00020262789549692172,0.9979987368345983,0.9780451082226267,0.46500121670514033,0.5535133485649284
stirred,101,5.1000000000000005,0.4999999999999993,0.00017251793008380212,0.9982961192090488,0.979535018223978,0.46836977480440994,0.5504951845912387
stirred,101,5.2,0.4999999999999991,0.00014862671231718046,0.9985320818536575,0.9809317264444232,0.47065491736448234,0.5478411969610004
stirred,101,5.3,0.4999999999999992,0.00012731236951426253,0.9987425938813406,0.982380379098097,0.4731696809309319,0.5457141593013128
stirred,101,5.4,0.4999999999999995,0.00010806864306107562,0.9989326553771746,0.9839032736457595,0.47537965905795154,0.5439199682767076
stirred,101,5.5,0.4999999999999994,9.124388356699148e-05,0.9990988258413137,0.9854544899847466,0.4772111302504885,0.542277094415652
stirred,101,5.6000000000000005,0.4999999999999996,7.797691140032042e-05,0.999229857665182,0.9867945614221547,0.4786379373662265,0.5407272726748366
stirred,101,5.7,0.49999999999999944,6.746016765148663e-05,0.9993337267392446,0.987991018895236,0.4797944006225123,0.5391409320392063
stirred,101,5.8,0.49999999999999956,5.887695119142647e-05,0.999418499247492,0.988984768346183,0.4810092563689258,0.5379379742201958
stirred,101,5.9,0.49999999999999956,5.197220563862345e-05,0.9994866942652976,0.9896728412945452,0.4823761378549684,0.5365748952406453
stirred,101,6.0,0.49999999999999956,4.6370286161397236e-05,0.9995420218650726,0.9901706975472445,0.4839529941278032,0.5350650385124669
stirred,101,6.1000000000000005,0.4999999999999992,4.1972699862299885e-05,0.9995854548161748,0.990568511780134,0.4852890320796441,0.5338310974845178
stirred,101,6.2,0.4999999999999995,3.812085836431277e-05,0.9996234976951672,0.9909587755506315,0.4864402125664236,0.5323455709409853
stirred,101,6.3,0.4999999999999991,3.431855189591771e-05,0.9996610513392996,0.9913521460297674,0.4872284079717578,0.5302542257799548
stirred,101,6.4,0.4999999999999991,3.054747284281122e-05,0.9996982965645155,0.9917201034226634,0.4880101173695632,0.5274517382050905
stirred,101,6.5,0.49999999999999917,2.7029985340296445e-05,0.9997330371818243,0.9920940045932924,0.48867311943714914,0.5241641445682458
stirred,101,6.6000000000000005,0.499999999999999,2.405584756236011e-05,0.9997624113821002,0.9924033321215139,0.4891828922912238,0.5205212506090201
stirred,101,6.7,0.499999999999999,2.145959526482511e-05,0.9997880533801005,0.9926534689470405,0.48962804226853385,0.5167431549191451
stirred,101,6.8,0.4999999999999989,1.922160431773943e-05,0.9998101569943927,0.9929038979091382,0.49018789248804406,0.5134899224734064
stirred,101,6.9,0.49999999999999883,1.7321885237084908e-05,0.9998289196519794,0.9931685001423434,0.4908771225084253,0.5111286576377791
stirred,101,7.0,0.49999999999999895,1.5638320385488513e-05,0.9998455474529828,0.9934496022219601,0.49162361159242085,0.5095909949567035
stirred,101,7.1000000000000005,0.49999999999999895,1.4206914146712689e-05,0.999859684798551,0.9937172317182106,0.4918929617371675,0.5087655860578412
stirred,101,7.2,0.49999999999999867,1.285036872911534e-05,0.999873082777984,0.9939932651327521,0.49205703199694056,0.5082369979935187
stirred,101,7.3,0.4999999999999989,1.1376309968480044e-05,0.9998876413830273,0.9943299126019238,0.4921863789422564,0.5077926942152283
stirred,101,7.4,0.4999999999999989,9.820002402842147e-06,0.9999030123219472,0.9947385361873048,0.4923925628961549,0.5074837335816061
stirred,101,7.5,0.49999999999999883,8.338285235172648e-06,0.9999176465655786,0.9951852029331238,0.49276857955735887,0.5071395000380907
stirred,101,7.6000000000000005,0.4999999999999988,7.145502208755804e-06,0.9999294271386789,0.9955759709362954,0.4933133373300364,0.506823972681047
stirred,101,7.7,0.4999999999999988,6.157866359171446e-06,0.999939181566823,0.9959294063841222,0.4938962947257557,0.5065013190484001
stirred,101,7.8,0.49999999999999867,5.304131668614868e-06,0.9999476135143841,0.9962387493428115,0.4944147507901053,0.5061510143237054
stirred,101,7.9,0.49999999999999856,4.58997650265291e-06,0.9999546668987392,0.9964958116504243,0.4948531119421003,0.5058200507720557
stirred,101,8.0,0.49999999999999845,4.002298756798456e-06,0.9999604711233896,0.9967340872984762,0.49516327208696775,0.5055192221251332
stirred,102,0.0,0.5,0.10125,0.0,0.4275024730472353,0.04999999999999999,0.95
stirred,102,0.1,0.49999999999999994,0.10040143623894057,0.008380876652438807,0.4294430339504538,0.0518059292997598,0.9481940707002399
stirred,102,0.2,0.5,0.09925266308438849,0.019726784351718707,0.43269660040051,0.05368604727569121,0.9463139527243085
stirred,102,0.3,0.5,0.09751849505663399,0.036854369811022414,0.4377266155303101,0.05535210076522262,0.9446478992347775
stirred,102,0.4,0.5,0.09495497856226195,0.062173051236919075,0.4451307682294234,0.05747012781756833,0.9425298721824308
stirred,102,0.5,0.5,0.09138651345109618,0.0974171511002847,0.4558149751542613,0.05930623898929688,0.9406937610107033
stirred,102,0.6,0.49999999999999994,0.08720347425148436,0.13873111850385822,0.468591490218073,0.06157962379588405,0.9384581396992139
stirred,102,0.7000000000000001,0.5,0.08217957785476626,0.18834984834798763,0.4847133711505024,0.06329523906687862,0.9367458376239083
stirred,102,0.8,0.5,0.07570904837639966,0.2522563123318552,0.5067489883858627,0.06621219826493518,0.9340505677624944
stirred,102,0.9,0.5,0.06784269865514064,0.3299486552578702,0.5358336808335326,0.07031556413637458,0.929736663903303
stirred,102,1.0,0.5,0.059189159605727217,0.4154157075977559,0.5711317590035969,0.07697794860194428,0.9231015356384963
stirred,102,1.1,0.49999999999999967,0.05124317481572993,0.49389456972118595,0.6069795725706528,0.08318115449358385,0.9159712718179952
stirred,102,1.2,0.49999999999999967,0.04405784338035805,0.5648608061199205,0.6430118875378551,0.0895398871897822,0.9080807929760706
stirred,102,1.3,0.4999999999999998,0.03762979829162405,0.6283476711938365,0.6759314722268579,0.09866460038928035,0.8999244269981939
stirred,102,1.4000000000000001,0.4999999999999998,0.03235337893455405,0.6804604549673674,0.69951280100359,0.11303751128361858,0.8906020771459191
stirred,102,1.5,0.4999999999999998,0.02823511629292408,0.7211346538970462,0.7192194823260196,0.13545937826264998,0.8802756180719251
stirred,102,1.6,0.4999999999999998,0.025209180655871608,0.7510204379667001,0.7360016249868171,0.15534997318342855,0.8716475851410979
stirred,102,1.7,0.49999999999999967,0.022753108289378023,0.7752779428209579,0.7513461825308907,0.1746911520253731,0.8637301081718124
stirred,102,1.8,0.4999999999999998,0.020496225033700022,0.7975681478153085,0.7665634315367044,0.19152692720748604,0.8553811343979247
stirred,102,1.9000000000000001,0.4999999999999998,0.018346914846239622,0.8187959027531889,0.7811625434959238,0.20756801507998887,0.8434553790886845
stirred,102,2.0,0.4999999999999998,0.016318184290185167,0.8388327477512576,0.7951817428540883,0.2199240727176196,0.8255531037986537
stirred,102,2.1,0.5000000000000002,0.014559874821617618,0.8561987671939001,0.8075898196718965,0.23344713287029478,0.8082063254207362
stirred,102,2.2,0.5000000000000002,0.012934456007547774,0.8722522863452071,0.8193983968029823,0.24764521307419032,0.7926957033293311
stirred,102,2.3000000000000003,0.5000000000000002,0.011329531598766308,0.8881033916171229,0.8315734011360599,0.2590810935391301,0.7706420705094642
stirred,102,2.4,0.5000000000000002,0.009803055461901269,0.9031796991417159,0.843562425701813,0.2661526522352118,0.7494140956692591
stirred,102,2.5,0.5000000000000002,0.008434354367181682,0.9166977346451192,0.8543778759996816,0.273192462388348,0.7349019159254713
stirred,102,2.6,0.5000000000000002,0.0073704513544326855,0.9272054187216525,0.8638403237179725,0.279528212653862,0.719581927168248
stirred,102,2.7,0.5000000000000002,0.006492755673561141,0.9358740180389024,0.872615516639383,0.2849211321631676,0.7069609869743153
stirred,102,2.8000000000000003,0.5000000000000002,0.005678117546984879,0.9439198266964457,0.8814966783788734,0.291790385830932,0.6948537898153823
stirred,102,2.9,0.5000000000000002,0.004933595379712167,0.9512731320522255,0.8898019357562935,0.3017302799693604,0.6858842593441997
stirred,102,3.0,0.5000000000000002,0.004284928068016898,0.9576797227850183,0.8977313037319817,0.3166131225060845,0.6784319036860058
stirred,102,3.1,0.5000000000000002,0.003774455018728023,0.9627214319137973,0.9046749804389674,0.3305112411250466,0.6710567773853133
stirred,102,3.2,0.5000000000000004,0.0033418180301721403,0.9669943898254604,0.910758881001348,0.3451497742715318,0.6644052089842666
stirred,102,3.3000000000000003,0.5000000000000004,0.0029367846444895425,0.9709947195605971,0.9165532161341974,0.3624152642980337,0.6573726623859141
stirred,102,3.4,0.5000000000000004,0.002554402762572131,0.9747713307400283,0.9223412074673363,0.37607992715218996,0.6493748080521351
stirred,102,3.5,0.5000000000000004,0.0022034519497508283,0.9782375116073992,0.9279289552089138,0.38380949545341875,0.6389934537868451
stirred,102,3.6,0.5000000000000004,0.0019255275618354955,0.9809824438337235,0.9326723386047102,0.38921800031047166,0.6324129245113607
stirred,102,3.7,0.5000000000000004,0.0016994802322808215,0.9832150100515474,0.9368275816406743,0.3940429167535715,0.626994585589088
stirred,102,3.8000000000000003,0.5000000000000004,0.0014945853431256421,0.9852386632777714,0.9406559680249736,0.39912373093627357,0.6208926879310919
stirred,102,3.9,0.5000000000000004,0.001307262693160989,0.9870887635243359,0.9442878206552211,0.40704052453213624,0.6159826035458066
stirred,102,4.0,0.5000000000000004,0.001142091717966884,0.988720081797858,0.9478371912601573,0.41417688983975887,0.6121319966825121
stirred,102,4.1,0.5000000000000004,0.001011072589000217,0.9900140978864176,0.9509469338147576,0.4182614457727668,0.6084423574775802
stirred,102,4.2,0.5000000000000004,0.0008979873674975619,0.991130988962987,0.9538478599413548,0.4226128603572098,0.6044889423566643
stirred,102,4.3,0.5000000000000004,0.0007931023839112847,0.9921668900354441,0.9567589725587593,0.4272010964787485,0.6002266288088085
stirred,102,4.4,0.5000000000000004,0.0007005117099010345,0.9930813658281379,0.9595570905175448,0.4305913386382091,0.5948861782695531
stirred,102,4.5,0.5000000000000004,0.0006221284276300425,0.9938555217024193,0.9620660903118333,0.434211372953691,0.5886275109723972
stirred,102,4.6000000000000005,0.5000000000000004,0.0005598993758545263,0.9944701296211899,0.964096845617885,0.43646451981177015,0.5815898331199897
stirred,102,4.7,0.5000000000000004,0.0005050230872747459,0.9950121176565457,0.9659560829725671,0.4392142809604475,0.5741570723837656
stirred,102,4.8,0.5000000000000004,0.0004511166943092388,0.9955445264759581,0.9678743436663235,0.4428707259601459,0.5667545007923411
stirred,102,4.9,0.5000000000000007,0.00039941115402041054,0.9960551984788107,0.9697421870998362,0.4471390742081931,0.5611397253657561
stirred,102,5.0,0.5000000000000009,0.00035268651261074547,0.9965166764186593,0.9713040113712671,0.45006515292455784,0.5571517029393726
stirred,102,5.1000000000000005,0.5000000000000007,0.0003155784506525904,0.9968831757960238,0.9725430532681458,0.45291270665123884,0.5547267806230326
stirred,102,5.2,0.5000000000000007,0.0002838412940286285,0.997196629194779,0.9736535702910254,0.45615750851171666,0.5528352282604381
stirred,102,5.3,0.5000000000000009,0.00025213130784279786,0.9975098142435279,0.9749557423047965,0.45934327210041825,0.5508721395159569
stirred,102,5.4,0.5000000000000009,0.00021949732599616236,0.9978321251753466,0.9765277845023583,0.4618236767490228,0.5472816883565362
stirred,102,5.5,0.5000000000000009,0.0001871306211290112,0.9981517963345283,0.9783553611609764,0.4638800550210276,0.5431131578597679
stirred,102,5.6000000000000005,0.5000000000000009,0.0001591902762737474,0.9984277503577902,0.9800527551414028,0.46547151270208637,0.5391522696374483
stirred,102,5.7,0.500000000000001,0.00013434541674548788,0.9986731316864643,0.981593593097811,0.46668482786781523,0.535859979223456
stirred,102,5.8,0.5000000000000009,0.00011105112651904293,0.9989031987504292,0.9831163435422873,0.4679134916079242,0.5329266018020152
stirred,102,5.9,0.5000000000000009,9.050501191863611e-05,0.9991061233390752,0.9846921171745412,0.46910171529221967,0.5310774777971272
stirred,102,6.0,0.5000000000000009,7.394595071817057e-05,0.9992696696225366,0.9862431520809334,0.47057090175330146,0.5291626569670577
stirred,102,6.1000000000000005,0.5000000000000009,6.229587552737702e-05,0.9993847320935567,0.9874681238210368,0.47207624467438575,0.5273024760351871
stirred,102,6.2,0.5000000000000009,5.3651582792133534e-05,0.9994701078242753,0.9884401552348211,0.47373600282605727,0.5256181088734696
stirred,102,6.3,0.5000000000000007,4.658954938540089e-05,0.9995398563023664,0.9892588634123187,0.4754910986178555,0.5241619380009725
stirred,102,6.4,0.5000000000000009,4.059194564505368e-05,0.9995990918948636,0.9899586078217408,0.4772366996435006,0.5230961472303188
stirred,102,6.5,0.5000000000000009,3.5354183697960916e-05,0.9996508228770572,0.9906357879996464,0.47886751952483414,0.5218409577569805
stirred,102,6.6000000000000005,0.5000000000000009,3.1006338545283855e-05,0.9996937645575774,0.9912617871652039,0.48056368221243084,0.5206000767163503
stirred,102,6.7,0.5000000000000009,2.6982530305790058e-05,0.999733505873523,0.9918642811790026,0.4826346105444419,0.519230881561417
stirred,102,6.8,0.5000000000000009,2.2847945095054334e-05,0.9997743412830118,0.9924593894757947,0.48484943579434436,0.5176515861918776
stirred,102,6.9,0.5000000000000009,1.8698686904299123e-05,0.9998153216108218,0.9930852236866348,0.4871257899030054,0.5152799773510992
stirred,102,7.0,0.5000000000000009,1.4867653016504228e-05,0.999853158982553,0.9937684610157991,0.4893522237171047,0.5125209253200845
stirred,102,7.1000000000000005,0.5000000000000009,1.1906303537584842e-05,0.9998824068786412,0.9944046388179566,0.49165828179716736,0.5103077649795774
stirred,102,7.2,0.5000000000000009,9.599930950910242e-06,0.9999051858671515,0.9950084516425729,0.4933564720634262,0.5094535210243776
stirred,102,7.3,0.5000000000000009,7.730399922646918e-06,0.9999236503711344,0.9955536870894542,0.4939025680126519,0.5083543505711378
stirred,102,7.4,0.5000000000000009,6.265838075833847e-06,0.9999381151794979,0.9960197734353369,0.4943016340404781,0.5072114865702557
stirred,102,7.5,0.5000000000000009,5.143105889749099e-06,0.9999492038924469,0.9964125773577253,0.49458462614295295,0.5066285240307247
stirred,102,7.6000000000000005,0.5000000000000009,4.3319262696167885e-06,0.9999572155430161,0.996705993444043,0.4948180419574754,0.5060946367734014
stirred,102,7.7,0.5000000000000009,3.692946637954952e-06,0.9999635264529585,0.9969399238072348,0.4949448120254721,0.505734257080351
stirred,102,7.8,0.5000000000000009,3.154400150828414e-06,0.9999688454306092,0.9971474923335746,0.49510922929204415,0.505300241112232
stirred,102,7.9,0.5000000000000009,2.703721925165777e-06,0.9999732965735786,0.9973406093121672,0.49534948266949136,0.5047184511750028
stirred,102,8.0,0.5000000000000007,2.322886092958329e-06,0.9999770579151313,0.9975303450292905,0.495743945847965,0.5041612020270132
stirred,103,0.0,0.5,0.10125,0.0,0.4275024730472353,0.04999999999999999,0.95
stirred,103,0.1,0.5,0.10040143623894066,0.00838087665243803,0.42946162438244595,0.05181945310057512,0.9481805468994251
stirred,103,0.2,0.5,0.09925266308438865,0.01972678435171704,0.4327707366494677,0.05368122568604017,0.94631877431396
stirred,103,0.3,0.5,0.0975184950566341,0.036854369811021304,0.4377351650851481,0.05535062882913144,0.9446493711708688
stirred,103,0.4,0.49999999999999994,0.09495497856226204,0.062173051236918186,0.4452129114934644,0.05746478883448791,0.9425352111655132
stirred,103,0.5,0.5,0.09138651345109615,0.09741715110028504,0.45581815665420233,0.05927925798201478,0.9407207420179856
stirred,103,0.6,0.5,0.08721694553205897,0.1385980688191707,0.46843789452346557,0.06154198766158317,0.9384491254422629
stirred,103,0.7000000000000001,0.5,0.08229093627439363,0.18725001210475434,0.4841446921200303,0.0635427005731623,0.9364605679527793
stirred,103,0.8,0.5,0.0761019930803959,0.24837537698374423,0.5048655738872019,0.06542667105856304,0.9345717652629139
stirred,103,0.9,0.4999999999999999,0.06881480274455082,0.320347627214313,0.5313418117979196,0.06750067127632153,0.9324892056317219
stirred,103,1.0,0.4999999999999999,0.06111481832888813,0.3963968560109814,0.5631099765564489,0.06989510616219913,0.9300845007818543
stirred,103,1.1,0.4999999999999999,0.054431701493160095,0.4624029482157028,0.594116221509329,0.07229950908188643,0.9272321107915784
stirred,103,1.2,0.4999999999999998,0.04867846991293889,0.5192249885141837,0.6241610378321643,0.0753400579366919,0.9234276688911767
stirred,103,1.3,0.49999999999999956,0.04331591255808591,0.5721885179448305,0.6536878763392073,0.08063952267349672,0.9196296426684337
stirred,103,1.4000000000000001,0.4999999999999997,0.03814811040539681,0.6232285392059574,0.6800495383996593,0.0910898241996928,0.9133675472437885
stirred,103,1.5,0.49999999999999983,0.033149313299992725,0.6725993748148866,0.7039135896460001,0.11075618571964546,0.903926456512402
stirred,103,1.6,0.4999999999999997,0.028835305217834218,0.7152068620460819,0.724504194128645,0.13115257407684855,0.8920045942381764
stirred,103,1.7,0.4999999999999998,0.025050512285775654,0.7525875329799936,0.7439807445442259,0.15260222798294537,0.8779707484860324
stirred,103,1.8,0.4999999999999996,0.02161898074168881,0.7864792025512216,0.7626001382006828,0.16968079924182639,0.8631605165418496
stirred,103,1.9000000000000001,0.49999999999999994,0.018573033127398043,0.8165626357787847,0.7787850917411583,0.18607747551706807,0.8455145210159567
stirred,103,2.0,0.4999999999999997,0.015899279505731445,0.8429700789557388,0.7940116132542876,0.20226421281584922,0.8331919412241987
stirred,103,2.1,0.49999999999999983,0.013713165617074988,0.8645613272387656,0.8081813726010578,0.21794263931908625,0.8213944951545079
stirred,103,2.2,0.4999999999999996,0.011819928749417946,0.8832599629687117,0.8224523823200247,0.23282142406238474,0.8007831798183684
stirred,103,2.3000000000000003,0.49999999999999967,0.010080806433838959,0.9004364796657881,0.8369865349414558,0.24699531061179916,0.7902484309954743
stirred,103,2.4,0.49999999999999944,0.008518272694807273,0.9158689116562244,0.8506814002142754,0.2594698669051433,0.7788821845672604
stirred,103,2.5,0.4999999999999995,0.007187512982830392,0.929012217453527,0.8635163458334183,0.2710833996996189,0.7630697848662155
stirred,103,2.6,0.49999999999999917,0.006170686518024354,0.9390549479701298,0.8736411489140918,0.2817417497123246,0.7404538827368177
stirred,103,2.7,0.4999999999999991,0.0053413339159478455,0.947246084780762,0.8823321047137508,0.2964873319043067,0.7095733604726633
stirred,103,2.8000000000000003,0.49999999999999906,0.004620418678682441,0.9543662352722722,0.8906154625771544,0.31555564433059574,0.678217600661203
stirred,103,2.9,0.49999999999999895,0.004011072251790074,0.9603844715872585,0.8979659675223142,0.33568069768788183,0.6540614287520181
stirred,103,3.0,0.49999999999999906,0.00350710685002722,0.9653619076540522,0.9044760485182666,0.3443472431796313,0.6418699609825581
stirred,103,3.1,0.49999999999999895,0.003118041276397649,0.96920453060348,0.9097205535301128,0.3505838122930131,0.6328678392952941
stirred,103,3.2,0.4999999999999987,0.0027802161963789824,0.9725410746036643,0.9146093491006415,0.35515404253164645,0.6247528946457287
stirred,103,3.3000000000000003,0.4999999999999989,0.0024383172354866,0.9759178544643299,0.9200036675862517,0.3596045510738827,0.6180364805837992
stirred,103,3.4,0.4999999999999992,0.0020937891579347174,0.9793206009092867,0.9259902008947442,0.3643553810119895,0.6125012232970758
stirred,103,3.5,0.4999999999999991,0.001769880188046413,0.9825197018464552,0.9323666559118133,0.3697498869396558,0.6074673194312534
stirred,103,3.6,0.4999999999999992,0.0015028840225012393,0.9851567010123334,0.9382930998332705,0.37460905779573384,0.6027207905172621
stirred,103,3.7,0.4999999999999994,0.0012803429113324395,0.987354637912766,0.9436320656532414,0.37876152992835366,0.5985177094180095
stirred,103,3.8000000000000003,0.49999999999999944,0.0010913271817236695,0.9892214599335933,0.9486091240414558,0.38333916528498585,0.594536909040559
stirred,103,3.9,0.49999999999999967,0.0009368595439913158,0.9907470662321846,0.95263915909349,0.38798137965633184,0.590570158173752
stirred,103,4.0,0.49999999999999956,0.000812282037280152,0.991977461360196,0.9556845949752582,0.39350292030706413,0.5864675403284532
stirred,103,4.1,0.49999999999999967,0.0007168816103295049,0.9929196877992148,0.9581437706462902,0.3992002785429639,0.5825098627733186
stirred,103,4.2,0.49999999999999944,0.0006350981623991672,0.9937274255565515,0.9603540501393113,0.4032875463028755,0.5781678720911853
stirred,103,4.3,0.49999999999999933,0.0005573374507369589,0.994495432585314,0.9626348993356304,0.40691687402691956,0.5743739114053744
stirred,103,4.4,0.49999999999999944,0.00048506920359705076,0.9952091930508933,0.965068225690069,0.410342626301922,0.5704474200123715
stirred,103,4.5,0.49999999999999944,0.0004221878811214995,0.9958302431494173,0.9675997578701985,0.4137680735055216,0.5672828917204873
stirred,103,4.6000000000000005,0.4999999999999995,0.0003748407778944193,0.996297868860302,0.9698692894763343,0.4168737903663352,0.5645484476064664
stirred,103,4.7,0.49999999999999956,0.00033746122850696427,0.996667049594993,0.9720548901337909,0.41998892656206493,0.5606131949570148
stirred,103,4.8,0.49999999999999956,0.00030479506055013545,0.9969896784143196,0.9741862652899009,0.4238956199775462,0.5558749807220524
stirred,103,4.9,0.49999999999999956,0.00027536807289242334,0.9972803153294576,0.9760168782835507,0.42892076155041164,0.5498013392661837
stirred,103,5.0,0.49999999999999956,0.00024786970879017885,0.9975519041107143,0.9774533927639555,0.4345373659609645,0.544014380658003
stirred,103,5.1000000000000005,0.49999999999999944,0.00022439510136935533,0.997783752085241,0.9784657688675237,0.4398396385269481,0.5396725318900404
stirred,103,5.2,0.49999999999999944,0.00020321792309612631,0.9979929094015197,0.9792959169221461,0.4436102666699215,0.5358029719601322
stirred,103,5.3,0.49999999999999956,0.00018175813453210845,0.998204857930547,0.9801722782329262,0.4466121721055979,0.5323466986501086
stirred,103,5.4,0.4999999999999994,0.00016015823388734518,0.9984181902825942,0.9811375716132749,0.44927703907609945,0.529697077377359
stirred,103,5.5,0.4999999999999992,0.00013936803688226348,0.9986235255616567,0.9821849962345073,0.45184203096451087,0.5277676161892316
stirred,103,5.6000000000000005,0.4999999999999992,0.00012166858146454577,0.9987983349978811,0.9832121097343294,0.4541500128912092,0.526150577723712
stirred,103,5.7,0.4999999999999993,0.0001063417133027219,0.9989497114735534,0.9842332782875884,0.4563681830385796,0.5248480400775786
stirred,103,5.8,0.4999999999999993,9.246417546718756e-05,0.9990867735756327,0.9852746265029377,0.4584354633050254,0.523749662465762
stirred,103,5.9,0.4999999999999991,8.016594129592004e-05,0.9992082376168304,0.9862667721972092,0.4601217386441847,0.5228717062197163
stirred,103,6.0,0.4999999999999989,6.952013932406262e-05,0.9993133813400092,0.9872036264966693,0.46233508118652444,0.5219500325051348
stirred,103,6.1000000000000005,0.49999999999999883,6.124997819566136e-05,0.9993950619437466,0.9879234557682373,0.4645211420198052,0.5208904373813543
stirred,103,6.2,0.49999999999999883,5.4619236432402356e-05,0.9994605507512849,0.9885424413770212,0.4666390428377904,0.520218130524119
stirred,103,6.3,0.49999999999999867,4.8750431071446475e-05,0.9995185142610228,0.9891446185198751,0.46857803138391607,0.5193157493621177
stirred,103,6.4,0.49999999999999883,4.348255696137603e-05,0.9995705426472951,0.9897556663782437,0.47013170603316956,0.5181929899704761
stirred,103,6.5,0.4999999999999987,3.88143710296449e-05,0.9996166481873615,0.9903672412084781,0.47167099556617076,0.5170209910948844
stirred,103,6.6000000000000005,0.4999999999999988,3.507671792827259e-05,0.9996535632797208,0.9909097184106077,0.47293339010302426,0.5159945116358264
stirred,103,6.7,0.49999999999999917,3.185443842889237e-05,0.9996853882624307,0.9914022072561827,0.47407791805934474,0.5151341206737133
stirred,103,6.8,0.4999999999999989,2.8731367952251255e-05,0.9997162334029407,0.9919324756929171,0.4753555817992711,0.5139710735324974
stirred,103,6.9,0.49999999999999867,2.57298486599173e-05,0.9997458780379267,0.9924883212815923,0.4767836213516693,0.5125334861527484
stirred,103,7.0,0.4999999999999987,2.292933212590894e-05,0.9997735374604848,0.9930063398252065,0.47863612738994116,0.5111422925258563
stirred,103,7.1000000000000005,0.4999999999999988,2.047958033713634e-05,0.9997977325398801,0.9934206190664876,0.48072193826911713,0.5101993577448469
stirred,103,7.2,0.49999999999999867,1.8154711225438918e-05,0.9998206942101191,0.9937493239755796,0.48330780881512236,0.5093366738357451
stirred,103,7.3,0.4999999999999988,1.5849545741700275e-05,0.9998434612766252,0.994054193836672,0.4857672607801444,0.5083778568770085
stirred,103,7.4,0.4999999999999988,1.3680217840553953e-05,0.9998648867373773,0.9943883103837124,0.48778693843362775,0.5078384045893842
stirred,103,7.5,0.4999999999999987,1.1761770768919489e-05,0.9998838343627761,0.9947203508373308,0.4892372715813825,0.5074020681879694
stirred,103,7.6000000000000005,0.4999999999999985,1.0258276932908482e-05,0.9998986836846132,0.9950048917560037,0.4901574598219718,0.5070386906610371
stirred,103,7.7,0.49999999999999856,8.972886493823581e-06,0.9999113788988264,0.9952830911206579,0.490733967585476,0.5067340302898352
stirred,103,7.8,0.49999999999999856,7.747420103686443e-06,0.9999234822705809,0.9955987722701863,0.4911959874493052,0.5064532002769394
stirred,103,7.9,0.4999999999999986,6.5908744378022946e-06,0.9999349049438242,0.9959501439811654,0.4915434646371818,0.5061802863118546
stirred,103,8.0,0.49999999999999856,5.56983978747693e-06,0.9999449892366669,0.9963028745621817,0.4918377982287865,0.5059446364038247
stirred,104,0.0,0.5,0.10125,0.0,0.4275024730472353,0.04999999999999999,0.95
stirred,104,0.1,0.5,0.10040143623894061,0.008380876652438474,0.42943504186305004,0.05180260282592736,0.9481973971740727
stirred,104,0.2,0.5,0.09925266308438865,0.01972678435171704,0.4326695481981091,0.05369054495700942,0.9463094550429899
stirred,104,0.3,0.5,0.09751849505663421,0.03685436981102019,0.4377266675502556,0.055353563891648916,0.9446464361083514
stirred,104,0.4,0.5,0.09495497856226215,0.062173051236917076,0.4451540006329896,0.05747820479743582,0.9425217952025642
stirred,104,0.5,0.5,0.0913865134510963,0.09741715110028348,0.4558327378059278,0.05933142670150482,0.9406685732984951
stirred,104,0.6,0.5,0.0872150364399785,0.13861692404959514,0.4686130927156872,0.06155198509596732,0.9384649044637889
stirred,104,0.7000000000000001,0.5,0.08227515503697962,0.1874058761779791,0.48426338300529714,0.06342682159223889,0.9364875428734534
stirred,104,0.8,0.5,0.07604630664298839,0.24892536648900354,0.5051807856382446,0.06541020412672494,0.9346817476431686
stirred,104,0.9,0.5,0.068677040324093,0.3217082437126618,0.5322017324895103,0.06768673507205432,0.9324180694542219
stirred,104,1.0,0.5,0.0608419222372365,0.3990921260519852,0.5641342549598395,0.07103514344192485,0.9286670557214985
stirred,104,1.1,0.5,0.053829409175972516,0.46835151431138256,0.5959798783584455,0.07507841006249583,0.9254439636267464
stirred,104,1.2,0.4999999999999999,0.04740415645492348,0.5318108004452002,0.6283037752085253,0.0798809138282281,0.9208370624957287
stirred,104,1.3,0.49999999999999994,0.04121997774010868,0.5928891087396674,0.6614701354172035,0.08535164779373,0.9139011558766973
stirred,104,1.4000000000000001,0.4999999999999999,0.03551972266511538,0.6491879242951568,0.6903069867431804,0.09216375494531304,0.905685688728912
stirred,104,1.5,0.49999999999999983,0.030552072304524024,0.6982511377330961,0.7144269624781248,0.09941228897200843,0.8937612130407988
stirred,104,1.6,0.4999999999999999,0.02655918653229069,0.7376870465946599,0.7350242517371536,0.10763261004469782,0.8766477533461827
stirred,104,1.7,0.49999999999999956,0.023069914518722708,0.772148992407677,0.754763772735486,0.11463913624392605,0.8582575544074693
stirred,104,1.8,0.49999999999999956,0.01995798671740981,0.8028840818033599,0.7744400912543672,0.1262676319996112,0.8403926873447394
stirred,104,1.9000000000000001,0.49999999999999967,0.017261048711303177,0.8295205065550304,0.7923097931867933,0.13857195815626464,0.826291015299116
stirred,104,2.0,0.49999999999999967,0.014905157131567415,0.8527885715400749,0.8073194679463938,0.14478554012558215,0.8121586763867163
stirred,104,2.1,0.49999999999999956,0.013015833940171907,0.8714485536773146,0.8189767967529814,0.15172889913234922,0.7982887165689165
stirred,104,2.2,0.4999999999999995,0.011414904813487406,0.8872601993729639,0.830010171193073,0.15826114482055148,0.781308305291742
stirred,104,2.3000000000000003,0.49999999999999944,0.009968100995827737,0.9015496197942939,0.8415158694764159,0.16624901109528767,0.7642772923796524
stirred,104,2.4,0.49999999999999944,0.008693475762279265,0.9141385109898345,0.8532824331396633,0.1746568635313808,0.7449501315018646
stirred,104,2.5,0.4999999999999994,0.007579448261820073,0.9251412517351104,0.8642166421325113,0.1896963341554444,0.7281527046394949
stirred,104,2.6,0.49999999999999956,0.006659487718136242,0.9342272817961853,0.8732084424806072,0.2073388966307801,0.7093362099917272
stirred,104,2.7,0.4999999999999995,0.005859944387252433,0.9421240060518278,0.881339080084839,0.22333817464972391,0.6939864498445436
stirred,104,2.8000000000000003,0.49999999999999933,0.005132468603512308,0.949308952064076,0.8892668544906799,0.2378102580572582,0.677066986268195
stirred,104,2.9,0.49999999999999933,0.00448216304922182,0.9557317229706487,0.8971207475904286,0.2521894653015512,0.6620016595095785
stirred,104,3.0,0.4999999999999994,0.0039039362251969663,0.9614426051832399,0.9046522248398645,0.2639817695052509,0.6497684790103933
stirred,104,3.1,0.4999999999999994,0.003439510779044899,0.966029523169927,0.9111830904713834,0.2757705484315424,0.6416368513351042
stirred,104,3.2,0.49999999999999933,0.0030482553368401657,0.9698937744509614,0.9170894931871232,0.2854227589579471,0.634553064669537
stirred,104,3.3000000000000003,0.4999999999999992,0.002682885428484742,0.9735023661384223,0.9224778506469309,0.2944717343172516,0.6289763779217588
stirred,104,3.4,0.49999999999999933,0.0023464271243238263,0.9768254111177894,0.9274942438242735,0.30324261591267415,0.622334364849298
stirred,104,3.5,0.49999999999999956,0.0020550042879800908,0.979703661353283,0.931993113786115,0.31184059422701266,0.6137345780661067
stirred,104,3.6,0.4999999999999992,0.0018304888081075248,0.9819210981915306,0.9353097452999757,0.3212543724871945,0.6043623656471327
stirred,104,3.7,0.4999999999999992,0.0016457159532698045,0.9837460152763476,0.9376598717944842,0.33274145804211075,0.5977877558569056
stirred,104,3.8000000000000003,0.4999999999999991,0.0014798335358783246,0.9853843601394734,0.9398209496866681,0.3482689370284008,0.5917939076458977
stirred,104,3.9,0.4999999999999987,0.0013279233045767212,0.9868847081029459,0.9420325985724264,0.3638397695979473,0.5855139650916151
stirred,104,4.0,0.49999999999999867,0.0011863785944864807,0.9882826805482817,0.9443643510527336,0.37937579608347494,0.5788954427002782
stirred,104,4.1,0.4999999999999985,0.0010635512090782834,0.9894957905276219,0.9466083185036298,0.39018798919371656,0.5725445374987704
stirred,104,4.2,0.4999999999999985,0.0009524679643498509,0.9905929089940756,0.9489363917472666,0.3949718512690777,0.5665379376345757
stirred,104,4.3,0.49999999999999845,0.0008469801544149555,0.9916347639070128,0.9514853890254916,0.3983450082935035,0.5624247032391899
stirred,104,4.4,0.49999999999999845,0.0007480608845635973,0.9926117443499891,0.9543782170181676,0.40169796065608043,0.5569862287540519
stirred,104,4.5,0.49999999999999856,0.0006581215180890637,0.9935000343892438,0.9575038630518303,0.4054907315932781,0.550259295273284
stirred,104,4.6000000000000005,0.4999999999999986,0.0005840591775038821,0.994231514296258,0.9603179347830002,0.40865577967669126,0.5446225508348989
stirred,104,4.7,0.4999999999999983,0.0005216398471038508,0.9948480015100855,0.9625266348360344,0.4119842447834034,0.5430674843477252
stirred,104,4.8,0.4999999999999982,0.0004672538729305376,0.9953851469340194,0.9643223473045774,0.41541748419699454,0.541113576557929
stirred,104,4.9,0.4999999999999984,0.00041991650258074617,0.995852676517721,0.9659960201948279,0.4187856581994265,0.5388024423538652
stirred,104,5.0,0.49999999999999856,0.00037792444586909194,0.9962674128803053,0.9676937897891021,0.4218576968396533,0.53736758624113
stirred,104,5.1000000000000005,0.49999999999999867,0.0003419122748279885,0.9966230886436742,0.9693588173483882,0.4255509711100625,0.5365783989778944
stirred,104,5.2,0.4999999999999986,0.00030865394939925717,0.9969515659318592,0.9710977599210193,0.42895695716931465,0.5359518461999591
stirred,104,5.3,0.49999999999999883,0.00027629263454941836,0.9972711838563021,0.9729650225703688,0.43292926297072526,0.5348599324297153
stirred,104,5.4,0.49999999999999883,0.00024550939621034663,0.9975752158398978,0.9748239769218108,0.4371660805317016,0.5333391865189535
stirred,104,5.5,0.4999999999999988,0.00021716518038942818,0.9978551587122032,0.9764959754832148,0.44063944672606226,0.5315968254151694
stirred,104,5.6000000000000005,0.4999999999999989,0.00019424200217271284,0.9980815604723683,0.9779701792620834,0.44375196470248546,0.5298094624971125
stirred,104,5.7,0.4999999999999985,0.0001749953523389408,0.9982716508410969,0.9792257208526577,0.44669710228106957,0.5286386766826813
stirred,104,5.8,0.49999999999999867,0.0001571845699933543,0.9984475598025347,0.9802499573125438,0.45050576544922716,0.5273490823203835
stirred,104,5.9,0.49999999999999856,0.00014073908060929205,0.998609984389044,0.9811606096594208,0.45515619612000574,0.5261054257655936
stirred,104,6.0,0.4999999999999988,0.0001258572954210598,0.9987569649834958,0.9820323724388329,0.46026470214312026,0.5249065156677332
stirred,104,6.1000000000000005,0.4999999999999988,0.00011379885621211534,0.9988760606793865,0.9828117322633532,0.4646302673789405,0.5238429324809439
stirred,104,6.2,0.49999999999999856,0.00010349618111369824,0.9989778154951734,0.9835454716137143,0.46728596097148367,0.5228861432948926
stirred,104,6.3,0.49999999999999856,9.349216733410982e-05,0.9990766205695396,0.984333274572055,0.469849478577327,0.5220711965800314
stirred,104,6.4,0.4999999999999983,8.361143903465508e-05,0.9991742080095343,0.9852052734632004,0.47195595170131355,0.5212393139505855
stirred,104,6.5,0.4999999999999983,7.428959586052326e-05,0.9992662755964393,0.9860900115659617,0.47381077606017963,0.520499137104318
stirred,104,6.6000000000000005,0.4999999999999982,6.65841196543668e-05,0.999342379065142,0.9868962790480277,0.47529674085473517,0.5198297834600227
stirred,104,6.7,0.49999999999999833,5.997384171949951e-05,0.9994076657607951,0.9876170589821078,0.47663835458222986,0.5190620707060831
stirred,104,6.8,0.49999999999999845,5.371916293208466e-05,0.9994694403661029,0.9882995370188312,0.47768026193979407,0.5184491319261006
stirred,104,6.9,0.49999999999999833,4.767220729105524e-05,0.9995291633847797,0.9889729202189161,0.47859377725701724,0.5178046234690052
stirred,104,7.0,0.4999999999999984,4.197830668667478e-05,0.9995853994401316,0.9896637021878656,0.4793685920511076,0.5166939000165668
stirred,104,7.1000000000000005,0.49999999999999867,3.710027529687473e-05,0.9996335775279321,0.9902663582693659,0.48006591682713906,0.514793006195231
stirred,104,7.2,0.49999999999999867,3.2648964877632595e-05,0.9996775410876283,0.9908593586302017,0.4806540204646749,0.5128168352340821
stirred,104,7.3,0.4999999999999989,2.8317313170397804e-05,0.9997203228328849,0.9914757877535292,0.48126027846092934,0.5120809755572098
stirred,104,7.4,0.4999999999999989,2.4254922888318896e-05,0.9997604452060413,0.9921202024263327,0.48188262115823083,0.5114399026701686
stirred,104,7.5,0.4999999999999991,2.0726162279022012e-05,0.9997952971626763,0.9927718763122428,0.4824551008649771,0.5108888589739233
stirred,104,7.6000000000000005,0.4999999999999989,1.8016004858880674e-05,0.9998220641495419,0.9933383072376547,0.48303409386470864,0.5103973345034774
stirred,104,7.7,0.4999999999999988,1.585835864342934e-05,0.9998433742356204,0.9938190103588017,0.4836281872936021,0.5100141855980388
stirred,104,7.8,0.4999999999999988,1.4093526430276523e-05,0.9998608046772318,0.99419327009534,0.48442523164321233,0.5096541402190277
stirred,104,7.9,0.499999999999999,1.2653195012450452e-05,0.9998750301727165,0.9944776826304816,0.4853464935591787,0.5093224198360076
stirred,104,8.0,0.4999999999999993,1.1435166339081216e-05,0.99988706008554,0.9947236382959068,0.486143987810358,0.5089530994014645
stirred,105,0.0,0.5,0.10125,0.0,0.4275024730472353,0.04999999999999999,0.95
stirred,105,0.1,0.5,0.10040143623894043,0.00838087665244025,0.4294499943327641,0.051810084262127576,0.9481899157378724
stirred,105,0.2,0.5,0.09925266308438847,0.019726784351718818,0.4327245450837788,0.05368324624420212,0.9463167537557975
stirred,105,0.3,0.5,0.09751849505663396,0.03685436981102275,0.4377283439231291,0.05535123330217956,0.9446487666978207
stirred,105,0.4,0.5,0.09495497856226195,0.062173051236919075,0.445139870374477,0.05746606450030178,0.9425339354996984
stirred,105,0.5,0.5,0.09138651345109615,0.09741715110028504,0.4557494359160947,0.05929056212544492,0.9407094378745546
stirred,105,0.6,0.5,0.08719851240279453,0.13878012441684429,0.468716539030465,0.06153500748794527,0.9384156712184109
stirred,105,0.7000000000000001,0.5,0.08213856144022005,0.18875494873856746,0.4849368289270216,0.0633067846800861,0.9367453954141993
stirred,105,0.8,0.5,0.07556431587277104,0.25368576915781693,0.5073740493398009,0.06661635031703328,0.9334170664264683
stirred,105,0.9,0.5,0.06748464558248951,0.33348498190133824,0.5373813072417291,0.07305860588935709,0.9270304270532953
stirred,105,1.0,0.49999999999999994,0.058479885742757115,0.42242088155301616,0.574156562573348,0.08509028745468157,0.9144133763474616
stirred,105,1.1,0.4999999999999999,0.05005654609000813,0.5056143596048579,0.612546961962343,0.09833655872906216,0.9017169737193736
stirred,105,1.2,0.5000000000000002,0.04245439653284881,0.5806973181940858,0.6523411136142636,0.11162246700916859,0.8891629354118851
stirred,105,1.3,0.5000000000000002,0.035953590528062115,0.6449028095993865,0.6888222689687724,0.12225555740400851,0.876810470739925
stirred,105,1.4000000000000001,0.5000000000000002,0.030966503097423992,0.6941579940995162,0.71166740024627,0.13139016264056969,0.8645386536666723
stirred,105,1.5,0.5000000000000002,0.027259381977372744,0.7307715360259482,0.7251005149174323,0.14419202905116513,0.8474566459931144
stirred,105,1.6,0.5000000000000002,0.02469013134947061,0.7561468508694261,0.7339592073558798,0.16335948775148226,0.8267781843712274
stirred,105,1.7,0.5000000000000001,0.02273256141844931,0.775480874879513,0.7410818850291238,0.18461763044714566,0.7991315690958918
stirred,105,1.8,0.5000000000000002,0.02092676207475162,0.79331593012591,0.7488610052601625,0.20358804785213303,0.7725765563986302
stirred,105,1.9000000000000001,0.5000000000000002,0.019099461201077958,0.811363346162193,0.7583222628813577,0.21744813339426608,0.754573714622873
stirred,105,2.0,0.5000000000000002,0.01725054273187835,0.8296242693147817,0.7692829137514546,0.2276752103611464,0.7457312153950161
stirred,105,2.1,0.5000000000000002,0.015602220645572056,0.8459039936239797,0.7803467448863878,0.23387004737031308,0.7393717048347186
stirred,105,2.2,0.5000000000000002,0.014074150546863102,0.860996043981599,0.7918557935428889,0.23922100938581617,0.7339201348343003
stirred,105,2.3000000000000003,0.5000000000000002,0.01256357794013138,0.8759152796036407,0.8045616464080011,0.24384311103792627,0.72938400282639
stirred,105,2.4,0.5000000000000002,0.011140393957052292,0.8899714177081255,0.81838854751965,0.24810220218910473,0.7258166504074661
stirred,105,2.5,0.5000000000000002,0.009902471284981562,0.9021978144693179,0.8321277295055332,0.2540501591433422,0.7230598755383892
stirred,105,2.6,0.5000000000000002,0.008958054552105696,0.9115253871396969,0.8432394550482756,0.2601975521136314,0.7199775844274847
stirred,105,2.7,0.5000000000000002,0.008183610008957651,0.9191742221337516,0.8517536500150256,0.2652555646698518,0.7170492119626126
stirred,105,2.8000000000000003,0.5,0.007449539730494814,0.9264242989580759,0.8584242946846954,0.2703204123751049,0.7127826636610142
stirred,105,2.9,0.5,0.006716376859897673,0.9336654137294057,0.8648472423994628,0.2799757759770088,0.7035202634887621
stirred,105,3.0,0.4999999999999997,0.006001961991632484,0.940721363045605,0.8714293955859231,0.29212369555348827,0.6888600925483049
stirred,105,3.1,0.49999999999999983,0.005394678370021867,0.9467192259750927,0.8775514515357734,0.3035883651412955,0.6730775230789283
stirred,105,3.2,0.4999999999999999,0.004860378064237286,0.9519962660322243,0.8834315993127753,0.3139695886962488,0.6610854576025857
stirred,105,3.3000000000000003,0.4999999999999999,0.004336909927739795,0.9571663217013353,0.889837637028253,0.3233544752349573,0.6517049671488078
stirred,105,3.4,0.5,0.0038164931959730735,0.9623062400397722,0.8968794097738116,0.33329339531309493,0.644615590156563
stirred,105,3.5,0.5,0.003320708383204297,0.9672028801658835,0.9042005862605871,0.34122289090887753,0.6380821054187793
stirred,105,3.6,0.5,0.0029050686322460483,0.971307964125965,0.910690049447097,0.3489098125165619,0.630888728171904
stirred,105,3.7,0.5,0.002540635534209197,0.9749073033658351,0.916510281521554,0.35689248843016663,0.626081312079978
stirred,105,3.8000000000000003,0.4999999999999998,0.0022015248631833064,0.9782565445611525,0.92201486495375,0.3641811377523849,0.621037344684902
stirred,105,3.9,0.49999999999999956,0.0018965524168613026,0.9812686181050736,0.9272110989960639,0.3715164000387475,0.6157721408826725
stirred,105,4.0,0.4999999999999995,0.0016344963400307605,0.9838568262713011,0.9322852903130383,0.3818315288052125,0.6098996982369631
stirred,105,4.1,0.4999999999999993,0.001430422227560298,0.9858723730611328,0.9368549185855751,0.3946437713340157,0.6055319152014855
stirred,105,4.2,0.49999999999999944,0.001260705655568019,0.9875485861178467,0.9411828750163655,0.4051408840326598,0.5994829358050954
stirred,105,4.3,0.49999999999999944,0.0011100701918233796,0.9890363437844605,0.9450273668944285,0.41357827746837306,0.591888793296578
stirred,105,4.4,0.49999999999999933,0.0009782555487014139,0.990338216802949,0.9480792274406971,0.41941137354417,0.5817110429971105
stirred,105,4.5,0.49999999999999944,0.0008627690153259404,0.9914788245399907,0.9509561060218301,0.42550827214509285,0.5730619024319337
stirred,105,4.6000000000000005,0.4999999999999993,0.0007665475894218406,0.9924291596106485,0.9536536714032894,0.43058909574090654,0.5653180074426596
stirred,105,4.7,0.4999999999999991,0.0006795603932690169,0.9932882924121579,0.9564189158254487,0.4350931771641007,0.559405027542313
stirred,105,4.8,0.4999999999999991,0.0005958404097518191,0.9941151564468956,0.9593554636977059,0.4387601734422848,0.5554927045214063
stirred,105,4.9,0.4999999999999992,0.0005191630578699123,0.9948724636259761,0.9622308730439283,0.4423684795276833,0.5522896686158526
stirred,105,5.0,0.4999999999999991,0.00045267276817642296,0.9955291578451712,0.9647968619563074,0.4458997361097709,0.5498816521924786
stirred,105,5.1000000000000005,0.49999999999999933,0.0004012718376572084,0.996036821356472,0.9666753247080808,0.44876515808238593,0.5484288768727058
stirred,105,5.2,0.49999999999999933,0.0003585799953779041,0.9964584691814528,0.9683475977790397,0.4513507460005726,0.5471329487591776
stirred,105,5.3,0.499999999999999,0.000318091588069318,0.9968583546857351,0.9701843848923286,0.45368774630311737,0.5457573102027771
stirred,105,5.4,0.4999999999999991,0.00027804243385559955,0.9972539018878459,0.9722223885413493,0.4558434401770928,0.5435216836950554
stirred,105,5.5,0.4999999999999992,0.000238810522212314,0.9976413775583969,0.9744271045296701,0.4578753949265177,0.5401808441378978
stirred,105,5.6000000000000005,0.49999999999999906,0.0002044748716918742,0.9979804950944012,0.9764822427306032,0.4596198387480118,0.5352659150757201
stirred,105,5.7,0.4999999999999991,0.0001744598183861322,0.9982769400653222,0.9782986675132859,0.461044181002076,0.5305743243390738
stirred,105,5.8,0.4999999999999992,0.0001483553839493175,0.9985347616400068,0.9800000952918316,0.4624976634227927,0.5262700090878937
stirred,105,5.9,0.49999999999999933,0.00012650487397438103,0.9987505691459321,0.9816330353255066,0.46396958205088035,0.5236607358628468
stirred,105,6.0,0.4999999999999992,0.00010817724650515252,0.9989315827505664,0.9831094828505833,0.46523114535234517,0.5217686808765795
stirred,105,6.1000000000000005,0.4999999999999991,9.370271138483955e-05,0.999074541122125,0.9843593212157964,0.466793364134267,0.5200664586661347
stirred,105,6.2,0.49999999999999933,8.122362285372783e-05,0.9991977913792225,0.985477285137139,0.46826624857750937,0.5184260295727607
stirred,105,6.3,0.49999999999999933,6.927441481973661e-05,0.9993158082486939,0.9866019421358087,0.47049429983797275,0.5172552661666089
stirred,105,6.4,0.4999999999999995,5.79474663722335e-05,0.9994276793444717,0.987792673050023,0.4732202122506737,0.5163325102119399
stirred,105,6.5,0.49999999999999944,4.778312984551271e-05,0.9995280678533777,0.9890158542106924,0.4764040463190756,0.5155510149048868
stirred,105,6.6000000000000005,0.49999999999999933,3.979565451432559e-05,0.999606956498624,0.990097318639099,0.4806257093034903,0.5149101578311953
stirred,105,6.7,0.4999999999999998,3.342839187327712e-05,0.9996698430432269,0.9910184237945622,0.48369463516687505,0.5141621904831375
stirred,105,6.8,0.4999999999999998,2.8100079780340024e-05,0.9997224683478485,0.9918315652835692,0.4846089006814062,0.5136000621353958
stirred,105,6.9,0.4999999999999998,2.366565120793852e-05,0.999766265173255,0.9925922032580397,0.48517141027010385,0.5128188017199211
stirred,105,7.0,0.49999999999999983,2.005788675857485e-05,0.9998018974147301,0.9932242430182903,0.4857746075780846,0.5121470086440911
stirred,105,7.1000000000000005,0.5,1.7385408290284046e-05,0.9998282922637997,0.9937189099300137,0.4863034634662401,0.5115179892348037
stirred,105,7.2,0.5,1.5254861535837002e-05,0.9998493347008807,0.9941117536722647,0.48683909890197374,0.511152949801429
stirred,105,7.3,0.4999999999999999,1.3366583230277018e-05,0.9998679843631577,0.9944907182420484,0.4873435298036329,0.5108196683172347
stirred,105,7.4,0.4999999999999998,1.1688555921236144e-05,0.9998845574723828,0.9948390437173616,0.48788848985572675,0.5104623683146576
stirred,105,7.5,0.49999999999999967,1.0241368510510263e-05,0.9998988506813776,0.9951675165454559,0.48852655137870354,0.5100831079654102
stirred,105,7.6000000000000005,0.4999999999999999,9.117381001834148e-06,0.9999099517925745,0.9954552002803818,0.48899033873827874,0.5096551831422612
stirred,105,7.7,0.4999999999999999,8.181142241322262e-06,0.9999191985951474,0.9957140586564532,0.4894834110917315,0.5091893139987977
stirred,105,7.8,0.4999999999999999,7.273796102741726e-06,0.9999281600384914,0.9959687616341724,0.49008274575351307,0.5085575083528483
stirred,105,7.9,0.5,6.362421447358126e-06,0.9999371612696557,0.9962393296218542,0.4908542731191078,0.5076730056917509
stirred,105,8.0,0.4999999999999998,5.483577903227503e-06,0.999945841205894,0.9965070440135396,0.4917568964751046,0.5066091063119854
stirred,106,0.0,0.5,0.10125,0.0,0.4275024730472353,0.04999999999999999,0.95
stirred,106,0.1,0.49999999999999994,0.10040143623894046,0.008380876652439917,0.4294523636384717,0.05181179001322672,0.9481882099867731
stirred,106,0.2,0.5,0.09925266308438846,0.01972678435171893,0.4327360204685231,0.05368254515268439,0.9463174548473163
stirred,106,0.3,0.5,0.09751849505663401,0.03685436981102219,0.43772615489330424,0.05535102152570781,0.9446489784742929
stirred,106,0.4,0.5,0.09495497856226204,0.062173051236918186,0.4451465210051486,0.057465269475059255,0.942534730524941
stirred,106,0.5,0.5,0.09138651345109619,0.0974171511002846,0.4557467986611038,0.059286639387606144,0.9407133606123941
stirred,106,0.6,0.4999999999999999,0.08719965460349552,0.13876884342226659,0.4687719673112423,0.06153168692476746,0.9384156069979583
stirred,106,0.7000000000000001,0.49999999999999983,0.08214800327941568,0.1886616960057711,0.4849174646644706,0.06324604221902685,0.9367563905899869
stirred,106,0.8,0.4999999999999999,0.07559763280309642,0.25335671305583785,0.507190960271195,0.06652544005724731,0.933466964153624
stirred,106,0.9,0.4999999999999999,0.06756706818263247,0.33267093152955585,0.5369822563708835,0.0720064786172176,0.9276596950028058
stirred,106,1.0,0.4999999999999999,0.058643158174875955,0.4208083143222129,0.5734863376128232,0.08149997098633821,0.9183221924076872
stirred,106,1.1,0.4999999999999998,0.05056696057218849,0.5005732289166569,0.6097223871126922,0.0939552812217993,0.9033082572108575
stirred,106,1.2,0.4999999999999999,0.04331041620898505,0.5722428028742217,0.6438932440178272,0.10637506861965126,0.885767740344869
stirred,106,1.3,0.4999999999999999,0.03656746654912649,0.6388398365518372,0.6749851742138387,0.11510516696189727,0.8689679561132482
stirred,106,1.4000000000000001,0.4999999999999998,0.030875787973179632,0.6950539459439049,0.702977087044359,0.12218015373117874,0.856046306436663
stirred,106,1.5,0.4999999999999998,0.02651759433414243,0.7380978337368649,0.7251142227704268,0.12921164172720773,0.8362333630602579
stirred,106,1.6,0.4999999999999999,0.023470079840391025,0.7681967423171256,0.7417505200055283,0.1369563508018341,0.8156537318894507
stirred,106,1.7,0.4999999999999999,0.02108040370930453,0.7917984818834121,0.7560872787900557,0.14678549195939933,0.8009107545551276
stirred,106,1.8,0.5,0.018797808614054584,0.8143426309723004,0.7707844864123012,0.1593857002738881,0.7955490509291804
stirred,106,1.9000000000000001,0.49999999999999994,0.01644747797997099,0.8375557730373235,0.7870402957400872,0.1756391700750828,0.7899467943809724
stirred,106,2.0,0.49999999999999983,0.014079730253672644,0.8609409357661961,0.804521667091617,0.19746329889278091,0.7831273114156857
stirred,106,2.1,0.4999999999999999,0.012062901819889674,0.8808602289393612,0.8195401718676707,0.2180605217231678,0.7774622948521274
stirred,106,2.2,0.5,0.010331105230400857,0.8979643927861644,0.8332024942644629,0.2360994748429176,0.7703556155393891
stirred,106,2.3000000000000003,0.4999999999999999,0.008706797997026127,0.9140069333627049,0.847605748084455,0.25592566899301117,0.7583021703329774
stirred,106,2.4,0.4999999999999997,0.007226314409743406,0.9286289934840157,0.8618397744245196,0.27284340165326787,0.7406906343720387
stirred,106,2.5,0.4999999999999999,0.005957589012402847,0.9411596146923176,0.8746074698951238,0.288048207113573,0.7176709119385613
stirred,106,2.6,0.4999999999999999,0.004989955484353142,0.9507164890434258,0.8856243066238302,0.30069411655057643,0.6890893190544802
stirred,106,2.7,0.5,0.004208914103167171,0.9584304779934106,0.8955931194485368,0.30761711711194367,0.6505415058658314
stirred,106,2.8000000000000003,0.49999999999999994,0.0035349328592440056,0.9650870828716641,0.9047746534830272,0.3166880411757588,0.6389698468458271
stirred,106,2.9,0.5,0.0029524420410265255,0.9708400786071454,0.9131254042032191,0.3293463195794956,0.6304523064116291
stirred,106,3.0,0.4999999999999999,0.0024434497133644594,0.9758671633247955,0.921528487623333,0.33658065606122606,0.618357593541454
stirred,106,3.1,0.49999999999999967,0.0020298117785075226,0.979952476261654,0.9291440171333563,0.34357698404112064,0.6027456904308652
stirred,106,3.2,0.49999999999999967,0.0016973478598717173,0.9832360705197856,0.9357183424050283,0.35087857171302805,0.594952985638716
stirred,106,3.3000000000000003,0.4999999999999997,0.0014337869528962975,0.9858391412059625,0.941204042241808,0.35956581153486344,0.5917619375843032
stirred,106,3.4,0.4999999999999995,0.0012276754379703576,0.9878748104891817,0.9456682256750075,0.3701292470584533,0.5889350077266938
stirred,106,3.5,0.49999999999999956,0.0010640266924749385,0.9894910943953092,0.9495253538374995,0.38157389057244184,0.5862480246832272
stirred,106,3.6,0.49999999999999933,0.0009419220358517427,0.9906970663125754,0.9526473975770712,0.3924061953076031,0.5835204592405229
stirred,106,3.7,0.49999999999999956,0.0008425806194885717,0.9916782161038166,0.9552712057812368,0.39812092603206245,0.5813223381460227
stirred,106,3.8000000000000003,0.4999999999999996,0.000752859925250229,0.9925643464172816,0.9576846594248162,0.4062621170737535,0.5788478494935614
stirred,106,3.9,0.49999999999999967,0.0006710325720739473,0.993372517806677,0.959943176012098,0.41379202994750963,0.5761582526679749
stirred,106,4.0,0.49999999999999956,0.0005962528101780555,0.9941110833562661,0.9622263309550296,0.4206417983327973,0.5736913363021484
stirred,106,4.1,0.5,0.0005346537041076401,0.9947194695890603,0.9642869276830424,0.4275250614420395,0.571715068048586
stirred,106,4.2,0.49999999999999983,0.00048114046766119993,0.995247995381124,0.9662248523445214,0.4335567805138758,0.5695805696672056
stirred,106,4.3,0.4999999999999998,0.00042678571618960686,0.9957848324326952,0.9683138126868941,0.43908434435710697,0.5676759117932363
stirred,106,4.4,0.4999999999999999,0.000370223981118512,0.9963434668531505,0.970670664947622,0.4442376604481488,0.5657815189703187
stirred,106,4.5,0.4999999999999998,0.00031508600872745594,0.9968880394199757,0.9731670824983547,0.44889732079587896,0.5641145374915362
stirred,106,4.6000000000000005,0.4999999999999998,0.00027020946079587123,0.9973312645847321,0.9753483981093807,0.4532093066972557,0.5623621619783865
stirred,106,4.7,0.4999999999999998,0.00023304652798880753,0.9976983058964068,0.9773275714864716,0.45566191371332876,0.5602306665067397
stirred,106,4.8,0.4999999999999998,0.00019963621198584012,0.9980282843260658,0.9792413184254797,0.45784334667610643,0.5573138185054426
stirred,106,4.9,0.4999999999999997,0.00016979649119743976,0.9983229976178031,0.9809640522428984,0.4615959816077186,0.5534520928847523
stirred,106,5.0,0.49999999999999956,0.00014388727634038638,0.9985788910978727,0.9825550284781452,0.4661333638779283,0.5489475029968585
stirred,106,5.1000000000000005,0.49999999999999933,0.00012347841925375397,0.998780460056753,0.9838043627139438,0.4700592413190981,0.5443584541726952
stirred,106,5.2,0.4999999999999992,0.0001066208183472429,0.9989469548805211,0.9848205075811376,0.47165050127809804,0.5403532086865539
stirred,106,5.3,0.4999999999999991,9.195842375032373e-05,0.9990917686543178,0.9856287378558153,0.47324305576551695,0.5370532272811005
stirred,106,5.4,0.4999999999999991,7.96596456718398e-05,0.9992132380674387,0.9863965782418642,0.47511552511372046,0.5345115227962091
stirred,106,5.5,0.4999999999999993,6.957196932810586e-05,0.9993128694387348,0.9871062047124202,0.4766831012919883,0.5324608608391219
stirred,106,5.6000000000000005,0.49999999999999933,6.159305496859629e-05,0.9993916735311743,0.9877095905823633,0.47770987723330327,0.5302800252879877
stirred,106,5.7,0.49999999999999917,5.457151475296798e-05,0.9994610220765139,0.9883129464976551,0.47868238635035504,0.5284171847184469
stirred,106,5.8,0.4999999999999995,4.7938473077397786e-05,0.9995265335992356,0.9889713083416385,0.479563719210764,0.5267698107785258
stirred,106,5.9,0.49999999999999944,4.18602806490787e-05,0.9995865651293918,0.9896520120691448,0.48041514554582887,0.524934602155909
stirred,106,6.0,0.4999999999999995,3.6513192138763444e-05,0.999639375880111,0.9903069358038811,0.48157554181619977,0.5223629755212048
stirred,106,6.1000000000000005,0.49999999999999956,3.208757488937801e-05,0.9996830856801049,0.9908639546900952,0.4830497197291073,0.5194668693012372
stirred,106,6.2,0.4999999999999996,2.8029143534704747e-05,0.9997231689527436,0.9913966913076044,0.48490648361634797,0.5166054865893727
stirred,106,6.3,0.4999999999999999,2.4097081930018284e-05,0.9997620041290862,0.9919639880611829,0.48684674830535235,0.5144262328951277
stirred,106,6.4,0.49999999999999983,2.0463891188405987e-05,0.9997978874944355,0.9925805474810243,0.4883120548361324,0.5127176774046549
stirred,106,6.5,0.4999999999999999,1.7258200325601657e-05,0.9998295486387595,0.9931957098103708,0.48925972174233895,0.5115775875054747
stirred,106,6.6000000000000005,0.5,1.4716975189051689e-05,0.9998546471586266,0.9937245833147086,0.4898930625859594,0.510913003157216
stirred,106,6.7,0.4999999999999999,1.2575633550419938e-05,0.9998757962118477,0.9942140821137962,0.4902440243327342,0.5104459785290723
stirred,106,6.8,0.5,1.0609976365219739e-05,0.9998952101099732,0.994712335711835,0.49058340693433405,0.5100034220387071
stirred,106,6.9,0.4999999999999999,8.873066322003588e-06,0.9999123647770667,0.9952151219822419,0.49081327355434407,0.5095768782609118
stirred,106,7.0,0.49999999999999994,7.440756224992938e-06,0.9999265110496297,0.9956810336949977,0.4910784116703982,0.5091163609398672
stirred,106,7.1000000000000005,0.4999999999999998,6.385910717972934e-06,0.9999369292768595,0.9960532277089215,0.49134751239673485,0.5085249778028292
stirred,106,7.2,0.5000000000000002,5.548960435744917e-06,0.9999451954524865,0.9963604590983268,0.4917686014246661,0.5080195756042866
stirred,106,7.3,0.5000000000000002,4.8298690524996445e-06,0.9999522975896049,0.9966167778541943,0.4923834220074052,0.5074716819302343
stirred,106,7.4,0.5000000000000002,4.2187808681037825e-06,0.9999583330284632,0.9968331824045369,0.4930832288114641,0.5069434796754927
stirred,106,7.5,0.5000000000000002,3.7104345487261614e-06,0.9999633537328521,0.9970269962845066,0.4938917120723157,0.5064716102922185
stirred,106,7.6000000000000005,0.5000000000000002,3.32222578872527e-06,0.9999671878934447,0.9971904398245549,0.49473641384160677,0.5060455911493356
stirred,106,7.7,0.5000000000000002,2.995887423316532e-06,0.9999704109884117,0.9973369035124766,0.4956371449947224,0.5058101200780764
stirred,106,7.8,0.5000000000000004,2.688637770001551e-06,0.9999734455528889,0.9974819030876596,0.49647062079872173,0.5055025808629131
stirred,106,7.9,0.5000000000000004,2.396328160304476e-06,0.9999763325613797,0.9976195707963393,0.4967975514392905,0.5051856298598529
stirred,106,8.0,0.5000000000000004,2.1219358139057147e-06,0.9999790426092454,0.9977477116698003,0.4970981772338547,0.5048967309542105
stirred,107,0.0,0.5,0.10125,0.0,0.4275024730472353,0.04999999999999999,0.95
stirred,107,0.1,0.5,0.10040143623894063,0.008380876652438363,0.42943044160223254,0.05180028015915994,0.9481997198408398
stirred,107,0.2,0.49999999999999994,0.09925266308438868,0.01972678435171682,0.43265962111101675,0.05370212656036877,0.9462978734396312
stirred,107,0.3,0.5,0.09751849505663417,0.03685436981102064,0.4377219888852022,0.055357713651412344,0.9446422863485873
stirred,107,0.4,0.5,0.09495497856226214,0.0621730512369173,0.4452268306901118,0.05748773733278101,0.942512262667219
stirred,107,0.5,0.5,0.0913865134510963,0.09741715110028348,0.4556930611954715,0.05939636698541495,0.9406036330145845
stirred,107,0.6,0.49999999999999994,0.08719882832913392,0.13877700415670202,0.4688135465539632,0.06155440918347127,0.9384423223610443
stirred,107,0.7000000000000001,0.4999999999999999,0.08214117300024668,0.1887291555531193,0.48507984635194396,0.06324340140840035,0.9367551642863792
stirred,107,0.8,0.4999999999999998,0.07557353114975703,0.2535947540764739,0.5072910148866595,0.06652166945319227,0.9334804001892647
stirred,107,0.9,0.4999999999999999,0.06750744321368775,0.33325982011172595,0.537089918711094,0.07302145382463737,0.9270014942647635
stirred,107,1.0,0.4999999999999999,0.05852504598625609,0.42197485445673,0.5739613442688963,0.08375531858900231,0.9162273675957342
stirred,107,1.1,0.5,0.050378019062159135,0.5024393179046012,0.6103341766286936,0.09910787020056433,0.9005861646980716
stirred,107,1.2,0.5,0.043046538062524425,0.5748490067898823,0.6451462789924562,0.11953568396485267,0.8864795928836313
stirred,107,1.3,0.4999999999999999,0.03624823571802355,0.6419927336491502,0.6765082207888948,0.1399504204878826,0.8765180605578213
stirred,107,1.4000000000000001,0.4999999999999999,0.030552412381834197,0.6982477789448475,0.7048846364248758,0.15100174137858818,0.868143140740395
stirred,107,1.5,0.4999999999999999,0.02624233348943934,0.7408164593635621,0.7273169222164019,0.16939410027582644,0.8600410255111465
stirred,107,1.6,0.5,0.023232998449674837,0.7705382869167917,0.7435775223991703,0.1805579463986306,0.8538679566412084
stirred,107,1.7,0.4999999999999999,0.020703689211337598,0.7955191189003694,0.7581446726113952,0.1906298282040804,0.8464595844897833
stirred,107,1.8,0.4999999999999997,0.018118996656711704,0.8210469466003782,0.7743062863950572,0.20274774866507708,0.8343981316797433
stirred,107,1.9000000000000001,0.49999999999999967,0.015468265378210201,0.8472270086102696,0.7921044277002158,0.2180258618117151,0.81803047920246
stirred,107,2.0,0.4999999999999997,0.012982543405581744,0.8717773490806742,0.8108749505077808,0.23657950341773093,0.7975730071910514
stirred,107,2.1,0.49999999999999967,0.011032282428069026,0.8910391858956146,0.8275493252210235,0.25330665899146515,0.7754136431493358
stirred,107,2.2,0.49999999999999956,0.009459439518306495,0.9065734368562322,0.8421915500568664,0.2631115511833365,0.7531035111861902
stirred,107,2.3000000000000003,0.4999999999999996,0.00811851804294896,0.9198171057486523,0.855267250057279,0.27295371632490195,0.731249850507026
stirred,107,2.4,0.49999999999999967,0.006994780685985669,0.9309157463112526,0.8667067550208285,0.28881015434836216,0.7177043314144347
stirred,107,2.5,0.4999999999999996,0.00607707729736323,0.9399794834828323,0.8761843548380824,0.30367024405277426,0.7112964452915124
stirred,107,2.6,0.4999999999999997,0.005384003363240969,0.9468246581408299,0.8840579597313177,0.31069252970870953,0.7060408662776751
stirred,107,2.7,0.4999999999999997,0.00480861660531835,0.9525074903178434,0.8911380937359559,0.3159565163054989,0.699135250226698
stirred,107,2.8000000000000003,0.4999999999999998,0.004297065917150657,0.9575598427935738,0.897539010657963,0.32481076416538773,0.6923809236191556
stirred,107,2.9,0.49999999999999956,0.003847406968505909,0.9620009188295713,0.9033936563574879,0.3356380634173951,0.68391411903988
stirred,107,3.0,0.5,0.003455598466494904,0.96587063242968,0.9087283529259804,0.34852057759178945,0.6740582226426498
stirred,107,3.1,0.49999999999999956,0.003142417035751203,0.9689637823629511,0.9132445686117396,0.35799772424058585,0.6644365424597631
stirred,107,3.2,0.4999999999999995,0.002876631537916343,0.9715888243168757,0.9170051520371579,0.3606509294770393,0.6567144168617808
stirred,107,3.3000000000000003,0.49999999999999944,0.0026272559535256545,0.9740517930515985,0.92019214148577,0.3636892158984868,0.6505953751628448
stirred,107,3.4,0.4999999999999994,0.0023891763709424107,0.9764031963363713,0.9232887814309078,0.3683991194718342,0.6448572825503694
stirred,107,3.5,0.49999999999999944,0.002163118018041338,0.9786358714267522,0.9264022560262272,0.375751130279732,0.6391836663999416
stirred,107,3.6,0.49999999999999944,0.001970577578144351,0.9805375054010435,0.9293305815537347,0.38468649052231735,0.6329057912126768
stirred,107,3.7,0.4999999999999994,0.0017944486133810392,0.9822770507320391,0.9323685112100002,0.39070882646242233,0.6265299387812695
stirred,107,3.8000000000000003,0.4999999999999994,0.0016092039453722397,0.9841066277000272,0.9359109196275743,0.3970830458020605,0.6202630365052857
stirred,107,3.9,0.49999999999999944,0.0014126452914223864,0.9860479477390381,0.9400522718296724,0.40237691384821694,0.613256578486058
stirred,107,4.0,0.4999999999999993,0.001213682484407814,0.9880130124996759,0.9446301403885107,0.4079747333290218,0.604572112153052
stirred,107,4.1,0.49999999999999944,0.0010404497632612556,0.9897239529554444,0.9488705378370015,0.4133056351984983,0.5964442365911097
stirred,107,4.2,0.4999999999999998,0.0008900735864811114,0.9912091497631496,0.9530086004148415,0.4182900075609527,0.5865275156185039
stirred,107,4.3,0.49999999999999983,0.0007576755116979819,0.9925167850696496,0.9569305492376521,0.42274328452732685,0.5781790526428323
stirred,107,4.4,0.49999999999999994,0.0006487684990530891,0.9935924098858954,0.9600059187987777,0.4270437413639233,0.5698252999488137
stirred,107,4.5,0.4999999999999998,0.000562358016838577,0.9944458467472733,0.9622452630453098,0.4311959959756513,0.5635351334803931
stirred,107,4.6000000000000005,0.49999999999999994,0.0004989427940723652,0.9950721699350877,0.9639530145922596,0.43554924693932945,0.5597883652340143
stirred,107,4.7,0.4999999999999999,0.0004460859594729964,0.9955942127459457,0.965561699609693,0.4416105823840449,0.557018371972755
stirred,107,4.8,0.5,0.000393091486390605,0.9961176149492286,0.9674109989696114,0.44774397233833924,0.5540343736282507
stirred,107,4.9,0.5,0.00033993468596818337,0.9966426203854994,0.9696135970776665,0.4543028188176066,0.5499479531143675
stirred,107,5.0,0.4999999999999999,0.0002905930540062689,0.9971299451456171,0.9720554673118399,0.456192217369524,0.5455488129472382
stirred,107,5.1000000000000005,0.4999999999999998,0.00025195695404997434,0.9975115362562965,0.9742768967104655,0.45802499431734145,0.5428628876246074
stirred,107,5.2,0.5,0.00022122773731495359,0.9978150346931857,0.9762543803530029,0.4595374595440307,0.5407833412331859
stirred,107,5.3,0.4999999999999999,0.00019439586271154083,0.9980800408621082,0.9779845358888263,0.4609720069658874,0.5394585568235497
stirred,107,5.4,0.4999999999999996,0.00016991501830773348,0.9983218269796768,0.9794771793110942,0.4627497778499285,0.5378787457063966
stirred,107,5.5,0.49999999999999967,0.00014700439189363278,0.9985481047714209,0.9809269808965522,0.4643708227715798,0.5366092548429549
stirred,107,5.6000000000000005,0.4999999999999998,0.0001279349212388525,0.9987364452223323,0.9822423689795146,0.46592849983211426,0.5353939506070339
stirred,107,5.7,0.4999999999999999,0.00011193677275980402,0.9988944516270637,0.9834400861264028,0.46724324420952346,0.5342597849623696
stirred,107,5.8,0.4999999999999998,9.747235949554724e-05,0.9990373100296736,0.984612023789804,0.4686507842591896,0.5330543174624078
stirred,107,5.9,0.4999999999999996,8.451000621593447e-05,0.9991653332719413,0.9857552084961531,0.4702121878500577,0.5317413741751172
stirred,107,6.0,0.4999999999999997,7.329534279925342e-05,0.9992760953797605,0.9868323515021566,0.47172596630281816,0.5304525617295127
stirred,107,6.1000000000000005,0.4999999999999998,6.47200696988421e-05,0.9993607894350731,0.9877374809025072,0.4732032346300169,0.5289992576048868
stirred,107,6.2,0.49999999999999967,5.7782122910504064e-05,0.999429312366316,0.9885333850372123,0.47435162202652803,0.527744340677053
stirred,107,6.3,0.4999999999999996,5.131054284744436e-05,0.999493229206445,0.9892489293311931,0.47540676763437567,0.5257219446226694
stirred,107,6.4,0.4999999999999996,4.5056223995216056e-05,0.9995550002568374,0.98992960364862,0.4764264189211859,0.5233718680175147
stirred,107,6.5,0.4999999999999995,3.912505388414874e-05,0.9996135797147244,0.9906012439309078,0.4774574687325269,0.5206821149243487
stirred,107,6.6000000000000005,0.4999999999999996,3.419929517719354e-05,0.9996622291834352,0.9911664923374366,0.4785702012138854,0.5185135878159017
stirred,107,6.7,0.49999999999999944,2.995692463041e-05,0.9997041291394527,0.9916668023960687,0.4801450178355079,0.5170211413400072
stirred,107,6.8,0.49999999999999956,2.6022007310362977e-05,0.9997429925203914,0.992159039017341,0.48192693579160517,0.5157339071998545
stirred,107,6.9,0.49999999999999967,2.240224885422401e-05,0.9997787432211929,0.99266969095066,0.48405347778389574,0.5145512579202057
stirred,107,7.0,0.4999999999999997,1.9104860388338692e-05,0.9998113100208559,0.9932181179037638,0.48615377907536883,0.5136972581661521
stirred,107,7.1000000000000005,0.4999999999999998,1.6382587273917637e-05,0.9998381966688996,0.9937324998509466,0.48828317154620343,0.5129053260639109
stirred,107,7.2,0.49999999999999956,1.3927737557837054e-05,0.9998624420981942,0.9942212875613399,0.4903521052372871,0.5122717444517195
stirred,107,7.3,0.49999999999999956,1.1537336018899904e-05,0.9998860510022824,0.994700148783152,0.4922044775840134,0.5117891423983916
stirred,107,7.4,0.49999999999999944,9.38947635136892e-06,0.9999072644310976,0.9951555247500843,0.4935593944941785,0.5110470715950481
stirred,107,7.5,0.49999999999999944,7.640776632851116e-06,0.9999245355394286,0.9955622637670317,0.4944332866383385,0.5099684727772591
stirred,107,7.6000000000000005,0.4999999999999995,6.4019722297013245e-06,0.9999367706446449,0.9958910709558784,0.4948727400340385,0.5088688048555265
stirred,107,7.7,0.49999999999999956,5.467443687544337e-06,0.9999460005561724,0.9961729806611646,0.4951441768247783,0.5079885643539065
stirred,107,7.8,0.49999999999999933,4.6825960632240865e-06,0.9999537521376471,0.99644068685248,0.49539245509112134,0.5072540243021728
stirred,107,7.9,0.4999999999999991,4.012585317193842e-06,0.9999603695277314,0.9967013578557121,0.4956611117637168,0.5065050412852357
stirred,107,8.0,0.499999999999999,3.4381219657413416e-06,0.9999660432398445,0.9969425303834023,0.495928300625483,0.5058422505564432
