mechanism,N2,seed,t,mass,variance,kinetic,stable_potential,max_divergence,minimum,maximum
density,0.0,200,0.0,0.5,0.10124999999999998,0.005625,0.0,1.3877787807814509e-16,0.050000000000000044,0.95
density,0.0,200,0.1,0.5,0.10045260999008085,0.004803319674256564,0.0,1.3877787807814457e-16,0.0517724046600719,0.9482275953399281
density,0.0,200,0.2,0.5,0.09965556230057351,0.004101667536551145,0.0,5.551115123125783e-17,0.05354023380889032,0.9464597661911097
density,0.0,200,0.3,0.5,0.09885447325534312,0.0035025102889912132,0.0,1.3161651860475188e-32,0.054785337475009514,0.9452146625249905
density,0.0,200,0.4,0.5,0.0980463646469458,0.002990875836515119,0.0,5.574512415755765e-33,0.056365700254583234,0.9436342997454169
density,0.0,200,0.5,0.5,0.0972293805630286,0.0025539791553407356,0.0,4.7647754971367746e-33,0.05786033197154128,0.9421396680284587
density,0.0,200,0.6,0.49999999999999994,0.09640256269240413,0.0021809028132425447,0.0,2.3403256767059905e-33,0.058817261802876025,0.941182738197124
density,0.0,200,0.7000000000000001,0.5,0.09556566658378879,0.0018623241583092275,0.0,2.1083332815341228e-33,0.06028559430063249,0.9397144056993675
density,0.0,200,0.8,0.5,0.09471900792351291,0.0015902823590133346,0.0,4.349062830044047e-34,0.061742092750702,0.938257907249298
density,0.0,200,0.9,0.5,0.09386333207229655,0.0013579794742527808,0.0,4.738875098752556e-34,0.06316436989314522,0.9368356301068548
density,0.0,200,1.0,0.5,0.09299970269751909,0.001159610582384883,0.0,3.4201915744755427e-34,0.06398954574802651,0.9360104542519735
density,0.0,200,1.1,0.5,0.09212940688821114,0.0009902187244169639,0.0,2.918315273258141e-34,0.06521285123492326,0.9347871487650767
density,0.0,200,1.2,0.5,0.09125387500169438,0.0008455710365883099,0.0,1.9324172949445762e-34,0.06657665672513494,0.9334233432748651
density,0.0,200,1.3,0.49999999999999994,0.09037461391287213,0.0007220529770713149,0.0,1.3250747115254887e-34,0.06794546582564615,0.932054534174354
density,0.0,200,1.4000000000000001,0.5,0.08949315249725305,0.0006165780036661637,0.0,1.001513396643757e-34,0.06927297148505498,0.9307270285149452
density,0.0,200,1.5,0.5,0.08861099820162135,0.0005265104454619594,0.0,7.727734338520616e-35,0.07063075705618752,0.9293692429438124
density,0.0,200,1.6,0.5,0.08772960352547964,0.0004495996411358254,0.0,8.288736842249415e-35,0.07194889716032676,0.9280511028396734
density,0.0,200,1.7,0.5,0.08685034120354679,0.00038392369809891574,0.0,7.148304279963948e-35,0.07327473426747824,0.9267252657325218
density,0.0,200,1.8,0.5,0.08597448687205445,0.00032784146710966393,0.0,4.703075933509964e-35,0.07451424066508894,0.9254857593349111
density,0.0,200,1.9000000000000001,0.5,0.0851032080296582,0.000279951532267553,0.0,3.7662384190273373e-35,0.07564078643602179,0.9243592135639782
density,0.0,200,2.0,0.5,0.08423755816679543,0.00023905719160515713,0.0,3.723397427785447e-35,0.07681715128234973,0.9231828487176504
density,0.0,200,2.1,0.5,0.08337847502856671,0.0002041365531928129,0.0,2.8905616649849735e-35,0.07802642678857047,0.9219735732114296
density,0.0,200,2.2,0.5,0.0825267820864841,0.0001743169994997262,0.0,2.481512055563354e-35,0.07925639362503678,0.9207436063749634
density,0.0,200,2.3000000000000003,0.5,0.08168319241439487,0.00014885338191189448,0.0,2.396803338246662e-35,0.08049845979721695,0.9195015402027831
density,0.0,200,2.4,0.5,0.08084831428545447,0.00012710940051858296,0.0,1.8185630822682604e-35,0.08174682065536182,0.9182531793446382
density,0.0,200,2.5,0.5,0.0800226579239223,0.00010854170387446525,0.0,2.418062475893527e-35,0.08299779538409224,0.9170022046159078
density,0.0,200,2.6,0.5,0.07920664295345975,9.268631141289761e-05,0.0,2.0605571036515422e-35,0.08424930365321087,0.9157506963467891
density,0.0,200,2.7,0.5,0.07840060617993794,7.914701922557189e-05,0.0,1.0630798777917062e-35,0.08550045347711044,0.9144995465228897
density,0.0,200,2.8000000000000003,0.5,0.07760480943035646,6.758549948532482e-05,0.0,1.2205809915035417e-35,0.08675121729800417,0.9132487827019957
density,0.0,200,2.9,0.5,0.07681944724023962,5.771284611063425e-05,0.0,8.509146306703877e-36,0.08800217809336325,0.9119978219066367
density,0.0,200,3.0,0.5,0.07604465424045032,4.928235540987573e-05,0.0,6.0064734774937874e-36,0.08925433111575903,0.910745668884241
density,0.0,200,3.1,0.49999999999999994,0.07528051214182682,4.2083361303815205e-05,0.0,5.2651097812471836e-36,0.09050892988653336,0.9094910701134665
density,0.0,200,3.2,0.5,0.07452705625372194,3.593597107723786e-05,0.0,5.172896578443709e-36,0.09176736743961283,0.9082326325603872
density,0.0,200,3.3000000000000003,0.5,0.07378428150179211,3.068657011356649e-05,0.0,4.9126767729663723e-36,0.09303108567850882,0.9069689143214913
density,0.0,200,3.4,0.5,0.07305214793260187,2.6203983282124e-05,0.0,4.1402969623099164e-36,0.0943015071746604,0.9056984928253395
density,0.0,200,3.5,0.5,0.07233058570902556,2.2376197056518452e-05,0.0,3.3455843816056e-36,0.09557998488477704,0.904420015115223
density,0.0,200,3.6,0.5,0.0716194996121643,1.9107560454509667e-05,0.0,2.424808069981139e-36,0.09673438213838711,0.9032656178616131
density,0.0,200,3.7,0.5,0.07091877307351771,1.6316394854789864e-05,0.0,2.479908966951804e-36,0.09788212848764,0.90211787151236
density,0.0,200,3.8000000000000003,0.5,0.07022827176627558,1.3932952963369017e-05,0.0,2.0739213565265052e-36,0.09903208590121601,0.9009679140987841
density,0.0,200,3.9,0.5,0.06954784678750586,1.189767592701186e-05,0.0,2.047277098857246e-36,0.10014990941139995,0.8998500905886
density,0.0,200,4.0,0.49999999999999994,0.06887733746426475,1.0159705041447959e-05,0.0,1.679137848507701e-36,0.10124873133874457,0.8987512686612554
density,0.0,201,0.0,0.5,0.10124999999999998,0.005625,0.0,2.775557561562935e-17,0.050000000000000044,0.95
density,0.0,201,0.1,0.5,0.10045261030263214,0.004803319674256562,0.0,1.3877787807814472e-17,0.05170980628230587,0.948290193717694
density,0.0,201,0.2,0.5,0.09965557075927131,0.004101667536551143,0.0,2.7755575615628926e-17,0.05328624657216901,0.9467137534278309
density,0.0,201,0.3,0.5,0.09885452805963543,0.00350251028899121,0.0,2.775557561562892e-17,0.054727693539902166,0.9452723064600979
density,0.0,201,0.4,0.5,0.09804656192719559,0.0029908758365151163,0.0,3.014624727108992e-33,0.05604284705655742,0.9439571529434425
density,0.0,201,0.5,0.49999999999999994,0.09722989524407782,0.0025539791553407334,0.0,1.97704893492857e-33,0.057070845290105365,0.9429291547098946
density,0.0,201,0.6,0.5,0.09640365859102973,0.002180902813242544,0.0,6.723077108963915e-34,0.05749064081450947,0.9425093591854904
density,0.0,201,0.7000000000000001,0.49999999999999994,0.09556769601166581,0.001862324158309226,0.0,1.056462271843771e-33,0.05798313035103928,0.9420168696489608
density,0.0,201,0.8,0.5,0.09472240304038598,0.0015902823590133344,0.0,7.234034883788258e-34,0.05851903256604972,0.9414809674339504
density,0.0,201,0.9,0.5,0.09386859078052406,0.0013579794742527803,0.0,4.8100828838649e-34,0.059079045528808584,0.9409209544711914
density,0.0,201,1.0,0.5,0.0930073716661427,0.001159610582384883,0.0,4.192171668268319e-34,0.059650645932468,0.940349354067532
density,0.0,201,1.1,0.5,0.09214006377543096,0.000990218724416964,0.0,2.5886736593808416e-34,0.06022592630748472,0.9397740736925153
density,0.0,201,1.2,0.5,0.09126811135700105,0.00084557103658831,0.0,2.1344395155955744e-34,0.060800121710746856,0.9391998782892531
density,0.0,201,1.3,0.5,0.09039301970790412,0.0007220529770713152,0.0,1.3451610725752131e-34,0.06137059911296316,0.938629400887037
density,0.0,201,1.4000000000000001,0.49999999999999994,0.08951630280632442,0.0006165780036661637,0.0,7.325809647778976e-35,0.06193616046783159,0.9380638395321684
density,0.0,201,1.5,0.5,0.08863944223623371,0.0005265104454619591,0.0,1.0016945949543494e-34,0.06249656044218576,0.9375034395578143
density,0.0,201,1.6,0.5,0.0877638560098003,0.0004495996411358252,0.0,8.1138284630003e-35,0.06305217221717732,0.9369478277828227
density,0.0,201,1.7,0.5,0.08689087594045389,0.0003839236980989157,0.0,5.785064174656834e-35,0.0636037560570131,0.9363962439429869
density,0.0,201,1.8,0.5,0.08602173227199822,0.000327841467109664,0.0,4.0905344219571985e-35,0.06415229951031129,0.9358477004896887
density,0.0,201,1.9000000000000001,0.5,0.08515754433978365,0.0002799515322675529,0.0,2.6324467626093026e-35,0.06469890767762379,0.9353010923223763
density,0.0,201,2.0,0.5,0.08429931613147094,0.00023905719160515705,0.0,3.696640389076833e-35,0.06524472852543839,0.9347552714745616
density,0.0,201,2.1,0.5,0.08344793572404666,0.00020413655319281285,0.0,6.923254517169622e-35,0.0657909027517121,0.934209097248288
density,0.0,201,2.2,0.5,0.08260417769425057,0.0001743169994997261,0.0,2.356164766384944e-35,0.06633853085569374,0.9336614691443064
density,0.0,201,2.3000000000000003,0.5,0.08176870772449343,0.0001488533819118945,0.0,1.8937446577997287e-35,0.06688865226164005,0.9331113477383601
density,0.0,201,2.4,0.5,0.08094208874938058,0.00012710940051858299,0.0,1.963251357612005e-35,0.06744223288049876,0.9325577671195013
density,0.0,201,2.5,0.5,0.08012478810415576,0.00010854170387446523,0.0,1.0077971817818333e-35,0.06800015856500433,0.9319998414349957
density,0.0,201,2.6,0.4999999999999999,0.07931718524232811,9.268631141289764e-05,0.0,1.0133891298826441e-35,0.06856323266135189,0.9314367673386481
density,0.0,201,2.7,0.5,0.07851957968347917,7.914701922557189e-05,0.0,1.350726276406056e-35,0.06913217638283065,0.9308678236171694
density,0.0,201,2.8000000000000003,0.5,0.0777321989330198,6.758549948532479e-05,0.0,9.050872419248656e-36,0.06970763109646788,0.9302923689035323
density,0.0,201,2.9,0.5,0.07695520618362808,5.771284611063425e-05,0.0,6.764099575566464e-36,0.07029016187112691,0.9297098381288731
density,0.0,201,3.0,0.5,0.07618870766404157,4.9282355409875724e-05,0.0,7.244789698673372e-36,0.07088026181803145,0.9291197381819686
density,0.0,201,3.1,0.5,0.07543275954595126,4.2083361303815225e-05,0.0,7.704587140257062e-36,0.07147835688541347,0.9285216431145865
density,0.0,201,3.2,0.5,0.07468737435530493,3.593597107723788e-05,0.0,6.432108801907625e-36,0.07208481086360723,0.9279151891363928
density,0.0,201,3.3000000000000003,0.49999999999999994,0.07395252686175766,3.068657011356651e-05,0.0,7.282582883295048e-36,0.07269993042614678,0.9273000695738531
density,0.0,201,3.4,0.5,0.0732281594406485,2.620398328212401e-05,0.0,4.696776044447634e-36,0.07332397008357865,0.9266760299164213
density,0.0,201,3.5,0.5,0.0725141869169674,2.237619705651848e-05,0.0,3.945307785441399e-36,0.07395713696473294,0.9260428630352671
density,0.0,201,3.6,0.5,0.07181050091138824,1.9107560454509698e-05,0.0,3.847918535912986e-36,0.07459959536861992,0.9254004046313802
density,0.0,201,3.7,0.5,0.0711169737155349,1.631639485478988e-05,0.0,2.7687130491060146e-36,0.07525147105131587,0.9247485289486841
density,0.0,201,3.8000000000000003,0.5,0.07043346172799689,1.3932952963369037e-05,0.0,1.757157810853455e-36,0.075912855227996,0.9240871447720039
density,0.0,201,3.9,0.5,0.06975980848488969,1.1897675927011876e-05,0.0,1.8576031473037043e-36,0.07658380828189493,0.9234161917181052
density,0.0,201,4.0,0.5,0.06909584731948332,1.0159705041447976e-05,0.0,1.492386897190868e-36,0.07726436318045321,0.9227356368195468
density,0.0,202,0.0,0.5,0.10124999999999998,0.005625000000000001,0.0,4.596510221765824e-31,0.050000000000000044,0.95
density,0.0,202,0.1,0.49999999999999994,0.10045261027144817,0.004803319674256566,0.0,7.997199918392833e-33,0.051748816939302104,0.948251183060698
density,0.0,202,0.2,0.5,0.09965556991532776,0.004101667536551147,0.0,8.072560257217944e-33,0.05344854510422331,0.9465514548957767
density,0.0,202,0.3,0.5,0.09885452259168641,0.003502510288991214,0.0,6.18760329882593e-33,0.055098487201251524,0.9449015127987486
density,0.0,202,0.4,0.5,0.09804654224409598,0.002990875836515119,0.0,3.9909245698116946e-33,0.05589339352318465,0.9441066064768154
density,0.0,202,0.5,0.5,0.09722984389317793,0.0025539791553407347,0.0,1.0910724617034864e-33,0.056404921846040304,0.9435950781539597
density,0.0,202,0.6,0.5,0.09640354925072928,0.0021809028132425464,0.0,2.0052802179436033e-33,0.05708577537511634,0.9429142246248836
density,0.0,202,0.7000000000000001,0.5,0.09556749353102703,0.0018623241583092297,0.0,6.063533493996621e-34,0.057864367120169145,0.9421356328798308
density,0.0,202,0.8,0.5,0.09472206430184736,0.0015902823590133366,0.0,8.566612536346077e-34,0.05869321432384738,0.9413067856761527
density,0.0,202,0.9,0.5,0.09386806610723393,0.0013579794742527825,0.0,4.050028457119362e-34,0.05954119201964597,0.9404588079803541
density,0.0,202,1.0,0.5,0.09300660651568649,0.0011596105823848848,0.0,3.400330048580106e-34,0.0603883022615831,0.9396116977384169
density,0.0,202,1.1,0.5,0.09213900051353521,0.0009902187244169658,0.0,3.0310399771176223e-34,0.061201667320823716,0.9387983326791763
density,0.0,202,1.2,0.5,0.0912666909634264,0.0008455710365883116,0.0,1.9505850323848967e-34,0.06155645751302796,0.938443542486972
density,0.0,202,1.3,0.5,0.09039118331983728,0.0007220529770713166,0.0,1.2166655879930204e-34,0.06197383864466781,0.9380261613553321
density,0.0,202,1.4000000000000001,0.5,0.08951399304729221,0.000616578003666165,0.0,1.323130812850783e-34,0.062435580467437635,0.9375644195325623
density,0.0,202,1.5,0.5,0.08863660431015433,0.0005265104454619603,0.0,7.558042684973268e-35,0.06292862874517113,0.9370713712548289
density,0.0,202,1.6,0.5,0.08776043856147202,0.0004495996411358259,0.0,7.752634966418823e-35,0.06344371746603544,0.9365562825339646
density,0.0,202,1.7,0.5,0.08688683169748498,0.00038392369809891623,0.0,4.571515402281809e-35,0.06397435512548061,0.9360256448745194
density,0.0,202,1.8,0.5,0.08601701849090296,0.0003278414671096645,0.0,3.786636730176261e-35,0.06451608097090206,0.9354839190290979
density,0.0,202,1.9000000000000001,0.5,0.0851521230824388,0.00027995153226755324,0.0,3.295133943923894e-35,0.06506591723414962,0.9349340827658504
density,0.0,202,2.0,0.5,0.08429315439875798,0.00023905719160515745,0.0,3.763262032896087e-35,0.06562196447996829,0.9343780355200317
density,0.0,202,2.1,0.5,0.0834410054723479,0.00020413655319281322,0.0,2.7635067112366914e-35,0.0661831020357482,0.9338168979642518
density,0.0,202,2.2,0.5,0.08259645575829105,0.00017431699949972657,0.0,2.923714814384211e-35,0.06674876595811677,0.9332512340418833
density,0.0,202,2.3000000000000003,0.5,0.08176017566734965,0.0001488533819118948,0.0,2.7919092353194334e-35,0.06731878445774947,0.9326812155422506
density,0.0,202,2.4,0.5,0.0809327326576594,0.00012710940051858323,0.0,2.2180557071110812e-35,0.06789325605584759,0.9321067439441523
density,0.0,202,2.5,0.5,0.0801145983435988,0.0001085417038744655,0.0,1.6692387123661115e-35,0.0684724596110203,0.9315275403889798
density,0.0,202,2.6,0.5,0.07930615618654446,9.268631141289786e-05,0.0,2.2809223552986432e-35,0.06905678816681493,0.9309432118331851
density,0.0,202,2.7,0.5,0.07850770942621599,7.91470192255721e-05,0.0,1.0300099846745653e-35,0.06964670062858327,0.9303532993714168
density,0.0,202,2.8000000000000003,0.5,0.07771948899236719,6.758549948532498e-05,0.0,1.5031178956009927e-35,0.07024268679419438,0.9297573132058055
density,0.0,202,2.9,0.5,0.07694166120482332,5.771284611063439e-05,0.0,1.2357224501805414e-35,0.0708452423849329,0.9291547576150669
density,0.0,202,3.0,0.5,0.07617433512606653,4.9282355409875866e-05,0.0,9.924478398801794e-36,0.0714548515567213,0.9285451484432786
density,0.0,202,3.1,0.5,0.07541756947588678,4.208336130381533e-05,0.0,4.3111866242094613e-36,0.07207197499385531,0.9279280250061447
density,0.0,202,3.2,0.5,0.07467137905338406,3.593597107723798e-05,0.0,4.5861267174971794e-36,0.07269704215307363,0.9273029578469265
density,0.0,202,3.3000000000000003,0.5,0.07393574063922342,3.068657011356658e-05,0.0,5.670340465697333e-36,0.07333044657542787,0.9266695534245721
density,0.0,202,3.4,0.5,0.07321059837184246,2.6203983282124058e-05,0.0,5.456624721266572e-36,0.07397254344679458,0.9260274565532055
density,0.0,202,3.5,0.5,0.07249586860652661,2.23761970565185e-05,0.0,3.9285175996286276e-36,0.07462364878686728,0.9253763512131328
density,0.0,202,3.6,0.49999999999999994,0.07179144427699564,1.9107560454509718e-05,0.0,3.3114054160329005e-36,0.07528403979729384,0.9247159602027062
density,0.0,202,3.7,0.5,0.07109719878632423,1.6316394854789908e-05,0.0,3.222346700289705e-36,0.07595395601430324,0.9240460439856968
density,0.0,202,3.8000000000000003,0.5,0.07041298945844982,1.3932952963369059e-05,0.0,2.1107260057132867e-36,0.07663360099862393,0.9233663990013763
density,0.0,202,3.9,0.5,0.06973866058386133,1.1897675927011897e-05,0.0,1.8062466395295422e-36,0.07732314436236123,0.9226768556376388
density,0.0,202,4.0,0.5,0.0690740460938424,1.0159705041447993e-05,0.0,1.3351719965411733e-36,0.07802272398376922,0.9219772760162308
density,0.0,203,0.0,0.5,0.10124999999999998,0.005625,0.0,5.551115123125844e-17,0.050000000000000044,0.95
density,0.0,203,0.1,0.5,0.1004526100115066,0.004803319674256565,0.0,9.811617620835365e-33,0.05177654815332872,0.9482234518466712
density,0.0,203,0.2,0.5,0.09965556288042479,0.004101667536551147,0.0,5.551115123125784e-17,0.053570433342932676,0.9464295666570673
density,0.0,203,0.3,0.5,0.09885447701222613,0.003502510288991216,0.0,4.876206607713424e-33,0.054722157626820436,0.9452778423731796
density,0.0,203,0.4,0.5,0.09804637817068226,0.002990875836515121,0.0,2.775557561562892e-17,0.056334539716285215,0.9436654602837147
density,0.0,203,0.5,0.5,0.09722941584487191,0.0025539791553407356,0.0,5.551115123125784e-17,0.057826082879917695,0.9421739171200822
density,0.0,203,0.6,0.5,0.09640263781722877,0.0021809028132425464,0.0,2.775557561562892e-17,0.0586133355371779,0.9413866644628222
density,0.0,203,0.7000000000000001,0.5,0.09556580570287314,0.0018623241583092286,0.0,1.5261065328479883e-33,0.0600227664287106,0.9399772335712895
density,0.0,203,0.8,0.5,0.0947192406617915,0.0015902823590133366,0.0,5.650878363473005e-34,0.061532328484074875,0.9384676715159251
density,0.0,203,0.9,0.49999999999999994,0.09386369256141842,0.001357979474252783,0.0,5.013008068473469e-34,0.06286261238495483,0.9371373876150452
density,0.0,203,1.0,0.5,0.09300022841213279,0.0011596105823848853,0.0,3.2940813666880066e-34,0.06357647737763394,0.9364235226223661
density,0.0,203,1.1,0.5,0.09213013742729953,0.0009902187244169658,0.0,2.106921872514186e-34,0.06464655105452957,0.9353534489454705
density,0.0,203,1.2,0.5,0.09125485091650068,0.0008455710365883112,0.0,2.1658753563311125e-34,0.06593779909217642,0.9340622009078238
density,0.0,203,1.3,0.5,0.09037587564647634,0.0007220529770713162,0.0,1.662506879926328e-34,0.06729943220647613,0.9327005677935238
density,0.0,203,1.4000000000000001,0.5,0.08949473947151046,0.0006165780036661647,0.0,1.24814674983254e-34,0.06853807880442733,0.9314619211955728
density,0.0,203,1.5,0.5,0.08861294806546821,0.0005265104454619601,0.0,6.247046010736864e-35,0.06985040968733253,0.9301495903126675
density,0.0,203,1.6,0.5,0.0877319515637151,0.000449599641135826,0.0,7.379442319965169e-35,0.07120485532924536,0.9287951446707546
density,0.0,203,1.7,0.5,0.08685311989577922,0.00038392369809891634,0.0,8.558241772110152e-35,0.07243890185188173,0.9275610981481183
density,0.0,203,1.8,0.5,0.08597772558620084,0.00032784146710966453,0.0,7.65491528174083e-35,0.07338429714711125,0.9266157028528887
density,0.0,203,1.9000000000000001,0.5,0.08510693283199813,0.00027995153226755345,0.0,4.52558486219801e-35,0.07440239519321351,0.9255976048067864
density,0.0,203,2.0,0.5,0.0842417917301493,0.00023905719160515761,0.0,3.458673627610269e-35,0.07547100673062862,0.9245289932693714
density,0.0,203,2.1,0.5,0.08338323662096153,0.0002041365531928134,0.0,3.09591335517598e-35,0.0765737524312442,0.9234262475687558
density,0.0,203,2.2,0.49999999999999994,0.08253208762416683,0.0001743169994997266,0.0,2.040354544500099e-35,0.0776987659715995,0.9223012340284007
density,0.0,203,2.3000000000000003,0.49999999999999994,0.0816890545648873,0.00014885338191189486,0.0,2.1282558528681022e-35,0.0788376696952644,0.9211623303047356
density,0.0,203,2.4,0.5,0.08085474260828049,0.00012710940051858328,0.0,1.546585879100525e-35,0.07998476668830645,0.9200152333116935
density,0.0,203,2.5,0.5,0.08002965903852566,0.00010854170387446555,0.0,1.84609451828348e-35,0.08113640422281543,0.9188635957771846
density,0.0,203,2.6,0.5,0.07921422072558457,9.268631141289786e-05,0.0,2.7751582016088e-35,0.08229047270477763,0.9177095272952224
density,0.0,203,2.7,0.5,0.07840876191932014,7.914701922557212e-05,0.0,8.31784446955961e-36,0.0834460117118328,0.9165539882881671
density,0.0,203,2.8000000000000003,0.5,0.0776135420939565,6.758549948532498e-05,0.0,8.571222596837938e-36,0.08460290068132448,0.9153970993186755
density,0.0,203,2.9,0.5,0.07682875363643804,5.771284611063439e-05,0.0,8.118755380432093e-36,0.08576161656230252,0.9142383834376974
density,0.0,203,3.0,0.5,0.07605452923063674,4.928235540987585e-05,0.0,4.238073528650119e-36,0.08692304450416616,0.9130769554958338
density,0.0,203,3.1,0.5,0.07529094883665957,4.208336130381534e-05,0.0,6.448715673434916e-36,0.08808833061456878,0.9119116693854312
density,0.0,203,3.2,0.5,0.07453804620203668,3.5935971077237984e-05,0.0,4.071809752559487e-36,0.08925876814264622,0.9107412318573538
density,0.0,203,3.3000000000000003,0.5,0.07379581487071268,3.0686570113566596e-05,0.0,4.2223719123545426e-36,0.0904357102635423,0.9095642897364576
density,0.0,203,3.4,0.5,0.07306421367787402,2.620398328212409e-05,0.0,4.218174232189642e-36,0.09162050406388206,0.908379495936118
density,0.0,203,3.5,0.5,0.07234317173496944,2.237619705651854e-05,0.0,2.2259218618635505e-36,0.09281444144110018,0.9071855585588999
density,0.0,203,3.6,0.5,0.07163259292094099,1.9107560454509752e-05,0.0,1.8119236884341735e-36,0.09401872350048923,0.9059812764995108
density,0.0,203,3.7,0.5,0.07093235990363986,1.6316394854789935e-05,0.0,1.841394532700817e-36,0.0952344357162212,0.9047655642837789
density,0.0,203,3.8000000000000003,0.5,0.07024233772047386,1.393295296336909e-05,0.0,1.5743260855760378e-36,0.09646253165865526,0.9035374683413447
density,0.0,203,3.9,0.5,0.06956237695020082,1.189767592701192e-05,0.0,1.925630053851791e-36,0.09759955784056534,0.9024004421594346
density,0.0,203,4.0,0.5,0.06889231650899771,1.0159705041448013e-05,0.0,1.2843537593649852e-36,0.09861765843372167,0.9013823415662783
density,4.0,200,0.0,0.5,0.10124999999999998,0.005625,0.0,1.3877787807814509e-16,0.050000000000000044,0.95
density,4.0,200,0.1,0.5,0.1004526144050217,0.004705659954530277,0.00010246337302030251,8.326672695351542e-17,0.05177239467326389,0.9482276053267361
density,4.0,200,0.2,0.5,0.09965569018031509,0.003767314955321571,0.00036843304564430354,3.2461217181395817e-22,0.05353999871980361,0.9464600012801964
density,4.0,200,0.3,0.5,0.09885535883444009,0.002868451152272671,0.0007355593475374324,2.776648138312464e-17,0.05477242731523961,0.9452275726847605
density,4.0,200,0.4,0.5,0.09804976279003372,0.002056311850979874,0.0011452884588630042,1.711984497909963e-20,0.05634551075756186,0.9436544892424382
density,4.0,200,0.5,0.5,0.0972387960219956,0.0013648175630048968,0.0015468293759221072,7.115722748652528e-20,0.05793894308484971,0.9420610569151504
density,4.0,200,0.6,0.5,0.0964237612986399,0.0008140792277055672,0.0018996792735149932,3.5497267466331826e-18,0.05915008093026439,0.9408499190697356
density,4.0,200,0.7000000000000001,0.5,0.09560697342539458,0.000411195273940584,0.002174800095380065,3.5762032380039654e-18,0.06022572771383845,0.9397742722861615
density,4.0,200,0.8,0.5,0.09479134608613143,0.00015195674335841678,0.0023546637785780565,1.3881629160742265e-17,0.06148465755815473,0.9385153424418453
density,4.0,200,0.9,0.49999999999999994,0.09398000086948188,2.3095739494856038e-05,0.0024324329758709474,1.8518211456151175e-19,0.06278215710069904,0.9372178428993009
density,4.0,200,1.0,0.5,0.09317593100368009,4.768863103025386e-06,0.002410540528780785,1.93856261210301e-18,0.06407899220996255,0.9359210077900375
density,4.0,200,1.1,0.5,0.0923817415033481,7.304009810067398e-05,0.0022988985499754902,1.0481472491694617e-18,0.06541525990601657,0.9345847400939834
density,4.0,200,1.2,0.5,0.09159947504756104,0.00020219698612317162,0.002112926282076623,2.183074395893673e-19,0.0668873256296865,0.9331126743703135
density,4.0,200,1.3,0.5,0.09083052177407629,0.00036678999449428625,0.0018715469870668865,7.195582184755176e-18,0.0686268557642152,0.9313731442357849
density,4.0,200,1.4000000000000001,0.5,0.09007560298749873,0.0005433258095198441,0.0015952730078171965,2.800821113130342e-17,0.07025025237014475,0.9297497476298553
density,4.0,200,1.5,0.5,0.0893348140263818,0.0007115738491269232,0.001304474640328169,2.7818442259429846e-17,0.07123801363371715,0.9287619863662827
density,4.0,200,1.6,0.5,0.08860770982143287,0.0008554665469795917,0.0010179094599765159,2.786331446106566e-17,0.07212714055068872,0.9278728594493114
density,4.0,200,1.7,0.5,0.08789341718207086,0.0009635925896578348,0.000751570397808427,2.797937991527739e-20,0.07337055546826249,0.9266294445317375
density,4.0,200,1.8,0.5,0.08719075969227191,0.001029301248172708,0.0005178902136036977,5.431556723374518e-20,0.07520528632270382,0.9247947136772963
density,4.0,200,1.9000000000000001,0.5,0.08649838355575618,0.001050455910603122,0.00032531600444423076,2.789722464573593e-20,0.0776840684535862,0.9223159315464138
density,4.0,200,2.0,0.5,0.08581487531309168,0.0010288944989565408,0.00017824108143983653,3.796324990826585e-22,0.0786882795378889,0.9213117204621112
density,4.0,200,2.1,0.5,0.08513886478623692,0.0009696709715082781,7.725565116997388e-05,1.0528858320368152e-20,0.07953380821759698,0.920466191782403
density,4.0,200,2.2,0.5,0.08446910878274436,0.00088016270863208,1.965567039026821e-05,1.891133422476335e-20,0.08090903434992927,0.9190909656500706
density,4.0,200,2.3000000000000003,0.5,0.08380455300784517,0.0007691312114012376,1.340629342312921e-07,8.343636632872228e-21,0.08275890923804559,0.9172410907619546
density,4.0,200,2.4,0.5,0.0831443713260828,0.0006458176328180739,1.1572044916218479e-05,3.7996910973150924e-20,0.08499820239386734,0.9150017976061326
density,4.0,200,2.5,0.5,0.08248798301933634,0.0005191412411455782,4.58508279864364e-05,6.746136845998267e-20,0.08752195054881749,0.9124780494511825
density,4.0,200,2.6,0.5,0.0818350500076647,0.00039705027608725725,9.461416518425061e-05,2.4188164768279514e-20,0.09002552509713935,0.9099744749028607
density,4.0,200,2.7,0.5,0.0811854570980042,0.0002860537209243729,0.0001499277256932519,3.828953010432655e-20,0.09123705040685127,0.9087629495931488
density,4.0,200,2.8000000000000003,0.5,0.08053927914237408,0.00019094213521220188,0.00020479938400367248,3.5182315177836665e-20,0.0926936919879538,0.9073063080120463
density,4.0,200,2.9,0.5,0.07989673945971942,0.00011468813370220412,0.00025354262614209015,3.872645744400831e-20,0.09433422656218472,0.9056657734378152
density,4.0,200,3.0,0.5,0.07925816396673588,5.850374337220406e-05,0.00029198144452790675,3.288501161483867e-20,0.09610654627321663,0.9038934537267833
density,4.0,200,3.1,0.5,0.07862393517923177,2.2023215684393582e-05,0.0003175081054803548,3.853986948838939e-20,0.097970100823959,0.902029899176041
density,4.0,200,3.2,0.5,0.07799444964115487,3.575688636956708e-06,0.0003290145401785118,3.289355009612798e-20,0.09989645629196543,0.9001035437080345
density,4.0,200,3.3000000000000003,0.49999999999999994,0.07737008150665181,5.116937151797799e-07,0.0003267238955908359,2.871280467105982e-20,0.10186829999508154,0.8981317000049185
density,4.0,200,3.4,0.5,0.07675115405519545,9.54999153082567e-06,0.0003119513970940723,1.7782778034742107e-18,0.10387734723910111,0.896122652760899
density,4.0,200,3.5,0.5,0.07613791997385236,2.711569363820316e-05,0.00028682368803861834,1.0435520785334818e-17,0.10592164238364826,0.8940783576163516
density,4.0,200,3.6,0.5,0.0755305503885923,4.9646293301798686e-05,0.00025398381700089554,6.995683003645281e-18,0.10800271273011772,0.8919972872698823
density,4.0,200,3.7,0.5,0.07492913193341745,7.384844603120795e-05,0.00021630558683085157,2.08162483361399e-17,0.10982312947771639,0.8901768705222837
density,4.0,200,3.8000000000000003,0.5,0.07433367064532359,9.68946214067695e-05,0.000176636536464722,1.3891777271298155e-17,0.11138773570997801,0.888612264290022
density,4.0,200,3.9,0.5,0.073744101169579,0.00011655471921665297,0.00013758380955840893,2.776240938176741e-17,0.11291237704855553,0.8870876229514445
density,4.0,200,4.0,0.4999999999999999,0.07316029963707239,0.00013126311817986559,0.00010135194079233782,2.7775947520107073e-17,0.11442351968166656,0.8855764803183335
density,4.0,201,0.0,0.5,0.10124999999999998,0.005625,0.0,2.775557561562935e-17,0.050000000000000044,0.95
density,4.0,201,0.1,0.49999999999999994,0.10045261471429857,0.004705659954530279,0.0001024633730203026,1.3877801424495843e-17,0.05170959355989546,0.9482904064401045
density,4.0,201,0.2,0.5,0.09965569830965829,0.0037673149553215744,0.00036843304564430413,1.3879625668114558e-17,0.053282566343796176,0.9467174336562039
density,4.0,201,0.3,0.5,0.09885540902915332,0.002868451152272674,0.0007355593475374337,4.980187882993355e-22,0.054711903021076015,0.9452880969789239
density,4.0,201,0.4,0.5,0.09804993194626845,0.0020563118509798776,0.0011452884588630061,1.3805202105943838e-20,0.05600391940362083,0.9439960805963792
density,4.0,201,0.5,0.5,0.09723920226351296,0.0013648175630048974,0.001546829375922109,6.997683680420206e-18,0.05716942853447648,0.9428305714655234
density,4.0,201,0.6,0.5,0.0964245449737628,0.0008140792277055671,0.0018996792735149954,7.023349099228457e-18,0.057980462626172076,0.9420195373738279
density,4.0,201,0.7000000000000001,0.5,0.0956082685822087,0.00041119527394058375,0.002174800095380065,1.3136635114608313e-19,0.058623240539157066,0.941376759460843
density,4.0,201,0.8,0.5,0.09479325257491238,0.00015195674335841662,0.0023546637785780587,2.520669914939514e-19,0.05933050127365635,0.9406694987263436
density,4.0,201,0.9,0.5,0.09398256500087486,2.3095739494855923e-05,0.0024324329758709483,7.062490183453589e-18,0.0600939316792794,0.9399060683207204
density,4.0,201,1.0,0.5,0.0931791386187418,4.768863103025445e-06,0.0024105405287807866,1.1288992410239497e-19,0.06091588900352027,0.9390841109964798
density,4.0,201,1.1,0.5,0.09238552329806224,7.304009810067424e-05,0.002298898549975491,1.4149782337501706e-17,0.06180663839546033,0.9381933616045398
density,4.0,201,1.2,0.5,0.09160372109875722,0.0002021969861231721,0.0021129262820766236,1.4023943047675376e-17,0.06278230092434683,0.9372176990756532
density,4.0,201,1.3,0.5,0.09083510078401306,0.000366789994494287,0.0018715469870668878,3.742135526838562e-18,0.06383697333753696,0.936163026662463
density,4.0,201,1.4000000000000001,0.5,0.09008038169636884,0.000543325809519845,0.0015952730078171975,2.240583647768464e-19,0.06459859425420755,0.9354014057457926
density,4.0,201,1.5,0.5,0.08933967319036876,0.0007115738491269239,0.0013044746403281702,1.866553348023154e-19,0.0654054917190236,0.9345945082809765
density,4.0,201,1.6,0.5,0.08861255466927967,0.000855466546979593,0.001017909459976517,6.946189966173598e-20,0.06627674344346729,0.9337232565565329
density,4.0,201,1.7,0.5,0.08789818188507317,0.0009635925896578363,0.000751570397808428,4.010281792522228e-20,0.06723092472469988,0.9327690752753002
density,4.0,201,1.8,0.5,0.0871954067198702,0.00102930124817271,0.000517890213603699,4.5691006262248796e-20,0.06828538094679557,0.9317146190532045
density,4.0,201,1.9000000000000001,0.5,0.08650289958954681,0.0010504559106031242,0.00032531600444423185,5.054521047685708e-20,0.06945534429699506,0.9305446557030049
density,4.0,201,2.0,0.5,0.08581926558530015,0.0010288944989565426,0.00017824108143983712,2.776144297846959e-17,0.07075297590749427,0.9292470240925058
density,4.0,201,2.1,0.5,0.08514314739757554,0.0009696709715082805,7.72556511699743e-05,2.77615538482249e-17,0.07218644561170556,0.9278135543882945
density,4.0,201,2.2,0.5,0.08447330995757787,0.000880162708632082,1.9655670390268384e-05,1.7505562860614625e-20,0.07375917839441531,0.9262408216055847
density,4.0,201,2.3000000000000003,0.5,0.08380870360791706,0.0007691312114012396,1.340629342313018e-07,1.4009845276603572e-20,0.0754693919488933,0.9245306080511068
density,4.0,201,2.4,0.5,0.08314850445980068,0.0006458176328180754,1.157204491621842e-05,4.148116211379877e-20,0.07731001996854152,0.9226899800314584
density,4.0,201,2.5,0.5,0.0824921323431643,0.0005191412411455795,4.5850827986436334e-05,6.52485553853197e-21,0.07926906379214858,0.9207309362078514
density,4.0,201,2.6,0.5,0.08183924830890338,0.00039705027608725834,9.461416518425055e-05,4.144656302702076e-20,0.08133035052681599,0.918669649473184
density,4.0,201,2.7,0.5,0.0811897348948629,0.00028605372092437394,0.00014992772569325197,3.490094041654532e-18,0.08347461298325623,0.9165253870167438
density,4.0,201,2.8000000000000003,0.5,0.08054366323617282,0.0001909421352122026,0.0002047993840036726,3.984517782029076e-20,0.0856807600126598,0.9143192399873402
density,4.0,201,2.9,0.5,0.07990125154053249,0.0001146881337022046,0.00025354262614209026,4.27755817035434e-20,0.08792718512415064,0.9120728148758492
density,4.0,201,3.0,0.5,0.07926281946059557,5.85037433722043e-05,0.00029198144452790697,1.7585880823324032e-18,0.09019296934344671,0.9098070306565532
density,4.0,201,3.1,0.5,0.07862874252444144,2.2023215684393687e-05,0.00031750810548035523,3.4843628170398085e-18,0.09245886642610451,0.9075411335738955
density,4.0,201,3.2,0.5,0.07799941011435058,3.5756886369567375e-06,0.00032901454017851214,1.8019186428259087e-18,0.09470800482051911,0.9052919951794808
density,4.0,201,3.3000000000000003,0.5,0.07737518962038892,5.116937151797717e-07,0.0003267238955908365,8.894336108757057e-19,0.0969262896022925,0.9030737103977076
density,4.0,201,3.4,0.5,0.07675639845194446,9.549991530825653e-06,0.0003119513970940729,3.491932035948681e-18,0.09910252913617994,0.90089747086382
density,4.0,201,3.5,0.5,0.07614328467090298,2.711569363820318e-05,0.000286823688038619,6.963685317667777e-18,0.10122833946966321,0.8987716605303367
density,4.0,201,3.6,0.5,0.07553601619607306,4.9646293301798734e-05,0.00025398381700089624,6.964163672628726e-18,0.10329789273473419,0.8967021072652659
density,4.0,201,3.7,0.5,0.07493467787292957,7.384844603120804e-05,0.00021630558683085214,3.499267076212543e-18,0.10530062761960886,0.8946993723803911
density,4.0,201,3.8000000000000003,0.5,0.07433927523042594,9.689462140676965e-05,0.0001766365364647223,1.7412320801524725e-18,0.10722781482017303,0.8927721851798269
density,4.0,201,3.9,0.5,0.07374974345828603,0.00011655471921665315,0.0001375838095584093,1.7713566271617726e-18,0.10908784654952092,0.8909121534504792
density,4.0,201,4.0,0.5,0.073165960017436,0.00013126311817986575,0.00010135194079233803,3.487704976414433e-18,0.11088948310272989,0.8891105168972702
density,4.0,202,0.0,0.5,0.10124999999999998,0.005625000000000001,0.0,4.596510221765824e-31,0.050000000000000044,0.95
density,4.0,202,0.1,0.5,0.10045261468344127,0.004705659954530279,0.00010246337302030262,1.2555382017233028e-22,0.051748711168544036,0.948251288831456
density,4.0,202,0.2,0.5,0.09965569749857511,0.0037673149553215726,0.0003684330456443039,2.1200440674528663e-21,0.05344718005367525,0.9465528199463248
density,4.0,202,0.3,0.5,0.09885540402111243,0.002868451152272673,0.0007355593475374329,9.000472481884719e-21,0.05508683581909314,0.944913164180907
density,4.0,202,0.4,0.5,0.09804991506916577,0.0020563118509798767,0.0011452884588630048,2.775859627510716e-17,0.05609195455070672,0.9439080454492933
density,4.0,202,0.5,0.5,0.09723916173187194,0.0013648175630048974,0.0015468293759221077,8.323710177613242e-17,0.05665794121269494,0.9433420587873051
density,4.0,202,0.6,0.5,0.09642446678471178,0.0008140792277055678,0.0018996792735149941,1.3942313904929127e-17,0.057363987527763914,0.9426360124722359
density,4.0,202,0.7000000000000001,0.5,0.09560813936146512,0.00041119527394058413,0.0021748000953800643,1.1894742585115369e-19,0.05813797854367245,0.9418620214563276
density,4.0,202,0.8,0.5,0.09479306236018685,0.0001519567433584169,0.002354663778578057,2.2936395381288575e-19,0.05894125502717111,0.9410587449728289
density,4.0,202,0.9,0.5,0.09398230917164896,2.3095739494856072e-05,0.0024324329758709483,1.2438539389295743e-19,0.059759374374907685,0.9402406256250925
density,4.0,202,1.0,0.5,0.09317881858768551,4.768863103025376e-06,0.0024105405287807853,3.636967974665502e-18,0.06059551412886248,0.9394044858711377
density,4.0,202,1.1,0.5,0.09238514597979505,7.304009810067392e-05,0.002298898549975489,1.2203943737338057e-19,0.0614657861463942,0.9385342138536059
density,4.0,202,1.2,0.5,0.091603297460564,0.00020219698612317148,0.002112926282076623,1.6257649457271997e-19,0.062395799091941956,0.9376042009080581
density,4.0,202,1.3,0.49999999999999994,0.09083464392576843,0.00036678999449428625,0.0018715469870668868,2.80482827109229e-19,0.06341791011749187,0.9365820898825081
density,4.0,202,1.4000000000000001,0.5,0.09007990491370718,0.0005433258095198436,0.0015952730078171973,1.4040824850341927e-17,0.06456871864593022,0.9354312813540698
density,4.0,202,1.5,0.49999999999999994,0.089339188380517,0.0007115738491269228,0.0013044746403281695,1.2410476984954234e-19,0.06588647523003033,0.9341135247699697
density,4.0,202,1.6,0.5,0.08861207128778187,0.0008554665469795917,0.0010179094599765163,1.1180493713945737e-19,0.06740821264033044,0.9325917873596695
density,4.0,202,1.7,0.5,0.08789770649980888,0.000963592589657835,0.0007515703978084268,2.7813956547906953e-17,0.06819456381446773,0.9318054361855324
density,4.0,202,1.8,0.49999999999999994,0.08719494307534884,0.0010293012481727088,0.0005178902136036979,8.017450711643809e-20,0.06908600349195072,0.9309139965080493
density,4.0,202,1.9000000000000001,0.5,0.08650244901457584,0.0010504559106031225,0.0003253160044442312,2.777061260275135e-17,0.07012140446225285,0.9298785955377472
density,4.0,202,2.0,0.5,0.08581882755784843,0.0010288944989565408,0.00017824108143983653,2.77630378447265e-17,0.07131925964003338,0.9286807403599666
density,4.0,202,2.1,0.5,0.08514272011169391,0.0009696709715082787,7.725565116997394e-05,2.7759187191402494e-17,0.07269106792503494,0.9273089320749651
density,4.0,202,2.2,0.5,0.0844728907968017,0.0008801627086320811,1.9655670390268245e-05,4.6901303074916925e-20,0.07424026905305217,0.9257597309469479
density,4.0,202,2.3000000000000003,0.5,0.08380828949309996,0.0007691312114012385,1.3406293423129325e-07,2.777153571871847e-17,0.0759617961947094,0.9240382038052907
density,4.0,202,2.4,0.5,0.08314809208764147,0.0006458176328180748,1.1572044916218484e-05,2.776947970926279e-17,0.07784237804609836,0.9221576219539016
density,4.0,202,2.5,0.5,0.08249171835568095,0.0005191412411455789,4.585082798643643e-05,2.777868445295672e-17,0.07986160674795573,0.9201383932520444
density,4.0,202,2.6,0.5,0.0818388294348324,0.0003970502760872578,9.461416518425064e-05,1.3896959782910782e-17,0.08199366007362589,0.918006339926374
density,4.0,202,2.7,0.5,0.08118930808933288,0.0002860537209243735,0.00014992772569325205,1.9629800449412647e-17,0.08420945672727959,0.9157905432727205
density,4.0,202,2.8000000000000003,0.5,0.08054322582515511,0.0001909421352122023,0.00020479938400367272,6.99531266988075e-18,0.08647895871505046,0.9135210412849496
density,4.0,202,2.9,0.5,0.07990080135995908,0.00011468813370220442,0.0002535426261420905,4.4622416971751213e-20,0.08877332813554936,0.9112266718644506
density,4.0,202,3.0,0.5,0.0792623549713761,5.850374337220425e-05,0.0002919814445279071,3.7540879552472104e-20,0.09106669454025686,0.9089333054597432
density,4.0,202,3.1,0.49999999999999994,0.07862826288466707,2.2023215684393674e-05,0.000317508105480355,3.683112761783772e-20,0.09333737651278677,0.9066626234872132
density,4.0,202,3.2,0.5,0.07799891519664842,3.5756886369567383e-06,0.000329014540178512,1.7636285080241047e-18,0.09556850347210845,0.9044314965278915
density,4.0,202,3.3000000000000003,0.5,0.07737467997225389,5.116937151797708e-07,0.0003267238955908363,1.9075119475000305e-20,0.09774807777696386,0.9022519222230362
density,4.0,202,3.4,0.5,0.07675587520654317,9.549991530825648e-06,0.00031195139709407283,3.590938602271629e-18,0.09986858644330257,0.9001314135566976
density,4.0,202,3.5,0.5,0.07614274942286671,2.7115693638203167e-05,0.00028682368803861877,1.744907296682111e-18,0.1019216364076928,0.8980783635923072
density,4.0,202,3.6,0.5,0.07553547086001897,4.964629330179869e-05,0.000253983817000896,3.503401340763766e-18,0.10389503205528887,0.8961049679447112
density,4.0,202,3.7,0.5,0.07493412454192032,7.384844603120798e-05,0.0002163055868308519,1.733212050264432e-17,0.10580444066002254,0.8941955593399774
density,4.0,202,3.8000000000000003,0.5,0.07433871604821281,9.689462140676961e-05,0.00017663653646472223,3.2355711525215878e-21,0.10765069560098606,0.8923493043990138
density,4.0,202,3.9,0.5,0.07374918051429839,0.00011655471921665305,0.00013758380955840923,7.742518368886975e-21,0.10944689151493041,0.8905531084850696
density,4.0,202,4.0,0.5,0.07316539526840263,0.0001312631181798657,0.000101351940792338,1.3903884133712596e-17,0.11119560072241423,0.8888043992775857
density,4.0,203,0.0,0.5,0.10124999999999998,0.005625,0.0,5.551115123125844e-17,0.050000000000000044,0.95
density,4.0,203,0.1,0.5,0.1004526144262229,0.004705659954530277,0.00010246337302030258,5.551125694362306e-17,0.05177652256080629,0.9482234774391937
density,4.0,203,0.2,0.5,0.09965569073758872,0.0037673149553215705,0.000368433045644304,5.551289242012803e-17,0.053569437939292947,0.9464305620607072
density,4.0,203,0.3,0.5,0.09885536227533226,0.002868451152272672,0.0007355593475374333,1.3467232368765692e-20,0.054708468886670726,0.9452915311133293
density,4.0,203,0.4,0.5,0.0980497743858439,0.002056311850979874,0.0011452884588630044,1.8421508744498588e-20,0.05626184962779064,0.9437381503722093
density,4.0,203,0.5,0.5,0.09723882387021258,0.0013648175630048948,0.0015468293759221077,2.7797155757828625e-17,0.057800694133665356,0.9421993058663347
density,4.0,203,0.6,0.5,0.09642381502026587,0.0008140792277055659,0.0018996792735149937,2.78080851564015e-17,0.059062730018738394,0.9409372699812615
density,4.0,203,0.7000000000000001,0.5,0.09560706220954499,0.00041119527394058327,0.0021748000953800634,1.3825037096068755e-19,0.060037780030155044,0.939962219969845
density,4.0,203,0.8,0.5,0.09479147677763139,0.0001519567433584164,0.002354663778578056,1.3903742878811407e-17,0.06121087035824044,0.9387891296417596
density,4.0,203,0.9,0.5,0.0939801766429672,2.309573949485592e-05,0.0024324329758709465,7.044327469846099e-18,0.06244322742286734,0.9375567725771328
density,4.0,203,1.0,0.49999999999999994,0.09317615088854264,4.768863103025431e-06,0.002410540528780784,3.524508702397811e-18,0.0636964412382251,0.936303558761775
density,4.0,203,1.1,0.5,0.09238200074873598,7.304009810067413e-05,0.002298898549975488,1.6758381799286216e-19,0.06500741024377313,0.9349925897562269
density,4.0,203,1.2,0.5,0.0915997661181433,0.0002021969861231719,0.002112926282076621,1.3986151653169765e-17,0.06646656560034309,0.933533434399657
density,4.0,203,1.3,0.5,0.09083083566927608,0.0003667899944942867,0.0018715469870668857,7.178869748124993e-18,0.06819825913579798,0.9318017408642021
density,4.0,203,1.4000000000000001,0.5,0.09007593057223781,0.0005433258095198445,0.001595273007817196,3.469363562128786e-17,0.06969741094159754,0.9303025890584026
density,4.0,203,1.5,0.5,0.08933514712639068,0.0007115738491269232,0.0013044746403281684,1.9857516868324256e-17,0.07057879057994432,0.9294212094200558
density,4.0,203,1.6,0.5,0.08860804194005764,0.0008554665469795923,0.0010179094599765156,2.781205636498971e-17,0.07141113611698609,0.9285888638830141
density,4.0,203,1.7,0.5,0.08789374380669526,0.0009635925896578357,0.0007515703978084267,3.930939203077434e-17,0.0726934911685311,0.9273065088314689
density,4.0,203,1.8,0.5,0.08719107825014279,0.0010293012481727088,0.0005178902136036976,2.7809398764239783e-17,0.07454496715004211,0.9254550328499579
density,4.0,203,1.9000000000000001,0.5,0.08649869313388524,0.001050455910603122,0.00032531600444423066,2.778121100795347e-17,0.07701756233272877,0.9229824376672712
density,4.0,203,2.0,0.5,0.08581517627015255,0.0010288944989565404,0.0001782410814398363,2.7762587938152954e-17,0.07789094665548026,0.9221090533445196
density,4.0,203,2.1,0.5,0.08513915836304942,0.0009696709715082787,7.725565116997374e-05,3.925414496910724e-17,0.07877077839845753,0.9212292216015425
density,4.0,203,2.2,0.5,0.0844693967770121,0.0008801627086320808,1.9655670390268113e-05,2.777463126865727e-17,0.08015461560538588,0.919845384394614
density,4.0,203,2.3000000000000003,0.5,0.08380483753516807,0.000769131211401238,1.3406293423128266e-07,1.3894645934972013e-17,0.08199293731633771,0.9180070626836623
density,4.0,203,2.4,0.5,0.08314465465607157,0.0006458176328180743,1.1572044916218577e-05,2.7779613919353793e-17,0.0842071097214343,0.9157928902785658
density,4.0,203,2.5,0.5,0.08248826745917157,0.0005191412411455789,4.585082798643662e-05,2.7769851218877744e-17,0.08669894321516769,0.9133010567848323
density,4.0,203,2.6,0.5,0.08183533780494498,0.0003970502760872576,9.461416518425089e-05,1.390722316598972e-17,0.08934626069808776,0.9106537393019122
density,4.0,203,2.7,0.5,0.08118575034477989,0.0002860537209243732,0.00014992772569325235,1.650417184764629e-20,0.09073354383233766,0.9092664561676624
density,4.0,203,2.8000000000000003,0.5,0.08053957967589948,0.00019094213521220205,0.00020479938400367302,4.5975111679661063e-20,0.09220294150824865,0.9077970584917514
density,4.0,203,2.9,0.5,0.07989704876686837,0.0001146881337022042,0.0002535426261420906,7.197315462305706e-20,0.09385705098323566,0.9061429490167643
density,4.0,203,3.0,0.5,0.07925848310497655,5.850374337220409e-05,0.0002919814445279071,4.43089177272317e-20,0.09564659186586977,0.9043534081341302
density,4.0,203,3.1,0.5,0.07862426472701742,2.202321568439356e-05,0.00031750810548035523,2.0663651279915906e-20,0.09753247556653079,0.9024675244334692
density,4.0,203,3.2,0.5,0.07799478968600002,3.575688636956692e-06,0.0003290145401785117,8.990652045974716e-19,0.09948648963660593,0.9005135103633942
density,4.0,203,3.3000000000000003,0.5,0.07737043167238727,5.116937151797856e-07,0.0003267238955908361,1.7065053400371903e-20,0.10149051843255731,0.8985094815674426
density,4.0,203,3.4,0.5,0.07675151356325252,9.549991530825703e-06,0.00031195139709407267,3.8824099577537506e-18,0.10353471711005001,0.89646528288995
density,4.0,203,3.5,0.5,0.07613828772860193,2.7115693638203252e-05,0.0002868236880386187,3.490139521194302e-18,0.10561509925577865,0.8943849007442214
density,4.0,203,3.6,0.5,0.07553092507455167,4.9646293301798815e-05,0.0002539838170008959,6.953944040768465e-18,0.10773097080293087,0.8922690291970691
density,4.0,203,3.7,0.5,0.07492951211249871,7.384844603120809e-05,0.0002163055868308519,6.973565282590785e-18,0.10953665566995856,0.8904633443300415
density,4.0,203,3.8000000000000003,0.5,0.07433405484461217,9.689462140676972e-05,0.00017663653646472223,6.94030115353178e-18,0.11110212783175161,0.8888978721682483
density,4.0,203,3.9,0.5,0.0737444879534831,0.00011655471921665319,0.0001375838095584093,6.951554768736122e-18,0.1126553045815557,0.8873446954184443
density,4.0,203,4.0,0.5,0.07316068766117562,0.0001312631181798658,0.00010135194079233806,6.954214921173783e-18,0.11417143525601221,0.8858285647439879
density,-4.0,200,0.0,0.5,0.10125,0.0056250000000000015,0.0,6.938893903908082e-18,0.04999999999999999,0.95
density,-4.0,200,0.1,0.5,0.10045260952788021,0.00490233221103413,0.0,1.1904861559065062e-22,0.051771279747312965,0.9482287202526871
density,-4.0,200,0.2,0.5,0.09965543976312913,0.004455063544178073,0.0,8.84259353602787e-22,0.05335019234400531,0.9466498076559948
density,-4.0,200,0.3,0.5,0.09885356708918766,0.004222206761379585,0.0,7.638109163638896e-21,0.05478887875398179,0.9452111212460184
density,-4.0,200,0.4,0.5,0.09804276555057673,0.004166053619234437,0.0,2.393471147752569e-20,0.05613201726242628,0.9438679827375739
density,-4.0,200,0.5,0.5,0.09721903603389222,0.004265713310940764,0.0,5.562652239607206e-17,0.05749527079371443,0.9425047292062856
density,-4.0,200,0.6,0.5,0.09637824935304781,0.004512712649056923,0.0,5.579119262003371e-17,0.05892162101218121,0.9410783789878188
density,-4.0,200,0.7000000000000001,0.5,0.0955158571063383,0.004908009771914899,0.0,1.6653800916801123e-16,0.060145883379195644,0.9398541166208043
density,-4.0,200,0.8,0.5,0.09462664177116788,0.0054599363487071,0.0,2.2182730558171625e-16,0.06137424885129117,0.9386257511487087
density,-4.0,200,0.9,0.5,0.09370449028364933,0.006182696234652632,0.0,1.1135129456497818e-16,0.06262805563614024,0.93737194436386
density,-4.0,200,1.0,0.5,0.09274218689326073,0.007095120064186467,0.0,5.337279979366357e-19,0.06393265570415813,0.9360673442958418
density,-4.0,200,1.1,0.5,0.09173123433963265,0.008219416023967672,0.0,9.858474711278285e-19,0.06531612719230578,0.934683872807694
density,-4.0,200,1.2,0.5,0.09066173033108965,0.009579678737576001,0.0,2.1535056076160874e-18,0.06675869761000011,0.9332413023899998
density,-4.0,200,1.3,0.5,0.08952235195874914,0.01119993444036255,0.0,1.6664193253939058e-18,0.06818772367511389,0.9318122763248862
density,-4.0,200,1.4000000000000001,0.5,0.08830053633975105,0.013101528084437498,0.0,3.735234787390492e-18,0.06962614437051023,0.9303738556294898
density,-4.0,200,1.5,0.5,0.08698299032995004,0.015299716555198711,0.0,2.1988776981710886e-18,0.0711294688191976,0.9288705311808023
density,-4.0,200,1.6,0.5,0.08555670539046212,0.01779944261775942,0.0,3.2976493938205545e-17,0.07247098819052947,0.9275290118094706
density,-4.0,200,1.7,0.49999999999999994,0.08401066724369578,0.02059044226344564,0.0,1.2263343349677435e-16,0.07394137885089813,0.926058621149102
density,-4.0,200,1.8,0.49999999999999994,0.08233837849637146,0.023642084328713727,0.0,1.6831950325061127e-16,0.0752461314205014,0.9247538685794988
density,-4.0,200,1.9000000000000001,0.5,0.08054107956384135,0.026898629284074684,0.0,7.291301467225525e-17,0.0766268348470359,0.9233731651529642
density,-4.0,200,2.0,0.49999999999999994,0.07863110858373414,0.030275863648003096,0.0,1.2812036431301115e-16,0.07786163082709628,0.9221383691729038
density,-4.0,200,2.1,0.5,0.07663426581759639,0.03366022906731407,0.0,1.377350954633084e-16,0.07917556217164182,0.9208244378283581
density,-4.0,200,2.2,0.5,0.07458966682467455,0.03691152716403649,0.0,6.461459253885277e-17,0.08066955873331187,0.9193304412666882
density,-4.0,200,2.3000000000000003,0.5,0.07254589366300934,0.03986997770491564,0.0,4.704540436196078e-17,0.08195848359694431,0.9180415164030556
density,-4.0,200,2.4,0.49999999999999994,0.0705535916310631,0.04236782591071314,0.0,7.540996347695404e-17,0.08339714354281844,0.9166028564571814
density,-4.0,200,2.5,0.5,0.0686565646606474,0.04424487266747042,0.0,6.484314784093699e-17,0.08517719607628461,0.9148228039237154
density,-4.0,200,2.6,0.49999999999999994,0.0668846518649666,0.04536631591286626,0.0,2.840640600070436e-16,0.08663113711137424,0.9133688628886257
density,-4.0,200,2.7,0.5,0.06525108075538139,0.045640288477671084,0.0,6.495864549898568e-17,0.08835992100610895,0.911640078993891
density,-4.0,200,2.8000000000000003,0.5,0.06375472408013413,0.04503175365886363,0.0,1.1359419736166175e-16,0.08999100693675112,0.910008993063249
density,-4.0,200,2.9,0.49999999999999994,0.06238526833755245,0.04356943116809575,0.0,7.480930627098722e-17,0.09176404874960511,0.9082359512503949
density,-4.0,200,3.0,0.5,0.0611284006082235,0.041343555319632255,0.0,6.624554088703618e-17,0.09353409463424586,0.906465905365754
density,-4.0,200,3.1,0.5,0.05996910045799476,0.038494419372221714,0.0,2.8293241232187994e-16,0.09522659736886681,0.904773402631133
density,-4.0,200,3.2,0.5,0.058892868571904136,0.03519409091115673,0.0,3.785839911620225e-16,0.0972916784198982,0.9027083215801017
density,-4.0,200,3.3000000000000003,0.5,0.057885845313831154,0.03162536072305864,0.0,1.4983139405426795e-16,0.09930557095132996,0.9006944290486701
density,-4.0,200,3.4,0.5,0.05693482019579113,0.027962241082592827,0.0,3.9644586851931914e-16,0.10113302374845178,0.8988669762515483
density,-4.0,200,3.5,0.49999999999999994,0.05602758930094559,0.02435523171778608,0.0,3.369777854489467e-16,0.1032342116225151,0.896765788377485
density,-4.0,200,3.6,0.5,0.055153597098234364,0.020922785519982688,0.0,3.9349699592860385e-16,0.10543195152412674,0.8945680484758732
density,-4.0,200,3.7,0.5,0.0543045613524288,0.017748713489531796,0.0,1.5164890924774565e-16,0.10763486034198567,0.8923651396580143
density,-4.0,200,3.8000000000000003,0.5,0.05347479883950898,0.014884173861516112,0.0,8.853675954284042e-17,0.10958810409797143,0.8904118959020286
density,-4.0,200,3.9,0.5,0.05266113021553891,0.0123525019544717,0.0,9.592454092542435e-17,0.11173952378542606,0.8882604762145739
density,-4.0,200,4.0,0.49999999999999994,0.05186242446223683,0.0101552821134887,0.0,5.1870921423598364e-17,0.11398499850157619,0.8860150014984238
density,-4.0,201,0.0,0.5,0.10125,0.0056250000000000015,0.0,2.0816681711721617e-17,0.04999999999999999,0.95
density,-4.0,201,0.1,0.5,0.10045260983993218,0.00490233221103413,0.0,2.081663554257213e-17,0.05170999195662564,0.9482900080433744
density,-4.0,201,0.2,0.5,0.09965544853822134,0.00445506354417807,0.0,1.3878635002770522e-17,0.053289848277074336,0.9467101517229257
density,-4.0,201,0.3,0.5,0.09885362682702686,0.0042222067613795836,0.0,1.3877838779192144e-17,0.05430810013968136,0.9456918998603187
density,-4.0,201,0.4,0.49999999999999994,0.09804299518796156,0.0041660536192344375,0.0,1.3857369450501505e-17,0.05517895129455966,0.9448210487054405
density,-4.0,201,0.5,0.5,0.09721968589164318,0.0042657133109407636,0.0,2.081626614731963e-17,0.056065148557162506,0.9439348514428375
density,-4.0,201,0.6,0.5,0.09637977211434656,0.004512712649056921,0.0,1.3992448524328086e-17,0.05695662945219956,0.9430433705478006
density,-4.0,201,0.7000000000000001,0.5,0.09551900082101611,0.004908009771914898,0.0,1.4088581537890496e-17,0.05752129688480524,0.9424787031151948
density,-4.0,201,0.8,0.5,0.09463257188955333,0.005459936348707098,0.0,3.9937321105295655e-19,0.058057490149826155,0.9419425098501738
density,-4.0,201,0.9,0.5,0.09371494718484899,0.006182696234652641,0.0,1.423938165334095e-17,0.05867991695876916,0.9413200830412308
density,-4.0,201,1.0,0.5,0.09275968261656994,0.007095120064186474,0.0,5.136649495805616e-19,0.05904432857038072,0.9409556714296192
density,-4.0,201,1.1,0.5,0.09175928587807967,0.008219416023967682,0.0,1.4733767059149952e-17,0.059520293220181875,0.9404797067798182
density,-4.0,201,1.2,0.5,0.09070511504014274,0.009579678737576003,0.0,1.128611054986396e-16,0.059858039661504686,0.9401419603384954
density,-4.0,201,1.3,0.5,0.0895873515022424,0.011199934440362554,0.0,2.3961326885453224e-18,0.06026968416924047,0.9397303158307597
density,-4.0,201,1.4000000000000001,0.5,0.08839510828246477,0.013101528084437503,0.0,1.115422980232656e-16,0.06068357564910282,0.9393164243508971
density,-4.0,201,1.5,0.5,0.08711677286291039,0.015299716555198715,0.0,1.376118057070133e-16,0.06108458570107361,0.9389154142989266
density,-4.0,201,1.6,0.5,0.08574072749247375,0.017799442617759443,0.0,4.487571924746163e-16,0.06154255141951631,0.9384574485804836
density,-4.0,201,1.7,0.5,0.08425661694943631,0.02059044226344569,0.0,2.1856052497355588e-16,0.06205704664704825,0.9379429533529519
density,-4.0,201,1.8,0.5,0.08265729394418025,0.02364208432871378,0.0,3.345465381876524e-16,0.06271497626206901,0.937285023737931
density,-4.0,201,1.9000000000000001,0.5,0.08094138751970292,0.02689862928407473,0.0,3.4502312413900936e-16,0.063434173930484,0.936565826069516
density,-4.0,201,2.0,0.5,0.07911604575259573,0.030275863648003117,0.0,4.400868542228275e-17,0.06420215222281778,0.9357978477771823
density,-4.0,201,2.1,0.5,0.07719885660526664,0.033660229067314106,0.0,4.493681419792164e-16,0.06501192592925797,0.934988074070742
density,-4.0,201,2.2,0.49999999999999994,0.07521755112767417,0.03691152716403653,0.0,4.720269543279955e-16,0.06562976900383127,0.9343702309961688
density,-4.0,201,2.3000000000000003,0.5,0.07320635930042549,0.03986997770491564,0.0,2.5016811936364126e-16,0.06625898919725776,0.9337410108027424
density,-4.0,201,2.4,0.5,0.07119918467163464,0.042367825910713114,0.0,2.431555959391577e-16,0.0671662096326684,0.9328337903673315
density,-4.0,201,2.5,0.5,0.0692217307492761,0.04424487266747035,0.0,2.399831852207101e-16,0.06756665904161763,0.9324333409583824
density,-4.0,201,2.6,0.5,0.06728612356317623,0.04536631591286616,0.0,2.799476367237761e-16,0.06929623621909126,0.9307037637809086
density,-4.0,201,2.7,0.5,0.06539109222164385,0.045640288477671015,0.0,2.2940218358482657e-16,0.07154678125623298,0.928453218743767
density,-4.0,201,2.8000000000000003,0.5,0.06352812084040256,0.045031753658863555,0.0,2.551697632940921e-16,0.07533236884921357,0.9246676311507864
density,-4.0,201,2.9,0.5,0.061690524544907865,0.043569431168095675,0.0,7.328722719423222e-17,0.07975552307656919,0.9202444769234308
density,-4.0,201,3.0,0.5,0.059880485346462384,0.041343555319632144,0.0,8.748422891308804e-17,0.08636926245403403,0.913630737545966
density,-4.0,201,3.1,0.5,0.05811037246696653,0.03849441937222161,0.0,1.580164004454107e-16,0.09205631248116675,0.9079436875188331
density,-4.0,201,3.2,0.5,0.05639839546597861,0.03519409091115666,0.0,3.740221107402745e-17,0.10193878797386996,0.8980612120261302
density,-4.0,201,3.3000000000000003,0.5,0.05476190821347847,0.03162536072305861,0.0,8.686612688944234e-17,0.11303613167116541,0.8869638683288346
density,-4.0,201,3.4,0.5,0.05321221282738743,0.02796224108259282,0.0,1.9127093796033924e-16,0.12173960380547597,0.8782603961945241
density,-4.0,201,3.5,0.5,0.05175282780148344,0.024355231717786065,0.0,1.2256323590037238e-16,0.13222568374661162,0.8677743162533884
density,-4.0,201,3.6,0.5,0.050380856545192636,0.02092278551998266,0.0,5.506577213079053e-17,0.13740453301923328,0.862595466980767
density,-4.0,201,3.7,0.49999999999999994,0.049089832718554244,0.017748713489531782,0.0,3.073343259618349e-17,0.14097564413481195,0.859024355865188
density,-4.0,201,3.8000000000000003,0.5,0.047872443092604196,0.01488417386151611,0.0,7.636780418969809e-17,0.1441119405774362,0.8558880594225637
density,-4.0,201,3.9,0.5,0.04672225331333034,0.012352501954471698,0.0,2.8846578154609287e-17,0.14709085879726352,0.8529091412027365
density,-4.0,201,4.0,0.5,0.04563432783845822,0.01015528211348871,0.0,9.740164422985813e-17,0.15007016451928074,0.8499298354807192
density,-4.0,202,0.0,0.5,0.10125,0.005625000000000002,0.0,3.469446951953589e-17,0.04999999999999999,0.95
density,-4.0,202,0.1,0.5,0.100452609808798,0.004902332211034129,0.0,4.619105577949303e-17,0.05174892848442235,0.9482510715155776
density,-4.0,202,0.2,0.5,0.09965544766271026,0.004455063544178071,0.0,4.483263667064143e-17,0.05318676049531339,0.9468132395046867
density,-4.0,202,0.3,0.5,0.09885362086684651,0.004222206761379587,0.0,4.856597370632176e-17,0.054203254646930626,0.9457967453530693
density,-4.0,202,0.4,0.49999999999999994,0.09804297227651691,0.004166053619234444,0.0,2.0789617154422464e-17,0.05539093586290297,0.9446090641370971
density,-4.0,202,0.5,0.49999999999999994,0.09721962105385604,0.004265713310940776,0.0,3.11144553566275e-17,0.05620969271343751,0.9437903072865625
density,-4.0,202,0.6,0.5,0.09637962018498554,0.004512712649056935,0.0,5.009424278540298e-17,0.05695648255430704,0.943043517445693
density,-4.0,202,0.7000000000000001,0.5,0.09551868716544679,0.004908009771914912,0.0,2.8021281906910256e-17,0.05777309193664433,0.9422269080633556
density,-4.0,202,0.8,0.5,0.09463198022814343,0.005459936348707116,0.0,2.8007350904766e-17,0.05827366149351666,0.9417263385064835
density,-4.0,202,0.9,0.5,0.09371390387601361,0.006182696234652656,0.0,2.128429319358378e-19,0.058908031794166454,0.9410919682058335
density,-4.0,202,1.0,0.5,0.09275793702843055,0.007095120064186492,0.0,2.835945315989328e-17,0.0593741340397064,0.9406258659602937
density,-4.0,202,1.1,0.5,0.09175648711223602,0.008219416023967703,0.0,2.876440172788855e-17,0.05980314778150156,0.9401968522184985
density,-4.0,202,1.2,0.5,0.09070078644896545,0.009579678737576033,0.0,2.9083358030799095e-17,0.06025191791652901,0.939748082083471
density,-4.0,202,1.3,0.5,0.08958086634983198,0.011199934440362583,0.0,2.9161623552599175e-17,0.060674703087280624,0.9393252969127194
density,-4.0,202,1.4000000000000001,0.5,0.08838567262446946,0.013101528084437538,0.0,2.6815217077986014e-18,0.06107305485010983,0.9389269451498903
density,-4.0,202,1.5,0.5,0.0871034250750726,0.015299716555198753,0.0,1.6385248516927203e-18,0.06148516199041987,0.9385148380095802
density,-4.0,202,1.6,0.5,0.0857223671884732,0.01779944261775948,0.0,8.051291872616244e-18,0.061973234129080845,0.9380267658709192
density,-4.0,202,1.7,0.5,0.0842320779874482,0.020590442263445696,0.0,8.702704114150826e-18,0.06237443941106535,0.9376255605889346
density,-4.0,202,1.8,0.5,0.0826254750240167,0.023642084328713786,0.0,1.4882054300462287e-17,0.06286782333401009,0.9371321766659899
density,-4.0,202,1.9000000000000001,0.5,0.0809014478837401,0.026898629284074743,0.0,4.0393764667699716e-17,0.06341223062830115,0.9365877693716989
density,-4.0,202,2.0,0.5,0.07906766246741362,0.030275863648003176,0.0,3.9915234003808495e-17,0.06386941111997851,0.9361305888800214
density,-4.0,202,2.1,0.5,0.07714252609722341,0.033660229067314154,0.0,1.2040425357418925e-16,0.06443991908297142,0.9355600809170286
density,-4.0,202,2.2,0.5,0.07515490568153392,0.03691152716403659,0.0,1.2696984436110325e-16,0.06500781979434478,0.9349921802056553
density,-4.0,202,2.3000000000000003,0.5,0.07314046314038684,0.03986997770491571,0.0,1.0571488731109122e-17,0.06593470985607575,0.9340652901439243
density,-4.0,202,2.4,0.5,0.07113477238443708,0.042367825910713225,0.0,3.088979347264862e-17,0.06653563029528653,0.9334643697047136
density,-4.0,202,2.5,0.5,0.06916534284214679,0.044244872667470486,0.0,9.938923605079582e-17,0.06811666134221228,0.9318833386577876
density,-4.0,202,2.6,0.5,0.06724606781799047,0.04536631591286628,0.0,4.5496782992560983e-17,0.07059307805884374,0.9294069219411563
density,-4.0,202,2.7,0.5,0.06537712295895168,0.04564028847767114,0.0,7.279350850243642e-17,0.07396925209956406,0.9260307479004359
density,-4.0,202,2.8000000000000003,0.5,0.06355072956143884,0.045031753658863666,0.0,1.0953605519437397e-16,0.07789185314473246,0.9221081468552677
density,-4.0,202,2.9,0.5,0.061759840714519135,0.043569431168095786,0.0,1.234432131498075e-16,0.08209078935668834,0.9179092106433117
density,-4.0,202,3.0,0.5,0.060004992692710986,0.04134355531963227,0.0,1.4407443696054113e-16,0.08871832468373259,0.9112816753162675
density,-4.0,202,3.1,0.5,0.05829582198958433,0.038494419372221714,0.0,1.2568395047153128e-16,0.09574932546323117,0.9042506745367689
density,-4.0,202,3.2,0.5,0.056647274725832565,0.03519409091115674,0.0,1.3517354550643922e-16,0.10307301396954849,0.8969269860304516
density,-4.0,202,3.3000000000000003,0.5,0.05507359052888182,0.03162536072305863,0.0,9.054171784020142e-17,0.11419837243138303,0.885801627568617
density,-4.0,202,3.4,0.5,0.05358362583816502,0.02796224108259282,0.0,1.6798152627500304e-16,0.11898801448257423,0.8810119855174258
density,-4.0,202,3.5,0.5,0.05217933048676457,0.024355231717786065,0.0,9.580113180990061e-17,0.12257265258427336,0.8774273474157267
density,-4.0,202,3.6,0.49999999999999994,0.05085704373418053,0.020922785519982667,0.0,9.24138062911149e-17,0.12652735367536844,0.8734726463246314
density,-4.0,202,3.7,0.5,0.0496101180644478,0.017748713489531772,0.0,1.4723353171407566e-16,0.13058311102524145,0.8694168889747584
density,-4.0,202,3.8000000000000003,0.5,0.04843140287790591,0.014884173861516095,0.0,8.166695357765365e-17,0.13410162239058354,0.8658983776094162
density,-4.0,202,3.9,0.5,0.04731478858030724,0.01235250195447168,0.0,4.629364585909352e-17,0.13808237818196717,0.8619176218180331
density,-4.0,202,4.0,0.5,0.04625571921539626,0.010155282113488689,0.0,3.239072371169045e-17,0.1424140045245852,0.8575859954754148
density,-4.0,203,0.0,0.5,0.10125,0.0056250000000000015,0.0,2.775557561562999e-17,0.04999999999999999,0.95
density,-4.0,203,0.1,0.5,0.1004526095492716,0.00490233221103413,0.0,1.584724445889571e-22,0.05177370530361981,0.9482262946963801
density,-4.0,203,0.2,0.5,0.09965544036466958,0.004455063544178076,0.0,2.4244686926709447e-21,0.053326491720349936,0.9466735082796501
density,-4.0,203,0.3,0.5,0.09885357118426974,0.004222206761379592,0.0,2.7760484150856753e-17,0.054726109288389654,0.9452738907116104
density,-4.0,203,0.4,0.49999999999999994,0.09804278129242366,0.004166053619234446,0.0,2.7776390699401405e-17,0.05602309133343449,0.9439769086665656
density,-4.0,203,0.5,0.5,0.09721908058221876,0.004265713310940774,0.0,5.564421776278207e-20,0.05739679903285856,0.9426032009671415
density,-4.0,203,0.6,0.5,0.09637835373968812,0.004512712649056935,0.0,2.7943643025394017e-17,0.05871347411253766,0.9412865258874623
density,-4.0,203,0.7000000000000001,0.49999999999999994,0.09551607261077297,0.004908009771914914,0.0,2.781233336318741e-17,0.05986782693561775,0.9401321730643823
density,-4.0,203,0.8,0.5,0.09462704828605245,0.005459936348707117,0.0,2.778201045486468e-17,0.06100269553958801,0.938997304460412
density,-4.0,203,0.9,0.5,0.09370520711351815,0.00618269623465266,0.0,5.606339034508606e-17,0.06216940509325919,0.9378305949067407
density,-4.0,203,1.0,0.5,0.09274338624063966,0.007095120064186499,0.0,9.605707149871954e-19,0.0633898392774209,0.9366101607225794
density,-4.0,203,1.1,0.5,0.09173315729751869,0.00821941602396771,0.0,1.756760645285441e-18,0.0646567211464327,0.9353432788535672
density,-4.0,203,1.2,0.5,0.09066470439144514,0.009579678737576043,0.0,1.4908188162546335e-18,0.06598162246469286,0.934018377535307
density,-4.0,203,1.3,0.49999999999999994,0.08952680773521146,0.011199934440362595,0.0,1.4259897324238793e-18,0.0673990910161214,0.9326009089838785
density,-4.0,203,1.4000000000000001,0.5,0.08830701933045655,0.013101528084437555,0.0,2.164297515000024e-18,0.06879326983312928,0.9312067301668707
density,-4.0,203,1.5,0.49999999999999994,0.08699216124145777,0.015299716555198784,0.0,5.86276850721467e-17,0.07023557182328316,0.9297644281767168
density,-4.0,203,1.6,0.5,0.08556932026906883,0.017799442617759512,0.0,2.4404923852075053e-18,0.07155902061012087,0.928440979389879
density,-4.0,203,1.7,0.5,0.08402752731456409,0.020590442263445745,0.0,4.2257046136619734e-18,0.07315199305560438,0.9268480069443956
density,-4.0,203,1.8,0.5,0.08236024043369256,0.023642084328713838,0.0,5.647502152485725e-18,0.07430326522187086,0.9256967347781291
density,-4.0,203,1.9000000000000001,0.5,0.08056852102991097,0.026898629284074813,0.0,1.1936323316192341e-16,0.07579760195262807,0.9242023980473719
density,-4.0,203,2.0,0.5,0.07866435145755254,0.030275863648003234,0.0,6.435190183355934e-17,0.07711759259111223,0.9228824074088879
density,-4.0,203,2.1,0.5,0.07667296901776052,0.03366022906731421,0.0,2.249045986659904e-16,0.0782130251521967,0.9217869748478033
density,-4.0,203,2.2,0.5,0.07463270885155412,0.03691152716403662,0.0,2.231393408315407e-16,0.07960193317500192,0.9203980668249981
density,-4.0,203,2.3000000000000003,0.5,0.07259116916931349,0.03986997770491572,0.0,2.3177343771825986e-16,0.08104288979244259,0.9189571102075574
density,-4.0,203,2.4,0.5,0.07059784760763843,0.04236782591071321,0.0,1.7857702021564465e-16,0.08241875119893917,0.9175812488010608
density,-4.0,203,2.5,0.5,0.06869530729820338,0.04424487266747042,0.0,2.4387045386975133e-16,0.0842146893300238,0.9157853106699761
density,-4.0,203,2.6,0.49999999999999994,0.06691217310660813,0.04536631591286623,0.0,1.0053335895883216e-16,0.08574239991128757,0.9142576000887125
density,-4.0,203,2.7,0.5,0.06526067866580158,0.04564028847767106,0.0,4.018148050442484e-17,0.08731897756545914,0.9126810224345409
density,-4.0,203,2.8000000000000003,0.5,0.06373919022670173,0.045031753658863596,0.0,1.849021730422292e-16,0.0888837948434141,0.911116205156586
density,-4.0,203,2.9,0.5,0.062337643033250095,0.043569431168095724,0.0,2.623750098756321e-16,0.09104445259138526,0.9089555474086146
density,-4.0,203,3.0,0.5,0.061042854908190836,0.041343555319632214,0.0,2.5439466412581124e-16,0.09270175798721357,0.9072982420127863
density,-4.0,203,3.1,0.5,0.05984168300263122,0.038494419372221644,0.0,2.637672365670854e-16,0.09475623149787635,0.9052437685021235
density,-4.0,203,3.2,0.5,0.058721870224020915,0.035194090911156654,0.0,2.674922885058811e-16,0.09673001555717564,0.9032699844428242
density,-4.0,203,3.3000000000000003,0.5,0.05767169664981758,0.031625360723058576,0.0,1.0431766176720922e-16,0.09875186471936287,0.9012481352806372
density,-4.0,203,3.4,0.5,0.05667963215295209,0.02796224108259277,0.0,7.46922359046648e-17,0.10082766754515166,0.8991723324548484
density,-4.0,203,3.5,0.5,0.05573455060180409,0.024355231717786016,0.0,3.09494176662535e-17,0.10309957278479112,0.8969004272152091
density,-4.0,203,3.6,0.49999999999999994,0.054826421492489036,0.020922785519982612,0.0,8.665431986019484e-17,0.10546925651742783,0.8945307434825722
density,-4.0,203,3.7,0.5,0.05394708707101253,0.017748713489531734,0.0,7.0031560962569e-17,0.10769946445058481,0.8923005355494151
density,-4.0,203,3.8000000000000003,0.5,0.05309075237506716,0.014884173861516062,0.0,7.479041524066433e-17,0.10991231616018654,0.8900876838398135
density,-4.0,203,3.9,0.5,0.05225401492688405,0.012352501954471646,0.0,3.7498534272020203e-17,0.11213237340549925,0.8878676265945005
density,-4.0,203,4.0,0.5,0.05143548290468116,0.010155282113488661,0.0,5.572899515058403e-17,0.11430334752007489,0.8856966524799248
thermal,0.0,200,0.0,0.5,0.10124999999999998,0.005625,0.0,1.3877787807814509e-16,0.050000000000000044,0.95
thermal,0.0,200,0.1,0.5,0.10045260999008085,0.004803319674256564,0.0,1.3877787807814457e-16,0.0517724046600719,0.9482275953399281
thermal,0.0,200,0.2,0.5,0.09965556230057351,0.004101667536551145,0.0,5.551115123125783e-17,0.05354023380889032,0.9464597661911097
thermal,0.0,200,0.3,0.5,0.09885447325534312,0.0035025102889912132,0.0,1.3161651860475188e-32,0.054785337475009514,0.9452146625249905
thermal,0.0,200,0.4,0.5,0.0980463646469458,0.002990875836515119,0.0,5.574512415755765e-33,0.056365700254583234,0.9436342997454169
thermal,0.0,200,0.5,0.5,0.0972293805630286,0.0025539791553407356,0.0,4.7647754971367746e-33,0.05786033197154128,0.9421396680284587
thermal,0.0,200,0.6,0.49999999999999994,0.09640256269240413,0.0021809028132425447,0.0,2.3403256767059905e-33,0.058817261802876025,0.941182738197124
thermal,0.0,200,0.7000000000000001,0.5,0.09556566658378879,0.0018623241583092275,0.0,2.1083332815341228e-33,0.06028559430063249,0.9397144056993675
thermal,0.0,200,0.8,0.5,0.09471900792351291,0.0015902823590133346,0.0,4.349062830044047e-34,0.061742092750702,0.938257907249298
thermal,0.0,200,0.9,0.5,0.09386333207229655,0.0013579794742527808,0.0,4.738875098752556e-34,0.06316436989314522,0.9368356301068548
thermal,0.0,200,1.0,0.5,0.09299970269751909,0.001159610582384883,0.0,3.4201915744755427e-34,0.06398954574802651,0.9360104542519735
thermal,0.0,200,1.1,0.5,0.09212940688821114,0.0009902187244169639,0.0,2.918315273258141e-34,0.06521285123492326,0.9347871487650767
thermal,0.0,200,1.2,0.5,0.09125387500169438,0.0008455710365883099,0.0,1.9324172949445762e-34,0.06657665672513494,0.9334233432748651
thermal,0.0,200,1.3,0.49999999999999994,0.09037461391287213,0.0007220529770713149,0.0,1.3250747115254887e-34,0.06794546582564615,0.932054534174354
thermal,0.0,200,1.4000000000000001,0.5,0.08949315249725305,0.0006165780036661637,0.0,1.001513396643757e-34,0.06927297148505498,0.9307270285149452
thermal,0.0,200,1.5,0.5,0.08861099820162135,0.0005265104454619594,0.0,7.727734338520616e-35,0.07063075705618752,0.9293692429438124
thermal,0.0,200,1.6,0.5,0.08772960352547964,0.0004495996411358254,0.0,8.288736842249415e-35,0.07194889716032676,0.9280511028396734
thermal,0.0,200,1.7,0.5,0.08685034120354679,0.00038392369809891574,0.0,7.148304279963948e-35,0.07327473426747824,0.9267252657325218
thermal,0.0,200,1.8,0.5,0.08597448687205445,0.00032784146710966393,0.0,4.703075933509964e-35,0.07451424066508894,0.9254857593349111
thermal,0.0,200,1.9000000000000001,0.5,0.0851032080296582,0.000279951532267553,0.0,3.7662384190273373e-35,0.07564078643602179,0.9243592135639782
thermal,0.0,200,2.0,0.5,0.08423755816679543,0.00023905719160515713,0.0,3.723397427785447e-35,0.07681715128234973,0.9231828487176504
thermal,0.0,200,2.1,0.5,0.08337847502856671,0.0002041365531928129,0.0,2.8905616649849735e-35,0.07802642678857047,0.9219735732114296
thermal,0.0,200,2.2,0.5,0.0825267820864841,0.0001743169994997262,0.0,2.481512055563354e-35,0.07925639362503678,0.9207436063749634
thermal,0.0,200,2.3000000000000003,0.5,0.08168319241439487,0.00014885338191189448,0.0,2.396803338246662e-35,0.08049845979721695,0.9195015402027831
thermal,0.0,200,2.4,0.5,0.08084831428545447,0.00012710940051858296,0.0,1.8185630822682604e-35,0.08174682065536182,0.9182531793446382
thermal,0.0,200,2.5,0.5,0.0800226579239223,0.00010854170387446525,0.0,2.418062475893527e-35,0.08299779538409224,0.9170022046159078
thermal,0.0,200,2.6,0.5,0.07920664295345975,9.268631141289761e-05,0.0,2.0605571036515422e-35,0.08424930365321087,0.9157506963467891
thermal,0.0,200,2.7,0.5,0.07840060617993794,7.914701922557189e-05,0.0,1.0630798777917062e-35,0.08550045347711044,0.9144995465228897
thermal,0.0,200,2.8000000000000003,0.5,0.07760480943035646,6.758549948532482e-05,0.0,1.2205809915035417e-35,0.08675121729800417,0.9132487827019957
thermal,0.0,200,2.9,0.5,0.07681944724023962,5.771284611063425e-05,0.0,8.509146306703877e-36,0.08800217809336325,0.9119978219066367
thermal,0.0,200,3.0,0.5,0.07604465424045032,4.928235540987573e-05,0.0,6.0064734774937874e-36,0.08925433111575903,0.910745668884241
thermal,0.0,200,3.1,0.49999999999999994,0.07528051214182682,4.2083361303815205e-05,0.0,5.2651097812471836e-36,0.09050892988653336,0.9094910701134665
thermal,0.0,200,3.2,0.5,0.07452705625372194,3.593597107723786e-05,0.0,5.172896578443709e-36,0.09176736743961283,0.9082326325603872
thermal,0.0,200,3.3000000000000003,0.5,0.07378428150179211,3.068657011356649e-05,0.0,4.9126767729663723e-36,0.09303108567850882,0.9069689143214913
thermal,0.0,200,3.4,0.5,0.07305214793260187,2.6203983282124e-05,0.0,4.1402969623099164e-36,0.0943015071746604,0.9056984928253395
thermal,0.0,200,3.5,0.5,0.07233058570902556,2.2376197056518452e-05,0.0,3.3455843816056e-36,0.09557998488477704,0.904420015115223
thermal,0.0,200,3.6,0.5,0.0716194996121643,1.9107560454509667e-05,0.0,2.424808069981139e-36,0.09673438213838711,0.9032656178616131
thermal,0.0,200,3.7,0.5,0.07091877307351771,1.6316394854789864e-05,0.0,2.479908966951804e-36,0.09788212848764,0.90211787151236
thermal,0.0,200,3.8000000000000003,0.5,0.07022827176627558,1.3932952963369017e-05,0.0,2.0739213565265052e-36,0.09903208590121601,0.9009679140987841
thermal,0.0,200,3.9,0.5,0.06954784678750586,1.189767592701186e-05,0.0,2.047277098857246e-36,0.10014990941139995,0.8998500905886
thermal,0.0,200,4.0,0.49999999999999994,0.06887733746426475,1.0159705041447959e-05,0.0,1.679137848507701e-36,0.10124873133874457,0.8987512686612554
thermal,0.0,201,0.0,0.5,0.10124999999999998,0.005625,0.0,2.775557561562935e-17,0.050000000000000044,0.95
thermal,0.0,201,0.1,0.5,0.10045261030263214,0.004803319674256562,0.0,1.3877787807814472e-17,0.05170980628230587,0.948290193717694
thermal,0.0,201,0.2,0.5,0.09965557075927131,0.004101667536551143,0.0,2.7755575615628926e-17,0.05328624657216901,0.9467137534278309
thermal,0.0,201,0.3,0.5,0.09885452805963543,0.00350251028899121,0.0,2.775557561562892e-17,0.054727693539902166,0.9452723064600979
thermal,0.0,201,0.4,0.5,0.09804656192719559,0.0029908758365151163,0.0,3.014624727108992e-33,0.05604284705655742,0.9439571529434425
thermal,0.0,201,0.5,0.49999999999999994,0.09722989524407782,0.0025539791553407334,0.0,1.97704893492857e-33,0.057070845290105365,0.9429291547098946
thermal,0.0,201,0.6,0.5,0.09640365859102973,0.002180902813242544,0.0,6.723077108963915e-34,0.05749064081450947,0.9425093591854904
thermal,0.0,201,0.7000000000000001,0.49999999999999994,0.09556769601166581,0.001862324158309226,0.0,1.056462271843771e-33,0.05798313035103928,0.9420168696489608
thermal,0.0,201,0.8,0.5,0.09472240304038598,0.0015902823590133344,0.0,7.234034883788258e-34,0.05851903256604972,0.9414809674339504
thermal,0.0,201,0.9,0.5,0.09386859078052406,0.0013579794742527803,0.0,4.8100828838649e-34,0.059079045528808584,0.9409209544711914
thermal,0.0,201,1.0,0.5,0.0930073716661427,0.001159610582384883,0.0,4.192171668268319e-34,0.059650645932468,0.940349354067532
thermal,0.0,201,1.1,0.5,0.09214006377543096,0.000990218724416964,0.0,2.5886736593808416e-34,0.06022592630748472,0.9397740736925153
thermal,0.0,201,1.2,0.5,0.09126811135700105,0.00084557103658831,0.0,2.1344395155955744e-34,0.060800121710746856,0.9391998782892531
thermal,0.0,201,1.3,0.5,0.09039301970790412,0.0007220529770713152,0.0,1.3451610725752131e-34,0.06137059911296316,0.938629400887037
thermal,0.0,201,1.4000000000000001,0.49999999999999994,0.08951630280632442,0.0006165780036661637,0.0,7.325809647778976e-35,0.06193616046783159,0.9380638395321684
thermal,0.0,201,1.5,0.5,0.08863944223623371,0.0005265104454619591,0.0,1.0016945949543494e-34,0.06249656044218576,0.9375034395578143
thermal,0.0,201,1.6,0.5,0.0877638560098003,0.0004495996411358252,0.0,8.1138284630003e-35,0.06305217221717732,0.9369478277828227
thermal,0.0,201,1.7,0.5,0.08689087594045389,0.0003839236980989157,0.0,5.785064174656834e-35,0.0636037560570131,0.9363962439429869
thermal,0.0,201,1.8,0.5,0.08602173227199822,0.000327841467109664,0.0,4.0905344219571985e-35,0.06415229951031129,0.9358477004896887
thermal,0.0,201,1.9000000000000001,0.5,0.08515754433978365,0.0002799515322675529,0.0,2.6324467626093026e-35,0.06469890767762379,0.9353010923223763
thermal,0.0,201,2.0,0.5,0.08429931613147094,0.00023905719160515705,0.0,3.696640389076833e-35,0.06524472852543839,0.9347552714745616
thermal,0.0,201,2.1,0.5,0.08344793572404666,0.00020413655319281285,0.0,6.923254517169622e-35,0.0657909027517121,0.934209097248288
thermal,0.0,201,2.2,0.5,0.08260417769425057,0.0001743169994997261,0.0,2.356164766384944e-35,0.06633853085569374,0.9336614691443064
thermal,0.0,201,2.3000000000000003,0.5,0.08176870772449343,0.0001488533819118945,0.0,1.8937446577997287e-35,0.06688865226164005,0.9331113477383601
thermal,0.0,201,2.4,0.5,0.08094208874938058,0.00012710940051858299,0.0,1.963251357612005e-35,0.06744223288049876,0.9325577671195013
thermal,0.0,201,2.5,0.5,0.08012478810415576,0.00010854170387446523,0.0,1.0077971817818333e-35,0.06800015856500433,0.9319998414349957
thermal,0.0,201,2.6,0.4999999999999999,0.07931718524232811,9.268631141289764e-05,0.0,1.0133891298826441e-35,0.06856323266135189,0.9314367673386481
thermal,0.0,201,2.7,0.5,0.07851957968347917,7.914701922557189e-05,0.0,1.350726276406056e-35,0.06913217638283065,0.9308678236171694
thermal,0.0,201,2.8000000000000003,0.5,0.0777321989330198,6.758549948532479e-05,0.0,9.050872419248656e-36,0.06970763109646788,0.9302923689035323
thermal,0.0,201,2.9,0.5,0.07695520618362808,5.771284611063425e-05,0.0,6.764099575566464e-36,0.07029016187112691,0.9297098381288731
thermal,0.0,201,3.0,0.5,0.07618870766404157,4.9282355409875724e-05,0.0,7.244789698673372e-36,0.07088026181803145,0.9291197381819686
thermal,0.0,201,3.1,0.5,0.07543275954595126,4.2083361303815225e-05,0.0,7.704587140257062e-36,0.07147835688541347,0.9285216431145865
thermal,0.0,201,3.2,0.5,0.07468737435530493,3.593597107723788e-05,0.0,6.432108801907625e-36,0.07208481086360723,0.9279151891363928
thermal,0.0,201,3.3000000000000003,0.49999999999999994,0.07395252686175766,3.068657011356651e-05,0.0,7.282582883295048e-36,0.07269993042614678,0.9273000695738531
thermal,0.0,201,3.4,0.5,0.0732281594406485,2.620398328212401e-05,0.0,4.696776044447634e-36,0.07332397008357865,0.9266760299164213
thermal,0.0,201,3.5,0.5,0.0725141869169674,2.237619705651848e-05,0.0,3.945307785441399e-36,0.07395713696473294,0.9260428630352671
thermal,0.0,201,3.6,0.5,0.07181050091138824,1.9107560454509698e-05,0.0,3.847918535912986e-36,0.07459959536861992,0.9254004046313802
thermal,0.0,201,3.7,0.5,0.0711169737155349,1.631639485478988e-05,0.0,2.7687130491060146e-36,0.07525147105131587,0.9247485289486841
thermal,0.0,201,3.8000000000000003,0.5,0.07043346172799689,1.3932952963369037e-05,0.0,1.757157810853455e-36,0.075912855227996,0.9240871447720039
thermal,0.0,201,3.9,0.5,0.06975980848488969,1.1897675927011876e-05,0.0,1.8576031473037043e-36,0.07658380828189493,0.9234161917181052
thermal,0.0,201,4.0,0.5,0.06909584731948332,1.0159705041447976e-05,0.0,1.492386897190868e-36,0.07726436318045321,0.9227356368195468
thermal,0.0,202,0.0,0.5,0.10124999999999998,0.005625000000000001,0.0,4.596510221765824e-31,0.050000000000000044,0.95
thermal,0.0,202,0.1,0.49999999999999994,0.10045261027144817,0.004803319674256566,0.0,7.997199918392833e-33,0.051748816939302104,0.948251183060698
thermal,0.0,202,0.2,0.5,0.09965556991532776,0.004101667536551147,0.0,8.072560257217944e-33,0.05344854510422331,0.9465514548957767
thermal,0.0,202,0.3,0.5,0.09885452259168641,0.003502510288991214,0.0,6.18760329882593e-33,0.055098487201251524,0.9449015127987486
thermal,0.0,202,0.4,0.5,0.09804654224409598,0.002990875836515119,0.0,3.9909245698116946e-33,0.05589339352318465,0.9441066064768154
thermal,0.0,202,0.5,0.5,0.09722984389317793,0.0025539791553407347,0.0,1.0910724617034864e-33,0.056404921846040304,0.9435950781539597
thermal,0.0,202,0.6,0.5,0.09640354925072928,0.0021809028132425464,0.0,2.0052802179436033e-33,0.05708577537511634,0.9429142246248836
thermal,0.0,202,0.7000000000000001,0.5,0.09556749353102703,0.0018623241583092297,0.0,6.063533493996621e-34,0.057864367120169145,0.9421356328798308
thermal,0.0,202,0.8,0.5,0.09472206430184736,0.0015902823590133366,0.0,8.566612536346077e-34,0.05869321432384738,0.9413067856761527
thermal,0.0,202,0.9,0.5,0.09386806610723393,0.0013579794742527825,0.0,4.050028457119362e-34,0.05954119201964597,0.9404588079803541
thermal,0.0,202,1.0,0.5,0.09300660651568649,0.0011596105823848848,0.0,3.400330048580106e-34,0.0603883022615831,0.9396116977384169
thermal,0.0,202,1.1,0.5,0.09213900051353521,0.0009902187244169658,0.0,3.0310399771176223e-34,0.061201667320823716,0.9387983326791763
thermal,0.0,202,1.2,0.5,0.0912666909634264,0.0008455710365883116,0.0,1.9505850323848967e-34,0.06155645751302796,0.938443542486972
thermal,0.0,202,1.3,0.5,0.09039118331983728,0.0007220529770713166,0.0,1.2166655879930204e-34,0.06197383864466781,0.9380261613553321
thermal,0.0,202,1.4000000000000001,0.5,0.08951399304729221,0.000616578003666165,0.0,1.323130812850783e-34,0.062435580467437635,0.9375644195325623
thermal,0.0,202,1.5,0.5,0.08863660431015433,0.0005265104454619603,0.0,7.558042684973268e-35,0.06292862874517113,0.9370713712548289
thermal,0.0,202,1.6,0.5,0.08776043856147202,0.0004495996411358259,0.0,7.752634966418823e-35,0.06344371746603544,0.9365562825339646
thermal,0.0,202,1.7,0.5,0.08688683169748498,0.00038392369809891623,0.0,4.571515402281809e-35,0.06397435512548061,0.9360256448745194
thermal,0.0,202,1.8,0.5,0.08601701849090296,0.0003278414671096645,0.0,3.786636730176261e-35,0.06451608097090206,0.9354839190290979
thermal,0.0,202,1.9000000000000001,0.5,0.0851521230824388,0.00027995153226755324,0.0,3.295133943923894e-35,0.06506591723414962,0.9349340827658504
thermal,0.0,202,2.0,0.5,0.08429315439875798,0.00023905719160515745,0.0,3.763262032896087e-35,0.06562196447996829,0.9343780355200317
thermal,0.0,202,2.1,0.5,0.0834410054723479,0.00020413655319281322,0.0,2.7635067112366914e-35,0.0661831020357482,0.9338168979642518
thermal,0.0,202,2.2,0.5,0.08259645575829105,0.00017431699949972657,0.0,2.923714814384211e-35,0.06674876595811677,0.9332512340418833
thermal,0.0,202,2.3000000000000003,0.5,0.08176017566734965,0.0001488533819118948,0.0,2.7919092353194334e-35,0.06731878445774947,0.9326812155422506
thermal,0.0,202,2.4,0.5,0.0809327326576594,0.00012710940051858323,0.0,2.2180557071110812e-35,0.06789325605584759,0.9321067439441523
thermal,0.0,202,2.5,0.5,0.0801145983435988,0.0001085417038744655,0.0,1.6692387123661115e-35,0.0684724596110203,0.9315275403889798
thermal,0.0,202,2.6,0.5,0.07930615618654446,9.268631141289786e-05,0.0,2.2809223552986432e-35,0.06905678816681493,0.9309432118331851
thermal,0.0,202,2.7,0.5,0.07850770942621599,7.91470192255721e-05,0.0,1.0300099846745653e-35,0.06964670062858327,0.9303532993714168
thermal,0.0,202,2.8000000000000003,0.5,0.07771948899236719,6.758549948532498e-05,0.0,1.5031178956009927e-35,0.07024268679419438,0.9297573132058055
thermal,0.0,202,2.9,0.5,0.07694166120482332,5.771284611063439e-05,0.0,1.2357224501805414e-35,0.0708452423849329,0.9291547576150669
thermal,0.0,202,3.0,0.5,0.07617433512606653,4.9282355409875866e-05,0.0,9.924478398801794e-36,0.0714548515567213,0.9285451484432786
thermal,0.0,202,3.1,0.5,0.07541756947588678,4.208336130381533e-05,0.0,4.3111866242094613e-36,0.07207197499385531,0.9279280250061447
thermal,0.0,202,3.2,0.5,0.07467137905338406,3.593597107723798e-05,0.0,4.5861267174971794e-36,0.07269704215307363,0.9273029578469265
thermal,0.0,202,3.3000000000000003,0.5,0.07393574063922342,3.068657011356658e-05,0.0,5.670340465697333e-36,0.07333044657542787,0.9266695534245721
thermal,0.0,202,3.4,0.5,0.07321059837184246,2.6203983282124058e-05,0.0,5.456624721266572e-36,0.07397254344679458,0.9260274565532055
thermal,0.0,202,3.5,0.5,0.07249586860652661,2.23761970565185e-05,0.0,3.9285175996286276e-36,0.07462364878686728,0.9253763512131328
thermal,0.0,202,3.6,0.49999999999999994,0.07179144427699564,1.9107560454509718e-05,0.0,3.3114054160329005e-36,0.07528403979729384,0.9247159602027062
thermal,0.0,202,3.7,0.5,0.07109719878632423,1.6316394854789908e-05,0.0,3.222346700289705e-36,0.07595395601430324,0.9240460439856968
thermal,0.0,202,3.8000000000000003,0.5,0.07041298945844982,1.3932952963369059e-05,0.0,2.1107260057132867e-36,0.07663360099862393,0.9233663990013763
thermal,0.0,202,3.9,0.5,0.06973866058386133,1.1897675927011897e-05,0.0,1.8062466395295422e-36,0.07732314436236123,0.9226768556376388
thermal,0.0,202,4.0,0.5,0.0690740460938424,1.0159705041447993e-05,0.0,1.3351719965411733e-36,0.07802272398376922,0.9219772760162308
thermal,0.0,203,0.0,0.5,0.10124999999999998,0.005625,0.0,5.551115123125844e-17,0.050000000000000044,0.95
thermal,0.0,203,0.1,0.5,0.1004526100115066,0.004803319674256565,0.0,9.811617620835365e-33,0.05177654815332872,0.9482234518466712
thermal,0.0,203,0.2,0.5,0.09965556288042479,0.004101667536551147,0.0,5.551115123125784e-17,0.053570433342932676,0.9464295666570673
thermal,0.0,203,0.3,0.5,0.09885447701222613,0.003502510288991216,0.0,4.876206607713424e-33,0.054722157626820436,0.9452778423731796
thermal,0.0,203,0.4,0.5,0.09804637817068226,0.002990875836515121,0.0,2.775557561562892e-17,0.056334539716285215,0.9436654602837147
thermal,0.0,203,0.5,0.5,0.09722941584487191,0.0025539791553407356,0.0,5.551115123125784e-17,0.057826082879917695,0.9421739171200822
thermal,0.0,203,0.6,0.5,0.09640263781722877,0.0021809028132425464,0.0,2.775557561562892e-17,0.0586133355371779,0.9413866644628222
thermal,0.0,203,0.7000000000000001,0.5,0.09556580570287314,0.0018623241583092286,0.0,1.5261065328479883e-33,0.0600227664287106,0.9399772335712895
thermal,0.0,203,0.8,0.5,0.0947192406617915,0.0015902823590133366,0.0,5.650878363473005e-34,0.061532328484074875,0.9384676715159251
thermal,0.0,203,0.9,0.49999999999999994,0.09386369256141842,0.001357979474252783,0.0,5.013008068473469e-34,0.06286261238495483,0.9371373876150452
thermal,0.0,203,1.0,0.5,0.09300022841213279,0.0011596105823848853,0.0,3.2940813666880066e-34,0.06357647737763394,0.9364235226223661
thermal,0.0,203,1.1,0.5,0.09213013742729953,0.0009902187244169658,0.0,2.106921872514186e-34,0.06464655105452957,0.9353534489454705
thermal,0.0,203,1.2,0.5,0.09125485091650068,0.0008455710365883112,0.0,2.1658753563311125e-34,0.06593779909217642,0.9340622009078238
thermal,0.0,203,1.3,0.5,0.09037587564647634,0.0007220529770713162,0.0,1.662506879926328e-34,0.06729943220647613,0.9327005677935238
thermal,0.0,203,1.4000000000000001,0.5,0.08949473947151046,0.0006165780036661647,0.0,1.24814674983254e-34,0.06853807880442733,0.9314619211955728
thermal,0.0,203,1.5,0.5,0.08861294806546821,0.0005265104454619601,0.0,6.247046010736864e-35,0.06985040968733253,0.9301495903126675
thermal,0.0,203,1.6,0.5,0.0877319515637151,0.000449599641135826,0.0,7.379442319965169e-35,0.07120485532924536,0.9287951446707546
thermal,0.0,203,1.7,0.5,0.08685311989577922,0.00038392369809891634,0.0,8.558241772110152e-35,0.07243890185188173,0.9275610981481183
thermal,0.0,203,1.8,0.5,0.08597772558620084,0.00032784146710966453,0.0,7.65491528174083e-35,0.07338429714711125,0.9266157028528887
thermal,0.0,203,1.9000000000000001,0.5,0.08510693283199813,0.00027995153226755345,0.0,4.52558486219801e-35,0.07440239519321351,0.9255976048067864
thermal,0.0,203,2.0,0.5,0.0842417917301493,0.00023905719160515761,0.0,3.458673627610269e-35,0.07547100673062862,0.9245289932693714
thermal,0.0,203,2.1,0.5,0.08338323662096153,0.0002041365531928134,0.0,3.09591335517598e-35,0.0765737524312442,0.9234262475687558
thermal,0.0,203,2.2,0.49999999999999994,0.08253208762416683,0.0001743169994997266,0.0,2.040354544500099e-35,0.0776987659715995,0.9223012340284007
thermal,0.0,203,2.3000000000000003,0.49999999999999994,0.0816890545648873,0.00014885338191189486,0.0,2.1282558528681022e-35,0.0788376696952644,0.9211623303047356
thermal,0.0,203,2.4,0.5,0.08085474260828049,0.00012710940051858328,0.0,1.546585879100525e-35,0.07998476668830645,0.9200152333116935
thermal,0.0,203,2.5,0.5,0.08002965903852566,0.00010854170387446555,0.0,1.84609451828348e-35,0.08113640422281543,0.9188635957771846
thermal,0.0,203,2.6,0.5,0.07921422072558457,9.268631141289786e-05,0.0,2.7751582016088e-35,0.08229047270477763,0.9177095272952224
thermal,0.0,203,2.7,0.5,0.07840876191932014,7.914701922557212e-05,0.0,8.31784446955961e-36,0.0834460117118328,0.9165539882881671
thermal,0.0,203,2.8000000000000003,0.5,0.0776135420939565,6.758549948532498e-05,0.0,8.571222596837938e-36,0.08460290068132448,0.9153970993186755
thermal,0.0,203,2.9,0.5,0.07682875363643804,5.771284611063439e-05,0.0,8.118755380432093e-36,0.08576161656230252,0.9142383834376974
thermal,0.0,203,3.0,0.5,0.07605452923063674,4.928235540987585e-05,0.0,4.238073528650119e-36,0.08692304450416616,0.9130769554958338
thermal,0.0,203,3.1,0.5,0.07529094883665957,4.208336130381534e-05,0.0,6.448715673434916e-36,0.08808833061456878,0.9119116693854312
thermal,0.0,203,3.2,0.5,0.07453804620203668,3.5935971077237984e-05,0.0,4.071809752559487e-36,0.08925876814264622,0.9107412318573538
thermal,0.0,203,3.3000000000000003,0.5,0.07379581487071268,3.0686570113566596e-05,0.0,4.2223719123545426e-36,0.0904357102635423,0.9095642897364576
thermal,0.0,203,3.4,0.5,0.07306421367787402,2.620398328212409e-05,0.0,4.218174232189642e-36,0.09162050406388206,0.908379495936118
thermal,0.0,203,3.5,0.5,0.07234317173496944,2.237619705651854e-05,0.0,2.2259218618635505e-36,0.09281444144110018,0.9071855585588999
thermal,0.0,203,3.6,0.5,0.07163259292094099,1.9107560454509752e-05,0.0,1.8119236884341735e-36,0.09401872350048923,0.9059812764995108
thermal,0.0,203,3.7,0.5,0.07093235990363986,1.6316394854789935e-05,0.0,1.841394532700817e-36,0.0952344357162212,0.9047655642837789
thermal,0.0,203,3.8000000000000003,0.5,0.07024233772047386,1.393295296336909e-05,0.0,1.5743260855760378e-36,0.09646253165865526,0.9035374683413447
thermal,0.0,203,3.9,0.5,0.06956237695020082,1.189767592701192e-05,0.0,1.925630053851791e-36,0.09759955784056534,0.9024004421594346
thermal,0.0,203,4.0,0.5,0.06889231650899771,1.0159705041448013e-05,0.0,1.2843537593649852e-36,0.09861765843372167,0.9013823415662783
thermal,4.0,200,0.0,0.5,0.10124999999999998,0.005625,0.0,1.3877787807814509e-16,0.050000000000000044,0.95
thermal,4.0,200,0.1,0.5,0.10045261356607926,0.004733275727613669,3.725453917135389e-05,5.55111644463788e-17,0.051772397128361694,0.9482276028716384
thermal,4.0,200,0.2,0.5,0.09965564831088489,0.0039205045975592885,5.757625212161549e-05,2.775568170263874e-17,0.053540090268672604,0.9464599097313274
thermal,4.0,200,0.3,0.49999999999999994,0.0988549804044094,0.0032284864793345317,5.7278456549293606e-05,1.6099654827614805e-22,0.054778646279529386,0.9452213537204706
thermal,4.0,200,0.4,0.5,0.09804805738217007,0.0026528908887791837,5.0279714143555534e-05,2.775603313409394e-17,0.05636408096519811,0.943635919034802
thermal,4.0,200,0.5,0.5,0.0972335362632395,0.0021781597077845955,4.2293319765578555e-05,1.3878176795391672e-17,0.05793632300351664,0.9420636769964834
thermal,4.0,200,0.6,0.5,0.09641098707023443,0.0017878369258109714,3.503158096827825e-05,2.775587782653542e-17,0.05884059456438211,0.9411594054356178
thermal,4.0,200,0.7000000000000001,0.5,0.09558065593441101,0.0014672876639316938,2.8851812747927836e-05,3.582177428837511e-22,0.06023348649419841,0.9397665135058015
thermal,4.0,200,0.8,0.5,0.09474327564696208,0.001204154886304455,2.3711419558001348e-05,2.2304460191822783e-22,0.06167489899196746,0.9383251010080326
thermal,4.0,200,0.9,0.5,0.09389991384479177,0.0009881907169564962,1.9470934109360393e-05,2.4816311520401638e-24,0.0631212390754881,0.9368787609245119
thermal,4.0,200,1.0,0.5,0.09305185178150849,0.0008109517970082685,1.5983636337405023e-05,1.8881262784728945e-22,0.0645470173197407,0.9354529826802593
thermal,4.0,200,1.1,0.5,0.09220048851597773,0.0006654983953473627,1.3119138649567506e-05,1.090578783383933e-22,0.06542164153094229,0.9345783584690577
thermal,4.0,200,1.2,0.5,0.09134726647697285,0.0005461318558906544,1.076731652958268e-05,5.480094646598632e-23,0.06651189946560626,0.9334881005343939
thermal,4.0,200,1.3,0.5,0.09049361502855544,0.00044817430047806124,8.836795232724467e-06,2.8990504899867626e-23,0.06774528892220122,0.9322547110777988
thermal,4.0,200,1.4000000000000001,0.5,0.08964090908804237,0.00036778632567667524,7.2522508187072e-06,7.940968870822639e-23,0.06905285336491551,0.9309471466350845
thermal,4.0,200,1.5,0.5,0.08879044016922427,0.0003018169059847497,5.95174474344961e-06,7.530930479232806e-23,0.07035555851378444,0.9296444414862155
thermal,4.0,200,1.6,0.5,0.08794339750649087,0.00024768004992136973,4.884395365603989e-06,4.875474065965757e-23,0.07165925872969345,0.9283407412703066
thermal,4.0,200,1.7,0.5,0.0871008571896847,0.0002032535154809507,4.008421625121442e-06,1.9673431111318077e-23,0.07293475492017237,0.9270652450798276
thermal,4.0,200,1.8,0.5,0.08626377751184464,0.0001667956645534171,3.2895221480231535e-06,1.3699425676038752e-23,0.07421184780958862,0.9257881521904114
thermal,4.0,200,1.9000000000000001,0.49999999999999994,0.08543299899894735,0.00013687721670262021,2.6995392996371794e-06,4.214724692581252e-25,0.07548428024720799,0.9245157197527921
thermal,4.0,200,2.0,0.5,0.08460924784517775,0.00011232523599466847,2.215360382903468e-06,6.867681404919443e-24,0.07674676430580435,0.9232532356941956
thermal,4.0,200,2.1,0.5,0.08379314171219282,9.21771598110937e-05,1.81801468950304e-06,6.642536801477341e-24,0.07799655229986052,0.9220034477001395
thermal,4.0,200,2.2,0.5,0.08298519706124541,7.564307024794407e-05,1.491931811193332e-06,6.480212434555066e-24,0.07923269747255993,0.9207673025274402
thermal,4.0,200,2.3000000000000003,0.5,0.08218583737020385,6.207473076391775e-05,1.2243325561617166e-06,8.067689256558833e-24,0.08045550262207304,0.9195444973779271
thermal,4.0,200,2.4,0.5,0.08139540174290927,5.094017532653528e-05,1.0047288387632503e-06,1.7593286353104468e-24,0.08166611004471869,0.9183338899552813
thermal,4.0,200,2.5,0.49999999999999994,0.08061415354708104,4.180285458475781e-05,8.245130909751775e-07,3.987956382312396e-24,0.0828661978103879,0.9171338021896123
thermal,4.0,200,2.6,0.5,0.07984228882134808,3.430452199136009e-05,6.766211992851471e-07,3.3343454406253284e-24,0.08405775611125313,0.915942243888747
thermal,4.0,200,2.7,0.5,0.07907994427480232,2.815118925018019e-05,5.552558191413123e-07,5.162786472214609e-26,0.08524292395530808,0.914757076044692
thermal,4.0,200,2.8000000000000003,0.5,0.0783272047668259,2.31016006822e-05,4.556592639526992e-07,6.938894743988108e-18,0.08642387136101837,0.9135761286389816
thermal,4.0,200,2.9,0.5,0.07758411020387157,1.8957774783414653e-05,3.7392709446658763e-07,3.469447690749662e-18,0.08760175787843005,0.91239824212157
thermal,4.0,200,3.0,0.5,0.07685066182619638,1.5557242242254644e-05,3.068551201751546e-07,6.938894567963556e-18,0.08875337115125595,0.9112466288487441
thermal,4.0,200,3.1,0.5,0.07612682788377381,1.2766676161668639e-05,2.518138277383646e-07,2.178845159577842e-25,0.0899051986759235,0.9100948013240766
thermal,4.0,200,3.2,0.5,0.07541254871889366,1.0476664791342465e-05,2.0664532227311859e-07,2.067998210790046e-25,0.0910592407769091,0.9089407592230909
thermal,4.0,200,3.3000000000000003,0.5,0.07470774128511395,8.597421854114811e-06,1.695787470175012e-07,3.322417162213394e-25,0.09218502025099046,0.9078149797490096
thermal,4.0,200,3.4,0.5,0.07401230313973632,7.055266300438131e-06,1.3916086934209518e-07,1.4898384083149317e-25,0.093312370415291,0.9066876295847088
thermal,4.0,200,3.5,0.5,0.07332611595103489,5.789733484795881e-06,1.1419911435090343e-07,1.3451269117947783e-27,0.09443705291737675,0.9055629470826233
thermal,4.0,200,3.6,0.5,0.07264904856301393,4.751204509619806e-06,9.371481443597239e-08,5.27085328556756e-26,0.09556934050085014,0.90443065949915
thermal,4.0,200,3.7,0.5,0.07198095966024856,3.898960795093699e-06,7.690484307507834e-08,1.249983949317594e-25,0.09671041877649181,0.9032895812235081
thermal,4.0,200,3.8000000000000003,0.5,0.07132170007392963,3.199587603155376e-06,6.31101294725464e-08,9.75002432021029e-28,0.09786125796982748,0.9021387420301726
thermal,4.0,200,3.9,0.5,0.07067111476802082,2.6256639242390773e-06,5.17898201454778e-08,2.6425202541410683e-26,0.09902262963439076,0.9009773703656092
thermal,4.0,200,4.0,0.5,0.07002904454175657,2.1546873619594906e-06,4.2500074773318867e-08,4.1853854246519816e-26,0.10019512373992737,0.8998048762600727
thermal,4.0,201,0.0,0.5,0.10124999999999998,0.005625,0.0,2.775557561562935e-17,0.050000000000000044,0.95
thermal,4.0,201,0.1,0.5,0.1004526138760977,0.004733275727613676,3.725453917135393e-05,1.3877842007964783e-17,0.05170964876715891,0.9482903512328411
thermal,4.0,201,0.2,0.5,0.09965565656064973,0.003920504597559293,5.7576252121615515e-05,2.7755708123806715e-17,0.0532841304710013,0.9467158695289987
thermal,4.0,201,0.3,0.5,0.09885503272715138,0.0032284864793345365,5.727845654929369e-05,2.7755863313108455e-17,0.05472042391532499,0.9452795760846749
thermal,4.0,201,0.4,0.5,0.09804824143636187,0.002652890888779188,5.027971414355561e-05,5.111048846856321e-22,0.05602825048637082,0.9439717495136293
thermal,4.0,201,0.5,0.5,0.0972340053001729,0.002178159707784599,4.229331976557861e-05,4.277715437805214e-22,0.057204446257956995,0.942795553742043
thermal,4.0,201,0.6,0.5,0.09641196288226525,0.0017878369258109736,3.50315809682783e-05,2.376607963368861e-22,0.05765061766483546,0.9423493823351646
thermal,4.0,201,0.7000000000000001,0.5,0.09558242268032281,0.001467287663931696,2.8851812747927863e-05,3.4080586283022223e-22,0.05816450490187979,0.9418354950981203
thermal,4.0,201,0.8,0.5,0.09474616777773681,0.0012041548863044572,2.3711419558001382e-05,2.1090369022551298e-22,0.058717958093796686,0.9412820419062032
thermal,4.0,201,0.9,0.5,0.09390430117018186,0.0009881907169564993,1.9470934109360434e-05,2.317883533459769e-22,0.05929300673453546,0.9407069932654646
thermal,4.0,201,1.0,0.5,0.0930581240119796,0.0008109517970082711,1.598363633740506e-05,1.6029273315119585e-22,0.059878381515382606,0.9401216184846174
thermal,4.0,201,1.1,0.5,0.09220904083313902,0.0006654983953473653,1.3119138649567551e-05,1.264850836745227e-22,0.06046723490285745,0.9395327650971426
thermal,4.0,201,1.2,0.5,0.09135848701888655,0.0005461318558906565,1.0767316529582718e-05,1.5856068769561268e-22,0.06105563580381914,0.9389443641961809
thermal,4.0,201,1.3,0.5,0.09050787467933255,0.000448174300478063,8.8367952327245e-06,1.3672708003255385e-22,0.061641568482920836,0.9383584315170793
thermal,4.0,201,1.4000000000000001,0.5,0.08965855362599592,0.0003677863256766765,7.252250818707227e-06,6.343603708426203e-23,0.062224263131840964,0.9377757368681591
thermal,4.0,201,1.5,0.5,0.08881178462332476,0.00030181690598475065,5.951744743449628e-06,4.432123149152486e-23,0.06280374654235474,0.9371962534576452
thermal,4.0,201,1.6,0.5,0.08796872246183449,0.00024768004992137044,4.884395365604004e-06,3.033983756512675e-23,0.06338053999720075,0.9366194600027993
thermal,4.0,201,1.7,0.49999999999999994,0.08713040673842641,0.00020325351548095133,4.008421625121455e-06,1.3679069451865563e-23,0.06395545626857528,0.9360445437314248
thermal,4.0,201,1.8,0.5,0.08629775854267518,0.0001667956645534176,3.289522148023164e-06,1.3459911620513502e-23,0.06452946368904675,0.9354705363109532
thermal,4.0,201,1.9000000000000001,0.5,0.08547158153851567,0.00013687721670262065,2.6995392996371887e-06,2.2512213715895027e-23,0.06510359580680604,0.934896404193194
thermal,4.0,201,2.0,0.5,0.08465256619718411,0.00011232523599466872,2.2153603829034746e-06,1.873479309661305e-23,0.06567889212200216,0.9343211078779979
thermal,4.0,201,2.1,0.5,0.08384129617669628,9.217715981109389e-05,1.8180146895030446e-06,1.1408363576600758e-23,0.06625636006098208,0.9337436399390179
thermal,4.0,201,2.2,0.5,0.08303825605347889,7.56430702479442e-05,1.4919318111933352e-06,7.977751421507446e-24,0.06683695147301164,0.9331630485269884
thermal,4.0,201,2.3000000000000003,0.5,0.08224383979234015,6.207473076391785e-05,1.2243325561617191e-06,6.62066432849355e-24,0.06742154904440625,0.9325784509555937
thermal,4.0,201,2.4,0.5,0.08145835949253909,5.094017532653542e-05,1.004728838763252e-06,6.938894007606307e-18,0.06801095945629809,0.9319890405437019
thermal,4.0,201,2.5,0.5,0.08068205407223132,4.1802854584757916e-05,8.24513090975179e-07,6.938895624451229e-18,0.0686059110884755,0.9313940889115244
thermal,4.0,201,2.6,0.5,0.0799150976537486,3.430452199136016e-05,6.766211992851489e-07,6.938894731895867e-18,0.06920705474168262,0.9307929452583176
thermal,4.0,201,2.7,0.5,0.07915760749112127,2.815118925018025e-05,5.552558191413138e-07,6.938895082787617e-18,0.0698149663136946,0.9301850336863055
thermal,4.0,201,2.8000000000000003,0.5,0.07840965134217837,2.310160068220004e-05,4.556592639527e-07,6.938895091965981e-18,0.0704301506866207,0.9295698493133793
thermal,4.0,201,2.9,0.49999999999999994,0.07767125423353166,1.895777478341468e-05,3.7392709446658837e-07,3.46944736554416e-18,0.07105304630859913,0.928946953691401
thermal,4.0,201,3.0,0.5,0.07694240460058391,1.5557242242254664e-05,3.068551201751551e-07,4.204567871976438e-25,0.07168403011215103,0.928315969887849
thermal,4.0,201,3.1,0.5,0.07622305980885255,1.2766676161668657e-05,2.518138277383649e-07,3.034693252127454e-25,0.07232342252418233,0.9276765774758176
thermal,4.0,201,3.2,0.5,0.0755131510794946,1.047666479134248e-05,2.0664532227311898e-07,2.9852485518427743e-25,0.07297149240270515,0.9270285075972948
thermal,4.0,201,3.3000000000000003,0.5,0.07481258785270231,8.597421854114825e-06,1.6957874701750157e-07,2.0599051695480638e-25,0.07362846179231419,0.9263715382076858
thermal,4.0,201,3.4,0.5,0.07412126162904939,7.055266300438147e-06,1.3916086934209542e-07,1.4632296053261889e-25,0.07429451043092129,0.9257054895690786
thermal,4.0,201,3.5,0.5,0.07343904933205653,5.7897334847958905e-06,1.1419911435090361e-07,2.0254133920966243e-27,0.07496977996886035,0.9250302200311397
thermal,4.0,201,3.6,0.5,0.0727658162361095,4.751204509619812e-06,9.371481443597252e-08,1.2343179306306613e-25,0.07565437788156235,0.9243456221184377
thermal,4.0,201,3.7,0.5,0.0721014185031129,3.8989607950937035e-06,7.69048430750784e-08,1.2534764545343703e-25,0.07634838107092981,0.9236516189290702
thermal,4.0,201,3.8000000000000003,0.5,0.07144570536942646,3.199587603155381e-06,6.311012947254648e-08,5.80291521575778e-26,0.07705183916002578,0.9229481608399742
thermal,4.0,201,3.9,0.5,0.07079852102211154,2.6256639242390803e-06,5.178982014547787e-08,2.1684048620194405e-19,0.0777647774919865,0.9222352225080136
thermal,4.0,201,4.0,0.5,0.07015970620061318,2.1546873619594936e-06,4.250007477331892e-08,4.336809041260246e-19,0.0784871998480615,0.9215128001519385
thermal,4.0,202,0.0,0.5,0.10124999999999998,0.005625000000000001,0.0,4.596510221765824e-31,0.050000000000000044,0.95
thermal,4.0,202,0.1,0.5,0.10045261384516643,0.004733275727613676,3.7254539171353925e-05,5.29464300719048e-23,0.05174873821443536,0.9482512617855645
thermal,4.0,202,0.2,0.5,0.09965565573755186,0.0039205045975592955,5.7576252121615556e-05,1.0699051041280566e-22,0.05344776617599541,0.9465522338240047
thermal,4.0,202,0.3,0.5,0.09885502750679234,0.0032284864793345382,5.7278456549293694e-05,3.3024502614479458e-22,0.05509298599785675,0.9449070140021434
thermal,4.0,202,0.4,0.5,0.09804822307285621,0.0026528908887791898,5.027971414355562e-05,5.292968340947731e-22,0.05597975855369068,0.9440202414463094
thermal,4.0,202,0.5,0.5,0.09723395850329039,0.0021781597077846003,4.229331976557862e-05,4.2395241777109635e-22,0.05649788828356623,0.9435021117164337
thermal,4.0,202,0.6,0.5,0.0964118655232778,0.0017878369258109749,3.5031580968278304e-05,4.25400728100499e-22,0.057170266510191865,0.9428297334898083
thermal,4.0,202,0.7000000000000001,0.5,0.0955822464080617,0.0014672876639316968,2.8851812747927877e-05,4.477212631782246e-22,0.05792758738207572,0.9420724126179242
thermal,4.0,202,0.8,0.49999999999999994,0.09474587922326627,0.0012041548863044585,2.3711419558001396e-05,4.529260167464363e-22,0.05872558539935829,0.9412744146006417
thermal,4.0,202,0.9,0.5,0.09390386343674112,0.0009881907169564993,1.9470934109360447e-05,1.8630303304735148e-23,0.05953641709913145,0.9404635829008686
thermal,4.0,202,1.0,0.5,0.09305749821726839,0.0008109517970082712,1.598363633740506e-05,2.115844248405611e-22,0.06034303001099019,0.9396569699890098
thermal,4.0,202,1.1,0.5,0.09220818754898871,0.0006654983953473649,1.3119138649567556e-05,8.230759631541715e-24,0.06113546624532686,0.9388645337546732
thermal,4.0,202,1.2,0.5,0.0913573675198791,0.0005461318558906561,1.076731652958271e-05,1.3877814343318492e-17,0.061908421424520015,0.93809157857548
thermal,4.0,202,1.3,0.5,0.09050645196151604,0.00044817430047806286,8.836795232724496e-06,1.387781757309066e-17,0.06265962316674498,0.937340376833255
thermal,4.0,202,1.4000000000000001,0.5,0.08965679319028097,0.00036778632567667654,7.252250818707227e-06,1.387779112996589e-17,0.06319388318559926,0.9368061168144007
thermal,4.0,202,1.5,0.5,0.08880965503855387,0.00030181690598475065,5.95174474344963e-06,1.387780247076793e-17,0.06368940761197332,0.9363105923880265
thermal,4.0,202,1.6,0.5,0.08796619573339384,0.00024768004992137055,4.8843953656040076e-06,2.9842304381016253e-23,0.06420975858662009,0.9357902414133799
thermal,4.0,202,1.7,0.5,0.08712745851268613,0.00020325351548095135,4.008421625121456e-06,1.865024938196528e-23,0.06474942641389748,0.9352505735861025
thermal,4.0,202,1.8,0.5,0.0862943681778797,0.00016679566455341758,3.2895221480231654e-06,2.774902223122709e-23,0.06530462829355074,0.9346953717064495
thermal,4.0,202,1.9000000000000001,0.5,0.08546773207071909,0.00013687721670262073,2.6995392996371895e-06,1.4060620231568503e-23,0.06587282002074796,0.9341271799792521
thermal,4.0,202,2.0,0.5,0.08464824422660064,0.00011232523599466888,2.2153603829034755e-06,1.3216758692018854e-23,0.06645234229649732,0.9335476577035027
thermal,4.0,202,2.1,0.5,0.08383649169616075,9.217715981109401e-05,1.8180146895030468e-06,1.3877798518547738e-17,0.06704216387988382,0.9329578361201161
thermal,4.0,202,2.2,0.5,0.08303296223704773,7.564307024794426e-05,1.4919318111933373e-06,6.938895991747794e-18,0.06764169478564946,0.9323583052143505
thermal,4.0,202,2.3000000000000003,0.5,0.08223805275865506,6.20747307639179e-05,1.22433255616172e-06,3.469450209510337e-18,0.06825065038499889,0.9317493496150011
thermal,4.0,202,2.4,0.5,0.0814520780545504,5.0940175326535445e-05,1.0047288387632526e-06,6.93889721930357e-18,0.06886895264864248,0.9311310473513577
thermal,4.0,202,2.5,0.5,0.08067527948227796,4.180285458475793e-05,8.245130909751793e-07,3.3084210930182414e-24,0.06949665858172255,0.9305033414182775
thermal,4.0,202,2.6,0.5,0.07990783335080823,3.430452199136017e-05,6.766211992851494e-07,3.519049805123625e-24,0.07013390861710667,0.9298660913828933
thermal,4.0,202,2.7,0.5,0.07914985885524756,2.8151189250180274e-05,5.552558191413145e-07,2.6533247036924536e-26,0.07078088968278914,0.9292191103172109
thermal,4.0,202,2.8000000000000003,0.5,0.07840142545968562,2.3101600682200057e-05,4.5565926395270043e-07,1.301578085602693e-26,0.07143780906595171,0.9285621909340482
thermal,4.0,202,2.9,0.5,0.07766255967532995,1.8957774783414687e-05,3.739270944665885e-07,8.352964192979363e-25,0.07210487621721656,0.9278951237827835
thermal,4.0,202,3.0,0.5,0.07693325121515282,1.555724224225467e-05,3.0685512017515515e-07,6.268068887285901e-25,0.07278229038355183,0.9272177096164482
thermal,4.0,202,3.1,0.5,0.07621345853063849,1.2766676161668664e-05,2.51813827738365e-07,2.1326386187156137e-25,0.07347023250456772,0.9265297674954323
thermal,4.0,202,3.2,0.5,0.07550311375298026,1.0476664791342485e-05,2.0664532227311898e-07,1.324778740007729e-25,0.07416886020949603,0.9258311397905039
thermal,4.0,202,3.3000000000000003,0.5,0.07480212707199586,8.597421854114828e-06,1.6957874701750152e-07,4.1358729843290343e-25,0.07487830505016413,0.9251216949498359
thermal,4.0,202,3.4,0.5,0.07411039059255267,7.055266300438142e-06,1.3916086934209544e-07,1.1769630259496653e-25,0.07559867132683173,0.9244013286731683
thermal,4.0,202,3.5,0.5,0.07342778171156611,5.789733484795887e-06,1.1419911435090352e-07,2.193241720154192e-25,0.07633003602910901,0.9236699639708911
thermal,4.0,202,3.6,0.5,0.07275416605957105,4.751204509619811e-06,9.371481443597244e-08,1.7347234768776308e-18,0.07707244953796633,0.9229275504620336
thermal,4.0,202,3.7,0.5,0.07208940005016456,3.898960795093704e-06,7.690484307507846e-08,1.7347235407114063e-18,0.07782593682776498,0.922174063172235
thermal,4.0,202,3.8000000000000003,0.5,0.07143333307882632,3.199587603155382e-06,6.31101294725465e-08,1.734723501708715e-18,0.07859049897708537,0.9214095010229147
thermal,4.0,202,3.9,0.5,0.07078580941013102,2.6256639242390824e-06,5.178982014547791e-08,6.46233320576802e-26,0.07936611484968611,0.9206338851503137
thermal,4.0,202,4.0,0.49999999999999994,0.070146669789489,2.154687361959496e-06,4.250007477331897e-08,1.011143711271704e-28,0.08011907290834289,0.919880927091657
thermal,4.0,203,0.0,0.5,0.10124999999999998,0.005625,0.0,5.551115123125844e-17,0.050000000000000044,0.95
thermal,4.0,203,0.1,0.5,0.10045261358733132,0.004733275727613676,3.725453917135393e-05,5.551117770460387e-17,0.051776528144394804,0.9482234718556053
thermal,4.0,203,0.2,0.5,0.09965564887641362,0.003920504597559294,5.757625212161554e-05,5.551130796664655e-17,0.053569805361253026,0.946430194638747
thermal,4.0,203,0.3,0.5,0.09885498399117992,0.0032284864793345374,5.727845654929367e-05,7.850489300984909e-17,0.05471778621421818,0.9452822137857819
thermal,4.0,203,0.4,0.49999999999999994,0.09804806999924853,0.002652890888779189,5.027971414355559e-05,7.850487424653238e-17,0.056298137753037186,0.943701862246963
thermal,4.0,203,0.5,0.5,0.09723356841613812,0.0021781597077846,4.2293319765578616e-05,3.925274576418827e-17,0.057828991458373405,0.9421710085416265
thermal,4.0,203,0.6,0.5,0.0964110539630163,0.0017878369258109749,3.503158096827831e-05,2.181557397823734e-22,0.05868004488480763,0.9413199551151925
thermal,4.0,203,0.7000000000000001,0.5,0.09558077704641332,0.0014672876639316968,2.885181274792789e-05,2.4149594087134343e-22,0.05996630743987187,0.940033692560128
thermal,4.0,203,0.8,0.5,0.09474347390509669,0.0012041548863044593,2.3711419558001402e-05,2.170720644537773e-22,0.06137103570500173,0.9386289642949983
thermal,4.0,203,0.9,0.5,0.09390021459984577,0.0009881907169565006,1.9470934109360458e-05,2.139982436487744e-22,0.06283983494280873,0.9371601650571911
thermal,4.0,203,1.0,0.5,0.0930522817484806,0.000810951797008272,1.5983636337405084e-05,2.235744701637225e-22,0.0641539987164504,0.9358460012835496
thermal,4.0,203,1.1,0.5,0.09220107478491837,0.000665498395347366,1.311913864956757e-05,1.0796408836951904e-22,0.06498299450510087,0.9350170054948992
thermal,4.0,203,1.2,0.5,0.09134803565509107,0.0005461318558906572,1.0767316529582729e-05,1.1200496339701172e-22,0.06595264449248184,0.9340473555075183
thermal,4.0,203,1.3,0.5,0.09049459254028672,0.0004481743004780636,8.83679523272451e-06,1.0586774785035004e-22,0.06706564682628305,0.9329343531737169
thermal,4.0,203,1.4000000000000001,0.5,0.08964211863679714,0.00036778632567667713,7.252250818707239e-06,5.43220379721232e-23,0.06826488580688223,0.9317351141931176
thermal,4.0,203,1.5,0.5,0.08879190335051851,0.00030181690598475103,5.9517447434496384e-06,5.273063293338301e-23,0.0695100913063725,0.9304899086936275
thermal,4.0,203,1.6,0.5,0.08794513355468218,0.0002476800499213708,4.884395365604012e-06,2.731341752802402e-23,0.07073576061671052,0.9292642393832894
thermal,4.0,203,1.7,0.5,0.08710288283750722,0.00020325351548095157,4.0084216251214616e-06,3.94630722980076e-23,0.07196595255656232,0.9280340474434376
thermal,4.0,203,1.8,0.5,0.08626610694170186,0.00016679566455341782,3.2895221480231688e-06,2.006230545237333e-23,0.07319157645767976,0.9268084235423203
thermal,4.0,203,1.9000000000000001,0.49999999999999994,0.08543564386631725,0.00013687721670262095,2.6995392996371933e-06,1.3633728798183206e-23,0.07440484103487399,0.9255951589651259
thermal,4.0,203,2.0,0.5,0.08461221735669827,0.00011232523599466904,2.215360382903479e-06,1.1716371670608115e-25,0.07560139706413666,0.9243986029358633
thermal,4.0,203,2.1,0.5,0.08379644274352208,9.217715981109419e-05,1.8180146895030495e-06,8.786571845860808e-24,0.07677934861228383,0.9232206513877161
thermal,4.0,203,2.2,0.5,0.08298883430230843,7.564307024794442e-05,1.491931811193339e-06,3.3104903781100196e-24,0.0779385181620566,0.9220614818379433
thermal,4.0,203,2.3000000000000003,0.5,0.08218981348777919,6.207473076391804e-05,1.2243325561617221e-06,3.3095657417999545e-24,0.07907990159336808,0.9209200984066319
thermal,4.0,203,2.4,0.5,0.08139971755258732,5.0940175326535554e-05,1.0047288387632545e-06,4.1365184730135084e-24,0.08020526522787441,0.9197947347721256
thermal,4.0,203,2.5,0.5,0.08061880818841297,4.1802854584758025e-05,8.245130909751814e-07,3.334829234537733e-24,0.081316849263803,0.918683150736197
thermal,4.0,203,2.6,0.5,0.07984727993150331,3.430452199136027e-05,6.766211992851512e-07,1.870932099307095e-24,0.08241715095123422,0.9175828490487656
thermal,4.0,203,2.7,0.5,0.07908526815728853,2.8151189250180348e-05,5.552558191413157e-07,9.288890461431837e-25,0.08350876757203693,0.9164912324279632
thermal,4.0,203,2.8000000000000003,0.5,0.07833285655282413,2.3101600682200128e-05,4.5565926395270154e-07,2.56983386399109e-26,0.08459428428631138,0.9154057157136886
thermal,4.0,203,2.9,0.5,0.07759008400453651,1.895777478341476e-05,3.7392709446658964e-07,8.40319985583106e-25,0.08567532606729425,0.9143246739327058
thermal,4.0,203,3.0,0.5,0.07685695087489863,1.555724224225474e-05,3.0685512017515626e-07,8.337001984042006e-25,0.08674076913943582,0.913259230860564
thermal,4.0,203,3.1,0.5,0.0761334246677448,1.2766676161668713e-05,2.51813827738366e-07,2.1297903217300683e-25,0.0877947553535589,0.9122052446464413
thermal,4.0,203,3.2,0.5,0.0754194451001031,1.0476664791342526e-05,2.0664532227311983e-07,2.1362705500944156e-25,0.08885056788085388,0.9111494321191462
thermal,4.0,203,3.3000000000000003,0.5,0.07471492861048348,8.59742185411486e-06,1.695787470175022e-07,4.136132085099127e-25,0.08991022135581223,0.9100897786441877
thermal,4.0,203,3.4,0.5,0.07401977234099372,7.055266300438174e-06,1.3916086934209597e-07,1.0650565630422937e-25,0.090975491875117,0.9090245081248831
thermal,4.0,203,3.5,0.5,0.07333385763465078,5.789733484795913e-06,1.1419911435090406e-07,3.0858899336859865e-25,0.09204792246303437,0.9079520775369656
thermal,4.0,203,3.6,0.49999999999999994,0.07265705309075833,4.751204509619828e-06,9.371481443597284e-08,4.165781475961195e-28,0.09312883241673944,0.9068711675832604
thermal,4.0,203,3.7,0.5,0.0719892172209604,3.898960795093715e-06,7.690484307507872e-08,7.734070273731985e-26,0.09421932929246118,0.9057806707075388
thermal,4.0,203,3.8000000000000003,0.5,0.07133020074712065,3.1995876031553923e-06,6.311012947254672e-08,3.261824950324299e-30,0.09532032259081172,0.9046796774091881
thermal,4.0,203,3.9,0.5,0.07067984857994533,2.6256639242390896e-06,5.1789820145478066e-08,1.0350141186525573e-25,0.0964325384269149,0.903567461573085
thermal,4.0,203,4.0,0.49999999999999994,0.0700380015145704,2.1546873619595012e-06,4.2500074773319065e-08,2.6424278342605155e-26,0.09755653464534506,0.9024434653546551
thermal,-4.0,200,0.0,0.5,0.10124999999999998,0.005625,0.0,1.3877787807814509e-16,0.050000000000000044,0.95
thermal,-4.0,200,0.1,0.49999999999999994,0.1004526064022933,0.00487409803447683,0.0,8.326670038359532e-17,0.05177241220088839,0.9482275877991116
thermal,-4.0,200,0.2,0.5,0.099655475343054,0.004289060392863257,0.0,1.1102230286938975e-16,0.05354037964149916,0.9464596203585008
thermal,-4.0,200,0.3,0.5,0.09885395513592837,0.0037945434955246804,0.0,5.376116547365673e-22,0.05478500641329884,0.9452149935867012
thermal,-4.0,200,0.4,0.5,0.09804461411535079,0.003363276233654228,0.0,2.775578613791397e-17,0.056375467776687636,0.9436245322233124
thermal,-4.0,200,0.5,0.5,0.09722502561358606,0.0029829400943189406,0.0,2.153810121736661e-22,0.05768309435119265,0.9423169056488073
thermal,-4.0,200,0.6,0.5,0.09639361065004198,0.0026462079481894473,0.0,5.110669909475532e-22,0.05884733998679159,0.9411526600132082
thermal,-4.0,200,0.7000000000000001,0.5,0.09554950921633595,0.0023476763380973365,0.0,3.306388669702811e-22,0.06033305975238962,0.9396669402476103
thermal,-4.0,200,0.8,0.5,0.09469246901317385,0.0020828864706217767,0.0,2.218959944593087e-22,0.06181374067565054,0.9381862593243495
thermal,-4.0,200,0.9,0.5,0.09382274618443484,0.0018479852714622888,0.0,5.551125316799631e-17,0.06268659487022951,0.9373134051297705
thermal,-4.0,200,1.0,0.5,0.09294101508324626,0.0016395860520339474,0.0,5.551142317529681e-17,0.06396435176894497,0.936035648231055
thermal,-4.0,200,1.1,0.5,0.09204828554497335,0.001454694134357711,0.0,5.551131278612504e-17,0.06537038074655041,0.9346296192534496
thermal,-4.0,200,1.2,0.5,0.09114582705380861,0.0012906559125478619,0.0,5.55112080086621e-17,0.06674894826811106,0.9332510517318889
thermal,-4.0,200,1.3,0.5,0.09023509973214947,0.0011451182704048627,0.0,2.7420510630601877e-22,0.06813243290692916,0.9318675670930708
thermal,-4.0,200,1.4000000000000001,0.5,0.08931769234249518,0.0010159939977680554,0.0,1.705023120103849e-22,0.06927453685371351,0.9307254631462867
thermal,-4.0,200,1.5,0.49999999999999994,0.0883952675446926,0.0009014315523353658,0.0,1.7171023365675305e-22,0.07036465905599287,0.929635340944007
thermal,-4.0,200,1.6,0.5,0.08746951456599159,0.0007997883762063404,0.0,3.0437846667139255e-23,0.07165992672547136,0.9283400732745287
thermal,-4.0,200,1.7,0.5,0.08654210927824896,0.0007096072725410263,0.0,1.3752546174683586e-22,0.07298344645823568,0.9270165535417645
thermal,-4.0,200,1.8,0.5,0.08561468148492707,0.0006295954671215454,0.0,8.501350653259062e-23,0.0742997737980301,0.9257002262019699
thermal,-4.0,200,1.9000000000000001,0.5,0.08468878903633886,0.0005586060416700271,0.0,5.99032504047524e-23,0.07566557896667286,0.9243344210333273
thermal,-4.0,200,2.0,0.5,0.08376589823804867,0.000495621467377403,0.0,6.442216697547639e-23,0.07693559491885316,0.923064405081147
thermal,-4.0,200,2.1,0.5,0.0828473699063348,0.0004397389998389187,0.0,8.545135141905508e-23,0.07822913563458714,0.9217708643654129
thermal,-4.0,200,2.2,0.49999999999999994,0.08193445035922511,0.0003901577243252424,0.0,5.597778924490128e-23,0.07955237327873704,0.9204476267212629
thermal,-4.0,200,2.3000000000000003,0.5,0.08102826660874701,0.00034616706448802097,0.0,3.184373931836627e-23,0.08085579751548044,0.9191442024845194
thermal,-4.0,200,2.4,0.5,0.08012982503297991,0.00030713658888365376,0.0,1.328447551934525e-23,0.08212597968181565,0.9178740203181843
thermal,-4.0,200,2.5,0.5,0.07924001284688809,0.0002725069685143096,0.0,2.651182395287074e-23,0.08340602081585397,0.916593979184146
thermal,-4.0,200,2.6,0.49999999999999994,0.07835960175024802,0.0002417819552412382,0.0,3.3290598204286724e-23,0.08468969958763956,0.9153103004123605
thermal,-4.0,200,2.7,0.49999999999999994,0.07748925320153538,0.00021452126567895568,0.0,2.787147094114788e-23,0.08597259668914956,0.9140274033108504
thermal,-4.0,200,2.8000000000000003,0.49999999999999994,0.07662952484197208,0.00019033426825125943,0.0,6.720452309133377e-24,0.08725172157698258,0.9127482784230173
thermal,-4.0,200,2.9,0.5,0.07578087766908459,0.00016887438267504254,0.0,6.825124559162442e-24,0.08852520943981296,0.9114747905601872
thermal,-4.0,200,3.0,0.5,0.07494368363053638,0.0001498341114062537,0.0,9.861152888029997e-24,0.0897920753317151,0.910207924668285
thermal,-4.0,200,3.1,0.5,0.07411823337437168,0.0001329406316848056,0.0,6.38290808831592e-26,0.09105201477275904,0.9089479852272409
thermal,-4.0,200,3.2,0.5,0.07330474394986,0.00011795188488497279,0.0,1.1210543169156735e-25,0.09230524209618696,0.907694757903813
thermal,-4.0,200,3.3000000000000003,0.5,0.07250336630335619,0.00010465310703266832,0.0,4.938452481193927e-24,0.09355235946170837,0.9064476405382915
thermal,-4.0,200,3.4,0.5,0.07171419245606198,9.285375069515513e-05,0.0,6.972379922700794e-24,0.09479425080321147,0.9052057491967885
thermal,-4.0,200,3.5,0.5,0.0709372622857189,8.238475407450111e-05,0.0,2.507229710805826e-24,0.0960319960805836,0.9039680039194165
thermal,-4.0,200,3.6,0.5,0.07017256986275527,7.309611812508055e-05,0.0,1.6548862308888322e-24,0.09726680209943361,0.9027331979005664
thermal,-4.0,200,3.7,0.5,0.0694200693140263,6.485475693998534e-05,0.0,4.3005179240067464e-24,0.09849994688468044,0.9015000531153197
thermal,-4.0,200,3.8000000000000003,0.5,0.06867968020483851,5.754259057538422e-05,0.0,3.980323240266471e-24,0.09973273517478315,0.9002672648252168
thermal,-4.0,200,3.9,0.5,0.06795129244323507,5.105485296240093e-05,0.0,1.0407698728198753e-24,0.10096646306880783,0.8990335369311921
thermal,-4.0,200,4.0,0.5,0.06723477072025943,4.529859064324975e-05,0.0,1.035825372349916e-25,0.1022023902304427,0.8977976097695572
thermal,-4.0,201,0.0,0.5,0.10124999999999998,0.005625,0.0,2.775557561562935e-17,0.050000000000000044,0.95
thermal,-4.0,201,0.1,0.5,0.10045260671723594,0.00487409803447683,0.0,1.3877801067018522e-17,0.05170996492513169,0.9482900350748682
thermal,-4.0,201,0.2,0.5,0.09965548401552601,0.004289060392863259,0.0,1.38779038839756e-17,0.05328838586930951,0.9467116141306904
thermal,-4.0,201,0.3,0.5,0.0988540125406604,0.003794543495524684,0.0,2.775593724966343e-17,0.054735283293947334,0.9452647167060526
thermal,-4.0,201,0.4,0.5,0.09804482559800345,0.0033632762336542306,0.0,6.190768716777561e-17,0.05605848575978704,0.9439415142402129
thermal,-4.0,201,0.5,0.5,0.09722559054820981,0.0029829400943189414,0.0,5.551168060989235e-17,0.056940171091510575,0.9430598289084895
thermal,-4.0,201,0.6,0.5,0.09639484209251256,0.002646207948189449,0.0,4.593805543004421e-22,0.05733731066117835,0.9426626893388217
thermal,-4.0,201,0.7000000000000001,0.5,0.09555184243974996,0.0023476763380973365,0.0,3.2323570585673057e-22,0.05781404461698453,0.9421859553830154
thermal,-4.0,201,0.8,0.5,0.09469645969109407,0.002082886470621776,0.0,3.740911229029625e-22,0.058340044167375364,0.9416599558326247
thermal,-4.0,201,0.9,0.5,0.0938290602357203,0.0018479852714622866,0.0,5.551158862444458e-17,0.05889464553540431,0.9411053544645959
thermal,-4.0,201,1.0,0.5,0.09295041260731923,0.0016395860520339452,0.0,2.77559851360589e-17,0.05946397682041304,0.940536023179587
thermal,-4.0,201,1.1,0.5,0.0920616011919783,0.0014546941343577102,0.0,5.551125787367572e-17,0.060038953350208736,0.9399610466497913
thermal,-4.0,201,1.2,0.5,0.09116394883325526,0.0012906559125478619,0.0,5.551115288960814e-17,0.06061386634608907,0.939386133653911
thermal,-4.0,201,1.3,0.5,0.09025894782656121,0.0011451182704048646,0.0,2.775573619182053e-17,0.06118538150430242,0.9388146184956976
thermal,-4.0,201,1.4000000000000001,0.5,0.08934819905506713,0.0010159939977680563,0.0,1.7348199823773303e-22,0.061751823740881534,0.9382481762591184
thermal,-4.0,201,1.5,0.49999999999999994,0.08843335912226097,0.0009014315523353673,0.0,2.7755636251382137e-17,0.06231266385210241,0.9376873361478975
thermal,-4.0,201,1.6,0.5,0.08751609532143917,0.0007997883762063421,0.0,3.4694466363869125e-17,0.06286814914757924,0.9371318508524208
thermal,-4.0,201,1.7,0.5,0.08659804819283023,0.0007096072725410273,0.0,3.469447277871419e-17,0.06335242171017638,0.9366475782898236
thermal,-4.0,201,1.8,0.5,0.08568080129447206,0.0006295954671215462,0.0,3.469447029537097e-17,0.06374713906404805,0.936252860935952
thermal,-4.0,201,1.9000000000000001,0.5,0.08476585768528555,0.000558606041670028,0.0,3.4694854790951814e-18,0.06416538721165202,0.935834612788348
thermal,-4.0,201,2.0,0.5,0.083854622510165,0.000495621467377404,0.0,2.775560896673264e-17,0.0646042679078827,0.9353957320921172
thermal,-4.0,201,2.1,0.5,0.08294839099994468,0.0004397389998389192,0.0,3.893310254753684e-23,0.06506169870210493,0.9349383012978952
thermal,-4.0,201,2.2,0.5,0.08204834115836926,0.0003901577243252427,0.0,2.669406193098874e-23,0.06553620612185135,0.9344637938781487
thermal,-4.0,201,2.3000000000000003,0.5,0.0811555304023808,0.00034616706448802124,0.0,3.9485776427294877e-23,0.06602676684072911,0.9339732331592709
thermal,-4.0,201,2.4,0.5,0.08027089544609427,0.00030713658888365387,0.0,1.365286404299521e-23,0.06653268585304675,0.9334673141469534
thermal,-4.0,201,2.5,0.5,0.07939525476590598,0.0002725069685143095,0.0,2.649562907158872e-23,0.06705350331463969,0.9329464966853603
thermal,-4.0,201,2.6,0.5,0.07852931304697677,0.00024178195524123818,0.0,1.345638279821247e-23,0.06758892364624872,0.9324110763537512
thermal,-4.0,201,2.7,0.5,0.07767366708311042,0.0002145212656789557,0.0,1.5158098465606467e-23,0.06813876194077712,0.9318612380592228
thermal,-4.0,201,2.8000000000000003,0.5,0.0768288126771157,0.00019033426825125957,0.0,1.4856684352357977e-23,0.06870290381064112,0.931297096189359
thermal,-4.0,201,2.9,0.5,0.07599515216268374,0.00016887438267504257,0.0,9.437629644915061e-24,0.06928127565272055,0.9307187243472793
thermal,-4.0,201,3.0,0.5,0.07517300223848025,0.00014983411140625388,0.0,6.83157686068195e-24,0.06987382296214031,0.9301261770378597
thermal,-4.0,201,3.1,0.49999999999999994,0.07436260186851482,0.00013294063168480585,0.0,8.27273300322547e-24,0.07048049483820376,0.9295195051617962
thermal,-4.0,201,3.2,0.5,0.07356412005882482,0.00011795188488497307,0.0,6.619056742371221e-24,0.07110123322886441,0.9288987667711356
thermal,-4.0,201,3.3000000000000003,0.5,0.0727776633687042,0.00010465310703266859,0.0,6.565749992417724e-24,0.071735965778085,0.9282640342219152
thermal,-4.0,201,3.4,0.5,0.07200328305527122,9.285375069515537e-05,0.0,1.680016499402531e-24,0.07238460139118988,0.9276153986088103
thermal,-4.0,201,3.5,0.5,0.07124098178357066,8.238475407450132e-05,0.0,1.7085377149318227e-24,0.07304702783080252,0.9269529721691976
thermal,-4.0,201,3.6,0.5,0.0704907198613359,7.309611812508074e-05,0.0,3.3087510716628734e-24,0.07372311081105035,0.9262768891889497
thermal,-4.0,201,3.7,0.5,0.06975242097877365,6.485475693998556e-05,0.0,3.307612523449592e-24,0.0744126941791752,0.9255873058208248
thermal,-4.0,201,3.8000000000000003,0.5,0.06902597745008582,5.754259057538439e-05,0.0,1.6332161096903012e-26,0.07511560086849059,0.9248843991315094
thermal,-4.0,201,3.9,0.5,0.06831125496568807,5.105485296240111e-05,0.0,2.8273630574128516e-24,0.07583163438043597,0.9241683656195642
thermal,-4.0,201,4.0,0.5,0.0676080968729401,4.529859064324991e-05,0.0,2.670029592983512e-24,0.07656058061079687,0.923439419389203
thermal,-4.0,202,0.0,0.5,0.10124999999999998,0.005625000000000001,0.0,4.596510221765824e-31,0.050000000000000044,0.95
thermal,-4.0,202,0.1,0.5,0.10045260668581339,0.004874098034476833,0.0,1.659854135674944e-23,0.0517488961180639,0.9482511038819361
thermal,-4.0,202,0.2,0.5,0.09965548315025365,0.004289060392863259,0.0,6.64156712659603e-23,0.05344933685901728,0.9465506631409829
thermal,-4.0,202,0.3,0.5,0.0988540068132595,0.003794543495524682,0.0,2.74790990154289e-23,0.05510414394951385,0.9448958560504862
thermal,-4.0,202,0.4,0.5,0.0980448044978976,0.0033632762336542306,0.0,5.305490604057864e-22,0.055809582645888284,0.9441904173541118
thermal,-4.0,202,0.5,0.5,0.09722553418339627,0.0029829400943189414,0.0,6.639224904923784e-22,0.056319048806958164,0.9436809511930417
thermal,-4.0,202,0.6,0.5,0.09639471922869397,0.00264620794818945,0.0,3.3194617026958353e-22,0.05701615406259425,0.9429838459374059
thermal,-4.0,202,0.7000000000000001,0.49999999999999994,0.09555160964873868,0.0023476763380973383,0.0,3.2598127935884825e-22,0.05782739175846158,0.9421726082415385
thermal,-4.0,202,0.8,0.5,0.09469606153207394,0.0020828864706217793,0.0,3.450185796762697e-22,0.05870212038809916,0.9412978796119009
thermal,-4.0,202,0.9,0.5,0.09382843026845086,0.0018479852714622914,0.0,2.1573460835057884e-22,0.05960578462865725,0.9403942153713428
thermal,-4.0,202,1.0,0.5,0.09294947499495093,0.0016395860520339498,0.0,4.1898698451503576e-22,0.060300444393681735,0.9396995556063182
thermal,-4.0,202,1.1,0.5,0.09206027265956643,0.0014546941343577123,0.0,4.247162934612641e-22,0.060594172368892474,0.9394058276311077
thermal,-4.0,202,1.2,0.5,0.09116214078206966,0.0012906559125478627,0.0,7.03588090506763e-23,0.06098560271754544,0.9390143972824546
thermal,-4.0,202,1.3,0.5,0.09025656844789705,0.0011451182704048635,0.0,2.7755787329816665e-17,0.06144594095004752,0.9385540590499525
thermal,-4.0,202,1.4000000000000001,0.5,0.08934515533091239,0.001015993997768056,0.0,2.775574829075717e-17,0.06195408315973852,0.9380459168402615
thermal,-4.0,202,1.5,0.5,0.08842955863886043,0.0009014315523353667,0.0,6.328046456816918e-23,0.06249467330877545,0.9375053266912245
thermal,-4.0,202,1.6,0.5,0.08751144785343806,0.0007997883762063413,0.0,5.914225514671939e-23,0.06305665555503365,0.9369433444449664
thermal,-4.0,202,1.7,0.5,0.08659246703999071,0.0007096072725410268,0.0,3.3490705576032973e-23,0.06363219146997295,0.9363678085300271
thermal,-4.0,202,1.8,0.5,0.08567420437056757,0.0006295954671215456,0.0,6.66546332210559e-23,0.06421584705702457,0.9357841529429755
thermal,-4.0,202,1.9000000000000001,0.5,0.08475816837075155,0.0005586060416700276,0.0,1.0043646038479928e-23,0.06480398009772298,0.9351960199022771
thermal,-4.0,202,2.0,0.5,0.08384577028757612,0.0004956214673774035,0.0,3.105592501663682e-23,0.06539427699184491,0.934605723008155
thermal,-4.0,202,2.1,0.49999999999999994,0.08293831189548459,0.00043973899983891897,0.0,5.30753017820184e-25,0.0659436605550664,0.9340563394449336
thermal,-4.0,202,2.2,0.5,0.08203697801409315,0.0003901577243252426,0.0,4.4707435867758004e-23,0.06638671067351104,0.933613289326489
thermal,-4.0,202,2.3000000000000003,0.5,0.08114283300400403,0.0003461670644880214,0.0,2.2864570259278533e-23,0.06685545001737714,0.9331445499826229
thermal,-4.0,202,2.4,0.49999999999999994,0.08025682052986449,0.0003071365888836539,0.0,4.1536100718460804e-24,0.06734643814848779,0.9326535618515122
thermal,-4.0,202,2.5,0.5,0.07937976592627416,0.00027250696851430987,0.0,6.938920892937926e-18,0.06785706848764084,0.9321429315123592
thermal,-4.0,202,2.6,0.5,0.07851238056459464,0.00024178195524123832,0.0,6.938915639150842e-18,0.06838537867144939,0.9316146213285506
thermal,-4.0,202,2.7,0.5,0.07765526769037123,0.00021452126567895585,0.0,6.93890796604229e-18,0.06892990210323369,0.9310700978967663
thermal,-4.0,202,2.8000000000000003,0.5,0.07680892927617192,0.00019033426825125965,0.0,1.3877801157616763e-17,0.06948955168926951,0.9305104483107305
thermal,-4.0,202,2.9,0.5,0.07597377350871233,0.00016887438267504268,0.0,1.4674424543515082e-23,0.07006352881304495,0.9299364711869551
thermal,-4.0,202,3.0,0.5,0.07515012259897627,0.00014983411140625388,0.0,1.6647413129804613e-23,0.07065125216401849,0.9293487478359815
thermal,-4.0,202,3.1,0.5,0.07433822066760729,0.00013294063168480577,0.0,1.7639355489007044e-25,0.0712523022273811,0.9287476977726188
thermal,-4.0,202,3.2,0.5,0.07353824151402528,0.000117951884884973,0.0,1.0408337500690657e-17,0.0718663781507145,0.9281336218492855
thermal,-4.0,202,3.3000000000000003,0.5,0.0727502961261223,0.00010465310703266852,0.0,6.938898069912314e-18,0.07249326440213427,0.9275067355978658
thermal,-4.0,202,3.4,0.49999999999999994,0.07197443982814203,9.28537506951553e-05,0.0,6.938897212744217e-18,0.07313280517469128,0.9268671948253087
thermal,-4.0,202,3.5,0.5,0.07121067899792471,8.238475407450126e-05,0.0,6.938895644297337e-18,0.07378488491229529,0.9262151150877047
thermal,-4.0,202,3.6,0.5,0.07045897731178459,7.30961181250807e-05,0.0,3.4694502753163105e-18,0.0744494136620632,0.925550586337937
thermal,-4.0,202,3.7,0.5,0.06971926149666213,6.485475693998548e-05,0.0,6.938896303102309e-18,0.07512631621820651,0.9248736837817936
thermal,-4.0,202,3.8000000000000003,0.5,0.06899142658566403,5.754259057538433e-05,0.0,3.4694502652232774e-18,0.07581552422931748,0.9241844757706825
thermal,-4.0,202,3.9,0.5,0.06827534068545374,5.105485296240102e-05,0.0,6.938895559885224e-18,0.07651697060610213,0.9234830293938979
thermal,-4.0,202,4.0,0.5,0.06757084927289884,4.5298590643249844e-05,0.0,8.272953732004713e-25,0.07723058569926095,0.922769414300739
thermal,-4.0,203,0.0,0.5,0.10124999999999998,0.005625,0.0,5.551115123125844e-17,0.050000000000000044,0.95
thermal,-4.0,203,0.1,0.5,0.10045260642388287,0.004874098034476834,0.0,5.551120375238276e-17,0.05177656827937224,0.9482234317206276
thermal,-4.0,203,0.2,0.5,0.09965547593755952,0.004289060392863262,0.0,5.551120732449264e-17,0.0535710755091666,0.9464289244908334
thermal,-4.0,203,0.3,0.5,0.09885395907107361,0.003794543495524684,0.0,5.55112544306659e-17,0.054722044024199695,0.9452779559758003
thermal,-4.0,203,0.4,0.49999999999999994,0.09804462861267438,0.00336327623365423,0.0,4.2144080348455777e-22,0.05634412327154306,0.943655876728457
thermal,-4.0,203,0.5,0.49999999999999994,0.0972250643403563,0.0029829400943189414,0.0,7.312117565173418e-22,0.05762522156813814,0.9423747784318619
thermal,-4.0,203,0.6,0.49999999999999994,0.09639369506651731,0.002646207948189449,0.0,5.33023949072346e-22,0.058630726500111585,0.9413692734998884
thermal,-4.0,203,0.7000000000000001,0.49999999999999994,0.09554966916087393,0.0023476763380973365,0.0,8.605713642823112e-24,0.060096980129218616,0.9399030198707814
thermal,-4.0,203,0.8,0.5,0.09469274257769093,0.002082886470621776,0.0,2.4413386134480885e-22,0.06151602396443187,0.9384839760355682
thermal,-4.0,203,0.9,0.5,0.09382317901826057,0.0018479852714622892,0.0,3.1903373443946573e-22,0.06233262396797276,0.9376673760320273
thermal,-4.0,203,1.0,0.5,0.09294165929187143,0.0016395860520339476,0.0,1.081611827336598e-22,0.06344948810665968,0.9365505118933404
thermal,-4.0,203,1.1,0.5,0.09204919834440692,0.001454694134357711,0.0,2.2732443948930635e-22,0.06484970553308128,0.9351502944669187
thermal,-4.0,203,1.2,0.5,0.09114706931789163,0.0012906559125478614,0.0,2.775557990336777e-17,0.06616396647604961,0.9338360335239504
thermal,-4.0,203,1.3,0.5,0.09023673454021139,0.0011451182704048627,0.0,2.7755691777399195e-17,0.06770399833412644,0.9322960016658736
thermal,-4.0,203,1.4000000000000001,0.5,0.08931978360474851,0.0010159939977680548,0.0,2.7755681686591476e-17,0.06846474224132396,0.931535257758676
thermal,-4.0,203,1.5,0.5,0.08839787875618099,0.0009014315523353654,0.0,1.717576015867212e-22,0.06941463858336205,0.9305853614166378
thermal,-4.0,203,1.6,0.5,0.08747270771816668,0.0007997883762063402,0.0,2.7755628534082735e-17,0.07057679167960268,0.9294232083203973
thermal,-4.0,203,1.7,0.5,0.08654594394054778,0.0007096072725410261,0.0,2.7755668527520403e-17,0.0718392334860086,0.9281607665139915
thermal,-4.0,203,1.8,0.5,0.08561921405662196,0.000629595467121545,0.0,2.775558966557562e-17,0.07314634158162084,0.9268536584183791
thermal,-4.0,203,1.9000000000000001,0.5,0.08469407216070345,0.0005586060416700269,0.0,4.163341636431476e-17,0.07440677906451146,0.9255932209354885
thermal,-4.0,203,2.0,0.49999999999999994,0.0837719803657381,0.0004956214673774032,0.0,4.163333776712495e-17,0.07560949960405833,0.9243905003959416
thermal,-4.0,203,2.1,0.5,0.08285429499206401,0.00043973899983891854,0.0,1.3877821495910665e-17,0.07685087006753505,0.9231491299324649
thermal,-4.0,203,2.2,0.5,0.08194225767470409,0.0003901577243252423,0.0,1.3877787879317657e-17,0.07811283287648163,0.9218871671235183
thermal,-4.0,203,2.3000000000000003,0.5,0.08103699065488085,0.0003461670644880209,0.0,4.163333693155556e-17,0.07938480889358018,0.9206151911064198
thermal,-4.0,203,2.4,0.5,0.08013949553514696,0.0003071365888836535,0.0,4.163335664752334e-17,0.0806569311341365,0.9193430688658635
thermal,-4.0,203,2.5,0.5,0.07925065481837698,0.00027250696851430917,0.0,1.3877814722165912e-17,0.08192210699566554,0.9180778930043345
thermal,-4.0,203,2.6,0.5,0.07837123561043577,0.00024178195524123783,0.0,1.3877788115891686e-17,0.08317543931228044,0.9168245606877194
thermal,-4.0,203,2.7,0.49999999999999994,0.07750189493697837,0.0002145212656789553,0.0,2.7999177887961024e-23,0.08441375963922554,0.9155862403607743
thermal,-4.0,203,2.8000000000000003,0.5,0.07664318620014852,0.00019033426825125922,0.0,1.3877791118997453e-17,0.08563525243636189,0.9143647475636381
thermal,-4.0,203,2.9,0.5,0.07579556637601467,0.00016887438267504222,0.0,6.938897214317248e-18,0.08683915268782416,0.9131608473121757
thermal,-4.0,203,3.0,0.5,0.0749594036248723,0.00014983411140625342,0.0,6.938900525086584e-18,0.08802550274503435,0.9119744972549656
thermal,-4.0,203,3.1,0.5,0.07413498505177918,0.00013294063168480547,0.0,2.0816681746084146e-17,0.08919495687825321,0.9108050431217467
thermal,-4.0,203,3.2,0.5,0.07332252441259854,0.00011795188488497273,0.0,1.3877787804794244e-17,0.09034862424166984,0.9096513757583302
thermal,-4.0,203,3.3000000000000003,0.5,0.07252216961091285,0.00010465310703266824,0.0,6.938900496999242e-18,0.09148794277084604,0.908512057229154
thermal,-4.0,203,3.4,0.5,0.0717340098735097,9.28537506951551e-05,0.0,6.938899533760438e-18,0.09261457800516856,0.9073854219948314
thermal,-4.0,203,3.5,0.5,0.0709580825271671,8.238475407450113e-05,0.0,1.387778782730712e-17,0.09373034202000552,0.9062696579799945
thermal,-4.0,203,3.6,0.5,0.07019437932785066,7.30961181250806e-05,0.0,1.3877791115330184e-17,0.0948371286134945,0.9051628713865056
thermal,-4.0,203,3.7,0.5,0.0694428523159562,6.48547569399854e-05,0.0,8.631832633721705e-25,0.09593686166357251,0.9040631383364276
thermal,-4.0,203,3.8000000000000003,0.5,0.06870341918870308,5.754259057538425e-05,0.0,2.481245589590971e-24,0.09703145418732856,0.9029685458126715
thermal,-4.0,203,3.9,0.5,0.06797596819399437,5.105485296240095e-05,0.0,2.0684575835130235e-24,0.098122776126329,0.901877223873671
thermal,-4.0,203,4.0,0.5,0.06726036255974513,4.529859064324976e-05,0.0,2.481567875214718e-24,0.09921262927239671,0.9007873707276033
