block,order,initial,seat_to_id,leader_id
0,BAC,"[1,0,0,1,1,0,0,0,0]","[7,3,4,1,2,0,8,5,6]",2
1,BCA,"[0,1,1,0,1,0,0,1,1]","[1,2,3,5,6,7,8,0,4]",3
2,CBA,"[0,1,1,1,1,0,1,0,1]","[3,7,4,2,6,5,0,1,8]",5
3,ABC,"[0,0,0,1,1,0,0,1,0]","[6,0,1,4,5,3,7,2,8]",6
4,CAB,"[1,1,1,1,1,0,1,1,0]","[7,0,5,4,8,1,2,6,3]",8
5,ACB,"[0,1,1,1,0,1,0,1,0]","[7,4,3,2,1,6,0,5,8]",4
6,CAB,"[1,1,1,0,0,1,1,0,1]","[5,0,7,3,2,6,1,4,8]",8
7,ABC,"[1,1,1,1,1,0,0,1,0]","[0,8,6,7,4,5,3,1,2]",6
8,CBA,"[0,1,1,0,0,1,0,0,1]","[7,0,4,2,8,5,3,6,1]",3
9,BAC,"[1,1,1,0,1,0,1,0,0]","[3,7,6,0,2,4,5,8,1]",5
10,BCA,"[1,0,0,0,1,0,0,0,1]","[0,1,2,7,6,5,3,4,8]",3
11,ACB,"[0,1,0,0,0,1,1,1,0]","[5,2,4,8,7,3,1,0,6]",5
12,ABC,"[1,1,0,1,1,0,1,0,0]","[0,4,3,1,7,6,5,2,8]",5
13,BCA,"[0,1,0,0,1,1,0,1,1]","[5,8,3,1,7,2,4,6,0]",1
14,BAC,"[0,0,1,1,1,0,0,0,1]","[5,0,2,4,7,3,1,6,8]",8
15,CAB,"[0,1,1,0,1,0,0,0,0]","[7,6,1,2,3,8,4,0,5]",7
16,ACB,"[0,0,0,0,0,0,1,0,0]","[1,2,0,3,5,8,4,7,6]",2
17,CBA,"[0,1,0,0,0,1,1,1,0]","[8,1,2,4,7,6,0,3,5]",4
18,ABC,"[0,0,0,1,0,1,1,0,0]","[6,1,5,3,7,8,0,4,2]",2
19,ACB,"[0,1,1,0,0,1,1,0,0]","[5,6,4,8,2,1,0,3,7]",6
20,BAC,"[1,0,0,0,0,0,1,0,1]","[2,0,7,6,1,3,4,8,5]",4
21,CBA,"[1,1,0,1,1,1,1,0,0]","[2,7,3,0,1,4,6,8,5]",4
22,CAB,"[0,1,0,0,0,1,1,1,0]","[5,7,8,0,2,3,1,4,6]",6
23,BCA,"[0,1,0,0,1,0,1,0,0]","[4,2,8,5,3,6,0,7,1]",6
24,CAB,"[0,1,0,1,0,0,1,1,1]","[1,2,4,8,7,3,6,0,5]",1
25,ABC,"[1,1,0,1,0,0,0,1,1]","[1,0,8,7,4,5,3,2,6]",6
26,ACB,"[1,0,1,0,0,1,0,1,0]","[1,3,6,8,5,2,4,0,7]",7
27,BAC,"[0,1,0,1,1,1,0,0,1]","[4,7,0,5,6,2,1,8,3]",7
28,BCA,"[0,0,0,0,0,1,0,1,0]","[5,8,3,2,6,0,1,7,4]",3
29,CBA,"[1,0,1,1,0,0,0,1,0]","[3,0,1,6,4,2,8,5,7]",1
30,CAB,"[1,0,0,0,1,0,1,0,0]","[6,8,5,1,7,0,4,2,3]",4
31,BAC,"[1,1,0,0,0,0,1,1,0]","[7,8,5,2,6,0,4,1,3]",6
32,ABC,"[0,1,1,1,0,0,1,0,1]","[3,4,2,8,1,0,5,7,6]",2
33,BCA,"[1,0,1,1,1,0,1,0,1]","[2,0,1,3,7,4,6,8,5]",6
34,CBA,"[1,1,1,1,0,0,0,1,0]","[8,6,1,7,3,5,2,4,0]",6
35,ACB,"[1,1,1,1,1,1,1,0,1]","[5,3,4,8,7,1,6,2,0]",5
36,ABC,"[1,0,1,1,1,0,1,0,0]","[7,6,2,4,3,5,1,0,8]",2
37,BAC,"[0,1,1,0,1,0,1,1,1]","[4,8,6,0,3,7,2,5,1]",0
38,CBA,"[0,1,1,1,0,0,1,0,1]","[1,5,0,4,7,6,8,3,2]",7
39,CAB,"[0,1,1,1,0,1,1,0,0]","[4,0,3,5,2,7,6,1,8]",8
40,BCA,"[1,0,1,0,0,1,0,0,0]","[7,1,5,6,0,8,3,2,4]",2
41,ACB,"[0,1,1,0,1,1,1,0,1]","[5,4,0,2,1,8,3,7,6]",0
42,ACB,"[0,0,1,0,0,0,1,0,1]","[2,0,3,7,1,8,4,5,6]",2
43,BCA,"[1,1,1,0,1,1,1,1,0]","[3,8,4,5,6,1,7,0,2]",3
44,CAB,"[0,0,0,1,0,0,1,0,0]","[4,8,0,7,5,3,2,6,1]",0
45,CBA,"[0,1,0,1,0,1,0,1,1]","[7,8,3,4,2,1,6,5,0]",2
46,BAC,"[1,1,1,1,0,1,1,0,0]","[3,2,6,7,8,0,1,4,5]",8
47,ABC,"[0,0,1,0,1,1,0,1,0]","[3,6,0,8,5,1,2,4,7]",2
48,CAB,"[1,0,1,0,0,1,1,1,1]","[3,6,5,0,2,7,8,1,4]",4
49,BAC,"[1,0,1,0,1,0,0,0,0]","[0,6,8,5,3,1,4,2,7]",1
50,ABC,"[1,1,0,0,1,0,1,0,0]","[2,7,0,5,6,4,3,1,8]",8
51,BCA,"[0,1,1,0,1,1,1,0,0]","[4,0,1,8,7,3,2,6,5]",7
52,ACB,"[1,1,1,1,1,1,1,0,0]","[3,4,7,1,8,0,2,6,5]",3
53,CBA,"[0,0,0,1,1,1,0,0,0]","[2,8,0,4,5,7,3,6,1]",7
54,ACB,"[0,0,1,1,1,0,0,1,1]","[0,3,4,5,7,6,2,8,1]",7
55,CBA,"[0,1,1,0,1,0,1,0,1]","[6,4,0,1,7,2,5,3,8]",0
56,BAC,"[1,1,1,1,0,1,0,1,1]","[8,2,1,6,7,3,5,0,4]",4
57,BCA,"[0,1,1,1,1,1,0,1,1]","[0,8,6,4,7,2,5,3,1]",4
58,CAB,"[0,1,0,1,1,0,1,1,0]","[0,6,8,5,7,1,4,3,2]",7
59,ABC,"[1,0,1,1,1,0,1,1,0]","[8,3,2,0,6,5,4,1,7]",3
60,ACB,"[1,0,0,0,1,0,0,0,1]","[6,0,1,4,7,2,3,8,5]",1
61,BCA,"[0,0,0,0,0,0,1,0,1]","[5,8,6,1,2,3,4,0,7]",5
62,CBA,"[0,0,0,1,0,1,0,1,0]","[4,8,3,5,1,7,2,6,0]",6
63,BAC,"[1,1,1,1,1,1,1,1,1]","[3,6,0,4,8,1,7,5,2]",1
64,CAB,"[1,1,0,0,1,1,0,1,1]","[5,2,1,0,8,7,3,4,6]",8
65,ABC,"[1,0,0,0,1,0,0,0,1]","[8,3,4,5,1,2,0,7,6]",2
66,ABC,"[0,0,0,1,1,0,0,1,1]","[8,0,4,2,7,1,3,5,6]",1
67,CBA,"[1,0,1,0,0,1,0,1,0]","[8,7,2,4,1,5,0,3,6]",2
68,CAB,"[1,0,1,0,1,1,0,0,1]","[0,7,5,3,4,6,2,1,8]",5
69,BAC,"[0,0,1,0,1,1,1,0,1]","[6,2,5,7,8,0,3,1,4]",1
70,ACB,"[1,0,0,0,1,1,0,0,0]","[8,3,2,1,0,7,4,5,6]",2
71,BCA,"[0,1,1,1,1,0,1,1,0]","[4,8,2,0,7,6,3,1,5]",4
72,BAC,"[0,0,1,1,1,1,0,0,1]","[5,1,8,6,7,0,4,2,3]",5
73,ABC,"[1,1,1,0,1,1,1,1,0]","[5,0,2,3,8,4,7,1,6]",2
74,CBA,"[1,1,0,1,0,1,0,1,1]","[7,3,1,2,0,4,8,5,6]",4
75,CAB,"[0,1,0,1,1,1,0,1,0]","[2,5,7,6,8,0,1,4,3]",3
76,ACB,"[0,0,1,0,1,1,1,0,1]","[8,3,6,1,7,0,5,2,4]",0
77,BCA,"[1,1,1,1,0,1,1,1,0]","[4,8,5,6,1,3,7,2,0]",0
78,ABC,"[1,1,0,0,1,0,0,0,1]","[2,0,6,8,1,4,5,3,7]",4
79,BAC,"[0,1,1,1,1,0,0,0,0]","[5,0,6,4,2,8,3,1,7]",0
80,ACB,"[0,1,0,0,1,0,0,1,1]","[1,3,4,0,7,8,6,5,2]",7
81,CAB,"[1,0,0,0,1,1,0,0,1]","[7,8,5,2,3,4,1,0,6]",4
82,CBA,"[1,1,0,0,0,0,1,1,1]","[5,4,3,2,8,6,1,7,0]",8
83,BCA,"[0,0,0,0,1,0,0,1,0]","[6,5,1,0,8,3,2,4,7]",8
84,ACB,"[0,0,1,0,0,1,0,0,1]","[2,1,0,3,7,8,5,4,6]",7
85,BAC,"[0,1,1,1,1,0,0,0,1]","[3,7,0,4,5,2,1,8,6]",0
86,ABC,"[1,1,0,0,1,0,0,0,0]","[2,0,7,5,1,6,3,8,4]",5
87,CAB,"[0,1,0,1,1,1,1,1,1]","[7,4,8,3,1,6,0,5,2]",8
88,BCA,"[0,1,0,0,0,1,0,1,0]","[5,7,0,4,6,3,1,8,2]",2
89,CBA,"[0,1,0,1,1,0,1,1,0]","[7,0,2,3,5,6,1,4,8]",6
90,ABC,"[0,0,0,0,1,0,0,0,1]","[4,6,2,5,3,7,1,8,0]",3
91,BCA,"[0,1,1,1,1,0,0,1,0]","[7,1,5,0,4,8,2,3,6]",7
92,CAB,"[0,0,0,1,0,0,1,1,1]","[0,6,5,2,3,4,1,8,7]",1
93,CBA,"[0,1,1,0,0,1,0,1,0]","[8,1,0,5,2,6,7,4,3]",4
94,ACB,"[1,0,0,1,1,0,1,0,0]","[1,8,5,4,0,3,6,7,2]",0
95,BAC,"[0,1,0,1,0,0,1,0,1]","[0,4,6,8,1,7,5,2,3]",8
96,CBA,"[0,0,0,0,1,0,1,1,1]","[2,5,6,7,4,8,3,0,1]",5
97,CAB,"[0,1,1,1,1,0,0,0,1]","[2,7,3,8,4,6,1,5,0]",1
98,BCA,"[0,1,1,0,1,0,1,1,0]","[1,3,4,8,5,6,2,0,7]",6
99,BAC,"[0,1,0,1,0,0,0,0,1]","[2,1,3,4,0,8,6,7,5]",0
100,ABC,"[0,0,1,1,0,0,0,0,0]","[8,2,3,5,0,6,4,7,1]",8
101,ACB,"[1,0,1,0,1,1,1,0,0]","[3,7,0,2,8,5,4,6,1]",7
102,BAC,"[0,0,0,0,1,0,0,1,0]","[5,6,8,4,7,0,2,1,3]",0
103,CAB,"[1,1,0,1,0,0,1,0,1]","[0,8,7,5,2,3,4,6,1]",3
104,CBA,"[0,1,0,1,0,0,0,0,0]","[6,2,1,7,4,0,8,3,5]",5
105,ACB,"[0,1,1,1,1,0,1,1,1]","[5,2,7,8,1,0,6,4,3]",4
106,ABC,"[1,1,1,0,1,1,0,1,0]","[2,7,3,5,1,8,6,4,0]",5
107,BCA,"[1,1,1,1,0,1,0,0,1]","[8,7,4,3,1,6,5,0,2]",2
108,CBA,"[1,1,1,1,1,1,1,0,1]","[1,6,4,3,7,8,2,0,5]",3
109,ABC,"[1,0,1,1,1,0,1,1,0]","[1,5,7,8,2,6,3,4,0]",0
110,BCA,"[1,0,1,0,0,1,0,0,0]","[6,1,4,7,5,8,3,2,0]",7
111,ACB,"[1,0,0,0,0,0,1,0,0]","[3,8,6,0,2,5,4,1,7]",1
112,CAB,"[1,1,0,0,1,1,1,0,0]","[4,2,8,7,6,0,1,5,3]",6
113,BAC,"[1,0,0,1,1,0,1,1,1]","[3,7,5,8,6,4,0,2,1]",8
114,BCA,"[0,0,0,0,0,1,0,0,1]","[2,1,5,8,7,6,4,0,3]",5
115,CBA,"[0,1,0,1,1,0,0,1,0]","[0,2,4,5,8,7,1,3,6]",4
116,BAC,"[1,1,1,1,1,0,0,1,1]","[5,4,3,8,1,6,0,2,7]",4
117,ACB,"[1,1,1,0,0,1,0,0,1]","[1,7,2,3,5,8,6,0,4]",3
118,CAB,"[0,1,1,0,1,1,1,0,0]","[5,3,7,4,2,1,0,8,6]",0
119,ABC,"[1,1,1,1,0,0,1,1,1]","[4,8,3,2,1,5,6,7,0]",1
120,BAC,"[1,1,1,1,1,1,1,0,1]","[0,5,1,2,6,8,7,4,3]",5
121,ABC,"[0,0,1,0,1,1,1,1,0]","[7,0,5,6,4,1,3,8,2]",6
122,CAB,"[0,0,0,0,1,0,1,0,1]","[1,0,8,3,4,2,5,6,7]",4
123,ACB,"[0,1,0,0,1,1,0,0,0]","[8,1,6,0,5,7,4,3,2]",2
124,CBA,"[1,0,1,0,1,1,1,1,0]","[3,4,7,0,2,1,6,5,8]",1
125,BCA,"[1,1,0,1,1,0,0,1,0]","[3,6,0,2,5,4,8,7,1]",1
126,ACB,"[0,1,1,0,1,1,0,1,1]","[7,3,2,6,1,8,4,0,5]",1
127,BCA,"[1,1,0,1,0,0,0,1,1]","[0,3,5,1,2,4,8,7,6]",8
128,CAB,"[0,1,1,0,0,0,1,1,0]","[6,4,0,5,3,2,7,8,1]",3
129,ABC,"[1,1,1,1,0,1,0,1,0]","[6,8,4,5,2,0,1,7,3]",8
130,CBA,"[1,1,1,1,0,0,0,0,0]","[4,8,6,1,0,7,5,3,2]",4
131,BAC,"[1,0,1,1,1,1,1,0,1]","[5,8,2,0,1,6,4,7,3]",6
132,CBA,"[0,0,0,0,0,1,1,0,0]","[4,0,2,1,8,5,3,6,7]",6
133,ABC,"[0,1,1,1,1,1,0,1,0]","[1,3,2,4,0,7,5,8,6]",5
134,BCA,"[1,1,0,1,1,0,1,1,0]","[2,7,8,3,6,4,0,5,1]",3
135,CAB,"[1,0,1,1,0,1,0,0,1]","[1,8,4,2,6,3,7,0,5]",7
136,BAC,"[0,0,1,0,0,0,0,0,0]","[7,6,4,0,3,2,1,5,8]",3
137,ACB,"[0,0,1,1,1,1,1,0,0]","[1,3,6,2,4,0,7,8,5]",8
138,ABC,"[0,1,1,1,1,0,1,0,1]","[3,7,5,6,0,2,8,4,1]",6
139,BAC,"[0,0,0,1,1,1,0,1,1]","[7,4,6,1,5,3,0,2,8]",0
140,ACB,"[1,0,1,0,0,1,1,0,0]","[2,1,5,6,0,8,7,4,3]",8
141,CAB,"[0,0,0,1,0,0,0,0,1]","[1,3,6,0,2,4,5,8,7]",5
142,CBA,"[1,0,0,0,0,0,1,1,0]","[3,6,0,2,4,7,5,8,1]",3
143,BCA,"[1,1,1,0,1,0,1,1,0]","[6,1,5,4,8,2,0,7,3]",8
144,BAC,"[1,1,0,1,1,1,0,1,1]","[5,4,1,6,2,7,0,8,3]",0
145,BCA,"[0,1,1,0,1,1,0,0,1]","[4,5,7,0,3,6,1,8,2]",5
146,CAB,"[0,0,0,1,1,0,0,0,0]","[4,7,3,6,0,1,2,5,8]",4
147,ACB,"[1,0,1,0,1,0,0,0,0]","[1,8,5,4,0,7,3,6,2]",0
148,ABC,"[1,0,1,0,0,0,1,0,1]","[2,5,8,7,4,0,3,1,6]",1
149,CBA,"[1,0,1,1,0,0,1,1,0]","[7,5,3,0,1,8,6,2,4]",7
150,CAB,"[1,0,1,0,1,0,1,0,1]","[0,3,5,6,2,4,1,7,8]",4
151,ACB,"[0,1,0,1,1,1,1,0,1]","[8,7,4,1,2,6,5,3,0]",1
152,BAC,"[0,0,0,1,0,1,1,1,0]","[5,0,4,6,8,7,3,2,1]",4
153,ABC,"[0,1,1,1,1,1,0,0,0]","[2,4,1,7,0,5,6,3,8]",7
154,BCA,"[0,1,1,0,0,0,0,0,1]","[1,8,4,6,0,3,7,2,5]",1
155,CBA,"[1,0,1,0,0,0,1,0,1]","[4,3,0,1,8,7,5,2,6]",8
156,ACB,"[0,1,1,0,1,0,1,0,1]","[2,5,4,7,3,0,8,6,1]",5
157,ABC,"[0,1,0,0,0,1,0,1,0]","[4,6,0,5,8,3,7,1,2]",6
158,CBA,"[0,0,1,1,0,1,1,0,0]","[2,3,4,5,8,6,1,0,7]",1
159,BAC,"[1,0,0,0,1,0,1,1,1]","[6,8,0,2,1,4,3,7,5]",4
160,BCA,"[0,0,1,1,1,0,0,1,0]","[2,8,7,3,0,6,5,1,4]",3
161,CAB,"[1,1,1,1,1,0,1,1,1]","[2,7,3,8,4,0,5,6,1]",0
162,BAC,"[1,1,0,1,1,0,0,1,0]","[5,3,0,7,8,1,6,4,2]",4
163,ABC,"[0,0,1,1,0,1,0,0,1]","[4,0,6,7,2,5,8,1,3]",1
164,CBA,"[1,0,0,1,0,0,1,1,1]","[5,3,6,8,2,1,4,7,0]",5
165,CAB,"[1,1,1,0,0,1,1,1,0]","[8,5,2,0,4,1,6,7,3]",8
166,ACB,"[1,0,0,1,0,0,1,0,1]","[7,0,4,2,8,3,6,5,1]",3
167,BCA,"[0,0,0,1,0,1,1,1,1]","[5,1,7,2,4,6,8,3,0]",7
168,CBA,"[0,1,1,1,0,1,0,1,1]","[4,1,5,7,2,8,3,6,0]",8
169,BCA,"[0,1,1,0,1,0,0,0,1]","[3,8,4,1,7,2,5,6,0]",7
170,ABC,"[1,0,1,1,0,1,1,0,1]","[3,5,8,2,6,7,0,1,4]",4
171,BAC,"[0,1,1,0,1,0,1,1,1]","[4,8,1,0,5,2,3,7,6]",7
172,ACB,"[0,1,0,1,1,1,1,0,0]","[2,0,7,3,4,5,8,1,6]",7
173,CAB,"[0,1,1,0,0,0,0,0,1]","[5,7,8,0,6,2,1,3,4]",1
174,BCA,"[0,0,0,1,0,1,0,0,0]","[2,3,1,8,0,5,7,4,6]",3
175,ABC,"[1,0,1,1,1,1,1,1,0]","[4,7,5,8,6,0,2,3,1]",0
176,ACB,"[1,0,1,0,1,1,1,0,0]","[7,2,0,8,4,6,5,1,3]",7
177,CAB,"[0,0,0,0,1,0,1,0,0]","[5,3,2,6,8,4,7,1,0]",0
178,CBA,"[0,0,1,1,1,1,1,1,0]","[3,8,1,6,0,5,4,7,2]",7
179,BAC,"[0,1,1,0,0,0,1,1,0]","[7,0,4,8,3,2,6,5,1]",2
180,ABC,"[0,1,0,1,1,1,1,0,1]","[5,4,1,2,8,7,6,3,0]",7
181,CBA,"[1,1,0,0,0,0,0,1,1]","[3,1,2,8,5,6,4,0,7]",5
182,BCA,"[1,1,1,1,1,0,0,1,0]","[7,4,2,3,8,0,5,6,1]",0
183,CAB,"[0,0,1,1,1,1,0,1,1]","[6,0,4,8,3,1,7,5,2]",2
184,BAC,"[1,0,1,1,0,1,0,0,0]","[8,2,4,5,3,6,0,7,1]",3
185,ACB,"[1,1,0,1,0,0,1,1,1]","[1,0,3,5,2,6,8,4,7]",6
186,CBA,"[0,1,0,0,0,1,1,1,0]","[2,0,7,5,4,8,3,6,1]",2
187,ABC,"[0,0,0,1,0,0,1,0,0]","[2,5,0,8,7,3,6,1,4]",0
188,ACB,"[1,0,1,0,1,0,1,1,0]","[5,3,4,7,0,2,6,8,1]",3
189,CAB,"[1,0,0,0,1,0,1,0,1]","[6,0,1,4,2,8,5,7,3]",7
190,BAC,"[0,1,1,1,0,0,0,0,1]","[2,8,5,0,3,4,6,1,7]",4
191,BCA,"[0,1,1,0,1,1,0,0,1]","[1,0,3,7,2,5,6,4,8]",5
192,BCA,"[0,0,1,1,1,1,1,0,0]","[0,4,6,2,8,1,7,3,5]",1
193,CAB,"[0,0,0,0,1,0,1,0,0]","[0,2,7,4,5,3,6,1,8]",7
194,ACB,"[1,0,1,0,0,1,1,0,1]","[1,8,4,0,5,7,3,6,2]",6
195,ABC,"[1,1,0,1,0,1,1,0,0]","[3,4,5,1,8,6,7,0,2]",6
196,CBA,"[0,0,0,0,0,1,0,0,1]","[3,2,1,7,8,4,6,0,5]",8
197,BAC,"[1,0,1,1,0,1,1,0,1]","[4,5,2,8,0,1,7,6,3]",8
198,CBA,"[0,1,1,0,0,0,1,0,1]","[0,1,5,6,4,7,2,3,8]",2
199,BCA,"[1,0,0,0,0,0,0,1,0]","[6,8,2,5,4,3,7,1,0]",3
200,ABC,"[1,1,0,0,1,1,1,0,0]","[0,8,2,4,5,3,7,1,6]",2
201,CAB,"[0,1,0,1,1,1,0,0,1]","[0,1,8,2,5,7,4,3,6]",1
202,BAC,"[1,1,0,1,0,1,1,1,0]","[8,3,2,0,7,4,5,1,6]",4
203,ACB,"[0,1,1,1,0,1,1,0,1]","[3,2,5,6,0,1,4,8,7]",7
204,CAB,"[1,0,1,0,0,1,0,0,1]","[4,1,8,2,7,5,3,6,0]",1
205,BAC,"[0,0,0,1,0,1,1,1,0]","[3,1,2,7,4,5,0,6,8]",0
206,ACB,"[1,1,1,1,0,0,0,0,1]","[3,6,4,7,0,1,5,2,8]",7
207,BCA,"[1,1,1,1,0,0,0,1,0]","[6,7,5,4,3,1,0,8,2]",3
208,CBA,"[1,0,0,1,0,0,0,0,0]","[3,6,8,2,1,4,7,5,0]",0
209,ABC,"[0,0,1,1,0,1,0,1,0]","[8,0,5,6,4,1,7,2,3]",4
210,BAC,"[0,1,0,0,1,1,1,0,0]","[8,7,1,4,2,5,3,6,0]",2
211,CAB,"[1,1,0,0,0,1,0,0,1]","[5,8,0,6,3,2,1,7,4]",4
212,CBA,"[0,1,0,1,1,0,0,0,0]","[4,1,2,0,5,8,6,7,3]",3
213,BCA,"[0,1,1,1,0,0,1,1,0]","[8,7,2,0,1,4,5,3,6]",8
214,ACB,"[0,1,1,1,0,0,1,1,0]","[6,1,7,0,5,2,8,3,4]",7
215,ABC,"[1,0,0,1,1,0,1,1,1]","[3,5,7,8,6,0,4,1,2]",0
216,ACB,"[0,1,0,0,1,1,1,0,0]","[4,1,7,0,5,8,3,2,6]",3
217,CAB,"[0,0,0,0,1,1,0,0,1]","[7,3,4,1,2,8,5,0,6]",6
218,ABC,"[1,0,1,0,1,0,0,1,1]","[4,7,3,5,2,0,6,8,1]",6
219,CBA,"[0,0,0,0,1,1,1,1,0]","[8,4,3,1,7,2,5,6,0]",1
220,BAC,"[0,1,1,0,0,1,0,0,1]","[1,8,3,0,7,5,2,4,6]",3
221,BCA,"[1,1,1,1,0,1,1,0,1]","[3,6,1,2,7,8,0,4,5]",4
222,CAB,"[1,1,1,0,0,1,0,0,1]","[8,7,0,5,6,3,2,4,1]",7
223,BCA,"[0,0,0,1,0,1,0,0,0]","[6,2,1,4,5,8,7,3,0]",0
224,ACB,"[0,1,1,0,1,1,1,1,1]","[5,4,7,6,1,2,0,8,3]",3
225,BAC,"[1,1,1,0,0,1,1,0,0]","[2,8,4,6,3,1,5,0,7]",1
226,ABC,"[1,1,1,1,0,1,0,0,1]","[6,3,1,2,7,0,8,5,4]",2
227,CBA,"[0,1,0,0,1,1,0,0,1]","[8,3,5,7,1,2,0,6,4]",8
228,BCA,"[1,1,0,0,1,0,0,0,1]","[7,1,2,3,6,0,4,8,5]",1
229,CBA,"[0,1,1,1,1,0,0,1,1]","[7,4,3,2,5,0,6,8,1]",7
230,BAC,"[0,1,1,0,1,1,0,0,1]","[3,8,7,1,6,2,0,5,4]",8
231,ABC,"[1,0,0,0,1,0,1,0,1]","[2,6,0,4,3,5,7,8,1]",4
232,ACB,"[1,0,0,1,1,1,1,1,1]","[3,2,6,1,5,0,8,7,4]",8
233,CAB,"[1,1,1,1,1,0,1,0,1]","[2,6,8,1,4,3,7,0,5]",8
234,BAC,"[1,0,0,0,1,0,1,1,1]","[0,2,5,7,8,6,3,4,1]",8
235,ACB,"[1,1,1,1,0,1,0,0,1]","[3,6,8,0,2,4,7,5,1]",8
236,CBA,"[0,0,0,1,1,0,0,1,1]","[3,6,7,5,0,4,1,8,2]",5
237,CAB,"[1,1,0,0,1,0,1,1,1]","[0,4,3,2,7,8,1,5,6]",7
238,ABC,"[0,1,0,1,0,1,0,0,0]","[8,3,0,1,5,2,4,6,7]",0
239,BCA,"[0,0,0,1,0,1,1,1,1]","[1,6,3,8,4,5,2,7,0]",1
240,BAC,"[0,1,1,0,0,0,0,0,0]","[4,5,8,7,2,0,3,6,1]",0
241,ABC,"[0,0,0,1,0,1,0,1,1]","[8,6,2,4,3,5,1,0,7]",1
242,ACB,"[1,0,0,1,0,1,0,1,0]","[4,8,1,0,7,3,6,5,2]",4
243,CAB,"[1,1,1,0,1,0,0,1,0]","[6,8,4,3,5,2,0,1,7]",2
244,CBA,"[1,1,0,0,1,1,1,1,0]","[6,8,3,0,5,1,4,2,7]",2
245,BCA,"[1,1,0,0,1,0,0,1,0]","[7,4,5,6,1,8,0,2,3]",3
246,BAC,"[1,1,0,0,0,1,0,1,1]","[6,0,5,1,2,3,8,4,7]",0
247,BCA,"[1,0,0,0,0,1,0,0,1]","[0,7,8,4,5,6,3,1,2]",6
248,CBA,"[1,1,0,1,0,0,0,1,0]","[0,6,7,2,3,4,5,8,1]",4
249,CAB,"[0,0,1,1,1,1,1,0,0]","[8,4,6,5,0,7,3,2,1]",1
250,ABC,"[0,1,0,1,0,1,1,1,0]","[6,3,1,2,0,5,4,7,8]",0
251,ACB,"[0,1,1,0,0,0,1,0,1]","[5,2,7,8,1,6,4,0,3]",4
252,CAB,"[1,1,0,1,0,0,1,1,1]","[3,0,5,7,8,2,6,4,1]",1
253,BAC,"[0,0,0,0,0,0,0,0,0]","[5,4,2,0,1,3,7,8,6]",2
254,ABC,"[1,1,0,1,1,1,1,1,1]","[4,6,7,0,5,2,3,8,1]",6
255,ACB,"[0,1,0,1,1,0,0,0,0]","[1,2,3,5,8,7,6,4,0]",4
256,BCA,"[1,0,0,1,0,0,0,1,0]","[4,8,6,5,1,2,3,7,0]",0
257,CBA,"[0,1,0,0,1,1,0,1,0]","[2,5,1,8,7,0,3,6,4]",3
258,BAC,"[1,1,1,0,0,0,1,1,1]","[1,3,2,0,6,5,7,8,4]",0
259,CAB,"[0,0,1,0,1,1,0,0,0]","[2,7,6,4,5,0,3,1,8]",8
260,BCA,"[1,1,0,1,1,1,1,1,0]","[1,6,8,0,5,7,4,2,3]",0
261,ABC,"[0,1,0,1,0,0,1,0,1]","[3,4,7,0,2,5,6,8,1]",3
262,CBA,"[1,1,1,0,0,0,0,1,1]","[6,1,7,5,4,8,3,2,0]",8
263,ACB,"[1,1,0,1,0,0,0,0,1]","[6,1,8,7,5,2,4,3,0]",4
264,ACB,"[1,1,1,1,0,0,1,1,0]","[7,8,3,5,2,6,0,1,4]",5
265,BCA,"[1,1,1,1,1,1,1,0,0]","[4,3,0,8,6,7,1,5,2]",4
266,ABC,"[1,1,0,0,1,1,1,0,1]","[5,0,7,1,3,8,4,2,6]",4
267,CBA,"[0,1,1,1,0,0,1,0,0]","[3,1,2,7,8,0,6,5,4]",4
268,CAB,"[1,0,1,1,0,0,0,0,1]","[6,7,5,8,3,4,0,1,2]",0
269,BAC,"[0,1,1,1,0,1,1,0,0]","[5,7,3,1,4,6,2,8,0]",2
270,ACB,"[1,1,1,1,1,0,1,1,1]","[1,8,5,3,7,2,4,6,0]",6
271,ABC,"[1,0,1,0,1,1,0,1,1]","[1,8,3,4,0,2,6,5,7]",7
272,CBA,"[0,0,0,0,0,1,0,1,0]","[1,5,2,3,6,8,7,4,0]",8
273,BAC,"[0,1,0,0,0,1,0,1,0]","[3,5,0,6,4,7,8,1,2]",7
274,CAB,"[0,1,1,1,0,0,1,1,1]","[6,2,1,5,7,0,4,8,3]",4
275,BCA,"[1,0,0,0,1,0,1,0,1]","[5,4,1,0,7,3,6,8,2]",2
276,BAC,"[0,1,1,1,1,0,1,1,1]","[7,3,0,2,5,8,4,6,1]",6
277,BCA,"[0,1,0,0,0,1,0,0,1]","[4,8,6,1,2,5,3,7,0]",4
278,CAB,"[1,0,0,0,1,0,1,0,1]","[6,3,5,0,7,8,2,1,4]",7
279,ACB,"[0,1,0,1,0,0,0,0,1]","[6,5,8,7,3,1,2,4,0]",3
280,CBA,"[1,1,1,0,1,0,1,1,0]","[2,4,6,8,1,3,0,5,7]",6
281,ABC,"[1,1,1,1,1,1,1,1,0]","[6,4,2,1,3,7,5,8,0]",3
282,BCA,"[1,1,0,1,0,0,0,0,1]","[0,2,5,1,7,6,3,8,4]",1
283,CBA,"[1,1,1,1,1,0,0,0,1]","[0,4,8,5,6,3,7,2,1]",5
284,CAB,"[1,0,1,0,1,0,1,0,1]","[7,8,1,2,0,6,4,5,3]",2
285,ACB,"[1,0,1,0,0,0,0,0,0]","[6,7,0,3,2,4,8,1,5]",1
286,BAC,"[1,1,0,0,0,1,0,0,0]","[2,7,8,0,3,5,4,6,1]",7
287,ABC,"[1,0,0,0,1,0,0,0,0]","[2,7,8,5,3,0,4,1,6]",5
288,ACB,"[1,0,1,1,1,1,0,0,0]","[5,8,3,0,6,2,1,7,4]",7
289,BAC,"[0,1,0,0,0,0,0,0,0]","[7,2,8,4,1,5,6,3,0]",0
290,CAB,"[0,1,0,1,1,1,1,0,0]","[7,1,5,2,0,4,8,6,3]",6
291,ABC,"[1,1,1,0,1,0,1,0,1]","[6,1,3,7,4,8,5,0,2]",5
292,BCA,"[1,0,1,0,1,1,1,1,1]","[3,5,6,4,7,1,8,2,0]",6
293,CBA,"[1,1,1,0,0,0,1,0,0]","[6,8,2,4,3,7,1,0,5]",3
294,ACB,"[0,1,1,1,1,1,0,0,1]","[1,0,2,4,3,7,8,6,5]",8
295,ABC,"[0,0,0,1,1,1,0,1,1]","[3,4,1,5,2,0,6,7,8]",6
296,BAC,"[1,1,0,1,0,1,1,1,1]","[5,6,3,2,0,4,1,7,8]",4
297,BCA,"[1,1,0,1,1,1,0,1,0]","[8,4,0,6,2,1,3,7,5]",5
298,CAB,"[1,0,0,1,0,0,0,1,0]","[6,3,5,7,2,1,0,4,8]",4
299,CBA,"[1,1,1,1,0,0,1,0,1]","[0,8,2,7,3,6,1,4,5]",3
300,CAB,"[1,0,1,0,1,1,0,1,0]","[6,0,2,5,1,8,4,7,3]",7
301,BCA,"[1,1,0,0,1,1,0,1,1]","[7,1,8,2,5,6,0,4,3]",4
302,CBA,"[0,0,1,1,0,1,1,0,1]","[5,0,7,6,1,2,8,3,4]",5
303,BAC,"[0,0,1,0,0,0,1,1,1]","[4,1,5,2,7,8,3,6,0]",8
304,ACB,"[1,0,1,1,1,1,1,0,0]","[1,5,4,6,3,7,2,0,8]",3
305,ABC,"[1,1,1,1,1,1,1,1,1]","[3,2,7,0,6,8,5,4,1]",8
306,ACB,"[0,0,1,1,0,0,1,1,1]","[7,0,4,8,3,2,5,6,1]",5
307,BAC,"[1,1,1,0,0,1,1,1,1]","[6,7,8,4,0,3,5,1,2]",2
308,CBA,"[0,1,1,0,0,1,1,1,1]","[2,8,1,4,7,0,5,6,3]",4
309,CAB,"[0,1,0,0,1,1,1,1,0]","[1,4,7,3,6,2,8,5,0]",6
310,BCA,"[0,1,0,0,0,0,1,1,0]","[4,6,1,8,3,7,2,0,5]",1
311,ABC,"[0,1,0,1,0,0,0,0,0]","[8,0,4,1,2,5,6,3,7]",7
312,CBA,"[1,1,1,1,0,1,0,1,1]","[2,5,8,4,0,3,1,7,6]",5
313,BAC,"[0,1,0,0,0,1,0,1,0]","[2,3,5,4,1,7,8,6,0]",1
314,ABC,"[1,0,1,0,1,1,0,1,0]","[7,4,2,8,1,0,3,6,5]",1
315,BCA,"[0,0,1,0,1,0,1,1,0]","[6,7,3,2,1,5,0,8,4]",4
316,ACB,"[1,0,1,1,1,1,0,0,1]","[7,1,2,6,8,3,4,0,5]",2
317,CAB,"[0,0,0,0,0,0,1,0,1]","[2,7,8,6,0,1,3,5,4]",1
318,BCA,"[0,1,1,1,1,1,1,1,1]","[3,5,4,7,1,6,2,0,8]",3
319,ABC,"[1,0,1,1,0,0,0,1,0]","[0,6,5,7,4,2,3,8,1]",1
320,CAB,"[0,1,1,1,1,0,0,1,1]","[7,5,2,8,3,4,6,0,1]",0
321,ACB,"[0,1,1,1,1,1,1,0,1]","[5,4,1,7,6,8,3,0,2]",0
322,CBA,"[1,0,1,0,0,0,0,1,0]","[0,5,7,3,4,2,8,6,1]",2
323,BAC,"[1,1,1,1,1,1,1,1,0]","[5,8,2,6,3,4,1,7,0]",6
324,BCA,"[1,1,0,0,0,0,1,1,1]","[2,1,3,8,5,6,7,4,0]",6
325,CAB,"[1,1,1,1,0,1,1,1,0]","[6,1,2,3,7,0,5,4,8]",4
326,CBA,"[1,1,1,1,0,1,1,0,1]","[0,2,7,5,6,1,4,3,8]",3
327,BAC,"[1,1,0,0,0,0,1,0,0]","[0,7,5,2,8,4,3,1,6]",8
328,ACB,"[1,0,1,0,1,0,1,0,1]","[0,6,4,3,2,8,5,1,7]",5
329,ABC,"[1,1,1,1,0,1,0,1,0]","[3,7,4,2,8,5,1,6,0]",7
330,CBA,"[0,1,0,0,0,1,0,1,0]","[6,3,7,5,2,4,0,8,1]",4
331,BCA,"[1,1,0,1,0,1,0,1,1]","[1,7,0,2,8,3,5,6,4]",2
332,CAB,"[1,1,1,0,1,0,1,1,0]","[0,2,6,8,1,3,7,5,4]",0
333,BAC,"[1,0,1,0,0,1,1,1,0]","[0,1,5,4,3,6,7,8,2]",8
334,ABC,"[0,1,0,0,0,1,0,1,0]","[8,7,6,4,5,3,2,0,1]",1
335,ACB,"[0,0,0,0,0,0,0,0,0]","[8,5,1,4,7,6,0,3,2]",8
336,CAB,"[1,1,1,1,1,1,1,1,0]","[6,4,0,3,1,8,2,5,7]",7
337,BCA,"[1,0,1,1,1,1,0,0,0]","[3,8,2,5,0,4,1,7,6]",7
338,ACB,"[0,1,0,0,0,0,0,1,1]","[8,7,6,2,0,3,4,5,1]",0
339,ABC,"[0,0,1,1,1,0,0,1,1]","[7,5,3,1,4,6,8,2,0]",8
340,CBA,"[1,1,0,0,0,0,1,0,0]","[5,3,0,2,8,6,4,1,7]",4
341,BAC,"[0,0,0,1,0,1,1,0,1]","[6,0,1,2,8,4,5,3,7]",7
342,ACB,"[1,1,1,1,0,0,0,1,1]","[5,0,1,4,2,3,7,8,6]",0
343,CAB,"[0,0,1,1,1,1,1,0,1]","[8,2,1,6,3,4,7,0,5]",8
344,CBA,"[0,0,1,0,1,1,1,1,1]","[3,7,1,2,0,6,8,5,4]",3
345,BAC,"[0,0,1,0,1,1,1,1,1]","[6,8,5,3,7,1,4,2,0]",3
346,ABC,"[0,0,0,1,0,0,0,1,0]","[5,3,2,7,0,4,8,6,1]",6
347,BCA,"[1,1,0,0,1,0,1,0,1]","[4,5,2,0,8,6,3,7,1]",8
348,CBA,"[0,1,0,0,1,1,1,1,1]","[4,7,1,2,3,6,5,0,8]",4
349,CAB,"[1,0,0,1,0,0,0,1,1]","[4,2,6,3,0,8,7,1,5]",3
350,BCA,"[1,0,0,1,0,0,1,0,1]","[7,3,4,6,5,1,2,8,0]",7
351,ACB,"[0,0,0,1,1,1,1,0,1]","[3,7,5,0,8,4,6,2,1]",6
352,BAC,"[1,0,1,1,1,0,0,0,1]","[7,3,0,4,5,1,2,6,8]",6
353,ABC,"[1,1,1,0,1,0,0,0,0]","[2,8,3,7,5,0,4,1,6]",6
354,CBA,"[0,0,1,0,0,0,1,0,1]","[2,5,6,1,4,3,0,7,8]",0
355,BCA,"[1,0,0,1,1,1,0,1,1]","[7,0,3,5,1,2,4,6,8]",7
356,BAC,"[1,1,0,0,1,0,0,1,0]","[3,0,5,1,4,2,6,7,8]",7
357,ACB,"[1,0,0,1,1,1,0,0,1]","[1,6,7,0,2,8,4,3,5]",0
358,CAB,"[1,0,0,0,1,1,1,0,1]","[7,1,8,5,2,4,6,3,0]",0
359,ABC,"[1,0,0,1,0,0,0,1,0]","[2,7,4,1,3,6,0,8,5]",3
360,CAB,"[0,1,1,0,0,1,1,0,0]","[2,3,1,8,4,0,6,5,7]",7
361,ACB,"[0,1,1,1,0,0,1,0,1]","[5,8,2,0,6,1,4,7,3]",6
362,BCA,"[0,0,1,0,1,1,1,1,0]","[6,1,0,7,8,5,2,3,4]",5
363,ABC,"[1,1,0,0,1,1,0,0,0]","[2,0,3,4,7,6,8,5,1]",8
364,CBA,"[0,0,0,1,0,0,1,0,1]","[4,1,5,0,6,8,3,7,2]",6
365,BAC,"[1,1,1,1,1,1,0,1,1]","[1,2,6,7,4,5,0,8,3]",4
366,CBA,"[1,0,1,1,1,0,1,0,1]","[1,4,0,5,2,3,8,7,6]",8
367,ABC,"[1,1,0,0,1,0,0,0,0]","[8,1,2,0,4,3,5,6,7]",6
368,BCA,"[0,1,1,0,0,1,1,0,1]","[3,6,7,1,0,5,2,8,4]",2
369,ACB,"[0,1,1,0,1,1,0,1,1]","[2,7,8,5,4,1,3,6,0]",6
370,BAC,"[1,0,0,0,1,1,0,0,1]","[6,3,8,2,1,0,7,5,4]",4
371,CAB,"[0,0,0,1,1,1,0,1,0]","[1,7,5,3,6,4,2,0,8]",5
372,BAC,"[0,0,1,0,1,0,0,0,0]","[3,6,1,7,4,0,2,5,8]",7
373,CBA,"[1,0,0,0,1,1,0,0,0]","[3,2,8,4,7,6,1,0,5]",5
374,ABC,"[1,1,0,0,0,1,1,0,0]","[5,4,6,8,3,2,0,7,1]",6
375,CAB,"[0,1,0,1,0,0,1,0,1]","[1,0,8,6,4,5,7,3,2]",1
376,BCA,"[0,0,1,1,1,0,1,1,0]","[6,8,7,2,0,1,3,5,4]",3
377,ACB,"[1,1,1,0,0,1,0,0,0]","[1,5,0,7,2,3,4,8,6]",8
378,CAB,"[0,0,1,0,0,1,1,1,0]","[6,3,5,2,1,4,8,0,7]",0
379,ABC,"[0,1,1,0,1,0,1,1,0]","[8,4,7,1,0,3,2,6,5]",3
380,CBA,"[1,1,0,1,1,0,1,0,0]","[1,2,6,4,8,0,3,7,5]",1
381,ACB,"[1,1,0,0,0,0,1,1,1]","[5,2,1,6,7,3,8,4,0]",5
382,BAC,"[0,1,1,1,1,1,0,0,1]","[2,4,1,6,3,8,7,0,5]",4
383,BCA,"[1,0,0,0,1,0,1,1,1]","[5,4,2,0,7,8,1,3,6]",0
384,ACB,"[1,0,1,0,1,0,0,0,0]","[6,3,7,5,4,2,8,0,1]",0
385,ABC,"[1,0,0,1,0,1,1,0,0]","[2,6,7,3,8,0,4,5,1]",0
386,BAC,"[1,0,1,0,0,1,0,0,0]","[5,3,6,0,8,4,2,1,7]",1
387,BCA,"[0,1,0,0,0,1,0,0,0]","[8,3,7,2,6,1,0,4,5]",7
388,CAB,"[0,1,0,0,1,0,1,0,1]","[2,7,3,1,4,8,5,0,6]",7
389,CBA,"[1,1,0,0,0,0,1,1,1]","[1,4,3,0,6,8,2,5,7]",8
390,BAC,"[1,1,1,1,1,1,1,0,1]","[0,1,3,8,2,4,5,7,6]",6
391,CAB,"[0,1,1,1,0,0,0,1,0]","[3,4,2,0,8,6,7,5,1]",3
392,CBA,"[1,1,0,0,0,1,1,1,1]","[2,6,8,3,4,5,7,0,1]",2
393,ACB,"[1,1,0,0,1,1,0,1,0]","[6,8,0,5,2,3,7,1,4]",8
394,BCA,"[1,1,0,0,0,0,0,0,1]","[0,3,4,5,7,8,1,6,2]",8
395,ABC,"[0,1,1,0,0,0,0,0,1]","[5,4,7,6,3,0,8,1,2]",8
396,ACB,"[1,1,1,0,0,0,0,0,1]","[6,5,3,7,8,1,2,0,4]",0
397,CBA,"[0,1,0,0,1,1,1,1,0]","[5,2,6,3,7,8,0,1,4]",7
398,ABC,"[0,0,1,0,0,0,0,0,0]","[0,7,6,8,4,5,3,1,2]",6
399,BCA,"[1,1,0,1,0,0,0,1,1]","[1,3,6,4,5,0,2,8,7]",8
400,CAB,"[1,0,1,0,1,1,1,0,0]","[5,0,7,8,6,3,4,1,2]",2
401,BAC,"[1,1,1,1,0,0,0,1,1]","[8,0,2,4,1,7,6,5,3]",0
402,BAC,"[1,1,0,0,0,0,0,1,1]","[3,7,0,8,1,5,6,2,4]",1
403,BCA,"[0,0,1,1,0,0,1,0,0]","[3,1,4,7,2,0,8,5,6]",7
404,ACB,"[0,0,0,1,1,0,1,0,1]","[0,4,1,5,3,2,6,8,7]",0
405,CBA,"[0,1,0,0,1,1,0,1,0]","[3,1,6,4,7,2,8,5,0]",3
406,ABC,"[1,0,0,0,0,1,0,0,0]","[2,0,1,7,3,8,4,6,5]",5
407,CAB,"[0,1,1,1,0,0,0,1,1]","[2,0,5,8,4,7,3,1,6]",7
408,BCA,"[1,1,0,0,1,0,0,1,1]","[4,1,6,0,3,5,7,8,2]",8
409,CBA,"[1,0,0,0,1,0,0,1,1]","[6,8,0,4,7,5,3,1,2]",7
410,ABC,"[0,1,0,1,1,0,0,0,1]","[0,7,3,5,8,1,2,6,4]",2
411,ACB,"[0,1,0,0,1,1,0,1,1]","[5,1,6,7,0,3,8,4,2]",2
412,BAC,"[1,0,1,0,0,1,0,0,1]","[1,6,7,4,2,3,0,5,8]",5
413,CAB,"[0,1,0,1,1,0,1,1,1]","[3,1,7,8,5,0,2,4,6]",2
414,CAB,"[0,0,0,1,0,0,1,1,1]","[8,4,7,6,2,5,0,3,1]",4
415,BCA,"[1,0,1,0,0,1,1,1,1]","[3,5,4,6,0,8,1,2,7]",6
416,ABC,"[1,0,0,0,0,1,1,0,0]","[7,0,1,3,6,8,5,2,4]",2
417,CBA,"[0,0,0,1,0,0,0,0,0]","[6,3,0,2,5,7,4,8,1]",8
418,ACB,"[1,1,1,1,0,0,0,0,1]","[5,0,6,2,4,3,1,8,7]",5
419,BAC,"[1,0,0,1,1,0,0,0,0]","[4,3,1,8,2,7,0,5,6]",2
420,BAC,"[1,0,1,0,1,0,1,0,1]","[3,6,2,8,0,7,4,5,1]",8
421,BCA,"[0,0,0,0,0,1,0,0,1]","[4,3,8,7,2,1,5,0,6]",4
422,ABC,"[1,0,1,0,0,1,1,1,1]","[1,5,3,8,0,2,7,6,4]",4
423,CBA,"[0,1,1,0,1,1,0,0,0]","[3,8,4,6,0,5,2,1,7]",7
424,CAB,"[0,0,0,1,1,0,1,0,1]","[7,3,0,2,6,8,5,4,1]",4
425,ACB,"[1,0,0,1,1,1,1,0,1]","[7,0,1,4,6,2,8,5,3]",4
426,CAB,"[0,1,1,0,0,1,1,0,0]","[3,2,4,5,7,0,1,6,8]",4
427,ACB,"[1,0,1,0,1,1,1,1,1]","[4,2,3,7,5,1,8,0,6]",4
428,ABC,"[0,1,1,0,1,1,1,1,0]","[2,8,3,6,5,4,1,0,7]",8
429,BAC,"[1,0,1,0,1,1,1,1,0]","[7,3,2,0,4,5,8,1,6]",1
430,CBA,"[0,1,1,0,0,1,0,0,0]","[4,2,1,0,6,7,5,8,3]",3
431,BCA,"[0,1,0,1,1,0,0,1,1]","[0,7,4,3,2,6,1,8,5]",2
432,BCA,"[0,1,1,1,1,1,0,1,0]","[0,6,1,3,7,4,8,5,2]",8
433,ABC,"[1,1,1,0,1,1,0,0,0]","[3,6,8,1,4,0,5,7,2]",2
434,ACB,"[1,0,1,1,0,0,0,1,0]","[4,6,7,1,5,2,8,0,3]",7
435,BAC,"[1,1,1,0,0,1,1,1,0]","[2,7,5,4,8,3,0,6,1]",2
436,CBA,"[1,0,0,0,1,0,1,1,1]","[0,5,8,1,4,7,2,6,3]",8
437,CAB,"[0,1,1,1,0,0,0,1,0]","[3,8,1,4,2,0,6,7,5]",0
438,CBA,"[0,0,0,1,0,0,1,1,1]","[2,3,6,4,1,7,0,5,8]",2
439,ACB,"[1,0,0,1,1,0,0,1,0]","[0,7,6,1,4,8,5,3,2]",2
440,BCA,"[1,0,0,1,0,0,0,0,0]","[8,2,5,0,7,6,3,4,1]",4
441,CAB,"[0,1,0,0,0,1,1,0,0]","[6,5,3,8,2,0,4,1,7]",3
442,BAC,"[0,1,0,1,1,0,1,1,0]","[3,0,2,5,1,7,4,8,6]",2
443,ABC,"[1,0,1,0,0,1,0,0,1]","[2,5,6,0,8,7,1,4,3]",8
444,BAC,"[0,0,1,0,0,1,0,1,1]","[3,8,7,2,5,4,6,0,1]",4
445,CAB,"[1,0,0,0,0,1,1,0,1]","[0,1,8,7,3,6,2,4,5]",1
446,ACB,"[0,0,1,0,0,0,1,0,1]","[3,4,8,1,6,0,5,2,7]",1
447,ABC,"[1,1,1,0,1,0,1,1,0]","[8,0,2,3,6,1,4,7,5]",1
448,BCA,"[0,0,1,1,0,1,1,0,1]","[3,6,7,5,1,8,4,2,0]",8
449,CBA,"[0,0,1,1,0,0,1,0,1]","[7,3,0,1,4,5,2,8,6]",3
450,CAB,"[0,1,1,1,0,0,0,0,0]","[1,2,6,7,8,0,5,4,3]",2
451,BCA,"[0,0,0,0,1,1,0,1,1]","[7,1,0,3,4,2,8,5,6]",0
452,ACB,"[0,0,1,0,1,1,1,0,1]","[0,5,3,4,7,1,2,8,6]",5
453,BAC,"[0,1,1,0,1,1,1,1,1]","[2,5,6,8,7,3,0,1,4]",5
454,CBA,"[1,0,1,0,0,1,1,1,0]","[4,2,0,8,5,7,1,6,3]",0
455,ABC,"[0,0,1,1,1,0,0,1,0]","[1,4,6,0,7,3,5,2,8]",2
456,BAC,"[1,1,0,0,1,0,1,0,0]","[4,3,1,2,7,6,0,5,8]",7
457,ACB,"[0,0,1,0,0,0,0,0,1]","[7,6,1,4,5,0,8,3,2]",7
458,BCA,"[0,0,1,1,1,1,0,0,1]","[4,6,8,0,3,7,2,5,1]",3
459,ABC,"[0,1,0,0,0,0,0,1,1]","[1,5,0,4,3,6,7,2,8]",6
460,CBA,"[0,1,0,0,0,0,1,1,1]","[7,3,8,0,4,1,6,5,2]",0
461,CAB,"[1,0,1,1,1,0,0,1,0]","[2,0,1,5,6,7,4,3,8]",5
462,ABC,"[0,0,0,1,1,0,0,0,1]","[0,1,2,3,8,6,5,4,7]",7
463,CAB,"[0,1,0,1,1,0,1,0,1]","[2,1,8,4,7,6,3,0,5]",3
464,BAC,"[1,1,1,0,1,0,1,0,1]","[4,5,8,0,7,3,6,1,2]",2
465,CBA,"[0,0,0,1,0,1,1,1,1]","[8,1,5,4,7,2,6,0,3]",0
466,BCA,"[1,1,0,1,0,1,0,1,1]","[6,2,5,1,3,0,8,4,7]",0
467,ACB,"[0,0,1,0,0,1,0,0,0]","[3,2,6,8,5,7,0,4,1]",2
468,ACB,"[0,1,0,1,0,1,0,1,0]","[6,8,2,4,0,3,7,5,1]",1
469,CAB,"[1,0,0,0,1,0,0,1,0]","[5,2,3,6,4,1,8,0,7]",8
470,CBA,"[0,0,1,0,0,1,0,1,1]","[1,8,6,5,2,4,3,7,0]",6
471,BCA,"[0,0,1,1,0,0,1,0,1]","[1,4,5,3,8,7,2,0,6]",4
472,BAC,"[1,0,1,1,0,1,1,1,1]","[0,5,7,3,8,2,6,4,1]",6
473,ABC,"[0,1,0,0,1,0,1,1,0]","[6,2,4,1,3,8,0,5,7]",5
474,CAB,"[0,0,0,1,0,0,1,0,1]","[0,3,8,7,1,5,6,2,4]",0
475,BAC,"[1,0,1,1,1,0,1,0,0]","[3,6,7,1,2,5,0,8,4]",8
476,ABC,"[1,1,1,0,0,0,0,1,0]","[1,5,0,4,6,3,8,7,2]",0
477,BCA,"[1,0,1,1,1,0,0,0,0]","[4,6,2,5,8,3,1,0,7]",8
478,CBA,"[1,1,1,1,1,1,0,0,1]","[4,1,7,0,5,2,3,8,6]",2
479,ACB,"[0,1,0,1,1,0,0,0,0]","[0,1,4,2,6,3,5,7,8]",5
480,ACB,"[1,0,1,0,0,0,1,1,0]","[7,3,5,4,1,6,0,8,2]",6
481,ABC,"[0,1,0,0,0,0,1,1,1]","[1,0,8,2,3,5,6,4,7]",8
482,BAC,"[0,1,0,0,0,1,0,1,1]","[5,7,1,3,0,4,2,6,8]",1
483,BCA,"[0,0,0,1,1,0,1,1,0]","[4,8,3,0,7,1,2,6,5]",2
484,CBA,"[0,1,0,1,1,0,1,0,0]","[7,6,5,3,4,2,0,8,1]",0
485,CAB,"[1,1,0,0,1,0,1,1,1]","[8,7,1,3,0,4,5,2,6]",2
486,BAC,"[0,1,1,0,0,0,0,1,1]","[0,1,4,2,3,5,8,7,6]",5
487,CBA,"[1,1,0,1,1,1,0,1,1]","[1,0,5,8,4,7,3,2,6]",2
488,BCA,"[1,1,0,0,0,1,1,0,1]","[1,3,4,0,2,6,7,5,8]",6
489,ABC,"[1,1,1,1,1,1,0,1,1]","[4,2,0,8,6,5,7,1,3]",1
490,CAB,"[0,0,0,1,1,0,0,1,0]","[0,1,7,8,4,2,5,3,6]",8
491,ACB,"[0,1,0,1,1,1,1,1,0]","[8,1,5,7,2,0,4,6,3]",8
492,ABC,"[0,1,1,0,0,1,0,0,1]","[8,6,7,0,5,3,1,4,2]",8
493,BCA,"[0,0,0,0,1,1,0,1,0]","[4,7,0,6,1,5,2,8,3]",7
494,BAC,"[0,0,1,1,0,1,0,1,0]","[0,8,5,7,3,1,2,6,4]",6
495,CBA,"[1,0,1,1,0,0,1,1,1]","[4,8,6,1,3,0,5,7,2]",3
496,CAB,"[1,1,0,1,1,1,1,0,1]","[0,2,7,3,6,8,4,1,5]",2
497,ACB,"[1,0,0,0,1,1,0,0,0]","[5,8,6,2,0,4,3,1,7]",8
498,ACB,"[1,0,0,1,1,1,1,0,1]","[2,5,4,3,6,0,1,8,7]",6
499,BAC,"[1,0,1,1,1,1,0,0,0]","[3,4,1,8,5,6,0,7,2]",1
500,ABC,"[0,1,0,1,0,0,1,1,1]","[3,8,7,2,1,0,4,6,5]",5
501,BCA,"[1,1,1,1,0,0,0,1,0]","[8,1,7,4,2,6,0,5,3]",3
502,CBA,"[0,0,1,1,1,0,0,0,1]","[3,6,8,4,0,1,5,2,7]",2
503,CAB,"[0,0,0,1,0,0,0,1,0]","[3,5,1,7,6,2,0,4,8]",8
504,BCA,"[1,0,0,1,1,1,1,0,1]","[0,4,3,1,2,8,7,6,5]",8
505,BAC,"[0,1,1,1,1,0,0,1,1]","[0,2,4,7,6,8,1,5,3]",8
506,ABC,"[1,1,1,0,1,0,1,0,0]","[5,7,1,4,6,2,8,0,3]",0
507,CBA,"[1,1,1,1,0,0,1,1,0]","[7,0,5,2,4,1,3,8,6]",4
508,ACB,"[1,1,1,0,1,0,0,0,0]","[2,3,7,6,1,0,5,4,8]",3
509,CAB,"[0,0,1,0,0,0,1,0,1]","[2,3,5,6,1,7,4,8,0]",3
510,BCA,"[0,0,1,0,1,0,0,1,0]","[4,5,1,7,6,8,2,3,0]",7
511,ACB,"[0,1,1,0,0,0,1,0,0]","[5,0,1,4,2,7,3,6,8]",3
512,CBA,"[0,1,0,1,0,1,1,0,1]","[2,4,3,1,0,7,8,5,6]",0
513,BAC,"[0,1,0,1,0,0,0,0,1]","[3,0,8,4,5,7,1,6,2]",5
514,ABC,"[0,0,0,1,0,1,0,0,0]","[3,0,8,7,4,2,6,1,5]",8
515,CAB,"[0,0,0,1,0,1,0,1,1]","[4,3,0,6,8,2,5,7,1]",6
516,ABC,"[0,0,0,0,1,1,0,1,0]","[0,4,3,1,7,6,8,5,2]",3
517,BCA,"[1,0,0,1,1,1,0,1,1]","[6,4,5,7,8,2,1,3,0]",8
518,CBA,"[0,0,1,0,0,1,1,0,1]","[7,6,0,5,3,2,4,8,1]",7
519,ACB,"[1,1,0,1,0,1,1,1,1]","[3,7,2,4,1,6,0,5,8]",3
520,CAB,"[0,0,1,1,1,1,0,0,1]","[8,7,6,4,2,0,3,5,1]",4
521,BAC,"[1,0,0,1,1,1,0,0,0]","[0,3,4,5,6,2,1,8,7]",2
522,ABC,"[1,0,0,0,0,1,1,1,0]","[8,5,1,0,7,4,2,6,3]",4
523,ACB,"[0,1,1,1,0,1,1,1,1]","[0,4,2,1,7,3,5,8,6]",6
524,CAB,"[0,1,1,0,0,0,0,1,0]","[4,0,3,5,6,7,1,2,8]",7
525,BAC,"[0,1,1,1,0,1,1,0,0]","[5,3,4,7,1,8,2,6,0]",8
526,CBA,"[1,0,1,1,0,1,0,1,1]","[6,1,3,8,2,0,4,7,5]",3
527,BCA,"[1,0,1,1,0,1,1,0,1]","[7,4,3,0,8,1,6,2,5]",7
528,CBA,"[0,1,0,0,1,0,0,0,1]","[4,1,8,5,2,3,0,6,7]",3
529,ABC,"[1,0,0,1,0,0,0,1,1]","[6,4,8,2,0,3,7,5,1]",1
530,ACB,"[1,0,0,1,1,0,1,1,1]","[6,5,4,7,8,3,1,0,2]",0
531,BAC,"[0,0,0,1,0,1,1,1,1]","[3,7,5,0,1,6,4,8,2]",8
532,BCA,"[1,0,0,0,0,0,1,1,0]","[3,4,8,2,0,7,5,6,1]",0
533,CAB,"[1,1,1,0,0,0,0,0,1]","[5,0,2,7,1,4,3,8,6]",2
534,CBA,"[1,0,0,0,1,0,1,0,0]","[8,2,6,1,3,5,0,4,7]",2
535,ACB,"[1,0,1,0,0,0,1,0,0]","[4,1,5,8,3,2,0,7,6]",0
536,CAB,"[1,1,0,0,1,0,0,0,1]","[4,2,5,6,1,0,7,8,3]",1
537,BAC,"[1,1,1,1,1,0,0,1,1]","[4,0,5,3,2,8,6,1,7]",6
538,ABC,"[0,1,1,1,0,1,1,0,1]","[7,1,2,3,0,4,6,8,5]",6
539,BCA,"[1,1,0,0,0,1,1,1,1]","[0,1,5,8,4,7,2,6,3]",3
540,CBA,"[0,1,0,1,0,0,1,0,1]","[1,6,0,5,2,8,4,3,7]",2
541,CAB,"[0,0,0,1,1,1,1,0,1]","[3,5,8,4,7,6,2,0,1]",8
542,BAC,"[1,0,0,1,1,0,1,1,0]","[3,2,4,7,5,6,8,0,1]",5
543,ACB,"[1,1,1,1,1,1,1,1,0]","[8,3,1,6,2,0,7,5,4]",8
544,BCA,"[0,0,1,0,0,1,1,0,0]","[8,3,0,1,2,4,7,6,5]",6
545,ABC,"[1,0,0,0,0,0,0,1,0]","[3,4,2,7,6,1,5,0,8]",8
546,BAC,"[1,0,1,1,1,1,0,1,1]","[7,1,2,0,5,8,6,4,3]",6
547,BCA,"[0,1,1,1,0,0,1,1,0]","[2,3,5,0,1,7,8,6,4]",5
548,ABC,"[0,1,0,1,1,0,1,0,1]","[1,3,6,2,7,8,0,5,4]",3
549,CAB,"[0,0,1,0,0,1,0,1,0]","[5,4,7,1,6,3,8,0,2]",2
550,ACB,"[0,0,1,0,0,1,1,1,1]","[4,5,2,6,0,3,8,7,1]",8
551,CBA,"[0,0,0,0,0,0,0,1,1]","[5,7,2,3,1,4,0,8,6]",4
552,ABC,"[1,1,0,1,1,0,1,0,1]","[7,4,1,3,8,6,0,2,5]",8
553,BCA,"[0,0,0,1,0,1,1,1,0]","[5,8,1,7,6,0,3,2,4]",4
554,CBA,"[0,0,0,1,1,0,1,0,1]","[4,7,2,6,5,3,1,0,8]",5
555,ACB,"[0,1,0,1,0,0,0,0,0]","[8,0,3,5,1,2,4,7,6]",1
556,CAB,"[0,1,1,1,0,1,0,1,1]","[3,8,6,1,2,0,4,7,5]",4
557,BAC,"[1,1,0,1,0,1,1,1,0]","[7,8,4,3,5,0,2,6,1]",8
558,BAC,"[0,0,1,1,1,1,0,1,0]","[4,0,3,1,7,8,2,5,6]",3
559,BCA,"[1,0,1,0,1,0,0,0,1]","[7,5,0,1,6,3,2,4,8]",3
560,ACB,"[1,0,0,1,1,0,0,1,0]","[3,2,0,5,1,7,8,6,4]",8
561,CBA,"[1,1,0,1,0,0,0,1,1]","[1,3,4,8,6,2,0,7,5]",2
562,CAB,"[1,1,0,0,1,1,1,0,0]","[6,8,5,4,3,2,7,1,0]",8
563,ABC,"[0,1,1,0,0,1,1,1,1]","[1,7,4,8,6,0,5,2,3]",2
564,BCA,"[0,1,0,0,0,1,1,0,1]","[7,0,2,3,5,1,4,6,8]",5
565,BAC,"[0,0,1,1,1,1,0,1,1]","[7,2,0,8,5,3,6,1,4]",6
566,CBA,"[0,0,0,1,1,1,1,0,1]","[2,8,4,3,1,5,7,6,0]",2
567,CAB,"[1,0,1,0,1,0,0,1,1]","[3,5,1,2,6,0,7,8,4]",1
568,ABC,"[1,0,0,1,0,0,0,0,1]","[6,3,5,7,1,2,4,8,0]",5
569,ACB,"[0,1,1,1,1,0,0,0,1]","[5,7,4,6,1,2,8,0,3]",5
570,CAB,"[1,0,0,1,0,0,1,0,1]","[1,8,7,4,0,2,6,3,5]",3
571,CBA,"[0,1,0,0,1,0,0,1,1]","[7,4,3,1,2,8,6,0,5]",1
572,BAC,"[1,1,1,1,1,1,1,1,1]","[8,2,6,0,7,4,1,3,5]",0
573,ABC,"[0,0,0,1,0,0,1,0,0]","[2,3,0,8,7,1,4,6,5]",2
574,ACB,"[0,1,0,1,1,0,1,0,0]","[2,6,4,0,1,3,8,7,5]",5
575,BCA,"[0,1,0,0,1,0,0,0,0]","[4,0,2,7,6,3,8,1,5]",7
576,CAB,"[1,1,1,1,1,0,1,0,1]","[6,2,1,8,3,4,0,5,7]",5
577,CBA,"[1,1,0,0,1,0,1,0,1]","[0,4,8,1,6,5,3,7,2]",2
578,BAC,"[1,0,1,0,1,0,1,1,1]","[6,2,8,5,1,0,4,7,3]",3
579,ABC,"[0,1,0,0,1,0,0,1,0]","[0,6,4,8,1,3,7,2,5]",8
580,BCA,"[1,0,1,0,0,0,1,0,0]","[8,3,7,6,4,5,1,0,2]",8
581,ACB,"[0,0,0,0,1,1,1,0,1]","[3,5,7,0,4,6,1,8,2]",5
582,ACB,"[1,1,0,1,1,1,0,1,0]","[5,0,4,6,8,1,3,2,7]",8
583,CAB,"[1,0,1,1,1,0,0,0,0]","[4,1,3,2,0,5,7,6,8]",5
584,BAC,"[1,1,1,1,1,0,1,0,0]","[0,4,6,5,3,1,2,8,7]",8
585,ABC,"[1,0,0,1,0,0,1,0,0]","[5,8,2,3,6,7,4,1,0]",0
586,CBA,"[1,0,0,0,1,1,1,1,1]","[2,6,8,7,5,4,0,1,3]",3
587,BCA,"[1,1,1,0,0,1,0,1,1]","[2,7,8,1,6,5,0,3,4]",2
588,CAB,"[1,0,0,1,0,1,0,0,1]","[1,4,7,5,3,6,0,8,2]",6
589,ABC,"[1,1,1,1,0,0,1,1,0]","[8,5,7,1,0,6,2,4,3]",1
590,BCA,"[0,1,0,1,0,1,1,0,1]","[3,5,8,6,7,4,1,2,0]",4
591,ACB,"[0,1,1,1,1,1,0,1,0]","[7,4,3,0,6,5,1,8,2]",8
592,CBA,"[1,1,0,0,0,1,1,1,0]","[4,8,5,3,1,6,2,0,7]",2
593,BAC,"[1,0,0,1,0,1,0,0,0]","[5,8,1,4,7,2,6,0,3]",3
594,CBA,"[0,1,0,0,1,1,1,1,0]","[2,5,1,0,3,8,4,6,7]",2
595,ABC,"[0,1,0,1,0,0,1,1,0]","[3,5,7,2,0,8,4,1,6]",7
596,BAC,"[1,0,1,0,0,0,1,0,0]","[4,8,1,2,5,7,0,3,6]",1
597,ACB,"[1,0,0,0,1,1,1,0,0]","[6,0,5,4,1,3,7,2,8]",8
598,CAB,"[0,1,1,1,1,1,0,0,1]","[6,3,4,2,0,7,1,8,5]",1
599,BCA,"[1,1,1,0,1,1,1,0,0]","[8,1,0,2,5,4,6,3,7]",2
600,CBA,"[0,0,1,0,0,0,0,1,0]","[4,6,3,0,2,7,8,1,5]",3
601,BCA,"[0,0,0,0,0,0,0,1,0]","[7,4,8,6,1,0,2,3,5]",2
602,ABC,"[0,0,1,1,0,0,1,0,0]","[5,0,4,8,1,6,7,3,2]",8
603,BAC,"[1,1,1,0,1,1,1,1,0]","[7,0,2,8,3,5,1,6,4]",8
604,ACB,"[0,1,1,0,0,0,1,0,0]","[4,1,5,3,7,2,6,8,0]",3
605,CAB,"[0,1,0,1,1,1,0,0,0]","[4,7,5,8,0,2,6,1,3]",2
606,ABC,"[0,1,0,0,0,1,1,1,1]","[4,2,3,0,5,8,7,6,1]",6
607,CAB,"[1,1,0,0,0,1,1,1,0]","[4,5,3,6,0,1,7,2,8]",4
608,BCA,"[1,0,1,0,1,1,1,1,1]","[7,5,6,2,1,8,4,0,3]",4
609,ACB,"[0,1,1,1,1,0,1,1,1]","[1,4,2,0,6,7,5,3,8]",8
610,CBA,"[1,0,1,0,1,0,1,0,1]","[8,3,5,6,4,1,0,2,7]",8
611,BAC,"[0,0,1,0,1,1,0,0,0]","[4,2,0,3,8,5,6,7,1]",3
612,ABC,"[0,0,0,0,1,1,1,1,1]","[7,8,0,2,3,6,1,4,5]",5
613,BAC,"[0,1,0,0,1,0,0,1,1]","[3,0,1,7,4,6,8,2,5]",0
614,CBA,"[1,1,0,1,1,0,1,1,1]","[2,4,1,3,0,7,8,5,6]",4
615,BCA,"[1,1,1,0,1,0,0,0,1]","[3,8,7,6,2,5,4,1,0]",1
616,ACB,"[0,1,0,1,1,1,0,1,0]","[4,2,3,1,0,8,5,7,6]",7
617,CAB,"[0,0,1,0,1,1,0,0,0]","[7,8,4,1,5,6,2,0,3]",8
618,BAC,"[0,1,0,0,0,0,1,1,0]","[3,7,6,8,4,5,2,1,0]",5
619,CBA,"[1,0,0,1,0,1,0,0,1]","[5,7,1,3,6,4,0,8,2]",0
620,ACB,"[1,0,0,0,0,0,1,1,1]","[0,7,8,4,1,6,5,3,2]",8
621,CAB,"[1,1,1,0,0,1,1,0,0]","[4,0,3,6,2,7,5,1,8]",7
622,BCA,"[1,0,0,1,0,0,1,1,0]","[8,5,7,4,6,3,2,1,0]",6
623,ABC,"[1,0,0,0,0,0,1,0,1]","[2,4,5,7,6,1,3,0,8]",8
624,ABC,"[1,1,1,0,1,0,1,1,1]","[6,5,8,0,7,1,3,2,4]",2
625,BAC,"[1,0,0,0,0,0,0,1,1]","[5,3,8,4,6,2,7,0,1]",8
626,CBA,"[1,1,1,0,0,1,1,0,1]","[2,8,6,0,7,1,4,3,5]",1
627,BCA,"[1,0,0,0,1,0,1,1,1]","[0,3,5,8,2,6,4,7,1]",5
628,CAB,"[1,1,0,0,0,0,1,0,1]","[5,8,2,7,0,1,6,4,3]",6
629,ACB,"[0,0,1,1,0,0,0,0,0]","[7,8,3,4,2,1,6,0,5]",3
630,BCA,"[0,1,0,0,1,0,0,0,1]","[4,0,1,6,7,2,3,8,5]",4
631,ACB,"[0,0,1,0,1,0,1,0,0]","[4,5,3,7,1,6,8,0,2]",6
632,ABC,"[1,0,1,0,0,0,1,1,1]","[5,4,3,1,0,2,6,8,7]",1
633,CAB,"[0,1,1,1,0,1,0,0,0]","[4,6,7,2,5,3,1,8,0]",2
634,CBA,"[0,0,0,0,0,1,1,1,1]","[4,5,6,1,0,3,8,2,7]",0
635,BAC,"[1,1,0,0,0,0,1,1,0]","[5,3,8,7,6,4,1,0,2]",6
636,ACB,"[0,0,1,1,1,1,0,1,1]","[7,1,4,2,6,8,3,5,0]",7
637,ABC,"[0,1,0,1,0,0,1,1,1]","[4,0,1,2,6,5,3,7,8]",7
638,BCA,"[1,0,0,0,0,1,1,1,1]","[5,7,8,4,6,3,1,0,2]",4
639,CAB,"[1,0,0,0,0,1,1,1,1]","[6,2,3,5,1,8,7,0,4]",4
640,BAC,"[1,1,0,1,1,0,0,0,1]","[8,0,7,6,4,2,1,5,3]",5
641,CBA,"[1,1,1,0,0,0,0,1,1]","[7,5,8,2,3,1,4,0,6]",7
642,ACB,"[0,0,1,0,0,1,1,1,0]","[1,2,3,7,0,5,8,4,6]",4
643,BAC,"[1,1,1,1,1,0,0,1,0]","[4,5,6,0,2,1,3,7,8]",6
644,ABC,"[1,0,0,1,1,0,0,1,1]","[1,0,5,2,7,8,4,3,6]",6
645,BCA,"[0,0,1,1,0,1,0,1,0]","[7,8,4,6,3,1,0,5,2]",6
646,CAB,"[0,1,1,1,0,0,0,0,0]","[5,3,6,1,8,0,7,4,2]",1
647,CBA,"[0,0,1,0,1,0,0,0,0]","[3,6,8,2,0,7,1,4,5]",6
648,ACB,"[1,1,0,0,0,0,1,0,1]","[3,7,6,0,8,5,1,2,4]",7
649,BCA,"[0,0,1,1,0,0,1,1,0]","[6,2,3,0,5,7,8,1,4]",0
650,CBA,"[1,0,1,0,0,1,0,1,1]","[0,7,1,4,8,6,5,3,2]",2
651,BAC,"[0,0,1,0,1,0,0,1,1]","[7,1,2,5,6,4,0,8,3]",6
652,CAB,"[0,1,0,1,0,0,0,0,0]","[6,0,1,2,4,3,8,7,5]",6
653,ABC,"[0,0,1,1,0,0,0,1,0]","[5,3,7,1,8,2,4,6,0]",3
654,ABC,"[0,1,0,1,1,0,0,1,0]","[3,2,4,8,0,7,6,1,5]",0
655,CBA,"[1,0,1,0,0,0,1,0,0]","[7,0,2,6,4,1,8,3,5]",2
656,CAB,"[0,0,1,1,1,0,1,0,0]","[4,6,0,2,5,3,7,8,1]",1
657,BCA,"[1,1,0,0,1,1,1,0,1]","[5,0,6,2,8,3,1,4,7]",7
658,ACB,"[0,0,1,1,0,0,0,1,0]","[7,5,8,4,3,2,6,1,0]",2
659,BAC,"[1,0,1,1,1,0,1,1,0]","[6,0,4,8,7,5,1,2,3]",8
660,ACB,"[0,1,0,0,1,1,0,1,0]","[2,8,7,1,6,0,3,4,5]",1
661,CBA,"[1,1,0,0,1,0,0,1,0]","[1,3,5,0,4,7,2,6,8]",1
662,BCA,"[1,0,0,0,1,1,1,1,0]","[8,5,0,2,7,6,1,3,4]",4
663,BAC,"[1,1,0,1,0,1,0,1,1]","[2,7,6,0,3,4,8,5,1]",7
664,ABC,"[1,1,1,0,0,0,1,0,0]","[1,2,8,3,6,5,0,7,4]",1
665,CAB,"[1,0,1,0,1,1,1,1,1]","[3,0,4,1,8,2,5,6,7]",0
666,ACB,"[0,1,0,1,1,0,0,1,0]","[8,6,0,7,1,2,4,5,3]",4
667,CAB,"[0,1,0,0,0,1,0,1,0]","[2,5,4,0,8,1,3,7,6]",3
668,ABC,"[1,1,1,1,1,0,0,1,1]","[2,7,8,5,1,4,6,3,0]",4
669,BCA,"[0,0,1,1,0,0,0,0,0]","[3,5,7,4,1,2,8,0,6]",8
670,CBA,"[0,1,1,0,0,1,0,0,0]","[5,4,3,6,7,8,1,0,2]",6
671,BAC,"[1,0,0,0,0,1,0,0,0]","[2,4,1,0,6,7,3,8,5]",8
672,BCA,"[1,1,1,0,0,1,0,1,1]","[7,4,5,8,3,6,1,2,0]",6
673,CAB,"[1,0,1,1,1,0,1,0,0]","[8,5,0,4,6,7,1,2,3]",5
674,ABC,"[1,1,1,0,1,0,0,1,0]","[4,1,3,8,7,6,2,5,0]",6
675,BAC,"[1,0,1,1,0,1,0,0,0]","[3,2,5,6,4,0,8,7,1]",2
676,CBA,"[1,1,1,0,0,1,0,1,1]","[2,3,5,4,6,0,7,8,1]",4
677,ACB,"[0,0,0,0,1,1,1,0,0]","[6,2,5,1,3,4,0,7,8]",3
678,CBA,"[0,0,1,0,1,0,0,1,1]","[6,4,8,0,1,5,7,3,2]",5
679,CAB,"[1,0,0,0,1,1,0,0,1]","[6,0,5,8,4,3,2,1,7]",7
680,ABC,"[0,0,0,0,0,0,1,0,1]","[6,5,2,0,1,3,4,7,8]",2
681,BCA,"[1,0,0,0,1,1,0,0,0]","[4,3,1,7,2,8,6,0,5]",1
682,ACB,"[1,1,0,1,0,0,0,1,1]","[1,7,2,0,3,4,8,6,5]",0
683,BAC,"[0,1,1,1,1,1,1,0,0]","[4,0,6,3,7,8,5,2,1]",6
684,CBA,"[0,0,0,0,1,0,1,1,0]","[7,4,5,3,1,0,8,2,6]",0
685,BCA,"[0,1,1,0,0,1,1,1,1]","[5,6,4,3,1,2,0,8,7]",0
686,CAB,"[0,1,0,0,0,0,0,0,1]","[1,7,5,0,6,8,3,4,2]",6
687,ABC,"[0,0,1,1,0,1,1,0,0]","[5,2,0,4,8,1,6,3,7]",6
688,BAC,"[0,1,0,0,0,1,0,1,1]","[0,7,6,8,1,5,3,4,2]",1
689,ACB,"[0,1,0,1,0,0,0,0,1]","[8,0,2,5,1,3,6,7,4]",8
690,CBA,"[0,0,1,1,0,1,1,0,0]","[5,0,4,8,3,2,7,6,1]",5
691,ACB,"[1,0,0,1,0,0,0,0,1]","[2,3,5,4,0,8,6,1,7]",3
692,BCA,"[0,1,0,0,0,1,0,1,1]","[2,3,4,1,6,8,5,0,7]",0
693,CAB,"[0,1,1,0,1,1,1,0,0]","[4,3,8,6,1,0,7,2,5]",0
694,ABC,"[1,1,0,0,1,0,1,1,0]","[5,0,1,8,3,2,7,4,6]",6
695,BAC,"[0,0,1,0,1,1,0,1,1]","[0,7,2,3,8,1,5,6,4]",0
696,ACB,"[0,1,0,1,0,1,1,0,1]","[1,6,7,5,0,3,4,2,8]",6
697,ABC,"[1,0,0,1,0,1,1,1,0]","[6,5,2,8,3,4,7,1,0]",4
698,CAB,"[1,1,1,0,1,1,0,0,1]","[6,4,2,7,1,5,0,8,3]",0
699,BAC,"[0,1,0,1,1,1,0,0,0]","[8,4,3,1,7,0,6,5,2]",3
700,BCA,"[0,1,1,0,0,1,1,1,1]","[7,2,4,3,8,0,6,5,1]",7
701,CBA,"[0,0,1,1,1,1,1,0,1]","[3,4,1,8,6,7,2,0,5]",1
702,ABC,"[0,0,0,1,0,1,1,1,0]","[1,4,3,5,6,0,2,7,8]",5
703,ACB,"[0,0,1,0,1,1,1,1,1]","[7,3,6,2,1,8,4,5,0]",2
704,BAC,"[1,1,1,1,1,1,0,0,1]","[2,3,8,5,4,1,6,7,0]",4
705,BCA,"[1,1,1,0,1,0,0,1,0]","[1,7,6,3,2,0,8,4,5]",8
706,CAB,"[1,1,1,0,1,1,1,0,1]","[1,8,7,6,4,0,3,5,2]",6
707,CBA,"[0,0,1,1,0,1,0,0,1]","[4,3,7,5,6,0,1,2,8]",0
708,ACB,"[1,0,1,1,1,1,1,0,1]","[5,1,0,4,2,6,7,8,3]",6
709,CBA,"[0,0,1,0,1,1,0,0,0]","[3,8,5,4,7,1,6,2,0]",4
710,CAB,"[1,0,1,0,1,1,1,0,0]","[7,5,0,3,2,6,1,4,8]",1
711,BAC,"[0,1,0,0,1,0,0,1,1]","[2,8,3,4,0,5,6,7,1]",2
712,ABC,"[0,0,0,0,1,1,1,1,1]","[0,4,5,2,6,3,1,7,8]",3
713,BCA,"[1,1,1,0,0,0,0,1,0]","[0,3,6,8,2,1,4,5,7]",6
714,ACB,"[1,1,0,0,1,1,1,1,1]","[7,6,4,0,1,5,2,8,3]",6
715,ABC,"[1,0,1,0,0,0,1,0,1]","[1,7,5,8,4,2,6,3,0]",5
716,BAC,"[0,0,0,0,1,0,0,0,0]","[7,3,8,1,5,4,0,6,2]",4
717,CBA,"[0,0,0,1,1,0,1,0,1]","[0,8,1,2,5,7,6,3,4]",4
718,CAB,"[0,0,0,1,0,0,1,1,0]","[0,2,1,8,7,5,4,6,3]",7
719,BCA,"[1,1,0,0,1,0,0,1,0]","[7,6,5,2,4,0,3,1,8]",8
720,ACB,"[1,0,1,0,1,1,1,1,0]","[8,2,1,5,7,4,6,3,0]",2
721,ABC,"[0,1,0,1,1,0,0,0,1]","[6,4,7,0,5,8,3,2,1]",5
722,BAC,"[0,1,1,1,0,1,0,1,1]","[6,4,2,7,8,1,3,5,0]",3
723,BCA,"[0,0,0,1,1,1,0,0,0]","[3,7,1,2,6,8,5,4,0]",2
724,CAB,"[1,1,0,0,0,1,0,0,1]","[3,4,2,0,7,1,6,5,8]",0
725,CBA,"[1,1,1,1,1,0,0,1,1]","[7,0,8,4,3,2,5,1,6]",8
726,BCA,"[0,0,1,1,0,0,1,1,1]","[6,5,0,7,1,2,8,4,3]",4
727,ABC,"[0,1,1,1,0,1,0,0,1]","[2,0,8,6,1,7,4,3,5]",2
728,ACB,"[1,0,0,1,0,1,0,1,1]","[3,6,2,5,0,8,4,1,7]",5
729,BAC,"[1,0,0,1,0,1,0,0,1]","[5,3,8,1,6,2,7,0,4]",6
730,CAB,"[0,1,1,0,0,1,0,0,0]","[7,6,5,3,8,0,2,4,1]",7
731,CBA,"[1,0,0,1,0,0,0,1,0]","[6,4,0,5,2,1,7,8,3]",4
732,CAB,"[1,1,1,1,0,0,0,1,0]","[5,8,0,1,4,6,7,2,3]",3
733,BAC,"[1,0,0,1,0,0,0,1,1]","[5,7,8,6,3,2,1,4,0]",5
734,ABC,"[0,1,0,0,1,0,0,0,0]","[6,3,4,7,2,8,0,1,5]",1
735,ACB,"[1,1,1,0,0,0,0,0,1]","[2,4,1,3,6,8,5,0,7]",5
736,BCA,"[0,0,1,0,1,1,0,1,1]","[4,8,6,7,1,0,5,2,3]",5
737,CBA,"[1,1,0,1,0,0,0,0,0]","[6,1,7,4,0,2,8,5,3]",5
738,CBA,"[1,0,0,0,0,0,1,1,1]","[5,7,2,0,1,3,8,6,4]",4
739,ACB,"[0,1,0,0,0,0,0,0,0]","[5,6,4,1,0,2,3,8,7]",7
740,BAC,"[1,0,1,0,1,1,1,0,1]","[3,6,4,2,5,8,7,1,0]",0
741,CAB,"[0,1,1,1,0,0,0,0,0]","[0,4,6,8,3,1,7,2,5]",0
742,ABC,"[0,0,0,1,1,0,0,1,1]","[6,2,3,4,0,5,1,7,8]",7
743,BCA,"[1,0,1,0,0,0,0,1,1]","[2,5,4,1,0,8,6,7,3]",3
744,ABC,"[1,1,1,0,1,0,1,1,1]","[5,8,6,4,3,0,7,1,2]",6
745,CBA,"[0,0,0,1,1,0,1,0,1]","[3,4,2,5,6,0,8,1,7]",0
746,BAC,"[0,0,0,0,0,1,1,1,1]","[5,3,1,6,0,4,7,2,8]",2
747,ACB,"[1,1,0,0,1,0,0,0,0]","[1,5,2,6,7,0,3,8,4]",5
748,CAB,"[0,1,0,0,1,0,0,0,1]","[8,4,2,0,3,6,1,5,7]",4
749,BCA,"[0,1,0,1,1,0,0,0,0]","[1,2,0,8,7,5,4,3,6]",1
750,BAC,"[1,1,0,1,1,0,1,0,0]","[0,5,1,8,7,4,2,3,6]",4
751,CAB,"[1,0,1,0,0,1,0,1,0]","[1,0,5,2,6,3,7,4,8]",8
752,ABC,"[0,1,0,0,0,1,0,0,0]","[5,1,0,6,4,8,2,7,3]",4
753,BCA,"[1,0,0,1,0,0,0,1,1]","[6,8,3,7,5,2,4,1,0]",3
754,ACB,"[1,0,0,0,0,1,1,0,0]","[3,0,8,5,6,4,7,1,2]",7
755,CBA,"[1,0,1,1,0,1,0,1,1]","[1,6,0,2,8,3,7,4,5]",8
756,ABC,"[1,1,0,1,0,0,1,1,0]","[7,1,6,8,3,2,0,5,4]",1
757,ACB,"[0,0,1,0,1,0,1,0,0]","[4,0,6,1,5,7,2,3,8]",0
758,CAB,"[1,0,0,1,1,1,1,0,0]","[0,4,3,5,1,6,2,7,8]",6
759,BAC,"[1,1,0,0,0,1,0,0,1]","[4,3,7,5,2,0,1,6,8]",7
760,CBA,"[0,0,1,1,1,1,0,0,1]","[7,0,2,5,4,1,8,6,3]",5
761,BCA,"[1,1,0,0,0,0,0,1,1]","[3,6,5,1,4,7,0,2,8]",5
762,BCA,"[1,0,0,0,0,1,1,0,0]","[4,7,0,2,6,8,3,5,1]",1
763,BAC,"[1,0,0,0,0,1,1,1,0]","[3,0,1,5,4,8,6,2,7]",1
764,ABC,"[0,1,1,1,0,1,1,1,0]","[8,7,3,4,2,5,6,1,0]",8
765,CBA,"[1,0,1,1,1,1,0,1,1]","[5,7,1,6,0,2,8,3,4]",0
766,CAB,"[1,0,1,0,0,1,0,0,0]","[0,2,7,5,4,8,3,1,6]",2
767,ACB,"[0,0,0,0,0,0,0,0,1]","[4,0,5,8,2,1,7,3,6]",8
768,ABC,"[0,0,1,1,1,1,1,1,1]","[5,2,1,6,8,0,3,4,7]",4
769,BAC,"[1,1,1,1,1,0,1,1,0]","[8,1,5,0,4,3,7,2,6]",3
770,CAB,"[0,0,0,1,1,1,1,1,0]","[2,3,1,0,7,5,8,4,6]",7
771,CBA,"[0,0,1,1,1,1,1,0,1]","[0,4,1,8,6,7,2,5,3]",3
772,BCA,"[1,0,0,1,1,0,1,1,0]","[6,0,7,4,8,5,1,3,2]",1
773,ACB,"[0,0,1,0,0,0,0,0,1]","[5,1,0,8,3,2,6,7,4]",4
774,CAB,"[0,0,0,1,1,0,1,1,1]","[7,2,5,3,8,0,6,4,1]",7
775,ACB,"[0,0,0,1,1,0,0,0,1]","[3,6,8,2,5,4,7,1,0]",7
776,BAC,"[0,1,1,0,1,0,1,0,0]","[2,3,5,0,4,1,7,8,6]",8
777,CBA,"[1,0,1,1,1,1,0,1,1]","[7,4,5,0,3,1,6,8,2]",2
778,ABC,"[1,1,0,1,0,1,1,1,1]","[1,5,0,7,3,8,4,6,2]",4
779,BCA,"[0,0,0,1,1,1,1,1,0]","[4,3,5,6,1,8,0,2,7]",7
780,ACB,"[1,0,1,1,0,0,0,0,1]","[5,0,7,6,3,1,8,4,2]",3
781,CBA,"[0,1,0,1,0,0,1,0,0]","[3,0,8,5,1,7,6,2,4]",7
782,ABC,"[0,1,1,1,0,0,1,1,0]","[2,1,0,6,8,7,4,5,3]",2
783,BAC,"[1,0,0,1,0,0,1,1,1]","[6,0,8,2,1,5,4,3,7]",5
784,BCA,"[1,1,1,0,1,0,1,0,0]","[7,3,5,6,0,8,2,4,1]",4
785,CAB,"[0,1,0,1,1,0,1,1,1]","[6,0,4,3,7,8,5,2,1]",5
786,ACB,"[1,0,0,0,1,0,0,0,0]","[3,4,5,7,8,2,0,1,6]",7
787,ABC,"[0,1,0,0,1,0,1,1,0]","[1,8,3,5,6,4,7,2,0]",4
788,CAB,"[0,1,0,1,0,1,0,0,1]","[2,6,1,5,8,7,0,4,3]",4
789,BAC,"[0,0,1,0,1,1,1,1,1]","[5,3,2,8,4,0,6,1,7]",5
790,BCA,"[0,1,1,1,1,1,1,1,1]","[1,4,6,8,2,0,7,3,5]",7
791,CBA,"[0,1,0,1,1,0,1,1,1]","[5,8,7,6,4,0,3,1,2]",1
792,ACB,"[0,0,0,1,1,0,1,0,0]","[4,0,8,7,3,5,2,6,1]",0
793,CBA,"[1,0,0,1,1,0,0,1,1]","[6,3,0,4,5,2,1,7,8]",7
794,BCA,"[1,1,1,0,1,0,1,0,1]","[2,0,1,3,4,8,7,6,5]",6
795,BAC,"[0,0,0,0,0,0,1,1,0]","[3,2,1,4,8,5,7,0,6]",2
796,ABC,"[0,0,1,0,0,0,0,0,1]","[3,5,6,4,0,1,8,2,7]",1
797,CAB,"[1,0,0,1,1,0,1,0,1]","[5,4,8,7,0,2,1,3,6]",7
798,ABC,"[1,0,0,1,1,0,1,0,0]","[8,2,5,3,6,4,1,7,0]",8
799,ACB,"[1,1,1,1,0,1,1,1,1]","[0,4,5,8,7,1,2,6,3]",1
800,BCA,"[0,0,0,1,0,1,1,1,1]","[3,5,7,6,4,8,1,2,0]",1
801,BAC,"[0,1,1,0,1,0,1,1,0]","[1,0,6,3,5,2,4,7,8]",5
802,CAB,"[0,1,0,0,1,0,0,0,1]","[0,1,2,7,6,4,3,5,8]",1
803,CBA,"[0,1,0,1,0,1,0,0,1]","[4,5,2,0,3,1,6,7,8]",1
804,ACB,"[1,1,1,0,0,1,0,0,0]","[3,0,7,6,5,2,4,1,8]",5
805,BCA,"[0,1,1,1,0,1,0,0,1]","[5,8,3,4,1,2,0,7,6]",1
806,ABC,"[0,0,1,1,1,0,1,0,0]","[1,7,4,6,3,2,0,8,5]",4
807,BAC,"[0,0,1,1,0,1,1,0,1]","[4,0,1,2,8,6,3,5,7]",6
808,CBA,"[1,1,1,0,0,0,1,0,0]","[5,7,8,4,1,0,2,3,6]",1
809,CAB,"[0,1,0,1,0,0,0,0,1]","[4,8,0,1,3,7,6,5,2]",0
810,BCA,"[1,0,1,1,1,1,1,0,0]","[3,1,6,8,2,0,7,5,4]",4
811,ACB,"[1,1,0,0,1,1,0,0,0]","[0,8,3,2,5,4,7,1,6]",8
812,BAC,"[1,1,0,1,0,0,0,0,1]","[2,1,7,0,8,4,6,3,5]",4
813,CAB,"[1,0,1,0,1,0,0,1,0]","[1,0,3,5,4,6,8,7,2]",7
814,CBA,"[0,0,1,1,0,0,1,0,0]","[8,5,3,1,6,0,2,7,4]",2
815,ABC,"[0,0,1,1,1,0,0,1,0]","[0,4,8,7,6,1,2,5,3]",0
816,ACB,"[0,1,1,0,0,1,0,1,1]","[8,3,6,7,1,2,5,4,0]",8
817,BCA,"[1,0,1,0,0,1,0,1,1]","[2,4,5,6,0,8,3,1,7]",8
818,CAB,"[1,0,1,1,0,1,0,0,1]","[1,4,5,8,2,3,7,0,6]",0
819,BAC,"[0,0,1,0,0,1,1,1,1]","[3,5,0,8,7,4,2,6,1]",6
820,CBA,"[1,1,1,1,1,0,1,0,0]","[1,6,5,7,4,3,8,0,2]",0
821,ABC,"[1,0,1,1,0,1,1,0,1]","[1,5,7,4,6,8,3,0,2]",4
822,CAB,"[0,1,0,1,0,0,0,1,0]","[3,0,8,6,5,1,7,2,4]",1
823,BCA,"[0,0,1,0,0,1,1,1,1]","[8,6,0,5,7,1,4,2,3]",8
824,ACB,"[0,1,1,0,0,1,1,0,1]","[1,4,3,8,6,2,0,7,5]",1
825,CBA,"[1,0,0,0,1,0,0,0,1]","[0,7,2,1,8,3,4,6,5]",8
826,BAC,"[1,0,0,1,0,1,1,1,1]","[4,8,2,5,3,0,7,6,1]",7
827,ABC,"[1,0,0,0,0,0,1,0,0]","[4,7,6,0,5,2,1,8,3]",8
828,ACB,"[1,1,0,1,0,0,0,0,1]","[6,7,8,4,1,3,5,2,0]",5
829,ABC,"[0,0,1,0,1,1,1,1,0]","[6,3,7,0,5,2,8,4,1]",3
830,CAB,"[1,1,0,1,1,1,0,0,0]","[5,7,4,2,6,3,1,0,8]",5
831,BAC,"[0,0,0,1,1,0,1,0,0]","[6,7,4,1,2,8,5,3,0]",8
832,CBA,"[0,1,1,0,0,1,1,1,0]","[0,1,4,6,8,2,3,7,5]",6
833,BCA,"[0,1,1,1,0,0,1,0,0]","[2,1,0,5,7,3,4,6,8]",5
834,BCA,"[1,0,1,1,1,0,0,0,0]","[4,1,3,2,7,6,5,8,0]",8
835,ABC,"[1,0,1,0,1,1,0,1,1]","[0,8,1,5,7,2,3,4,6]",6
836,ACB,"[0,0,1,0,1,1,1,1,1]","[2,4,0,7,8,1,3,5,6]",0
837,CAB,"[1,1,0,0,0,1,1,0,1]","[3,5,7,1,4,0,2,6,8]",3
838,CBA,"[0,1,0,1,0,0,0,1,1]","[4,3,0,6,1,7,8,5,2]",4
839,BAC,"[1,1,0,0,1,1,0,1,0]","[5,7,6,1,8,2,0,4,3]",6
840,ABC,"[0,1,0,1,1,1,0,0,0]","[5,6,3,7,1,2,0,4,8]",3
841,CAB,"[1,1,1,0,1,0,1,0,1]","[2,5,3,0,8,7,6,1,4]",3
842,ACB,"[0,1,0,1,1,1,0,0,0]","[3,5,4,0,8,1,7,6,2]",3
843,BAC,"[1,0,1,1,1,1,1,1,0]","[7,4,6,2,5,8,1,3,0]",7
844,CBA,"[0,0,1,1,0,0,0,0,1]","[1,2,0,5,4,7,3,8,6]",1
845,BCA,"[1,0,0,1,1,0,0,1,1]","[2,6,1,0,5,7,8,4,3]",1
846,ACB,"[1,0,0,1,0,1,1,1,1]","[5,3,8,4,7,6,2,1,0]",2
847,ABC,"[1,0,1,0,1,1,0,0,0]","[1,5,0,6,8,3,2,4,7]",6
848,BAC,"[0,0,0,1,1,0,0,0,0]","[8,4,1,7,2,6,0,5,3]",2
849,CAB,"[0,0,0,0,1,1,1,1,0]","[7,5,8,3,2,4,0,1,6]",2
850,BCA,"[0,0,1,0,0,0,1,1,0]","[4,3,7,1,8,6,2,0,5]",6
851,CBA,"[0,1,0,1,1,0,1,0,0]","[0,4,5,7,8,3,1,2,6]",1
852,ABC,"[0,0,0,0,0,0,1,0,0]","[0,2,5,6,4,7,3,1,8]",1
853,BAC,"[0,1,0,1,0,1,0,1,1]","[7,3,8,6,5,0,1,2,4]",3
854,CAB,"[1,0,1,1,1,1,0,0,0]","[3,2,7,4,1,5,6,8,0]",6
855,CBA,"[1,0,0,1,1,0,1,0,0]","[4,6,3,0,2,1,5,8,7]",2
856,ACB,"[0,0,1,1,0,0,1,0,0]","[6,5,0,1,8,3,2,7,4]",5
857,BCA,"[0,1,0,1,1,1,0,0,0]","[6,8,7,2,1,5,4,0,3]",7
858,BCA,"[0,0,1,1,0,1,1,1,0]","[7,2,1,6,4,0,8,3,5]",2
859,ACB,"[1,1,0,1,0,0,0,0,1]","[0,1,3,5,2,8,7,4,6]",6
860,ABC,"[0,1,1,0,1,0,1,1,1]","[8,0,1,2,7,6,4,3,5]",3
861,BAC,"[0,1,0,1,0,1,0,1,1]","[0,3,6,7,4,2,8,1,5]",6
862,CAB,"[0,0,0,1,0,0,1,1,0]","[4,8,1,0,3,6,7,5,2]",3
863,CBA,"[1,1,1,0,1,0,1,1,0]","[6,8,2,4,0,5,1,7,3]",2
864,ACB,"[0,0,0,1,0,0,1,0,1]","[5,2,4,6,1,8,7,3,0]",8
865,CBA,"[0,1,1,0,0,0,0,0,1]","[5,1,4,8,6,7,0,3,2]",3
866,BCA,"[1,0,0,1,1,1,1,1,1]","[3,0,8,7,4,5,6,2,1]",5
867,CAB,"[1,0,1,1,1,1,1,0,1]","[6,0,1,3,8,7,5,2,4]",8
868,BAC,"[1,0,0,1,0,0,0,0,1]","[3,1,8,2,4,6,7,0,5]",4
869,ABC,"[1,1,0,1,1,1,1,0,1]","[6,0,1,5,4,7,8,3,2]",2
870,BCA,"[1,1,0,1,0,0,1,1,0]","[5,6,8,7,0,2,3,4,1]",4
871,BAC,"[0,1,0,1,0,1,1,1,1]","[6,7,4,2,3,1,5,0,8]",3
872,ACB,"[0,0,1,0,1,1,0,1,1]","[2,0,3,8,4,7,6,1,5]",3
873,CBA,"[1,1,1,1,0,1,1,1,1]","[3,8,2,1,0,7,4,6,5]",0
874,ABC,"[1,0,0,0,1,1,1,0,0]","[3,5,1,0,7,2,4,8,6]",3
875,CAB,"[0,1,0,1,1,0,0,0,0]","[3,4,6,7,0,2,8,1,5]",8
876,BAC,"[1,1,1,1,0,1,0,0,1]","[7,3,6,1,4,5,8,0,2]",2
877,ACB,"[0,1,0,1,1,0,0,0,1]","[3,6,1,5,0,4,7,2,8]",0
878,CBA,"[1,1,0,1,0,1,1,1,0]","[3,6,2,0,1,4,8,7,5]",4
879,BCA,"[0,1,1,1,1,1,1,0,1]","[0,4,6,8,7,5,2,1,3]",1
880,ABC,"[0,1,0,0,1,1,1,0,0]","[0,7,2,3,1,4,6,5,8]",1
881,CAB,"[0,0,0,1,1,0,1,0,1]","[2,1,4,3,5,6,0,7,8]",8
882,BCA,"[0,0,1,1,0,0,0,1,1]","[5,2,8,1,0,3,7,4,6]",8
883,CAB,"[0,1,0,0,0,0,1,1,0]","[2,1,5,6,0,7,4,3,8]",6
884,ABC,"[1,0,0,1,1,0,1,1,0]","[7,1,4,6,5,2,0,3,8]",1
885,BAC,"[1,1,1,0,0,0,1,1,0]","[6,7,5,4,0,1,2,8,3]",2
886,CBA,"[0,0,1,0,1,0,0,0,1]","[5,6,4,2,1,0,7,8,3]",4
887,ACB,"[0,0,0,1,0,1,1,1,1]","[5,2,3,6,1,7,8,4,0]",2
888,CBA,"[0,0,1,1,0,0,0,0,0]","[3,5,4,2,8,7,0,1,6]",4
889,BCA,"[1,0,1,1,0,0,0,1,0]","[8,6,1,3,4,0,2,5,7]",5
890,CAB,"[0,1,0,1,1,0,0,0,0]","[3,8,1,5,4,0,2,7,6]",8
891,ABC,"[0,0,0,1,1,0,0,0,0]","[8,5,0,1,4,7,6,3,2]",6
892,BAC,"[0,1,1,1,0,0,0,1,1]","[5,3,1,7,8,2,6,4,0]",1
893,ACB,"[0,0,1,1,1,1,0,1,1]","[1,4,6,8,5,2,7,3,0]",1
894,CAB,"[1,0,0,1,1,0,1,1,1]","[5,3,8,1,2,7,6,0,4]",2
895,BAC,"[1,0,1,0,0,1,0,0,1]","[4,6,2,7,8,0,1,5,3]",6
896,ABC,"[1,0,0,1,0,0,0,1,1]","[4,0,2,7,6,3,5,8,1]",8
897,BCA,"[0,1,0,0,1,0,1,1,1]","[6,4,3,5,7,0,8,1,2]",5
898,ACB,"[0,1,0,1,0,0,0,0,1]","[2,7,0,3,5,1,4,8,6]",8
899,CBA,"[0,0,1,1,1,1,1,0,1]","[7,1,8,5,2,4,6,0,3]",1
900,BCA,"[0,0,1,0,0,1,0,0,1]","[2,3,1,8,0,4,7,6,5]",5
901,CAB,"[0,1,1,0,0,0,0,0,1]","[0,4,1,3,7,8,6,5,2]",7
902,ABC,"[0,0,1,0,1,1,0,1,0]","[1,2,0,7,4,3,6,8,5]",8
903,CBA,"[0,0,0,0,0,1,0,0,0]","[8,7,1,0,3,2,5,6,4]",6
904,BAC,"[1,0,0,1,0,1,1,1,0]","[5,7,0,3,6,2,1,8,4]",5
905,ACB,"[1,1,1,0,1,1,1,0,1]","[5,2,6,0,3,8,1,7,4]",8
906,ACB,"[1,0,1,1,0,1,0,1,0]","[5,1,0,8,6,7,2,4,3]",3
907,BCA,"[1,1,0,1,0,0,0,0,1]","[1,7,6,4,5,8,0,3,2]",3
908,CBA,"[0,1,0,1,0,1,1,0,0]","[6,2,5,1,0,8,7,3,4]",0
909,BAC,"[1,1,0,0,0,0,1,1,1]","[3,0,8,1,6,5,4,7,2]",1
910,ABC,"[1,1,1,1,0,1,0,0,0]","[5,1,2,8,6,0,7,3,4]",5
911,CAB,"[1,1,1,0,0,0,1,0,1]","[5,3,8,4,6,7,2,1,0]",2
912,BAC,"[1,0,1,0,0,0,1,1,1]","[3,7,1,4,6,2,5,0,8]",6
913,ABC,"[0,1,1,0,0,1,0,1,0]","[7,1,6,8,0,4,3,5,2]",3
914,ACB,"[0,0,0,1,1,1,0,1,0]","[8,5,2,1,6,3,7,4,0]",2
915,CAB,"[1,1,1,1,1,0,1,1,1]","[8,3,5,6,1,0,2,4,7]",2
916,BCA,"[1,1,0,1,1,1,0,0,0]","[8,0,3,6,5,7,4,2,1]",7
917,CBA,"[1,0,0,0,1,0,1,0,0]","[4,2,5,8,0,1,3,7,6]",7
918,BCA,"[0,0,0,1,0,1,0,0,0]","[4,5,3,6,0,2,8,7,1]",2
919,CBA,"[0,0,1,0,1,1,1,0,0]","[6,1,0,3,5,2,8,7,4]",8
920,ACB,"[0,0,0,1,1,0,1,1,0]","[7,6,5,0,8,1,2,4,3]",1
921,ABC,"[1,0,0,0,1,0,0,0,0]","[6,0,5,7,1,3,2,8,4]",6
922,CAB,"[1,1,0,1,1,0,0,0,0]","[5,7,3,8,0,4,1,2,6]",4
923,BAC,"[1,1,0,0,1,0,1,0,0]","[6,5,2,7,1,0,8,3,4]",7
924,ABC,"[1,0,1,0,1,0,1,1,0]","[4,7,8,0,3,5,2,1,6]",1
925,BAC,"[0,0,1,0,1,1,0,1,1]","[7,1,8,3,2,4,6,5,0]",4
926,CBA,"[0,0,0,1,1,1,0,0,1]","[5,1,3,6,2,7,0,4,8]",6
927,BCA,"[0,0,0,0,1,0,0,1,1]","[5,2,6,0,4,3,8,1,7]",1
928,ACB,"[1,1,0,1,1,1,1,0,0]","[8,2,3,7,5,4,0,6,1]",4
929,CAB,"[1,1,0,0,0,1,0,1,0]","[7,5,1,0,4,8,6,2,3]",7
930,BCA,"[0,0,0,0,0,0,1,0,0]","[8,0,2,7,3,4,1,6,5]",8
931,ACB,"[1,0,0,1,1,0,1,1,1]","[6,3,4,8,2,7,1,0,5]",2
932,BAC,"[1,0,1,1,1,1,0,1,1]","[2,1,7,6,3,5,0,8,4]",1
933,ABC,"[1,1,1,0,0,1,0,0,0]","[4,1,0,2,7,5,3,6,8]",4
934,CAB,"[0,1,1,0,1,1,1,0,0]","[0,7,3,8,6,5,2,1,4]",1
935,CBA,"[1,1,0,0,0,0,1,1,0]","[3,1,2,6,4,0,5,7,8]",5
936,CAB,"[0,1,1,0,0,0,1,1,1]","[5,1,4,3,2,8,0,6,7]",5
937,CBA,"[1,0,1,0,0,0,1,0,1]","[2,4,8,3,5,6,7,0,1]",8
938,BCA,"[0,0,1,1,0,1,0,0,1]","[6,8,4,5,1,3,0,7,2]",8
939,ABC,"[0,0,0,0,0,1,0,1,0]","[8,2,7,5,0,4,6,3,1]",3
940,BAC,"[0,0,0,1,0,1,0,0,0]","[1,8,0,4,3,6,7,2,5]",8
941,ACB,"[0,0,0,0,1,0,0,1,1]","[5,4,0,6,7,8,3,1,2]",3
942,BAC,"[1,1,1,0,1,1,1,0,1]","[1,8,3,7,5,0,4,6,2]",3
943,ACB,"[0,0,0,0,1,1,1,0,0]","[4,2,6,1,0,5,7,3,8]",4
944,ABC,"[1,0,1,1,0,0,0,1,1]","[7,2,4,8,3,1,6,0,5]",4
945,CBA,"[1,0,1,1,1,1,0,0,0]","[1,8,0,5,4,6,3,7,2]",5
946,BCA,"[0,0,1,0,1,0,0,1,0]","[8,0,4,2,7,6,3,1,5]",0
947,CAB,"[0,1,1,0,1,1,0,1,1]","[1,3,8,6,7,0,5,4,2]",4
948,CBA,"[0,0,0,1,0,0,0,0,1]","[0,7,4,5,3,8,2,1,6]",6
949,BAC,"[0,0,0,1,0,1,0,0,0]","[1,6,2,5,7,8,0,3,4]",7
950,CAB,"[0,0,1,1,1,0,0,1,1]","[1,2,0,8,4,6,3,7,5]",2
951,ACB,"[1,0,1,1,1,1,0,1,1]","[8,5,2,6,4,1,7,0,3]",1
952,BCA,"[1,0,1,1,1,1,1,0,0]","[8,0,2,6,4,3,1,5,7]",5
953,ABC,"[1,1,1,1,1,1,0,1,0]","[1,2,8,7,6,0,5,4,3]",4
954,CBA,"[0,0,1,1,1,1,1,0,0]","[4,2,7,1,0,5,8,6,3]",0
955,ABC,"[1,0,1,0,0,1,1,0,0]","[2,1,7,0,6,8,4,5,3]",1
956,CAB,"[0,0,1,1,0,0,1,1,1]","[1,4,2,5,7,6,8,0,3]",8
957,BCA,"[1,0,1,1,1,0,1,0,1]","[5,1,7,4,6,8,0,3,2]",2
958,ACB,"[1,0,0,0,0,1,0,0,0]","[8,3,2,4,0,6,5,7,1]",3
959,BAC,"[0,1,0,1,1,1,1,0,0]","[6,7,0,2,5,8,3,4,1]",3
960,BCA,"[0,0,0,1,1,1,0,1,0]","[7,0,5,8,2,6,3,1,4]",3
961,ABC,"[1,1,0,1,0,1,1,1,1]","[6,1,0,4,8,5,2,3,7]",1
962,CBA,"[0,1,0,1,1,1,0,0,1]","[4,0,3,2,5,1,6,7,8]",6
963,ACB,"[0,0,1,1,1,1,0,0,1]","[7,0,5,2,4,1,3,8,6]",4
964,BAC,"[0,0,1,0,0,0,1,1,1]","[2,7,4,0,6,8,1,5,3]",0
965,CAB,"[1,0,0,0,1,1,0,1,0]","[7,3,5,4,1,0,6,2,8]",8
966,CAB,"[0,0,1,1,1,0,1,0,1]","[4,3,8,7,0,5,6,1,2]",0
967,BCA,"[0,1,1,1,0,1,0,1,1]","[1,5,8,7,3,4,2,6,0]",6
968,ACB,"[0,0,1,1,1,1,0,1,1]","[0,5,8,2,1,3,7,6,4]",8
969,BAC,"[1,0,0,0,0,0,0,0,1]","[0,4,1,6,3,5,2,8,7]",4
970,ABC,"[0,1,0,0,0,0,1,0,0]","[8,4,6,7,0,3,2,1,5]",5
971,CBA,"[1,0,1,1,1,1,1,0,0]","[7,6,5,3,4,1,0,2,8]",1
972,BAC,"[1,1,0,0,0,1,1,1,0]","[7,3,1,8,4,2,6,5,0]",0
973,BCA,"[0,1,0,1,1,0,1,0,1]","[2,0,5,7,6,4,1,8,3]",6
974,ABC,"[1,1,0,0,0,1,1,0,1]","[1,0,7,3,4,2,6,5,8]",0
975,ACB,"[1,0,1,1,1,0,1,0,0]","[8,7,5,6,2,0,4,1,3]",3
976,CAB,"[1,1,1,0,1,0,0,1,1]","[7,0,1,4,6,2,5,8,3]",1
977,CBA,"[0,0,0,1,1,1,0,0,1]","[0,8,7,5,6,3,4,2,1]",7
978,ACB,"[1,1,0,1,0,1,0,1,0]","[8,3,0,1,2,7,5,4,6]",0
979,CAB,"[1,1,0,0,0,0,0,0,0]","[5,0,8,7,3,2,4,6,1]",1
980,BCA,"[1,0,1,0,1,1,0,1,1]","[2,0,5,1,4,6,7,8,3]",6
981,ABC,"[1,0,0,1,1,0,1,0,0]","[7,6,0,1,8,3,4,5,2]",2
982,CBA,"[0,0,1,0,0,1,1,1,1]","[1,6,0,2,7,4,3,5,8]",5
983,BAC,"[1,1,1,1,1,1,0,0,0]","[1,7,2,6,8,4,3,5,0]",2
984,BCA,"[1,1,1,0,1,0,0,0,1]","[2,5,0,1,4,3,8,7,6]",3
985,BAC,"[1,0,0,0,1,0,0,0,1]","[1,0,8,3,4,5,2,6,7]",6
986,ACB,"[0,1,0,1,1,1,1,1,1]","[3,2,6,4,8,1,5,7,0]",2
987,ABC,"[0,1,0,0,1,1,0,0,0]","[4,2,3,7,1,5,8,0,6]",0
988,CAB,"[0,0,1,0,0,1,1,0,1]","[4,1,5,3,2,8,7,0,6]",7
989,CBA,"[1,0,1,0,1,0,0,0,0]","[2,0,8,6,5,1,4,3,7]",8
990,BAC,"[1,1,1,1,0,0,1,0,0]","[8,5,2,3,4,7,6,1,0]",6
991,CBA,"[1,0,0,0,0,1,1,1,0]","[3,5,6,2,1,0,4,8,7]",3
992,ABC,"[1,1,1,0,1,0,1,1,0]","[2,4,0,5,3,8,6,7,1]",0
993,CAB,"[1,1,1,1,0,0,0,0,0]","[6,5,4,1,2,8,3,0,7]",6
994,ACB,"[0,1,1,0,1,0,0,1,0]","[2,1,7,0,3,5,4,8,6]",4
995,BCA,"[1,0,0,1,1,0,1,1,0]","[6,7,2,5,8,3,0,1,4]",5
996,ACB,"[1,1,0,0,1,0,0,1,0]","[6,1,5,3,2,8,7,4,0]",8
997,BCA,"[1,1,1,1,0,1,0,0,1]","[5,3,0,4,2,8,1,7,6]",4
998,BAC,"[0,0,0,0,1,1,0,0,1]","[0,7,6,5,1,3,2,4,8]",6
999,CBA,"[1,1,0,1,0,1,0,0,1]","[6,7,8,5,4,2,3,1,0]",6
1000,CAB,"[1,1,1,0,1,1,1,0,1]","[5,1,6,8,2,3,4,0,7]",5
1001,ABC,"[0,0,0,1,1,0,0,0,1]","[1,6,8,4,7,0,2,3,5]",8
1002,BCA,"[1,0,0,0,0,0,1,0,1]","[8,6,4,0,7,2,3,5,1]",8
1003,ACB,"[0,1,0,1,0,1,1,1,0]","[4,6,7,3,2,5,8,0,1]",6
1004,CBA,"[1,0,1,0,0,0,0,1,0]","[2,4,5,3,0,6,1,7,8]",0
1005,ABC,"[1,0,1,0,1,1,1,1,1]","[5,4,0,7,3,1,6,2,8]",8
1006,CAB,"[1,0,1,0,1,0,0,0,0]","[2,6,0,7,4,3,8,1,5]",3
1007,BAC,"[0,0,1,0,1,0,0,0,0]","[5,4,1,2,7,3,6,0,8]",2
1008,ABC,"[1,0,0,0,1,0,1,1,1]","[0,8,4,1,2,7,6,5,3]",2
1009,BCA,"[0,1,0,0,1,1,1,0,0]","[3,2,5,8,4,7,1,6,0]",2
1010,CAB,"[0,1,0,0,1,0,0,1,0]","[0,3,7,2,5,1,4,6,8]",3
1011,BAC,"[0,0,1,1,0,0,0,0,1]","[5,0,2,4,3,8,7,6,1]",6
1012,ACB,"[1,0,1,0,1,0,0,0,1]","[8,7,4,2,6,1,5,3,0]",3
1013,CBA,"[0,1,1,0,0,1,0,0,1]","[3,7,0,4,1,5,2,6,8]",2
1014,ABC,"[0,1,0,0,0,1,0,0,0]","[3,1,7,0,5,6,2,8,4]",3
1015,ACB,"[1,0,0,1,1,0,0,0,1]","[2,1,5,0,3,6,8,7,4]",8
1016,BCA,"[1,1,0,0,1,0,0,1,0]","[1,5,0,3,4,8,7,2,6]",0
1017,BAC,"[1,1,1,0,1,0,0,1,0]","[8,6,4,7,5,0,2,3,1]",0
1018,CBA,"[1,0,0,1,1,1,1,0,0]","[2,7,8,6,4,5,1,3,0]",6
1019,CAB,"[0,0,1,1,0,0,1,0,0]","[5,3,7,4,1,0,8,6,2]",2
1020,CAB,"[1,1,1,0,1,0,0,1,0]","[3,7,6,8,5,2,1,0,4]",5
1021,ABC,"[0,0,1,0,0,1,1,0,0]","[4,5,3,7,6,0,2,8,1]",7
1022,ACB,"[0,1,0,1,0,0,1,1,0]","[7,4,8,3,5,1,0,2,6]",1
1023,BCA,"[1,0,0,1,1,0,0,0,1]","[5,0,7,2,1,3,8,4,6]",4
1024,CBA,"[0,1,0,0,1,0,0,0,1]","[5,0,7,3,4,6,1,8,2]",5
1025,BAC,"[1,0,0,1,0,0,1,0,0]","[1,7,5,8,6,4,2,3,0]",1
1026,ACB,"[0,0,1,0,1,0,1,1,1]","[5,1,0,3,2,4,6,7,8]",7
1027,CAB,"[1,1,1,1,1,0,1,1,0]","[5,8,7,3,2,6,1,0,4]",3
1028,CBA,"[1,1,0,1,1,1,0,0,1]","[3,6,7,8,2,0,5,4,1]",3
1029,ABC,"[1,1,0,1,1,1,0,1,0]","[3,7,1,6,8,0,4,2,5]",4
1030,BCA,"[1,1,1,0,0,1,0,0,1]","[5,7,1,8,3,4,6,2,0]",5
1031,BAC,"[1,0,1,0,0,1,1,0,0]","[3,6,4,7,8,5,0,1,2]",6
1032,ABC,"[0,1,0,1,1,0,1,1,0]","[3,0,7,5,8,2,1,6,4]",1
1033,BCA,"[1,1,0,0,1,0,0,1,1]","[4,3,6,0,8,1,2,5,7]",5
1034,CBA,"[0,1,0,1,1,1,0,0,0]","[7,8,3,5,0,4,2,6,1]",0
1035,CAB,"[1,0,1,0,0,1,0,0,1]","[4,7,6,8,2,0,3,5,1]",2
1036,BAC,"[1,1,0,0,1,1,1,1,0]","[6,8,2,0,1,5,3,4,7]",6
1037,ACB,"[0,0,0,0,0,0,1,1,1]","[6,0,4,8,2,5,1,3,7]",8
1038,ABC,"[0,1,1,0,1,1,1,1,0]","[0,7,2,6,1,5,8,3,4]",1
1039,CBA,"[1,1,1,0,1,1,0,0,0]","[6,7,8,4,3,2,5,1,0]",7
1040,ACB,"[1,1,0,0,1,0,1,0,0]","[6,7,0,8,2,1,3,5,4]",1
1041,BAC,"[1,1,0,0,1,1,0,0,1]","[2,0,6,5,8,7,4,1,3]",7
1042,BCA,"[0,0,1,1,0,1,1,0,0]","[1,0,4,3,6,7,2,8,5]",3
1043,CAB,"[0,0,1,0,1,1,1,0,1]","[5,8,6,3,7,1,4,0,2]",7
1044,BAC,"[1,1,0,1,1,0,1,1,1]","[1,3,8,0,2,5,4,7,6]",4
1045,CBA,"[0,1,0,1,0,1,0,0,1]","[3,1,2,6,8,0,7,4,5]",3
1046,CAB,"[0,0,0,1,0,1,1,1,1]","[3,8,0,5,6,4,2,7,1]",1
1047,ABC,"[0,1,0,0,0,0,1,1,1]","[8,1,2,7,6,3,5,0,4]",8
1048,ACB,"[1,1,1,1,1,0,1,1,1]","[6,2,1,0,4,7,5,8,3]",1
1049,BCA,"[1,1,1,1,0,0,0,0,1]","[4,0,1,5,6,7,3,2,8]",1
1050,BCA,"[0,1,0,0,1,0,1,1,0]","[1,6,5,2,4,3,0,8,7]",5
1051,ACB,"[0,1,1,1,1,0,1,1,1]","[2,8,3,5,7,0,4,6,1]",5
1052,ABC,"[0,1,1,0,0,0,1,1,1]","[4,8,6,3,2,0,5,7,1]",2
1053,CAB,"[1,0,0,0,0,0,0,1,0]","[2,5,8,4,3,0,7,6,1]",0
1054,CBA,"[1,0,1,0,0,1,1,1,0]","[4,5,1,8,0,3,2,7,6]",1
1055,BAC,"[0,0,0,0,1,1,0,0,0]","[1,2,0,6,7,5,3,8,4]",3
1056,BAC,"[1,0,0,1,1,1,1,0,0]","[3,2,6,4,5,0,8,7,1]",6
1057,ACB,"[0,0,1,1,0,1,0,0,0]","[6,7,4,5,8,1,0,2,3]",4
1058,BCA,"[0,1,0,0,1,0,1,0,0]","[6,3,5,1,7,2,8,0,4]",6
1059,CBA,"[0,0,1,1,1,1,0,0,1]","[7,2,3,5,4,8,1,0,6]",0
1060,CAB,"[0,0,1,0,1,1,0,1,0]","[3,6,7,0,5,4,1,2,8]",7
1061,ABC,"[1,1,1,1,1,1,1,1,1]","[5,1,0,8,6,4,3,2,7]",6
1062,CAB,"[0,1,0,1,1,1,1,0,1]","[8,1,6,7,2,3,5,4,0]",6
1063,ABC,"[1,1,1,1,1,0,1,1,0]","[7,1,2,8,6,4,5,3,0]",2
1064,ACB,"[0,1,1,1,0,1,1,0,0]","[6,7,3,2,1,0,4,5,8]",3
1065,BAC,"[1,0,0,1,1,1,0,0,1]","[5,7,4,3,6,0,8,2,1]",3
1066,BCA,"[1,0,0,0,0,1,1,0,1]","[0,7,5,6,4,8,1,2,3]",7
1067,CBA,"[1,0,0,1,1,0,0,0,0]","[6,1,4,7,3,5,0,2,8]",3
1068,CBA,"[0,1,1,1,1,1,1,0,0]","[1,8,7,5,6,4,3,0,2]",4
1069,CAB,"[0,1,0,0,1,0,1,0,1]","[3,1,8,2,4,7,0,5,6]",8
1070,ACB,"[1,0,0,1,1,1,1,1,0]","[0,1,4,3,2,6,5,8,7]",0
1071,ABC,"[1,1,0,1,1,0,1,0,0]","[0,7,6,3,2,4,8,5,1]",7
1072,BAC,"[0,1,0,0,0,0,1,0,1]","[0,4,1,8,7,6,3,5,2]",0
1073,BCA,"[1,1,1,0,0,0,0,0,0]","[5,6,0,7,8,4,3,1,2]",2
1074,ACB,"[0,0,0,1,0,1,1,0,1]","[7,2,4,0,1,6,5,3,8]",5
1075,BAC,"[1,0,0,0,1,0,0,0,1]","[8,7,6,0,1,2,4,3,5]",5
1076,ABC,"[0,1,0,1,0,0,0,1,1]","[5,1,4,3,7,6,2,0,8]",6
1077,CAB,"[0,1,1,0,0,1,1,1,0]","[1,4,3,5,7,6,8,0,2]",2
1078,BCA,"[0,0,0,1,0,0,1,0,1]","[7,8,0,2,5,3,4,1,6]",2
1079,CBA,"[1,1,1,1,0,1,1,1,0]","[1,5,2,0,6,7,4,3,8]",6
1080,BCA,"[0,1,1,1,0,1,1,1,1]","[1,3,6,5,8,2,4,7,0]",6
1081,CBA,"[1,0,0,1,0,1,0,1,0]","[0,3,2,1,5,6,4,8,7]",2
1082,CAB,"[1,0,0,0,0,1,1,0,1]","[3,2,8,7,1,0,4,6,5]",5
1083,ABC,"[1,0,0,0,1,1,1,0,1]","[5,0,1,6,8,4,7,3,2]",4
1084,BAC,"[1,0,1,1,1,0,0,1,1]","[3,1,2,7,8,4,5,0,6]",4
1085,ACB,"[1,1,1,1,0,1,1,0,1]","[4,3,7,0,8,5,1,6,2]",1
1086,ABC,"[1,1,1,0,1,1,1,1,1]","[6,3,1,7,8,2,4,0,5]",1
1087,BAC,"[0,1,1,1,0,0,1,1,1]","[8,2,7,5,0,1,6,3,4]",1
1088,ACB,"[0,0,0,1,0,1,1,1,1]","[7,6,3,1,2,5,0,4,8]",4
1089,CAB,"[1,0,1,1,0,0,0,1,1]","[6,3,7,1,5,2,4,0,8]",5
1090,CBA,"[0,1,0,1,0,0,0,1,0]","[5,4,8,6,0,2,1,3,7]",5
1091,BCA,"[1,0,0,1,0,0,0,0,1]","[7,4,1,8,6,2,3,5,0]",6
1092,BAC,"[0,0,0,0,1,0,0,1,1]","[8,2,1,3,6,4,7,5,0]",6
1093,CAB,"[0,1,0,1,1,1,1,1,1]","[6,3,0,8,2,7,5,1,4]",2
1094,ABC,"[1,0,0,1,1,1,0,0,0]","[1,8,6,3,5,2,0,4,7]",4
1095,CBA,"[1,1,1,1,1,0,1,1,1]","[2,8,0,7,6,5,3,4,1]",0
1096,ACB,"[0,1,1,0,1,0,0,1,1]","[4,5,1,0,3,6,8,2,7]",4
1097,BCA,"[0,1,0,1,1,1,0,0,0]","[1,5,7,6,4,2,8,3,0]",4
1098,CAB,"[0,0,0,0,1,1,0,1,1]","[1,5,7,8,2,0,4,3,6]",8
1099,CBA,"[0,1,0,1,1,0,0,0,0]","[5,0,6,1,4,7,8,2,3]",7
1100,ABC,"[0,0,0,1,1,1,1,1,0]","[4,0,8,1,7,3,6,5,2]",1
1101,BAC,"[1,1,1,0,1,0,0,0,0]","[4,6,5,3,7,1,0,8,2]",2
1102,BCA,"[0,0,1,1,0,0,0,0,1]","[0,1,4,5,6,3,7,8,2]",0
1103,ACB,"[0,1,0,0,1,1,0,0,0]","[4,1,5,2,8,6,3,0,7]",1
1104,BCA,"[0,1,1,0,0,1,1,1,1]","[7,2,0,1,4,6,3,5,8]",5
1105,CAB,"[0,0,1,0,0,0,1,1,1]","[1,7,4,0,5,8,3,2,6]",1
1106,ACB,"[0,0,1,0,1,1,1,0,1]","[7,1,0,8,5,3,6,2,4]",2
1107,BAC,"[1,1,0,0,1,0,1,1,0]","[0,2,4,3,8,5,7,6,1]",8
1108,CBA,"[0,0,1,0,1,0,0,1,0]","[1,7,4,2,3,8,5,0,6]",7
1109,ABC,"[0,0,1,0,0,0,1,1,1]","[6,4,3,5,8,2,0,7,1]",5
1110,BCA,"[1,1,1,0,1,0,0,0,0]","[5,8,7,0,1,2,6,4,3]",0
1111,ACB,"[1,0,1,1,0,0,0,1,1]","[8,5,0,1,6,2,7,4,3]",8
1112,CBA,"[0,0,0,0,1,0,0,0,1]","[8,6,3,1,0,7,2,4,5]",4
1113,BAC,"[0,0,1,0,0,0,0,0,0]","[2,0,1,4,5,7,6,3,8]",5
1114,ABC,"[1,0,1,0,1,0,1,0,0]","[1,3,8,5,4,2,0,7,6]",6
1115,CAB,"[1,0,1,0,1,1,0,1,1]","[6,8,4,7,1,3,0,2,5]",3
1116,BCA,"[0,0,1,0,1,1,1,1,1]","[6,8,4,7,0,1,2,5,3]",4
1117,ACB,"[1,1,1,1,0,1,1,1,1]","[1,4,5,8,6,3,0,2,7]",6
1118,BAC,"[1,1,1,0,1,0,1,1,1]","[1,3,2,6,4,5,7,8,0]",7
1119,CAB,"[0,1,1,1,0,0,0,0,0]","[0,2,3,8,5,7,6,1,4]",0
1120,CBA,"[1,1,1,1,0,0,1,1,0]","[6,8,3,4,1,5,2,7,0]",6
1121,ABC,"[1,1,0,0,1,0,1,1,0]","[6,1,5,4,8,7,0,3,2]",4
1122,CAB,"[1,0,0,1,0,1,1,0,0]","[4,8,1,2,0,3,5,7,6]",2
1123,ACB,"[1,1,0,0,1,1,0,0,0]","[3,5,4,1,7,6,8,2,0]",7
1124,ABC,"[0,1,0,0,0,0,0,1,1]","[2,4,6,0,7,5,3,1,8]",2
1125,BAC,"[1,0,1,1,1,1,0,1,1]","[6,1,7,3,2,0,4,5,8]",1
1126,CBA,"[1,0,0,1,0,0,1,0,0]","[1,8,7,0,4,3,2,5,6]",1
1127,BCA,"[0,0,0,1,1,1,0,0,0]","[0,1,4,2,6,3,5,8,7]",1
1128,BCA,"[0,1,1,0,1,1,0,1,0]","[3,2,1,6,8,5,4,7,0]",0
1129,CAB,"[0,0,1,0,0,0,0,0,1]","[1,0,3,2,4,8,5,6,7]",7
1130,ABC,"[0,0,0,1,1,1,0,1,0]","[3,8,5,4,1,2,6,0,7]",1
1131,ACB,"[1,0,0,1,0,0,0,0,1]","[4,7,6,0,3,1,5,2,8]",5
1132,BAC,"[1,1,1,0,0,1,1,0,0]","[3,5,4,7,6,1,2,0,8]",7
1133,CBA,"[1,1,0,1,0,1,1,1,1]","[4,1,3,2,7,5,6,0,8]",5
1134,BAC,"[0,1,1,1,1,0,1,1,1]","[7,6,8,5,3,1,0,4,2]",3
1135,BCA,"[0,1,0,0,1,0,0,0,0]","[0,6,5,7,4,1,3,8,2]",5
1136,CBA,"[1,0,1,0,0,1,0,1,0]","[7,1,5,8,3,0,6,4,2]",4
1137,ABC,"[0,0,0,1,0,1,0,1,0]","[7,1,4,0,5,2,3,8,6]",6
1138,CAB,"[1,0,0,0,1,1,1,1,1]","[4,3,1,7,6,5,2,0,8]",0
1139,ACB,"[1,0,1,1,0,1,0,0,1]","[1,5,3,7,6,2,0,8,4]",1
1140,BCA,"[1,0,0,0,1,1,0,1,0]","[8,5,2,4,7,6,1,0,3]",0
1141,CAB,"[0,1,0,0,0,0,1,0,1]","[2,8,7,5,1,6,3,4,0]",3
1142,BAC,"[1,0,1,1,1,0,0,0,0]","[7,1,4,2,0,3,6,8,5]",1
1143,CBA,"[0,1,1,0,0,1,0,1,1]","[5,4,8,3,0,7,1,2,6]",7
1144,ABC,"[1,1,0,1,1,1,0,0,0]","[7,6,4,1,2,3,0,5,8]",5
1145,ACB,"[0,1,1,0,1,0,1,1,1]","[4,1,2,3,7,0,6,5,8]",7
1146,ABC,"[0,0,1,0,1,1,0,1,1]","[3,5,2,8,6,0,1,7,4]",4
1147,BCA,"[1,0,0,0,0,1,1,0,1]","[4,7,1,2,8,0,3,6,5]",1
1148,CAB,"[0,0,0,1,0,1,1,1,1]","[0,3,5,8,1,4,2,7,6]",3
1149,CBA,"[0,1,0,0,1,0,0,0,1]","[5,0,1,3,7,4,6,8,2]",6
1150,BAC,"[1,0,0,1,1,1,0,0,0]","[0,7,6,5,4,1,3,8,2]",3
1151,ACB,"[0,1,0,0,1,1,1,1,1]","[3,0,4,6,5,7,8,2,1]",0
1152,BAC,"[1,1,0,0,0,1,0,0,1]","[1,8,0,3,7,4,2,6,5]",4
1153,ABC,"[0,1,0,0,1,0,1,1,0]","[3,2,1,6,7,4,0,8,5]",7
1154,BCA,"[1,0,0,0,0,0,1,1,1]","[3,0,8,1,7,2,4,5,6]",2
1155,ACB,"[1,1,0,1,1,0,0,1,1]","[4,6,1,2,8,7,3,0,5]",5
1156,CBA,"[0,1,0,0,0,1,1,1,1]","[2,6,0,7,5,1,3,8,4]",7
1157,CAB,"[0,1,0,1,1,0,1,0,1]","[0,1,6,7,5,4,2,3,8]",8
1158,BCA,"[0,1,1,0,1,0,0,0,0]","[4,0,8,5,1,6,2,3,7]",3
1159,CAB,"[0,0,0,1,1,0,1,0,0]","[8,7,3,0,5,4,6,1,2]",8
1160,ACB,"[0,0,1,1,0,1,0,0,0]","[4,7,3,8,0,2,5,1,6]",6
1161,BAC,"[0,0,0,1,0,1,0,1,1]","[7,1,6,5,2,3,0,8,4]",1
1162,CBA,"[0,0,1,0,0,0,0,0,0]","[2,0,8,4,6,5,7,1,3]",6
1163,ABC,"[1,0,0,0,0,0,1,1,1]","[3,7,0,2,5,1,6,8,4]",7
1164,CAB,"[0,1,0,1,1,1,0,0,1]","[7,6,0,4,3,8,2,1,5]",5
1165,ACB,"[1,0,0,0,0,0,0,1,0]","[7,1,8,6,4,0,5,3,2]",1
1166,BCA,"[0,0,0,0,1,0,1,0,0]","[0,1,5,6,3,8,4,2,7]",6
1167,BAC,"[0,0,0,0,0,1,0,0,1]","[4,5,0,8,7,6,3,2,1]",0
1168,CBA,"[0,1,0,1,0,1,1,1,1]","[4,6,1,8,0,3,5,2,7]",8
1169,ABC,"[0,1,0,0,0,0,1,1,1]","[3,4,1,7,8,2,6,0,5]",2
1170,CBA,"[1,0,0,0,0,1,1,0,0]","[2,5,7,3,8,6,1,4,0]",8
1171,ABC,"[1,1,1,1,0,1,0,0,0]","[6,7,1,4,5,2,3,8,0]",6
1172,ACB,"[0,0,1,0,1,1,1,0,0]","[2,4,1,3,0,8,7,5,6]",5
1173,CAB,"[0,1,1,0,0,1,1,0,1]","[7,6,0,2,5,3,4,8,1]",0
1174,BAC,"[0,0,0,1,0,0,0,1,1]","[2,0,3,8,5,1,4,7,6]",5
1175,BCA,"[1,1,0,1,1,0,1,0,0]","[3,7,6,4,8,2,1,0,5]",4
1176,BAC,"[1,0,0,0,0,0,1,1,0]","[0,1,5,8,3,4,6,2,7]",8
1177,CAB,"[0,0,0,1,0,1,1,1,1]","[7,0,5,3,1,4,6,2,8]",8
1178,BCA,"[1,0,1,0,0,0,1,0,0]","[8,4,2,0,7,5,6,3,1]",4
1179,CBA,"[0,1,0,1,1,0,1,1,1]","[8,3,0,7,2,6,1,5,4]",3
1180,ABC,"[1,0,1,0,1,0,1,0,1]","[8,0,6,4,1,3,5,7,2]",2
1181,ACB,"[1,1,1,1,0,0,0,0,0]","[7,8,2,5,6,1,0,3,4]",7
1182,ACB,"[1,1,1,0,1,1,0,1,1]","[8,4,5,2,7,3,6,1,0]",5
1183,CBA,"[0,0,1,0,0,1,1,0,1]","[8,1,6,2,5,3,7,4,0]",3
1184,ABC,"[0,1,0,0,1,0,0,0,0]","[0,2,6,5,4,3,1,8,7]",2
1185,CAB,"[1,0,1,0,0,1,0,0,1]","[1,7,3,0,8,5,6,2,4]",5
1186,BAC,"[0,0,1,1,1,1,1,0,0]","[5,6,4,7,0,3,1,8,2]",3
1187,BCA,"[1,0,1,1,0,1,1,0,1]","[6,3,0,2,4,1,8,5,7]",3
1188,CAB,"[0,0,1,0,1,0,1,1,1]","[7,2,4,5,0,8,6,3,1]",3
1189,CBA,"[0,0,0,0,0,1,0,1,0]","[6,7,8,5,4,2,0,3,1]",4
1190,BCA,"[0,0,1,0,1,0,0,1,0]","[1,7,4,8,0,5,6,3,2]",1
1191,BAC,"[1,0,1,0,1,0,0,1,0]","[2,8,1,4,5,6,0,3,7]",0
1192,ABC,"[1,1,1,1,0,0,1,0,0]","[7,6,0,5,2,8,3,4,1]",5
1193,ACB,"[1,1,1,1,1,0,0,0,1]","[8,7,4,1,2,3,5,6,0]",4
1194,CBA,"[1,0,0,1,0,0,1,1,0]","[7,5,0,8,2,6,4,3,1]",3
1195,BCA,"[1,0,1,1,1,0,0,0,1]","[1,0,4,7,5,6,2,8,3]",1
1196,ACB,"[1,1,0,0,1,1,0,1,0]","[8,6,2,5,7,1,3,4,0]",5
1197,CAB,"[1,0,0,1,0,0,1,0,0]","[5,1,0,7,4,6,8,2,3]",4
1198,ABC,"[1,0,0,0,1,1,1,0,1]","[7,3,0,6,2,4,8,1,5]",0
1199,BAC,"[1,1,0,1,0,0,0,1,1]","[2,6,0,7,5,3,8,1,4]",1
1200,CAB,"[1,1,0,0,1,0,0,0,1]","[7,3,8,4,0,2,1,6,5]",3
1201,ABC,"[0,1,1,1,1,0,1,0,0]","[8,6,4,5,7,3,2,0,1]",6
1202,BCA,"[0,1,0,1,1,1,1,1,0]","[4,7,0,5,3,2,8,6,1]",1
1203,ACB,"[0,1,0,0,0,1,1,0,1]","[7,1,6,5,2,4,0,3,8]",0
1204,BAC,"[0,1,1,1,1,1,0,0,1]","[0,6,2,7,8,3,5,4,1]",7
1205,CBA,"[0,0,0,0,0,1,1,1,1]","[7,4,5,8,2,0,6,3,1]",1
1206,ABC,"[0,1,1,1,0,0,1,0,0]","[1,8,6,7,2,4,0,5,3]",8
1207,BAC,"[1,0,1,0,1,0,0,1,0]","[7,3,8,1,4,0,5,6,2]",7
1208,ACB,"[0,0,0,1,0,0,0,0,1]","[1,5,0,6,8,2,3,7,4]",4
1209,BCA,"[0,0,1,1,1,1,0,1,1]","[5,7,2,0,4,1,3,6,8]",7
1210,CBA,"[1,0,0,1,1,0,1,0,0]","[8,7,1,4,5,6,3,0,2]",6
1211,CAB,"[0,0,1,1,1,0,1,0,0]","[5,1,4,8,6,0,3,2,7]",2
1212,ABC,"[1,0,1,1,1,0,0,1,0]","[3,8,1,2,6,7,0,5,4]",3
1213,ACB,"[0,0,0,0,1,0,0,1,1]","[3,5,4,0,6,7,1,2,8]",7
1214,BCA,"[1,0,1,0,1,0,0,1,1]","[1,3,0,8,5,4,6,2,7]",4
1215,CBA,"[0,1,1,0,1,0,1,1,0]","[3,1,2,8,5,0,7,6,4]",7
1216,BAC,"[0,0,1,0,0,0,1,0,0]","[4,0,2,6,8,7,3,1,5]",6
1217,CAB,"[0,1,1,1,1,1,1,1,0]","[5,2,0,4,6,1,3,7,8]",3
1218,CBA,"[0,0,0,1,0,1,1,1,0]","[6,8,4,5,1,7,3,0,2]",5
1219,BAC,"[0,0,1,1,0,1,0,1,1]","[5,8,0,4,2,6,1,7,3]",8
1220,ABC,"[1,1,0,1,1,1,0,1,0]","[5,1,4,7,6,2,8,3,0]",6
1221,BCA,"[0,1,1,0,0,1,0,1,1]","[7,5,6,2,4,3,8,0,1]",3
1222,CAB,"[0,1,0,0,0,0,0,1,1]","[4,6,0,8,5,3,1,7,2]",5
1223,ACB,"[1,0,1,1,0,1,1,0,1]","[2,7,0,8,1,6,5,3,4]",4
1224,CBA,"[0,1,0,1,0,1,1,0,1]","[1,2,4,3,5,8,6,0,7]",8
1225,CAB,"[1,1,0,0,1,1,1,0,0]","[2,3,8,5,6,0,7,4,1]",2
1226,ABC,"[0,0,0,0,0,1,0,0,0]","[8,3,2,5,7,4,0,6,1]",0
1227,BAC,"[0,0,0,1,1,0,0,1,0]","[8,0,2,1,5,4,7,3,6]",8
1228,BCA,"[0,1,0,0,1,1,0,1,0]","[8,2,5,3,0,6,7,4,1]",8
1229,ACB,"[0,0,0,0,1,0,1,0,0]","[4,0,8,3,7,2,1,6,5]",1
1230,ACB,"[0,0,1,0,1,0,0,0,0]","[5,0,6,2,7,3,8,1,4]",6
1231,BAC,"[0,1,0,1,0,1,0,0,1]","[4,7,3,0,5,8,6,2,1]",0
1232,ABC,"[0,1,1,0,1,1,0,1,1]","[5,1,6,8,0,7,3,4,2]",6
1233,CBA,"[1,1,1,0,1,0,0,1,1]","[5,6,0,1,8,7,3,2,4]",4
1234,BCA,"[1,1,1,1,1,1,1,0,1]","[5,0,6,8,4,1,7,2,3]",6
1235,CAB,"[0,0,1,0,0,1,0,0,1]","[6,1,0,8,4,3,5,2,7]",1
1236,BAC,"[0,1,1,1,0,1,1,1,1]","[0,7,8,1,2,4,5,3,6]",7
1237,BCA,"[0,0,0,1,1,1,1,0,1]","[6,7,3,2,4,1,0,8,5]",4
1238,CAB,"[1,0,0,0,1,1,0,0,1]","[5,3,2,1,6,7,4,0,8]",6
1239,CBA,"[1,0,0,0,0,0,1,1,0]","[1,8,6,3,7,5,2,4,0]",5
1240,ACB,"[1,1,1,1,0,1,1,1,1]","[1,0,2,6,4,8,7,5,3]",6
1241,ABC,"[1,0,0,0,1,1,1,0,0]","[0,3,8,1,7,4,2,5,6]",2
1242,BCA,"[1,0,0,1,0,1,1,0,0]","[6,3,8,0,7,1,2,4,5]",2
1243,ABC,"[1,0,1,1,1,1,0,1,0]","[5,1,3,8,6,7,0,4,2]",6
1244,ACB,"[0,0,1,0,0,0,1,0,0]","[0,3,2,7,4,5,6,8,1]",8
1245,CAB,"[1,0,1,0,1,0,1,1,0]","[7,3,1,4,8,6,2,0,5]",4
1246,BAC,"[0,1,0,0,0,1,0,0,1]","[2,3,7,1,6,4,5,0,8]",7
1247,CBA,"[1,0,1,0,0,0,1,1,0]","[5,3,7,2,4,6,8,1,0]",0
1248,ABC,"[1,0,0,1,1,0,1,0,0]","[0,3,5,7,1,6,4,8,2]",0
1249,BCA,"[0,1,0,1,0,0,0,0,0]","[4,3,8,2,0,7,6,5,1]",5
1250,CBA,"[0,0,1,1,1,1,0,0,0]","[1,3,0,2,6,4,5,7,8]",0
1251,BAC,"[1,1,0,0,0,1,0,1,1]","[0,6,2,8,7,4,5,1,3]",5
1252,ACB,"[0,1,0,1,0,0,0,1,1]","[5,8,1,0,2,3,7,6,4]",5
1253,CAB,"[1,0,1,1,1,1,0,1,1]","[1,8,3,6,2,4,0,7,5]",1
1254,CAB,"[1,1,1,1,1,1,0,1,1]","[8,6,1,4,3,7,5,0,2]",0
1255,BCA,"[1,0,0,0,1,0,1,1,0]","[0,4,2,1,6,8,7,3,5]",6
1256,ABC,"[0,1,0,1,0,1,1,1,1]","[5,8,7,0,4,6,1,2,3]",2
1257,ACB,"[1,1,0,1,0,1,0,0,0]","[6,8,7,2,0,1,3,5,4]",3
1258,CBA,"[1,1,0,1,1,0,0,1,1]","[6,0,7,5,8,4,1,2,3]",0
1259,BAC,"[1,1,0,1,1,0,0,1,1]","[2,0,6,3,8,7,1,4,5]",7
1260,CBA,"[1,1,1,0,1,0,1,1,1]","[4,6,3,0,7,2,1,8,5]",0
1261,ACB,"[0,1,1,1,0,1,0,0,0]","[5,7,8,0,1,2,4,3,6]",5
1262,CAB,"[1,1,0,1,1,0,1,0,0]","[6,5,7,4,2,0,1,8,3]",1
1263,ABC,"[0,0,1,1,1,1,1,1,0]","[6,0,1,7,2,4,5,3,8]",6
1264,BCA,"[0,0,0,1,0,1,0,1,1]","[3,2,6,7,0,1,5,4,8]",5
1265,BAC,"[0,0,0,1,1,0,0,0,0]","[7,5,1,3,6,8,0,2,4]",6
1266,BCA,"[1,1,1,0,1,1,1,0,0]","[2,6,0,4,5,1,3,8,7]",5
1267,BAC,"[1,0,0,0,0,0,0,1,1]","[2,5,3,7,0,1,6,8,4]",1
1268,ACB,"[0,1,0,1,0,1,1,1,1]","[5,6,1,4,7,8,0,3,2]",7
1269,ABC,"[0,1,1,0,0,0,1,1,0]","[2,6,3,5,7,0,4,8,1]",8
1270,CAB,"[1,0,0,0,0,1,0,1,1]","[1,5,3,8,6,2,4,0,7]",1
1271,CBA,"[1,0,1,1,1,0,0,0,0]","[8,7,4,5,3,0,1,2,6]",5
1272,ABC,"[1,1,0,1,1,0,1,1,0]","[7,1,6,8,5,3,2,4,0]",5
1273,CAB,"[1,1,0,0,0,0,0,1,1]","[2,3,0,5,4,6,7,8,1]",5
1274,CBA,"[1,0,1,0,1,1,1,0,0]","[1,3,4,0,2,7,6,8,5]",2
1275,BAC,"[0,1,1,1,0,0,1,1,1]","[0,4,2,6,8,1,7,5,3]",6
1276,BCA,"[0,1,1,1,0,0,1,0,1]","[3,5,7,8,6,4,2,0,1]",6
1277,ACB,"[0,0,0,1,0,1,1,0,0]","[4,1,3,8,6,5,7,0,2]",5
1278,ABC,"[1,1,1,1,1,0,1,0,1]","[4,1,8,7,0,6,2,5,3]",6
1279,BAC,"[1,1,1,0,0,0,0,1,0]","[5,6,4,8,7,3,2,1,0]",3
1280,CAB,"[0,0,0,1,1,1,1,1,0]","[7,0,4,8,3,5,2,1,6]",2
1281,CBA,"[0,0,0,1,1,1,0,0,0]","[0,7,1,8,3,6,5,4,2]",1
1282,BCA,"[1,0,0,1,0,1,1,1,0]","[5,2,3,7,4,0,8,6,1]",4
1283,ACB,"[1,0,1,1,0,0,0,0,1]","[3,7,2,0,1,5,6,4,8]",7
1284,ABC,"[1,0,0,1,1,1,1,1,1]","[4,2,3,0,5,8,1,6,7]",5
1285,CAB,"[0,1,0,1,0,0,0,1,1]","[4,2,1,3,6,0,5,8,7]",4
1286,BCA,"[0,1,1,0,0,0,0,1,0]","[0,8,7,5,3,6,1,4,2]",0
1287,CBA,"[1,1,0,1,0,0,0,1,1]","[1,4,3,5,0,8,2,7,6]",4
1288,ACB,"[0,1,1,0,0,1,0,1,0]","[0,7,6,1,8,3,5,2,4]",8
1289,BAC,"[1,0,1,1,1,1,0,1,0]","[1,7,6,8,0,2,5,3,4]",5
1290,BCA,"[0,0,0,0,0,1,0,1,0]","[3,0,2,6,8,4,1,5,7]",3
1291,CAB,"[1,0,1,0,1,0,1,0,0]","[1,0,4,6,7,3,8,5,2]",5
1292,CBA,"[0,1,1,1,1,0,0,0,0]","[2,7,4,8,5,0,1,3,6]",8
1293,ACB,"[0,0,0,0,0,1,1,0,0]","[3,4,6,8,1,7,0,2,5]",5
1294,BAC,"[1,1,0,0,1,0,1,1,1]","[4,8,1,2,6,7,5,3,0]",3
1295,ABC,"[1,1,0,1,1,1,0,0,0]","[8,2,5,1,4,0,6,3,7]",3
1296,BCA,"[0,0,0,0,1,0,1,0,1]","[2,5,7,6,0,4,3,1,8]",6
1297,ABC,"[1,0,0,0,0,1,1,1,0]","[8,3,0,1,4,2,5,7,6]",8
1298,CBA,"[0,0,1,0,0,1,0,0,1]","[1,3,5,0,7,4,8,2,6]",2
1299,ACB,"[0,0,0,0,0,1,0,0,0]","[6,3,0,5,2,1,4,8,7]",4
1300,BAC,"[0,0,0,0,0,0,0,1,1]","[0,7,6,2,5,1,8,3,4]",8
1301,CAB,"[0,1,1,0,1,0,1,1,1]","[8,7,3,2,6,4,1,5,0]",3
1302,CAB,"[1,0,0,1,1,0,1,1,0]","[7,6,4,2,3,0,5,1,8]",0
1303,CBA,"[0,0,0,1,1,0,0,1,1]","[4,6,0,8,3,2,7,1,5]",0
1304,ACB,"[1,1,0,0,1,0,0,1,0]","[7,5,1,4,3,8,2,0,6]",5
1305,ABC,"[0,0,0,1,0,0,1,0,1]","[2,8,6,5,1,3,7,4,0]",5
1306,BAC,"[1,1,0,1,1,1,0,0,0]","[0,3,5,4,8,1,2,6,7]",4
1307,BCA,"[1,1,0,0,1,0,1,0,0]","[0,4,5,3,7,2,8,1,6]",0
1308,CAB,"[1,0,0,0,0,0,0,0,0]","[1,7,4,3,8,5,2,6,0]",7
1309,ABC,"[0,0,1,1,0,1,1,1,1]","[2,5,0,3,8,4,7,1,6]",7
1310,CBA,"[1,1,0,0,1,0,1,0,1]","[1,5,2,6,0,7,4,3,8]",1
1311,ACB,"[1,1,0,1,1,0,1,1,0]","[3,2,7,4,6,0,1,8,5]",8
1312,BAC,"[1,0,1,1,0,0,1,0,0]","[4,0,3,6,8,5,2,1,7]",4
1313,BCA,"[1,0,0,0,0,0,1,0,1]","[6,1,2,8,7,4,0,5,3]",1
1314,BCA,"[0,1,0,1,1,0,0,1,0]","[1,3,2,5,0,7,4,8,6]",2
1315,ACB,"[0,0,1,0,0,1,1,0,0]","[3,7,1,5,4,2,0,6,8]",5
1316,CAB,"[0,0,0,1,0,1,0,0,1]","[5,0,3,8,6,2,4,7,1]",6
1317,ABC,"[0,0,1,0,0,0,0,1,0]","[3,4,0,5,7,2,8,6,1]",7
1318,CBA,"[1,1,0,0,1,1,1,1,1]","[2,3,6,4,1,5,8,7,0]",0
1319,BAC,"[0,1,0,1,0,0,1,0,1]","[8,5,7,3,1,0,6,2,4]",0
1320,BCA,"[1,0,0,1,1,0,0,0,0]","[4,2,7,6,5,8,1,3,0]",0
1321,BAC,"[0,0,1,0,0,1,1,0,1]","[6,4,7,3,1,5,2,0,8]",8
1322,CBA,"[1,0,0,1,0,1,0,1,0]","[5,4,1,6,7,3,8,0,2]",6
1323,ACB,"[1,0,1,0,1,0,1,1,0]","[8,2,3,1,5,4,7,6,0]",1
1324,ABC,"[1,0,0,1,1,1,1,0,1]","[1,6,3,8,7,4,2,5,0]",5
1325,CAB,"[1,0,1,1,1,1,0,0,0]","[3,0,4,5,1,8,6,2,7]",6
1326,ABC,"[0,0,1,1,1,1,0,1,0]","[7,5,0,8,3,2,4,6,1]",3
1327,BCA,"[1,1,1,1,0,0,0,0,1]","[4,0,7,5,6,1,8,3,2]",2
1328,ACB,"[0,0,1,1,1,1,1,0,1]","[6,3,0,4,7,2,1,5,8]",8
1329,CAB,"[0,1,0,0,1,0,0,1,1]","[8,0,2,5,4,7,3,1,6]",0
1330,CBA,"[1,1,1,0,1,0,0,1,1]","[4,0,3,2,7,1,5,6,8]",0
1331,BAC,"[0,0,1,1,1,1,1,1,1]","[4,3,5,1,0,7,6,8,2]",0
1332,ABC,"[0,0,0,1,1,0,0,1,0]","[4,8,5,3,7,2,0,1,6]",2
1333,CAB,"[0,0,0,0,0,0,1,1,0]","[4,3,1,0,2,6,7,5,8]",0
1334,BCA,"[0,1,1,0,1,1,0,1,0]","[8,1,3,7,6,4,0,2,5]",0
1335,CBA,"[0,0,1,1,0,1,1,1,1]","[4,5,6,2,8,7,3,1,0]",3
1336,BAC,"[1,1,1,0,0,1,0,0,0]","[0,8,3,2,1,4,6,5,7]",2
1337,ACB,"[0,0,0,0,1,0,1,1,0]","[6,7,8,4,2,5,0,3,1]",2
1338,ABC,"[0,0,1,0,1,1,1,0,1]","[7,5,6,3,2,0,4,8,1]",6
1339,ACB,"[1,0,1,0,1,1,1,1,1]","[5,6,1,8,7,4,2,0,3]",4
1340,CAB,"[0,1,1,0,0,1,0,1,1]","[6,2,1,4,7,8,3,0,5]",1
1341,CBA,"[0,0,0,0,1,1,0,0,1]","[3,4,6,1,7,0,8,5,2]",3
1342,BCA,"[0,0,1,1,1,1,0,1,0]","[8,5,4,6,1,7,0,3,2]",6
1343,BAC,"[0,1,1,1,0,1,0,1,1]","[8,4,5,1,6,0,3,2,7]",3
1344,CBA,"[1,1,0,0,0,1,1,0,1]","[5,0,1,8,4,3,6,7,2]",3
1345,ACB,"[0,0,1,0,1,0,1,0,1]","[7,6,3,0,4,1,2,8,5]",2
1346,BAC,"[1,0,1,1,0,1,1,1,0]","[0,5,3,7,6,1,8,4,2]",2
1347,CAB,"[1,1,0,0,1,0,1,0,0]","[7,0,8,3,5,2,4,6,1]",2
1348,BCA,"[1,0,1,0,0,1,0,0,1]","[3,6,7,0,8,5,2,4,1]",7
1349,ABC,"[0,1,1,0,1,1,0,1,0]","[3,2,7,5,0,1,8,6,4]",7
1350,BAC,"[0,1,1,0,1,1,1,1,1]","[0,2,4,5,7,6,3,1,8]",5
1351,CBA,"[1,0,0,0,1,0,1,0,1]","[7,4,6,1,3,5,8,2,0]",0
1352,BCA,"[0,0,1,1,0,0,1,1,0]","[2,7,4,5,6,3,0,1,8]",2
1353,ACB,"[1,0,1,0,0,0,0,1,0]","[8,0,7,1,2,3,5,4,6]",5
1354,ABC,"[1,0,1,1,0,0,1,0,0]","[2,8,5,1,3,7,6,4,0]",2
1355,CAB,"[0,0,1,1,1,0,1,0,1]","[7,3,0,1,4,2,6,8,5]",5
1356,ABC,"[1,1,1,1,1,0,1,1,0]","[0,1,4,6,7,3,5,2,8]",7
1357,CAB,"[1,0,0,1,1,0,1,1,1]","[0,2,5,1,4,3,8,7,6]",0
1358,BAC,"[1,1,0,1,0,0,1,0,1]","[0,5,3,4,8,1,2,7,6]",6
1359,CBA,"[1,0,1,0,0,1,0,1,0]","[2,0,4,3,6,1,5,7,8]",4
1360,BCA,"[1,0,0,0,1,1,0,0,1]","[1,4,2,5,0,6,8,3,7]",6
1361,ACB,"[0,1,0,1,0,1,1,0,1]","[1,3,8,4,2,5,7,6,0]",0
1362,CAB,"[0,1,0,0,1,1,0,0,1]","[7,3,2,1,0,5,6,8,4]",3
1363,CBA,"[1,0,1,0,1,0,1,1,0]","[3,8,5,0,4,1,6,2,7]",5
1364,ACB,"[0,1,0,1,1,0,0,1,1]","[3,7,1,0,2,6,8,5,4]",7
1365,BAC,"[0,0,1,0,0,1,1,0,1]","[6,8,4,5,1,2,3,7,0]",0
1366,ABC,"[0,0,0,0,1,0,1,1,1]","[5,0,6,8,1,2,3,4,7]",4
1367,BCA,"[1,1,0,0,1,0,1,1,0]","[1,6,2,8,7,4,5,3,0]",0
1368,BAC,"[0,1,1,1,1,1,1,0,1]","[4,0,5,8,1,3,7,6,2]",8
1369,CBA,"[1,1,0,1,1,1,0,1,1]","[3,1,8,4,2,0,5,7,6]",8
1370,ACB,"[1,0,1,0,1,0,0,1,1]","[3,1,5,8,4,7,2,0,6]",0
1371,CAB,"[0,1,0,1,1,0,0,0,0]","[2,4,1,6,3,8,5,7,0]",0
1372,BCA,"[0,0,1,0,1,1,0,1,1]","[8,0,4,6,2,7,3,1,5]",4
1373,ABC,"[0,0,1,1,1,0,0,1,0]","[1,6,7,8,0,2,5,3,4]",2
1374,CBA,"[0,0,1,0,1,0,1,1,0]","[2,4,5,0,6,3,1,8,7]",6
1375,ACB,"[0,1,0,0,1,1,1,1,1]","[1,8,4,6,5,0,3,7,2]",2
1376,BCA,"[0,1,1,1,0,1,0,1,1]","[8,6,2,7,3,0,4,5,1]",6
1377,CAB,"[1,0,1,1,0,1,0,0,0]","[1,3,5,4,7,0,6,2,8]",4
1378,BAC,"[0,0,1,1,0,1,0,1,1]","[2,4,6,3,0,7,8,1,5]",8
1379,ABC,"[1,1,1,1,0,1,0,0,1]","[7,3,8,4,6,1,0,5,2]",7
1380,CBA,"[1,0,0,0,0,0,0,0,1]","[8,5,6,3,0,4,2,7,1]",8
1381,ABC,"[1,0,0,0,0,1,0,0,0]","[5,7,6,0,3,4,2,1,8]",2
1382,BCA,"[1,1,0,1,1,0,1,1,1]","[3,1,6,0,4,7,5,2,8]",2
1383,BAC,"[1,0,1,0,1,1,0,1,1]","[3,8,1,0,5,6,4,7,2]",0
1384,ACB,"[1,1,0,1,1,0,0,1,0]","[3,4,7,6,5,1,2,0,8]",2
1385,CAB,"[0,1,0,1,0,0,1,0,0]","[1,5,2,6,7,8,0,4,3]",5
1386,ABC,"[1,1,0,0,1,0,0,0,1]","[0,6,2,4,7,3,1,5,8]",2
1387,CAB,"[1,1,0,0,0,0,0,1,0]","[0,1,7,2,8,3,4,6,5]",3
1388,BAC,"[1,0,1,1,1,1,0,0,0]","[7,8,0,6,1,4,5,2,3]",2
1389,CBA,"[1,1,1,0,1,1,0,0,0]","[6,3,5,0,4,1,8,2,7]",6
1390,ACB,"[0,1,0,1,1,1,1,1,1]","[3,1,2,0,5,4,7,6,8]",0
1391,BCA,"[0,0,1,1,1,1,1,0,0]","[2,7,1,8,0,3,4,5,6]",1
1392,ABC,"[0,0,0,1,0,0,0,0,0]","[0,4,5,7,3,1,8,6,2]",7
1393,ACB,"[0,1,1,1,1,1,1,1,0]","[4,2,1,5,6,3,7,0,8]",0
1394,BAC,"[1,0,0,0,0,1,1,1,1]","[3,6,8,2,5,0,7,4,1]",4
1395,BCA,"[1,0,0,1,1,1,0,0,0]","[7,0,3,5,6,8,1,4,2]",0
1396,CAB,"[1,1,0,0,1,1,1,0,0]","[7,6,3,4,2,1,0,8,5]",5
1397,CBA,"[1,1,0,1,1,1,0,0,0]","[6,0,3,7,2,1,8,4,5]",8
1398,CBA,"[1,1,0,0,1,0,0,0,0]","[0,7,3,2,8,5,6,1,4]",0
1399,CAB,"[1,1,0,0,0,0,1,0,1]","[0,8,7,1,3,4,2,5,6]",5
1400,BCA,"[1,0,1,1,1,0,1,1,0]","[6,1,5,7,0,2,8,3,4]",6
1401,BAC,"[0,0,1,0,1,1,1,1,1]","[6,1,4,5,2,7,3,0,8]",8
1402,ACB,"[0,1,0,1,1,0,1,1,0]","[3,1,0,7,8,5,6,2,4]",8
1403,ABC,"[1,1,0,1,1,1,1,1,0]","[0,8,7,5,4,6,3,2,1]",2
1404,BAC,"[1,1,1,1,0,1,0,1,1]","[2,7,8,0,6,1,5,4,3]",4
1405,ACB,"[0,0,0,1,1,0,0,0,0]","[0,6,7,3,8,5,1,2,4]",7
1406,CAB,"[1,0,1,1,1,0,1,0,1]","[5,7,6,0,8,2,1,3,4]",5
1407,BCA,"[0,0,0,1,1,1,0,0,0]","[1,4,0,6,2,8,3,7,5]",1
1408,CBA,"[0,0,0,0,1,0,1,0,1]","[7,0,6,8,3,2,5,4,1]",3
1409,ABC,"[0,1,0,0,0,1,0,0,1]","[4,3,0,5,1,8,6,2,7]",1
1410,CBA,"[0,0,1,1,0,1,1,0,0]","[4,0,2,6,5,3,1,7,8]",2
1411,CAB,"[1,1,0,1,0,1,0,1,1]","[3,1,5,8,4,7,2,6,0]",6
1412,BCA,"[0,1,0,1,0,0,0,1,1]","[2,6,7,0,8,3,1,5,4]",2
1413,BAC,"[0,0,1,0,0,1,0,0,0]","[8,3,0,2,1,6,5,4,7]",5
1414,ABC,"[1,1,0,0,1,1,0,0,1]","[1,6,4,8,2,3,7,5,0]",1
1415,ACB,"[0,1,1,0,1,0,0,1,0]","[8,3,4,2,0,6,1,7,5]",8
1416,BAC,"[0,1,1,1,0,1,1,1,1]","[4,1,8,2,0,6,3,7,5]",2
1417,ACB,"[0,0,1,0,1,0,1,1,1]","[5,0,3,7,2,6,1,4,8]",3
1418,ABC,"[0,0,1,0,0,1,1,1,0]","[3,8,6,5,1,2,4,7,0]",6
1419,CBA,"[0,1,0,0,0,0,1,0,0]","[5,2,6,1,7,4,0,3,8]",0
1420,CAB,"[0,1,1,1,1,0,1,0,1]","[3,8,1,2,6,7,4,0,5]",2
1421,BCA,"[1,1,0,1,1,1,1,1,0]","[2,7,3,0,4,5,1,8,6]",2
1422,BCA,"[0,1,0,1,1,1,1,0,0]","[3,0,8,4,1,6,5,2,7]",7
1423,ABC,"[0,1,1,0,0,0,1,0,0]","[0,8,7,2,5,6,1,3,4]",7
1424,CBA,"[0,0,0,1,0,0,1,0,0]","[1,5,4,7,6,0,8,3,2]",6
1425,ACB,"[1,0,1,0,0,0,0,0,1]","[1,2,5,6,3,7,8,4,0]",8
1426,CAB,"[0,0,0,0,1,0,1,1,1]","[7,3,5,0,4,6,2,1,8]",5
1427,BAC,"[1,1,0,1,1,0,0,0,1]","[8,1,3,0,2,4,6,7,5]",1
1428,BAC,"[0,0,1,1,1,0,1,0,0]","[5,2,0,4,3,6,7,1,8]",4
1429,CAB,"[0,1,0,0,0,0,1,1,0]","[2,5,8,6,0,1,4,3,7]",8
1430,CBA,"[0,0,1,0,0,0,0,0,0]","[3,7,4,5,2,0,8,6,1]",1
1431,ACB,"[1,1,1,1,0,0,1,0,0]","[3,7,5,1,4,0,8,2,6]",6
1432,ABC,"[1,0,0,1,0,1,0,1,1]","[0,5,6,8,7,3,1,4,2]",6
1433,BCA,"[1,0,0,1,1,1,1,0,0]","[3,4,5,1,7,2,8,6,0]",5
1434,CBA,"[0,0,0,1,0,1,1,1,1]","[6,1,5,4,0,3,2,8,7]",6
1435,BCA,"[0,1,1,0,1,1,0,0,1]","[7,4,3,1,5,0,6,8,2]",0
1436,CAB,"[0,0,1,1,1,0,1,0,0]","[3,2,7,6,8,0,4,1,5]",7
1437,BAC,"[0,0,1,0,1,1,0,0,0]","[6,4,3,5,0,1,7,8,2]",8
1438,ACB,"[0,0,1,1,0,0,1,1,0]","[6,2,0,1,3,7,5,8,4]",6
1439,ABC,"[1,1,1,0,0,1,1,0,1]","[6,4,3,1,0,5,2,8,7]",3
1440,CBA,"[1,0,1,0,1,0,1,0,0]","[5,1,2,4,7,3,0,8,6]",5
1441,BAC,"[0,1,0,1,0,0,1,0,0]","[7,3,6,1,4,2,0,8,5]",7
1442,CAB,"[0,1,1,1,1,0,1,1,0]","[4,3,1,5,0,2,8,7,6]",5
1443,BCA,"[1,0,1,1,0,1,0,1,0]","[8,3,4,1,0,6,7,5,2]",8
1444,ACB,"[0,0,0,1,1,1,1,0,0]","[5,0,3,7,6,1,4,2,8]",6
1445,ABC,"[1,1,0,0,1,0,1,0,0]","[1,0,6,8,7,4,2,5,3]",6
1446,ABC,"[1,0,1,0,0,0,0,0,1]","[6,2,8,1,7,3,4,0,5]",8
1447,CAB,"[1,1,0,1,1,0,1,0,1]","[3,2,6,0,8,7,1,4,5]",4
1448,BCA,"[1,0,1,0,1,1,1,1,0]","[8,1,3,2,0,5,4,7,6]",2
1449,BAC,"[0,1,1,1,1,0,1,0,0]","[6,8,0,2,7,4,1,5,3]",1
1450,CBA,"[1,0,0,1,0,0,1,1,0]","[7,4,6,8,5,2,0,3,1]",5
1451,ACB,"[1,1,1,0,1,1,0,0,0]","[1,7,3,6,2,5,8,4,0]",2
1452,ACB,"[0,1,1,0,0,1,1,1,1]","[1,2,0,5,6,3,4,7,8]",7
1453,CBA,"[0,0,0,1,1,0,1,1,0]","[4,3,7,1,5,8,6,0,2]",2
1454,CAB,"[1,1,1,1,0,0,1,0,0]","[0,6,3,2,1,7,5,4,8]",3
1455,BCA,"[0,1,0,1,0,1,1,0,1]","[5,6,1,4,8,0,2,7,3]",0
1456,ABC,"[0,1,1,1,0,0,1,0,0]","[8,5,1,6,0,4,2,3,7]",1
1457,BAC,"[0,1,0,1,0,0,0,0,0]","[1,6,0,3,8,7,5,2,4]",7
1458,CBA,"[0,0,0,1,0,1,0,0,0]","[6,5,0,2,4,7,8,1,3]",3
1459,BAC,"[0,0,1,1,1,1,0,1,0]","[2,3,7,4,0,1,6,8,5]",2
1460,BCA,"[0,0,1,0,1,1,1,1,0]","[1,6,0,8,3,2,7,4,5]",4
1461,ACB,"[1,0,0,0,0,1,1,1,0]","[0,2,6,5,4,7,8,3,1]",2
1462,ABC,"[0,0,1,1,0,0,0,0,0]","[4,5,8,6,2,1,0,3,7]",6
1463,CAB,"[1,0,1,1,0,1,0,1,0]","[7,8,4,1,5,0,6,3,2]",4
1464,BCA,"[0,1,0,0,0,1,1,0,1]","[3,8,7,6,0,2,1,5,4]",7
1465,BAC,"[0,1,0,0,1,1,1,1,0]","[3,4,2,7,6,0,5,1,8]",0
1466,ACB,"[1,1,0,0,1,0,1,0,0]","[5,2,6,0,7,1,3,8,4]",2
1467,ABC,"[0,0,1,0,0,1,1,1,1]","[0,1,8,5,6,3,4,7,2]",2
1468,CBA,"[0,0,0,0,0,0,1,1,1]","[2,0,1,6,7,4,8,3,5]",0
1469,CAB,"[1,1,1,1,1,1,1,1,0]","[1,7,8,6,5,4,0,2,3]",7
1470,ACB,"[0,0,1,1,1,0,1,1,0]","[4,8,1,6,2,0,3,7,5]",3
1471,CBA,"[1,0,1,0,0,1,1,1,1]","[3,6,0,5,1,2,7,8,4]",5
1472,ABC,"[1,0,0,1,0,1,0,1,1]","[6,8,1,3,5,7,0,2,4]",8
1473,CAB,"[0,0,0,1,1,1,0,0,1]","[2,6,3,7,1,0,8,5,4]",7
1474,BCA,"[1,1,1,1,1,0,1,0,1]","[1,6,4,3,2,0,5,7,8]",4
1475,BAC,"[1,1,0,1,1,1,0,1,1]","[8,7,3,4,5,6,0,2,1]",0
1476,CAB,"[0,1,0,1,0,1,0,1,1]","[6,3,1,8,5,7,4,0,2]",8
1477,BAC,"[0,1,0,1,0,0,0,0,0]","[8,0,1,2,7,5,3,6,4]",4
1478,CBA,"[1,1,0,1,1,1,0,0,1]","[0,8,3,1,6,5,2,4,7]",1
1479,BCA,"[1,0,0,1,0,0,1,1,1]","[2,6,5,4,1,3,0,7,8]",1
1480,ABC,"[0,1,0,1,1,0,1,0,1]","[2,4,5,1,0,6,7,8,3]",5
1481,ACB,"[0,0,1,0,0,0,1,1,0]","[7,0,3,1,6,2,8,4,5]",5
1482,CAB,"[0,0,1,0,0,1,1,0,0]","[2,4,0,1,5,7,6,8,3]",8
1483,ACB,"[1,0,0,0,1,1,1,1,1]","[2,4,0,8,6,7,1,3,5]",7
1484,ABC,"[1,1,0,1,1,0,0,1,1]","[0,6,3,7,2,1,5,8,4]",6
1485,BCA,"[1,1,1,1,1,1,0,0,1]","[3,7,6,4,8,2,1,5,0]",2
1486,CBA,"[1,1,0,0,0,1,1,1,1]","[3,1,5,2,4,6,7,8,0]",6
1487,BAC,"[0,0,1,1,1,1,1,0,1]","[3,0,8,4,6,5,7,1,2]",3
1488,BCA,"[0,0,0,0,0,1,0,1,0]","[4,0,5,7,6,3,8,1,2]",1
1489,ACB,"[1,1,1,0,0,0,0,0,0]","[2,8,3,4,6,5,7,0,1]",4
1490,CAB,"[0,0,0,1,1,1,0,0,0]","[4,7,6,5,8,0,2,1,3]",6
1491,CBA,"[1,0,0,1,1,1,1,0,1]","[0,1,5,7,4,8,3,2,6]",8
1492,BAC,"[1,0,0,1,0,0,1,0,0]","[3,7,2,4,5,0,1,8,6]",0
1493,ABC,"[0,0,1,0,0,1,0,0,1]","[7,5,3,0,2,8,1,4,6]",1
1494,CBA,"[1,1,1,0,0,1,0,1,0]","[7,3,0,8,4,6,2,1,5]",0
1495,BCA,"[0,1,1,0,1,1,1,1,0]","[0,2,8,6,5,7,3,1,4]",2
1496,ACB,"[0,0,0,0,0,1,0,1,0]","[6,3,4,5,8,7,1,0,2]",4
1497,ABC,"[1,0,0,1,0,0,1,0,0]","[8,0,3,1,6,5,2,7,4]",6
1498,CAB,"[0,0,1,0,1,1,1,1,1]","[3,6,5,4,1,8,2,7,0]",0
1499,BAC,"[0,1,1,0,0,0,1,0,1]","[4,5,7,1,0,3,2,6,8]",2
1500,BCA,"[0,1,1,1,0,0,1,0,0]","[5,3,1,2,8,0,6,4,7]",6
1501,ABC,"[1,0,0,0,1,0,1,1,0]","[6,3,5,0,4,8,2,1,7]",0
1502,ACB,"[0,0,0,1,0,1,0,0,1]","[3,1,0,4,6,7,5,8,2]",1
1503,BAC,"[1,0,0,1,0,0,0,0,1]","[2,5,4,7,1,6,3,8,0]",2
1504,CAB,"[0,1,1,0,1,0,0,1,1]","[4,2,5,6,1,3,8,7,0]",4
1505,CBA,"[1,0,0,1,1,0,1,1,1]","[2,7,3,0,4,8,5,6,1]",6
1506,CAB,"[1,0,0,0,0,0,0,0,1]","[6,5,3,7,8,0,1,2,4]",0
1507,BAC,"[0,0,1,1,0,0,1,1,1]","[2,4,3,7,8,0,6,5,1]",8
1508,CBA,"[0,0,0,1,1,0,0,1,0]","[7,8,4,3,6,0,2,1,5]",4
1509,ACB,"[0,1,0,1,1,1,1,1,0]","[5,7,0,1,3,8,4,6,2]",8
1510,BCA,"[0,0,1,0,0,1,1,1,1]","[2,5,1,6,7,8,3,4,0]",1
1511,ABC,"[1,0,1,1,1,0,1,0,1]","[5,1,7,8,3,2,0,6,4]",4
1512,CBA,"[1,0,1,1,1,0,1,0,1]","[1,4,7,6,0,3,5,2,8]",2
1513,ACB,"[0,1,0,0,0,0,0,1,0]","[8,3,6,1,0,4,2,5,7]",6
1514,CAB,"[1,0,1,1,1,1,1,0,0]","[5,7,6,4,0,1,2,3,8]",7
1515,ABC,"[1,1,0,1,1,1,1,0,1]","[5,7,4,2,0,6,8,1,3]",4
1516,BAC,"[0,1,0,0,1,1,1,1,0]","[4,3,6,5,0,8,1,2,7]",6
1517,BCA,"[0,1,1,1,1,0,1,1,0]","[6,4,8,3,0,1,5,2,7]",1
1518,ABC,"[0,1,1,1,1,0,0,1,1]","[2,6,4,8,7,1,3,5,0]",3
1519,CBA,"[0,0,0,0,0,0,0,0,0]","[0,3,7,8,6,4,1,5,2]",7
1520,CAB,"[0,0,0,0,0,0,1,0,1]","[7,3,6,4,5,2,8,1,0]",7
1521,BAC,"[1,1,1,1,1,0,0,1,1]","[6,7,0,8,2,4,1,5,3]",1
1522,BCA,"[1,0,0,1,1,0,0,0,1]","[2,0,3,4,6,1,7,8,5]",4
1523,ACB,"[0,1,1,1,1,0,1,0,1]","[2,7,0,4,5,8,1,3,6]",1
1524,ACB,"[0,1,0,1,1,1,1,0,1]","[3,8,5,2,4,6,0,7,1]",1
1525,CBA,"[0,0,1,1,0,1,1,1,0]","[5,2,0,3,8,1,4,7,6]",7
1526,ABC,"[0,1,0,1,0,1,0,0,0]","[8,3,0,6,5,1,2,4,7]",2
1527,CAB,"[0,0,0,0,1,1,0,1,1]","[4,6,1,7,2,0,8,3,5]",1
1528,BAC,"[1,1,0,1,1,0,0,0,1]","[8,7,1,5,6,3,4,2,0]",1
1529,BCA,"[1,1,0,0,1,1,1,0,1]","[6,0,5,1,2,4,7,3,8]",1
1530,ABC,"[1,1,1,0,1,1,0,0,0]","[8,4,2,1,6,5,7,0,3]",3
1531,BAC,"[1,1,1,0,1,0,1,0,1]","[5,2,1,7,6,4,0,3,8]",5
1532,ACB,"[0,0,1,0,0,0,0,1,1]","[2,6,1,7,5,8,4,3,0]",5
1533,CAB,"[1,0,1,0,1,0,0,0,1]","[0,7,5,1,6,4,8,3,2]",3
1534,CBA,"[0,1,1,1,0,0,0,0,1]","[6,7,2,4,8,0,1,3,5]",3
1535,BCA,"[1,1,0,0,0,1,1,0,1]","[6,8,0,3,2,1,7,5,4]",6
1536,BCA,"[0,0,1,1,1,1,0,1,0]","[5,6,1,2,4,7,0,8,3]",4
1537,CAB,"[1,0,1,1,0,1,1,1,0]","[5,6,0,7,8,2,4,1,3]",8
1538,CBA,"[0,1,0,1,1,1,0,0,1]","[0,6,7,2,3,8,4,1,5]",7
1539,ACB,"[0,1,1,1,1,0,1,0,0]","[4,3,1,8,7,6,0,5,2]",4
1540,ABC,"[0,1,0,0,1,0,1,1,1]","[5,6,8,3,4,2,0,1,7]",7
1541,BAC,"[0,1,0,1,1,1,0,0,0]","[1,8,5,3,4,0,2,7,6]",2
1542,CAB,"[0,0,0,1,1,1,0,1,1]","[0,1,8,6,5,7,3,4,2]",3
1543,BCA,"[1,0,0,0,0,1,0,0,0]","[4,7,3,5,8,6,0,1,2]",5
1544,ACB,"[0,1,0,1,0,0,0,0,1]","[6,2,7,3,8,4,1,5,0]",2
1545,CBA,"[0,0,1,1,1,0,0,1,0]","[7,3,6,0,1,8,2,5,4]",3
1546,ABC,"[1,1,1,0,0,0,1,1,1]","[8,3,1,5,4,6,0,7,2]",3
1547,BAC,"[0,0,0,0,0,1,0,0,0]","[1,2,4,5,6,7,8,0,3]",7
1548,BAC,"[0,0,0,0,0,0,1,1,1]","[8,0,4,2,6,1,3,5,7]",8
1549,CAB,"[0,0,1,1,0,0,1,0,1]","[8,1,5,0,7,6,2,4,3]",5
1550,CBA,"[0,0,1,0,0,1,1,1,1]","[2,1,5,7,8,6,4,0,3]",7
1551,ACB,"[1,1,1,1,0,1,0,0,1]","[7,1,6,3,0,2,4,5,8]",1
1552,BCA,"[1,0,1,0,0,1,0,1,0]","[8,1,5,4,7,2,3,6,0]",8
1553,ABC,"[0,0,1,0,0,1,1,0,1]","[1,5,4,8,7,3,0,6,2]",2
1554,BAC,"[0,0,0,0,0,0,0,0,1]","[4,6,0,8,2,3,5,7,1]",8
1555,ABC,"[1,0,0,0,0,1,0,1,1]","[5,1,2,0,6,8,3,4,7]",2
1556,BCA,"[0,0,1,0,0,0,1,1,1]","[0,3,4,7,2,6,5,1,8]",3
1557,ACB,"[1,1,0,1,1,1,1,0,0]","[8,0,5,1,2,4,6,3,7]",1
1558,CAB,"[1,0,1,0,1,1,1,0,1]","[8,3,6,5,0,1,2,4,7]",6
1559,CBA,"[0,1,1,0,1,1,0,0,0]","[5,6,1,2,8,4,7,0,3]",8
1560,CBA,"[0,1,1,0,0,0,0,1,0]","[8,7,2,0,6,1,3,5,4]",1
1561,BCA,"[1,1,0,0,1,1,0,0,1]","[4,0,3,2,8,5,7,1,6]",4
1562,CAB,"[0,0,0,0,1,1,1,0,0]","[3,2,5,1,0,7,4,8,6]",0
1563,ACB,"[0,1,0,1,1,1,1,1,1]","[3,8,4,6,0,2,1,5,7]",0
1564,ABC,"[1,0,0,1,0,1,0,1,0]","[0,2,1,4,5,3,8,7,6]",6
1565,BAC,"[0,0,1,1,0,0,0,1,1]","[8,4,2,7,1,5,0,3,6]",2
1566,CBA,"[1,1,1,1,0,0,1,1,0]","[8,2,0,5,4,3,6,7,1]",3
1567,BAC,"[0,0,0,1,0,1,1,0,1]","[5,2,4,8,1,7,0,6,3]",5
1568,ABC,"[0,1,1,0,0,1,0,1,1]","[4,0,6,7,2,1,5,3,8]",4
1569,BCA,"[0,0,1,1,0,1,0,1,0]","[0,6,7,4,3,2,1,8,5]",8
1570,CAB,"[1,1,1,1,0,0,0,1,0]","[5,2,8,1,7,3,6,4,0]",2
1571,ACB,"[1,0,1,1,0,0,0,0,1]","[5,6,8,1,4,7,3,2,0]",5
1572,CBA,"[1,0,1,1,1,1,1,1,1]","[8,1,5,6,0,4,7,2,3]",1
1573,BCA,"[0,1,1,1,1,1,1,1,0]","[8,3,5,0,1,6,2,7,4]",7
1574,CAB,"[1,0,1,1,1,1,0,1,1]","[5,1,8,6,7,2,0,3,4]",6
1575,ABC,"[1,0,0,0,1,0,0,1,0]","[3,2,1,5,0,7,4,8,6]",1
1576,BAC,"[0,1,1,0,0,1,1,1,1]","[6,1,4,7,8,2,5,3,0]",2
1577,ACB,"[0,0,0,0,0,0,1,0,0]","[8,4,5,7,1,6,3,2,0]",6
1578,ACB,"[0,0,0,0,0,0,0,1,1]","[6,7,5,4,1,2,8,3,0]",8
1579,BAC,"[1,1,0,1,1,0,1,1,0]","[4,3,8,1,6,7,2,0,5]",6
1580,CAB,"[0,0,0,0,1,1,1,1,1]","[6,1,7,5,8,4,2,0,3]",3
1581,CBA,"[1,1,0,1,0,1,0,0,0]","[0,4,2,1,8,7,6,3,5]",4
1582,ABC,"[0,0,1,1,0,1,0,0,1]","[5,4,1,2,6,8,3,7,0]",0
1583,BCA,"[0,0,1,1,1,1,0,1,1]","[4,2,1,3,5,8,0,7,6]",4
1584,ABC,"[1,1,0,0,1,1,0,0,1]","[5,1,6,4,8,7,3,2,0]",5
1585,CBA,"[1,1,0,1,1,1,1,0,1]","[3,6,0,4,8,5,1,2,7]",0
1586,ACB,"[0,0,0,0,1,0,1,1,1]","[5,6,4,2,1,0,8,3,7]",7
1587,BAC,"[1,0,1,1,1,1,0,0,0]","[1,6,2,0,3,8,7,5,4]",4
1588,CAB,"[0,0,0,1,0,1,1,0,1]","[1,6,7,8,5,4,0,2,3]",3
1589,BCA,"[0,1,0,0,0,0,0,0,1]","[3,7,6,5,0,4,8,2,1]",3
1590,BAC,"[0,0,0,1,1,1,0,0,0]","[3,7,2,4,1,8,0,6,5]",6
1591,CBA,"[0,1,0,0,1,1,0,0,0]","[1,4,5,7,8,0,3,2,6]",4
1592,BCA,"[0,1,0,0,1,1,0,0,0]","[7,1,6,4,0,5,8,3,2]",3
1593,ABC,"[0,0,0,1,1,0,1,0,1]","[2,5,4,3,8,0,7,1,6]",6
1594,ACB,"[1,0,1,0,0,1,1,0,1]","[8,6,3,2,4,7,5,0,1]",5
1595,CAB,"[1,0,1,1,1,0,0,0,1]","[8,2,6,1,4,3,0,5,7]",6
1596,CBA,"[0,0,1,0,1,0,0,0,1]","[7,6,5,3,4,2,0,8,1]",7
1597,CAB,"[0,1,0,0,1,0,0,0,1]","[7,4,6,5,3,2,8,1,0]",4
1598,ACB,"[1,1,0,0,1,0,0,1,1]","[4,8,1,3,7,0,2,6,5]",6
1599,BCA,"[1,1,0,1,0,1,0,0,0]","[7,4,2,6,0,5,3,8,1]",2
1600,ABC,"[1,1,0,0,1,0,1,1,0]","[1,0,3,4,7,8,2,5,6]",8
1601,BAC,"[1,1,1,1,0,0,0,1,0]","[5,4,1,6,3,2,0,7,8]",1
1602,ABC,"[1,1,1,0,0,1,1,1,1]","[8,3,4,6,2,0,1,7,5]",3
1603,CBA,"[1,0,1,0,1,0,0,1,0]","[3,1,8,5,6,7,2,0,4]",8
1604,BAC,"[0,1,1,0,1,1,1,0,1]","[5,4,2,6,7,0,8,3,1]",8
1605,CAB,"[0,1,1,0,1,0,0,0,0]","[6,4,7,2,8,1,5,0,3]",1
1606,BCA,"[1,1,0,1,0,1,0,1,0]","[2,6,4,8,7,5,3,1,0]",7
1607,ACB,"[1,1,1,1,0,0,0,1,1]","[0,2,8,4,1,5,6,7,3]",8
1608,CAB,"[0,0,1,1,1,0,0,1,1]","[5,3,4,6,0,1,7,8,2]",2
1609,CBA,"[1,0,0,1,0,0,0,0,1]","[8,2,7,5,1,0,3,4,6]",3
1610,ABC,"[1,1,0,0,0,0,1,0,1]","[4,7,6,0,8,3,5,1,2]",1
1611,BAC,"[1,0,0,0,0,1,1,1,1]","[1,8,6,0,3,5,7,2,4]",7
1612,ACB,"[0,1,0,1,0,1,0,0,1]","[8,2,3,1,7,6,0,4,5]",2
1613,BCA,"[0,0,0,0,1,0,0,0,1]","[4,1,8,7,2,0,3,5,6]",7
1614,CBA,"[1,1,0,0,1,0,0,0,1]","[5,2,1,4,0,3,7,6,8]",2
1615,ABC,"[0,0,0,0,1,1,0,1,1]","[8,2,1,6,4,0,7,5,3]",8
1616,BCA,"[0,1,1,1,1,1,1,1,1]","[1,4,5,7,0,3,2,8,6]",1
1617,ACB,"[0,0,0,0,1,1,0,0,1]","[0,5,4,1,7,2,6,8,3]",5
1618,BAC,"[0,0,0,1,1,1,1,0,0]","[5,1,6,8,7,0,2,3,4]",8
1619,CAB,"[1,0,0,1,1,1,1,1,1]","[0,6,4,1,2,8,7,5,3]",1
1620,BAC,"[0,0,0,1,1,1,0,0,1]","[8,0,2,5,3,4,6,7,1]",7
1621,BCA,"[1,1,0,1,1,1,1,1,1]","[6,0,5,2,3,8,1,7,4]",1
1622,CBA,"[1,1,0,1,1,1,0,0,1]","[4,7,5,3,2,6,0,8,1]",0
1623,ACB,"[1,0,1,1,0,1,0,1,0]","[1,5,0,7,6,3,2,4,8]",8
1624,ABC,"[0,1,0,1,1,1,0,1,0]","[5,1,4,2,7,6,8,3,0]",7
1625,CAB,"[0,0,1,1,0,1,1,0,1]","[6,0,8,3,4,2,5,7,1]",7
1626,BAC,"[0,0,0,0,1,0,0,0,1]","[2,1,7,0,3,5,8,6,4]",7
1627,ACB,"[1,1,1,1,1,0,1,1,1]","[6,2,7,3,1,0,4,5,8]",1
1628,BCA,"[1,1,0,1,1,0,1,0,1]","[7,0,2,5,3,6,1,4,8]",4
1629,CAB,"[1,1,1,1,1,0,0,1,1]","[0,1,2,8,5,4,6,7,3]",5
1630,ABC,"[1,1,0,1,1,0,1,1,1]","[4,2,7,5,8,0,1,6,3]",5
1631,CBA,"[1,1,0,1,0,1,1,0,0]","[7,6,8,1,3,5,2,4,0]",2
1632,BCA,"[1,1,1,1,1,1,1,0,0]","[6,8,5,0,3,1,4,7,2]",2
1633,CAB,"[1,1,1,1,1,0,1,0,0]","[1,7,3,8,4,6,5,0,2]",3
1634,ACB,"[0,1,0,0,1,0,1,1,0]","[1,0,2,6,8,7,4,3,5]",8
1635,BAC,"[0,0,1,1,0,1,0,0,0]","[8,1,3,7,0,5,2,4,6]",7
1636,CBA,"[1,1,1,0,1,1,1,1,1]","[6,7,0,5,8,4,1,2,3]",2
1637,ABC,"[1,0,0,1,0,0,1,0,1]","[0,3,5,4,1,6,8,2,7]",7
1638,CAB,"[1,1,1,1,0,1,0,0,1]","[1,6,0,8,5,2,7,4,3]",0
1639,ACB,"[0,1,0,1,1,1,1,0,0]","[8,4,3,0,2,1,7,5,6]",2
1640,ABC,"[0,0,1,1,0,1,1,1,1]","[8,7,6,0,1,2,3,5,4]",8
1641,BCA,"[1,1,0,0,0,1,1,1,0]","[3,2,6,7,5,0,8,1,4]",6
1642,CBA,"[1,1,0,1,1,0,1,0,1]","[0,6,1,4,7,2,3,5,8]",6
1643,BAC,"[1,1,0,1,1,1,1,0,0]","[2,6,7,8,5,0,1,4,3]",4
1644,BAC,"[0,1,1,1,1,1,1,0,1]","[7,0,8,5,6,1,4,3,2]",4
1645,ABC,"[0,1,1,0,0,1,1,1,1]","[8,1,6,0,2,4,7,3,5]",8
1646,CAB,"[0,1,0,0,0,1,0,1,0]","[1,4,7,6,0,5,8,3,2]",5
1647,ACB,"[0,0,0,1,0,0,1,0,0]","[1,4,8,5,2,6,0,3,7]",8
1648,CBA,"[1,0,0,0,1,0,0,1,0]","[1,4,6,3,7,0,5,2,8]",8
1649,BCA,"[0,1,0,0,1,0,0,0,1]","[7,5,8,2,6,4,3,1,0]",7
1650,BAC,"[1,0,0,1,0,1,0,1,0]","[1,8,4,3,7,5,2,0,6]",2
1651,ACB,"[0,0,0,1,1,1,1,0,1]","[6,4,8,7,0,2,1,5,3]",5
1652,CBA,"[1,0,0,0,1,0,0,0,0]","[8,6,1,5,0,2,4,3,7]",2
1653,BCA,"[0,1,0,1,0,0,0,0,1]","[3,6,1,8,2,4,7,5,0]",4
1654,CAB,"[1,1,0,0,0,1,1,0,1]","[5,1,8,6,0,7,4,3,2]",1
1655,ABC,"[0,0,0,0,1,1,1,0,1]","[6,8,3,2,5,7,1,4,0]",1
1656,CAB,"[1,1,1,1,0,0,0,0,1]","[4,1,2,0,5,3,8,7,6]",6
1657,BCA,"[0,0,0,1,1,0,1,0,0]","[4,1,6,3,7,5,8,0,2]",0
1658,ABC,"[1,0,1,0,1,0,1,1,0]","[1,8,4,2,7,3,0,6,5]",6
1659,ACB,"[1,0,0,0,0,0,1,0,1]","[6,4,8,7,3,0,1,2,5]",0
1660,CBA,"[0,0,1,1,0,1,0,0,1]","[8,4,7,6,3,2,1,5,0]",0
1661,BAC,"[1,0,1,1,0,1,0,0,0]","[5,3,2,1,7,4,6,8,0]",5
1662,BAC,"[1,1,0,0,0,0,1,1,1]","[6,2,5,8,7,0,1,3,4]",5
1663,ACB,"[0,1,0,1,0,0,1,0,1]","[7,0,4,6,1,3,2,5,8]",0
1664,CAB,"[0,1,0,1,1,1,1,0,1]","[8,7,1,4,5,2,0,3,6]",7
1665,CBA,"[1,1,0,0,1,0,0,0,0]","[7,5,8,3,2,6,0,1,4]",7
1666,BCA,"[1,0,0,1,1,1,0,0,1]","[0,2,1,8,3,5,6,7,4]",5
1667,ABC,"[1,1,0,1,0,0,1,0,0]","[4,6,5,3,8,1,0,2,7]",5
1668,BCA,"[0,0,1,0,1,0,1,0,0]","[7,2,4,8,3,6,0,1,5]",5
1669,CBA,"[0,1,0,0,0,1,0,0,1]","[2,6,7,3,1,8,4,5,0]",3
1670,ABC,"[1,0,1,1,0,1,0,1,0]","[3,6,7,4,8,2,1,0,5]",5
1671,ACB,"[0,0,0,1,0,0,1,1,0]","[6,5,8,4,1,2,3,7,0]",5
1672,BAC,"[1,0,1,1,0,1,1,1,0]","[8,0,7,3,5,6,1,2,4]",3
1673,CAB,"[0,0,1,0,0,0,0,1,1]","[2,5,3,0,4,1,7,6,8]",7
1674,CBA,"[0,0,0,0,1,1,1,1,1]","[5,0,3,7,8,6,2,1,4]",8
1675,BCA,"[1,0,1,0,0,0,1,0,1]","[7,4,6,0,2,8,1,5,3]",3
1676,CAB,"[0,0,1,1,1,0,0,0,1]","[3,8,1,5,2,6,4,0,7]",0
1677,ABC,"[1,1,0,0,0,0,1,1,0]","[3,4,5,7,1,2,8,6,0]",1
1678,BAC,"[1,1,1,0,0,0,1,0,1]","[7,0,6,5,2,1,3,8,4]",7
1679,ACB,"[1,0,1,1,1,0,1,0,1]","[0,8,4,3,1,2,6,5,7]",5
1680,CBA,"[1,0,0,1,1,1,1,0,1]","[0,7,5,4,6,2,1,3,8]",8
1681,BAC,"[1,0,0,0,0,1,1,0,0]","[5,4,0,2,6,1,3,8,7]",2
1682,ABC,"[1,1,1,0,0,0,1,0,0]","[8,7,3,1,2,0,4,5,6]",2
1683,CAB,"[1,1,0,1,0,0,1,0,0]","[0,1,7,4,3,2,8,6,5]",8
1684,ACB,"[1,1,1,0,1,1,0,1,0]","[3,2,1,0,5,7,8,4,6]",7
1685,BCA,"[1,1,1,1,1,1,0,1,1]","[8,2,3,6,5,1,0,7,4]",5
1686,ABC,"[0,1,1,0,1,0,1,1,0]","[7,6,5,4,8,3,0,1,2]",3
1687,CAB,"[1,0,0,1,0,0,0,1,1]","[4,1,7,6,8,0,3,5,2]",0
1688,BAC,"[0,1,0,1,1,0,0,1,1]","[1,3,5,4,6,7,2,8,0]",4
1689,ACB,"[1,0,1,0,0,0,0,0,1]","[0,8,3,6,4,7,1,5,2]",4
1690,CBA,"[1,1,0,0,1,1,1,1,1]","[4,5,6,3,1,2,8,0,7]",0
1691,BCA,"[1,1,0,0,0,0,1,1,0]","[7,0,1,6,2,8,4,5,3]",4
1692,BAC,"[0,0,0,1,0,0,1,0,1]","[8,4,7,1,5,2,3,0,6]",6
1693,CBA,"[0,0,1,1,0,1,1,0,1]","[8,7,2,4,5,6,0,1,3]",3
1694,ABC,"[1,0,1,1,1,1,0,1,1]","[8,5,4,2,0,1,7,3,6]",5
1695,ACB,"[0,0,1,0,0,0,0,1,1]","[3,2,7,6,1,0,5,8,4]",8
1696,CAB,"[1,0,1,1,1,0,0,1,1]","[1,7,2,6,5,8,0,3,4]",7
1697,BCA,"[1,0,1,0,0,1,1,1,0]","[4,7,2,0,1,5,3,6,8]",8
1698,BCA,"[0,1,1,1,1,1,0,1,1]","[1,0,6,4,5,7,3,2,8]",2
1699,ABC,"[0,1,0,0,0,1,1,1,1]","[6,2,0,7,8,5,4,1,3]",7
1700,CAB,"[0,0,0,1,1,1,0,1,1]","[2,1,0,6,3,7,8,5,4]",1
1701,BAC,"[1,1,0,1,1,1,1,1,1]","[5,4,0,6,1,3,2,7,8]",0
1702,CBA,"[0,1,0,0,0,0,1,0,0]","[3,1,6,5,7,2,0,4,8]",6
1703,ACB,"[0,0,1,1,1,1,1,1,1]","[0,4,8,7,1,5,6,3,2]",7
1704,ACB,"[0,0,0,0,0,1,0,1,0]","[1,6,7,0,5,2,4,3,8]",0
1705,CAB,"[1,1,1,0,1,1,0,0,0]","[1,5,6,7,2,0,3,8,4]",3
1706,ABC,"[1,1,0,1,0,0,0,0,1]","[5,6,3,7,1,4,8,0,2]",7
1707,CBA,"[0,1,1,1,1,0,0,1,1]","[6,1,4,2,8,5,3,0,7]",1
1708,BAC,"[0,1,1,1,0,1,0,1,0]","[5,1,3,4,8,7,0,6,2]",3
1709,BCA,"[0,0,1,1,1,0,1,1,1]","[5,4,8,2,0,7,6,3,1]",6
1710,ABC,"[1,1,0,0,0,0,0,1,1]","[6,7,2,1,4,8,3,5,0]",5
1711,BAC,"[1,1,1,1,1,0,0,0,1]","[0,1,3,7,5,6,8,2,4]",3
1712,BCA,"[0,1,1,0,0,0,1,1,0]","[7,4,3,2,0,1,8,5,6]",0
1713,ACB,"[0,1,1,1,1,0,1,0,0]","[6,4,7,1,2,8,5,3,0]",1
1714,CAB,"[0,1,0,1,1,1,0,1,1]","[0,3,4,6,1,5,7,8,2]",7
1715,CBA,"[1,1,1,1,0,1,1,0,1]","[8,5,4,0,6,2,1,3,7]",0
1716,BAC,"[1,1,1,1,1,1,1,1,1]","[6,7,3,1,2,0,5,4,8]",2
1717,CBA,"[0,0,1,1,0,0,0,0,1]","[8,0,3,5,4,1,6,7,2]",5
1718,BCA,"[1,0,0,0,0,1,0,0,1]","[1,3,6,8,0,4,2,5,7]",8
1719,CAB,"[0,0,1,1,1,0,1,0,1]","[8,4,6,7,3,5,2,0,1]",7
1720,ACB,"[0,0,1,0,1,0,0,0,0]","[2,0,6,1,3,8,7,5,4]",1
1721,ABC,"[0,0,1,0,0,0,1,0,0]","[7,2,5,3,4,8,6,0,1]",7
1722,CAB,"[1,1,1,1,0,0,1,0,1]","[8,7,4,1,3,0,5,2,6]",3
1723,CBA,"[1,0,0,0,0,1,1,0,0]","[6,5,1,0,4,7,3,2,8]",1
1724,ABC,"[1,0,0,1,0,1,0,0,0]","[0,6,4,8,7,2,5,1,3]",0
1725,BCA,"[1,0,0,0,0,1,0,0,1]","[8,6,3,0,5,4,1,2,7]",7
1726,BAC,"[0,0,0,1,0,1,1,1,1]","[0,4,2,3,1,5,7,6,8]",8
1727,ACB,"[1,1,0,1,1,1,0,0,0]","[5,7,1,0,8,4,2,3,6]",3
1728,ACB,"[0,1,0,1,0,0,1,1,0]","[0,5,4,7,1,8,6,3,2]",2
1729,BCA,"[1,1,1,0,0,1,1,0,1]","[4,1,7,2,0,8,6,3,5]",8
1730,BAC,"[0,1,1,1,0,0,0,0,1]","[6,5,3,2,1,0,4,7,8]",7
1731,CBA,"[0,0,0,0,0,1,1,0,1]","[6,2,1,4,0,3,5,8,7]",4
1732,CAB,"[0,0,0,0,1,1,1,0,1]","[8,4,6,1,3,7,0,2,5]",4
1733,ABC,"[1,0,1,1,1,1,0,0,1]","[6,4,2,7,5,3,1,8,0]",8
1734,CBA,"[1,1,1,1,0,1,1,0,1]","[4,5,7,1,3,8,2,0,6]",1
1735,BAC,"[1,0,0,1,1,0,0,1,1]","[7,5,3,0,6,8,1,2,4]",1
1736,BCA,"[1,1,1,1,1,1,1,0,1]","[1,6,8,5,4,3,0,7,2]",7
1737,ABC,"[0,0,0,0,0,0,0,0,1]","[4,8,0,5,6,1,7,2,3]",2
1738,ACB,"[0,0,0,1,1,1,0,0,1]","[2,0,8,6,5,4,1,3,7]",1
1739,CAB,"[1,1,1,1,0,1,1,0,0]","[7,4,2,8,3,1,0,6,5]",0
1740,BAC,"[1,1,1,1,1,0,1,0,1]","[2,5,8,3,6,0,1,7,4]",7
1741,ABC,"[1,1,0,1,1,1,1,1,0]","[1,7,6,4,2,8,0,5,3]",8
1742,BCA,"[1,1,1,0,1,0,0,1,1]","[0,5,7,2,8,1,4,6,3]",2
1743,ACB,"[1,0,1,1,1,0,1,1,1]","[6,5,4,7,3,2,1,8,0]",6
1744,CBA,"[1,0,1,0,1,0,0,1,1]","[3,2,8,5,0,7,6,4,1]",8
1745,CAB,"[1,0,1,0,0,0,1,0,0]","[2,6,1,4,5,8,7,3,0]",7
1746,CBA,"[0,0,1,0,0,1,1,1,0]","[0,1,4,3,5,7,8,6,2]",7
1747,BCA,"[0,1,1,0,1,0,0,1,1]","[2,4,8,5,0,1,6,7,3]",3
1748,BAC,"[0,1,0,0,0,0,1,1,1]","[1,5,0,6,2,4,7,3,8]",7
1749,ACB,"[1,1,0,0,0,0,0,1,1]","[5,7,1,3,6,2,8,4,0]",2
1750,CAB,"[0,0,0,1,1,0,1,0,1]","[4,6,0,8,5,1,3,2,7]",1
1751,ABC,"[0,1,1,0,1,1,0,1,0]","[8,1,4,6,5,2,3,7,0]",6
1752,ACB,"[1,0,0,1,0,1,1,0,0]","[1,7,5,3,4,8,2,0,6]",0
1753,CBA,"[0,1,1,1,1,1,1,1,1]","[1,5,6,8,4,3,7,0,2]",8
1754,BCA,"[1,0,0,0,0,1,1,0,0]","[3,5,6,0,2,7,4,1,8]",0
1755,BAC,"[1,0,0,0,1,1,0,1,1]","[3,0,6,7,1,2,5,4,8]",5
1756,CAB,"[0,0,1,0,1,0,0,0,0]","[8,6,0,2,1,7,3,5,4]",3
1757,ABC,"[1,0,1,0,1,1,0,1,0]","[2,6,7,1,3,4,0,8,5]",3
1758,CBA,"[1,0,1,1,1,1,1,1,0]","[7,4,1,5,3,8,6,0,2]",8
1759,ABC,"[0,1,1,0,1,1,1,0,0]","[1,8,6,3,0,2,5,7,4]",0
1760,CAB,"[0,0,1,0,1,0,0,1,1]","[7,5,8,1,0,4,2,3,6]",0
1761,ACB,"[1,0,1,1,1,0,0,0,0]","[0,6,4,8,7,1,3,2,5]",8
1762,BAC,"[1,0,1,1,1,0,0,1,1]","[2,5,0,8,6,7,4,3,1]",4
1763,BCA,"[1,1,1,1,0,0,1,1,0]","[8,7,3,6,2,0,1,5,4]",1
1764,CAB,"[0,1,0,1,1,1,1,1,1]","[2,8,6,7,3,0,4,5,1]",3
1765,BCA,"[0,1,1,1,1,1,1,0,1]","[5,2,4,8,1,0,6,3,7]",8
1766,ABC,"[0,1,1,0,1,0,1,0,0]","[0,7,6,3,1,8,2,5,4]",7
1767,BAC,"[1,1,0,0,0,1,0,0,0]","[3,8,5,0,1,6,7,4,2]",2
1768,ACB,"[1,1,0,0,1,1,1,1,1]","[1,6,2,3,8,5,0,4,7]",1
1769,CBA,"[1,1,0,1,1,0,1,0,0]","[6,5,4,7,2,1,8,0,3]",6
1770,ABC,"[1,1,0,0,1,1,1,1,0]","[3,7,2,6,4,5,1,0,8]",1
1771,CBA,"[1,0,1,1,0,1,1,0,1]","[5,6,2,1,3,0,4,7,8]",8
1772,BAC,"[1,1,0,1,1,0,1,0,0]","[6,8,4,1,3,0,5,2,7]",5
1773,CAB,"[0,1,1,0,0,0,0,0,0]","[4,2,1,0,5,6,3,7,8]",3
1774,BCA,"[1,1,1,1,1,1,0,1,1]","[3,8,4,7,2,1,5,0,6]",3
1775,ACB,"[0,0,1,1,1,0,1,0,0]","[7,0,8,2,6,5,3,4,1]",7
1776,CBA,"[1,1,0,0,1,0,0,1,0]","[5,0,1,8,3,4,6,7,2]",7
1777,BAC,"[1,1,1,1,0,1,0,0,0]","[4,7,5,2,1,0,8,6,3]",6
1778,CAB,"[1,0,0,1,0,0,1,0,1]","[7,1,2,4,6,3,8,0,5]",5
1779,ACB,"[1,1,1,0,0,0,0,1,1]","[3,5,7,4,2,8,0,1,6]",7
1780,BCA,"[0,1,0,0,0,1,0,1,0]","[7,4,8,5,3,6,2,1,0]",7
1781,ABC,"[1,0,0,1,1,1,0,1,1]","[3,6,1,8,0,2,5,4,7]",1
1782,BAC,"[0,1,0,1,1,1,0,1,0]","[2,1,0,5,4,8,6,3,7]",8
1783,ACB,"[0,1,0,1,0,0,0,0,1]","[3,5,4,8,2,0,6,1,7]",4
1784,BCA,"[1,0,1,0,0,0,0,0,1]","[5,0,2,6,1,8,4,3,7]",3
1785,CAB,"[1,0,0,0,1,0,1,0,1]","[2,7,0,1,5,6,3,4,8]",0
1786,CBA,"[1,1,0,1,0,1,1,1,0]","[5,8,3,7,0,2,6,1,4]",3
1787,ABC,"[0,1,1,1,1,1,0,0,0]","[7,6,1,5,2,0,8,4,3]",5
1788,ACB,"[1,0,0,1,0,0,0,0,1]","[8,0,6,7,2,1,3,5,4]",5
1789,BAC,"[0,0,0,0,1,1,1,1,0]","[8,7,1,0,2,5,4,3,6]",3
1790,CBA,"[0,1,0,1,1,1,0,1,0]","[0,6,3,7,5,8,2,1,4]",3
1791,BCA,"[1,0,1,0,0,1,0,0,0]","[3,5,7,0,6,2,4,8,1]",0
1792,CAB,"[0,1,1,0,1,0,0,0,1]","[6,2,4,1,5,3,8,0,7]",0
1793,ABC,"[0,1,0,1,0,1,1,0,0]","[2,0,6,4,5,7,8,1,3]",8
1794,ABC,"[1,0,1,0,0,1,1,1,0]","[7,6,1,3,8,0,2,5,4]",2
1795,CBA,"[1,1,0,1,0,1,0,1,0]","[8,1,5,3,4,6,7,0,2]",0
1796,BAC,"[0,0,1,1,1,0,1,0,1]","[5,1,3,7,2,6,0,8,4]",3
1797,ACB,"[1,0,0,1,0,1,1,1,0]","[0,7,6,5,4,3,2,8,1]",4
1798,BCA,"[0,1,0,1,1,0,1,1,0]","[8,3,0,1,2,6,7,5,4]",0
1799,CAB,"[1,1,0,0,1,1,0,0,1]","[0,8,2,1,7,4,6,5,3]",8
1800,CAB,"[1,0,0,1,1,0,0,0,1]","[0,7,2,6,5,4,3,8,1]",3
1801,ABC,"[0,0,1,1,0,1,0,0,0]","[1,3,7,6,2,8,4,0,5]",4
1802,ACB,"[0,0,1,1,0,1,1,0,1]","[7,1,8,4,2,5,6,3,0]",8
1803,CBA,"[1,0,1,1,0,1,0,1,1]","[1,5,7,8,2,6,3,4,0]",8
1804,BCA,"[0,1,0,1,0,0,0,0,0]","[3,4,6,2,8,1,7,0,5]",5
1805,BAC,"[0,1,0,0,0,0,0,0,1]","[2,8,0,1,5,3,6,4,7]",1
1806,CAB,"[1,1,1,1,1,0,1,0,0]","[1,3,6,0,4,7,8,2,5]",5
1807,BCA,"[0,0,1,0,0,1,0,0,0]","[8,7,4,3,5,2,6,0,1]",6
1808,BAC,"[0,1,1,0,0,0,1,0,1]","[5,4,8,3,7,0,6,2,1]",3
1809,CBA,"[0,1,0,0,0,1,1,0,0]","[8,1,6,4,2,3,7,0,5]",1
1810,ACB,"[1,0,1,1,0,1,1,1,0]","[4,7,2,1,3,0,5,6,8]",7
1811,ABC,"[0,1,0,0,0,0,0,1,0]","[0,6,7,4,2,8,1,5,3]",8
1812,BAC,"[1,1,1,0,1,0,0,0,1]","[7,4,1,6,5,8,2,3,0]",1
1813,CAB,"[0,1,1,0,0,0,1,0,0]","[4,6,2,7,8,3,5,0,1]",4
1814,BCA,"[0,1,1,0,0,1,1,1,0]","[1,6,3,5,4,7,2,0,8]",2
1815,ABC,"[0,0,1,0,0,1,1,1,0]","[7,2,4,0,1,3,8,5,6]",0
1816,ACB,"[1,1,1,1,1,0,0,1,0]","[3,2,7,6,4,5,0,8,1]",2
1817,CBA,"[1,0,0,1,1,1,0,1,1]","[2,3,7,5,1,6,0,4,8]",6
1818,BAC,"[1,1,0,1,1,1,1,0,1]","[2,8,0,1,6,3,5,7,4]",2
1819,CBA,"[0,1,0,1,1,0,1,0,1]","[7,3,2,1,0,5,4,8,6]",3
1820,CAB,"[1,1,1,0,0,0,1,1,0]","[2,8,3,1,4,7,6,0,5]",8
1821,BCA,"[0,1,0,0,0,0,0,1,0]","[6,3,5,0,2,4,8,7,1]",7
1822,ABC,"[0,0,0,0,0,1,1,0,0]","[8,2,1,6,3,7,5,0,4]",2
1823,ACB,"[1,1,1,1,0,0,1,1,1]","[8,0,5,2,1,4,3,6,7]",3
1824,ACB,"[0,1,0,0,0,0,0,0,0]","[2,7,8,5,3,4,0,1,6]",0
1825,BCA,"[0,1,0,0,1,0,1,1,0]","[2,5,1,7,3,4,6,8,0]",6
1826,BAC,"[1,0,1,1,0,1,0,0,0]","[0,5,6,1,4,2,8,7,3]",4
1827,CAB,"[0,0,1,0,0,1,1,0,1]","[4,5,1,3,6,8,2,0,7]",4
1828,CBA,"[0,0,0,0,1,1,0,1,1]","[2,3,1,6,0,7,8,5,4]",1
1829,ABC,"[1,1,1,1,1,0,1,1,1]","[0,7,6,8,1,2,5,4,3]",7
1830,CBA,"[0,1,1,0,0,0,0,1,0]","[3,0,6,5,8,4,2,7,1]",1
1831,CAB,"[0,1,0,0,1,0,0,1,0]","[7,1,4,2,5,6,8,0,3]",8
1832,ACB,"[0,1,1,1,1,1,1,1,0]","[7,5,2,8,0,1,3,6,4]",1
1833,ABC,"[1,0,0,0,0,1,1,0,0]","[4,6,7,3,0,2,1,8,5]",8
1834,BCA,"[1,1,1,0,1,0,1,1,1]","[1,6,2,3,0,4,5,7,8]",4
1835,BAC,"[1,1,1,1,0,1,1,0,1]","[0,2,8,4,3,6,1,5,7]",7
1836,ACB,"[1,1,1,0,1,1,1,0,1]","[4,6,3,7,8,2,1,5,0]",0
1837,BAC,"[0,0,1,0,0,1,1,1,0]","[2,6,5,1,8,0,4,7,3]",3
1838,CAB,"[1,0,1,0,1,0,0,0,1]","[7,0,8,5,6,3,2,4,1]",5
1839,CBA,"[0,0,0,1,1,0,0,0,0]","[4,1,5,7,6,2,0,8,3]",6
1840,ABC,"[0,0,0,1,1,1,1,1,0]","[0,8,5,6,2,1,7,3,4]",2
1841,BCA,"[0,1,1,1,0,0,0,1,0]","[8,6,7,5,4,0,2,3,1]",6
1842,ABC,"[1,1,1,0,1,0,1,1,1]","[8,1,2,5,7,0,3,4,6]",5
1843,BAC,"[1,0,1,1,0,0,0,0,1]","[2,0,4,3,7,1,6,5,8]",2
1844,CBA,"[1,0,1,0,1,1,1,0,1]","[7,4,6,1,8,5,3,0,2]",3
1845,ACB,"[0,1,1,1,0,0,1,1,1]","[1,2,8,4,6,3,7,0,5]",1
1846,BCA,"[1,0,1,0,0,0,0,0,1]","[3,7,8,0,1,5,2,4,6]",0
1847,CAB,"[0,0,0,1,0,0,0,1,0]","[5,8,0,7,6,1,3,2,4]",8
1848,CBA,"[1,0,0,0,0,0,0,1,1]","[4,8,3,7,1,6,5,2,0]",0
1849,ABC,"[1,1,0,1,1,0,1,0,0]","[3,0,6,2,4,7,8,1,5]",8
1850,BAC,"[1,0,1,1,0,0,0,0,0]","[4,3,7,0,6,8,2,5,1]",3
1851,ACB,"[0,1,1,1,0,1,0,1,1]","[4,3,1,8,5,0,6,7,2]",6
1852,CAB,"[1,1,1,0,0,1,0,1,1]","[8,3,2,7,5,4,0,6,1]",8
1853,BCA,"[0,1,1,0,1,1,0,0,0]","[5,7,4,0,3,2,8,1,6]",6
1854,ACB,"[1,0,1,1,0,0,0,1,0]","[5,6,2,4,1,0,7,3,8]",8
1855,BAC,"[0,1,0,1,0,1,0,1,1]","[8,2,3,5,4,0,6,7,1]",1
1856,CBA,"[0,0,1,1,1,0,0,0,1]","[4,8,2,5,6,0,1,3,7]",6
1857,ABC,"[1,0,0,1,0,1,1,0,1]","[1,7,5,2,3,6,0,8,4]",6
1858,CAB,"[1,1,1,0,1,1,1,1,1]","[4,1,2,3,0,8,5,6,7]",1
1859,BCA,"[1,1,1,0,1,1,0,0,1]","[0,4,8,1,6,3,2,7,5]",5
1860,BAC,"[0,0,1,1,0,1,0,1,0]","[1,5,7,0,4,2,6,3,8]",7
1861,CAB,"[0,0,1,1,0,1,0,0,0]","[1,4,5,8,6,2,3,7,0]",6
1862,ABC,"[1,0,1,1,0,1,1,0,0]","[0,2,4,8,7,5,6,3,1]",2
1863,ACB,"[0,1,1,0,0,1,0,1,1]","[4,1,0,2,5,8,7,6,3]",5
1864,BCA,"[0,0,1,1,1,0,0,0,0]","[4,3,7,1,2,5,6,0,8]",2
1865,CBA,"[1,0,1,1,1,0,1,1,1]","[7,4,0,6,2,1,3,5,8]",7
1866,ABC,"[0,1,0,1,0,1,1,0,0]","[0,7,3,5,2,6,1,4,8]",6
1867,CAB,"[0,1,1,1,0,1,1,1,0]","[4,6,0,7,1,8,3,5,2]",6
1868,CBA,"[0,0,1,1,1,0,1,0,0]","[3,1,2,8,5,7,6,4,0]",1
1869,ACB,"[1,0,1,0,1,1,0,0,0]","[3,8,0,1,5,4,6,7,2]",2
1870,BCA,"[0,1,1,0,0,0,0,1,1]","[8,7,6,3,1,0,5,2,4]",6
1871,BAC,"[1,1,0,1,1,1,0,0,1]","[2,5,0,4,7,8,3,6,1]",0
1872,BCA,"[0,0,1,0,0,1,1,1,0]","[5,6,3,4,0,1,8,7,2]",0
1873,CAB,"[0,0,0,0,0,1,1,1,1]","[6,0,2,4,5,3,7,1,8]",1
1874,CBA,"[0,0,1,0,0,1,1,1,0]","[0,2,1,8,4,7,5,3,6]",0
1875,ACB,"[1,0,1,0,1,1,1,1,0]","[2,8,1,6,3,7,0,4,5]",5
1876,BAC,"[0,0,0,1,1,0,1,1,0]","[1,5,3,2,4,6,7,8,0]",0
1877,ABC,"[0,1,0,0,1,1,1,1,0]","[6,1,7,5,0,8,3,4,2]",0
1878,ACB,"[1,0,1,0,1,1,0,0,0]","[1,7,6,3,2,8,4,5,0]",7
1879,CBA,"[0,0,1,0,1,1,0,1,0]","[7,5,3,4,0,1,2,6,8]",8
1880,BAC,"[0,0,1,1,1,1,1,1,1]","[5,8,7,1,2,6,4,3,0]",2
1881,BCA,"[0,1,0,1,1,1,0,0,1]","[4,6,8,7,1,3,2,5,0]",3
1882,CAB,"[0,1,1,1,1,1,0,1,1]","[8,6,1,3,5,4,7,2,0]",0
1883,ABC,"[0,0,1,1,0,1,1,1,1]","[5,6,0,2,7,3,1,4,8]",8
1884,CBA,"[1,1,1,0,0,0,0,1,0]","[7,2,4,1,6,5,0,8,3]",4
1885,BAC,"[0,1,0,1,0,0,0,1,0]","[8,3,0,7,1,5,6,4,2]",7
1886,CAB,"[1,0,1,0,1,1,0,1,0]","[4,3,2,8,6,5,1,7,0]",6
1887,ACB,"[0,1,0,0,1,0,0,0,0]","[0,4,8,2,1,7,6,3,5]",7
1888,ABC,"[0,0,0,0,0,1,0,0,1]","[3,1,8,6,0,4,2,5,7]",7
1889,BCA,"[1,1,1,0,1,0,0,1,0]","[8,0,4,2,3,7,5,1,6]",8
1890,ACB,"[0,1,0,1,0,1,1,1,0]","[7,8,3,6,1,5,0,2,4]",8
1891,CBA,"[1,0,0,0,1,0,0,1,1]","[2,3,4,7,1,5,8,6,0]",7
1892,ABC,"[0,1,1,1,0,0,1,1,1]","[1,0,5,7,8,2,4,6,3]",8
1893,BCA,"[0,0,0,1,0,0,0,1,0]","[6,0,1,7,3,4,8,5,2]",0
1894,CAB,"[1,0,1,0,0,0,1,0,0]","[2,8,4,1,6,0,3,5,7]",0
1895,BAC,"[1,0,1,0,0,1,1,0,0]","[7,4,6,3,0,2,1,8,5]",4
1896,BCA,"[0,1,1,1,0,1,1,1,1]","[8,3,1,4,7,0,6,5,2]",2
1897,ACB,"[1,1,1,0,0,0,0,0,0]","[3,1,7,0,8,4,2,6,5]",8
1898,BAC,"[1,0,1,0,0,1,0,0,0]","[7,0,8,1,2,4,5,3,6]",7
1899,CAB,"[0,0,0,1,0,1,0,1,1]","[3,4,8,1,2,0,7,5,6]",3
1900,CBA,"[0,0,1,0,0,1,1,0,0]","[3,1,4,8,6,7,2,5,0]",0
1901,ABC,"[0,1,1,0,1,1,0,0,1]","[3,6,5,8,0,7,1,2,4]",2
1902,BAC,"[0,0,1,1,1,0,0,0,1]","[2,3,5,1,6,0,7,8,4]",4
1903,BCA,"[1,1,1,0,0,0,0,1,0]","[5,4,8,0,2,7,1,3,6]",5
1904,ACB,"[1,0,0,0,0,0,0,0,0]","[7,4,2,3,1,6,5,0,8]",4
1905,CAB,"[1,0,1,0,0,0,0,1,0]","[2,8,1,5,3,7,0,6,4]",2
1906,CBA,"[0,0,0,1,1,1,1,1,1]","[7,2,4,6,3,5,8,0,1]",6
1907,ABC,"[0,0,1,1,1,0,0,1,1]","[6,2,0,4,7,3,1,8,5]",0
1908,CAB,"[0,0,1,0,1,0,0,0,1]","[4,7,8,3,6,2,0,1,5]",7
1909,BCA,"[0,1,0,0,1,0,1,1,0]","[4,8,0,3,2,1,7,5,6]",8
1910,ACB,"[1,1,0,1,0,0,0,0,0]","[8,5,1,7,2,0,4,3,6]",6
1911,BAC,"[0,1,0,1,0,0,1,1,0]","[1,7,2,0,6,8,5,3,4]",3
1912,ABC,"[0,0,1,0,0,0,0,1,1]","[0,7,2,8,6,3,1,5,4]",4
1913,CBA,"[0,1,0,0,1,1,0,0,0]","[8,5,3,1,2,6,7,0,4]",5
1914,BAC,"[0,1,0,0,1,1,1,0,1]","[8,7,3,4,1,2,6,5,0]",0
1915,BCA,"[1,1,0,0,1,0,1,0,0]","[2,5,3,7,4,0,8,1,6]",2
1916,ABC,"[0,1,0,1,1,1,0,0,0]","[8,3,2,0,5,6,7,1,4]",4
1917,CBA,"[1,0,1,1,1,1,1,0,1]","[6,7,4,2,8,5,3,1,0]",1
1918,ACB,"[1,1,1,1,0,1,0,1,1]","[5,2,8,4,6,7,1,3,0]",0
1919,CAB,"[0,0,1,1,1,1,0,1,1]","[3,8,0,7,5,1,2,4,6]",4
1920,CBA,"[1,0,1,0,1,0,0,1,0]","[7,0,2,6,3,8,4,1,5]",3
1921,ACB,"[0,1,1,1,1,1,0,0,0]","[7,2,4,0,1,3,8,6,5]",3
1922,BCA,"[1,0,0,1,0,1,1,0,1]","[2,3,0,6,4,8,5,1,7]",8
1923,BAC,"[1,1,1,1,0,1,0,1,1]","[4,5,6,2,1,0,3,7,8]",3
1924,ABC,"[1,1,1,1,0,0,1,1,1]","[6,7,4,1,8,3,2,5,0]",8
1925,CAB,"[1,0,1,0,0,1,0,1,1]","[4,0,1,2,6,8,3,5,7]",8
1926,ABC,"[0,1,0,1,1,0,0,0,0]","[2,4,1,3,7,6,5,0,8]",6
1927,BAC,"[1,0,0,0,1,1,1,0,0]","[1,5,8,7,6,2,3,4,0]",4
1928,ACB,"[0,0,1,1,1,1,1,1,0]","[0,1,4,2,5,8,3,6,7]",0
1929,BCA,"[1,0,0,0,0,1,1,1,1]","[5,1,2,6,8,0,4,3,7]",8
1930,CBA,"[1,0,1,0,0,0,1,1,1]","[3,1,6,2,4,5,7,8,0]",0
1931,CAB,"[0,0,0,0,1,0,1,0,0]","[7,4,6,5,0,2,1,8,3]",2
1932,ABC,"[1,0,1,1,0,0,0,0,0]","[2,7,8,3,5,4,1,0,6]",5
1933,BCA,"[0,0,1,0,1,1,1,1,1]","[0,7,8,5,2,4,1,3,6]",5
1934,CBA,"[0,0,1,1,1,0,1,0,1]","[2,0,8,1,7,4,3,5,6]",5
1935,CAB,"[0,0,0,1,1,1,1,0,0]","[1,7,5,3,0,2,6,8,4]",4
1936,ACB,"[0,1,0,0,0,0,0,0,0]","[1,8,7,5,0,6,4,3,2]",4
1937,BAC,"[1,1,0,1,1,0,0,1,0]","[2,4,0,8,3,5,1,7,6]",0
1938,CAB,"[0,1,0,1,0,1,0,1,0]","[3,6,0,7,1,8,4,2,5]",6
1939,BCA,"[0,0,0,0,1,1,1,1,1]","[1,6,2,3,7,0,5,4,8]",8
1940,ACB,"[0,1,0,1,0,1,0,0,1]","[1,6,7,5,2,8,4,3,0]",0
1941,BAC,"[0,1,0,1,0,1,0,1,1]","[4,6,3,1,2,8,7,5,0]",0
1942,CBA,"[0,1,0,1,0,1,1,0,0]","[4,1,0,8,7,3,5,6,2]",8
1943,ABC,"[1,1,0,1,0,1,0,0,1]","[5,2,8,6,1,3,7,0,4]",0
1944,ABC,"[1,0,1,0,1,0,0,1,1]","[5,2,8,3,1,6,0,4,7]",4
1945,ACB,"[1,0,1,0,0,1,0,1,1]","[6,1,3,2,0,5,7,8,4]",6
1946,CAB,"[0,1,0,0,1,1,1,0,1]","[6,3,5,4,1,2,7,0,8]",2
1947,BCA,"[1,1,0,0,1,1,0,0,1]","[4,8,0,5,3,2,1,6,7]",2
1948,BAC,"[0,1,1,1,1,0,0,0,0]","[3,1,8,4,0,2,6,7,5]",6
1949,CBA,"[1,0,1,1,1,0,1,0,1]","[1,0,4,6,7,5,2,3,8]",2
1950,BAC,"[0,0,1,1,1,0,1,1,1]","[1,6,2,8,5,0,7,4,3]",7
1951,BCA,"[1,1,0,1,1,0,0,1,1]","[2,8,4,3,1,6,7,5,0]",7
1952,CBA,"[0,1,1,1,0,1,1,1,0]","[1,5,0,6,7,2,4,3,8]",6
1953,ACB,"[1,0,1,1,1,0,0,1,0]","[2,4,0,3,5,7,6,8,1]",3
1954,ABC,"[0,0,0,0,1,1,0,0,1]","[4,8,7,0,1,5,2,6,3]",6
1955,CAB,"[1,0,0,1,1,1,0,0,1]","[6,5,4,2,7,8,1,3,0]",7
1956,ACB,"[0,1,0,0,0,1,1,0,0]","[1,0,5,6,8,3,2,4,7]",6
1957,CBA,"[0,0,1,1,0,0,1,1,0]","[0,2,1,8,7,4,3,5,6]",6
1958,BCA,"[0,1,0,1,1,0,1,1,1]","[6,1,0,7,2,8,4,3,5]",1
1959,BAC,"[0,1,1,0,1,1,1,1,0]","[2,4,0,3,6,7,1,8,5]",8
1960,CAB,"[1,1,0,1,0,1,1,0,1]","[4,6,2,8,3,1,7,0,5]",4
1961,ABC,"[0,0,1,1,1,1,0,1,0]","[0,6,3,8,4,1,7,5,2]",5
1962,CBA,"[1,0,0,0,1,1,1,1,1]","[2,3,5,1,7,0,4,8,6]",6
1963,ABC,"[0,1,0,0,1,0,1,1,1]","[8,0,2,5,4,7,3,1,6]",0
1964,BAC,"[0,0,0,1,0,1,0,0,1]","[6,2,0,8,7,3,1,5,4]",7
1965,CAB,"[0,0,0,1,0,0,1,0,1]","[2,5,0,8,6,1,3,4,7]",6
1966,BCA,"[0,1,1,1,0,1,1,0,1]","[3,7,1,4,6,5,0,2,8]",1
1967,ACB,"[0,1,0,0,0,0,1,1,0]","[7,1,8,0,5,2,6,4,3]",6
1968,BAC,"[0,0,0,0,0,1,1,0,1]","[5,1,0,3,8,4,7,2,6]",1
1969,CAB,"[1,0,1,0,0,1,1,1,1]","[2,4,3,0,5,8,7,1,6]",7
1970,BCA,"[1,1,1,1,1,0,1,1,1]","[1,7,2,4,0,6,8,5,3]",2
1971,ACB,"[1,1,0,0,1,0,1,0,1]","[4,8,2,7,3,6,5,1,0]",5
1972,ABC,"[0,0,0,1,0,0,1,0,1]","[2,3,4,1,5,6,7,0,8]",3
1973,CBA,"[0,0,0,0,0,0,0,1,1]","[8,1,3,4,0,5,6,2,7]",0
1974,BCA,"[0,1,1,1,0,0,1,0,0]","[8,5,2,1,3,0,6,4,7]",4
1975,BAC,"[1,1,0,0,0,1,1,1,0]","[1,8,4,5,0,6,7,3,2]",3
1976,CBA,"[1,1,1,1,0,1,0,1,1]","[8,3,6,5,7,1,0,4,2]",0
1977,ACB,"[0,0,0,0,1,1,1,0,1]","[5,3,7,2,6,0,1,8,4]",6
1978,CAB,"[1,0,0,1,1,0,1,1,0]","[8,4,0,1,7,6,2,5,3]",8
1979,ABC,"[0,0,0,1,1,1,1,1,0]","[0,4,5,3,6,7,2,1,8]",3
1980,ABC,"[0,0,0,0,1,1,1,1,1]","[4,2,5,0,6,3,1,7,8]",4
1981,CBA,"[1,1,0,0,1,0,0,1,0]","[8,7,0,2,6,1,5,4,3]",1
1982,BCA,"[0,1,0,1,0,0,1,1,1]","[6,1,8,0,4,7,5,3,2]",7
1983,BAC,"[0,1,0,1,1,1,1,0,1]","[2,7,5,3,4,6,8,0,1]",4
1984,CAB,"[0,0,1,0,0,0,0,1,0]","[3,5,0,2,7,4,1,8,6]",2
1985,ACB,"[0,0,1,1,0,1,1,1,0]","[2,1,4,3,8,7,5,0,6]",1
1986,ABC,"[1,0,1,1,0,1,0,1,0]","[3,4,0,6,2,8,5,1,7]",2
1987,BAC,"[0,0,1,0,0,1,0,1,0]","[3,0,1,5,6,8,4,2,7]",7
1988,ACB,"[0,1,1,1,0,1,0,1,1]","[1,5,8,7,0,2,3,6,4]",2
1989,CBA,"[1,0,1,0,1,1,1,1,1]","[0,8,3,6,1,2,5,4,7]",7
1990,BCA,"[0,0,1,1,0,0,1,1,0]","[4,5,1,6,0,2,3,7,8]",6
1991,CAB,"[0,1,0,1,0,1,1,0,0]","[6,8,0,3,5,4,7,2,1]",4
1992,BCA,"[0,0,1,0,1,1,0,0,0]","[3,4,2,8,1,6,7,5,0]",5
1993,ABC,"[0,0,1,0,1,1,1,1,0]","[0,3,7,1,6,2,5,4,8]",3
1994,ACB,"[1,1,1,1,0,0,1,0,0]","[5,8,7,0,2,6,1,3,4]",5
1995,BAC,"[0,0,1,0,1,1,0,0,0]","[7,3,0,8,4,6,1,2,5]",2
1996,CAB,"[1,0,0,0,1,1,1,0,0]","[5,6,7,0,2,8,1,3,4]",0
1997,CBA,"[0,1,0,1,1,0,1,0,1]","[0,4,6,1,5,8,7,3,2]",4
1998,CBA,"[0,1,1,1,0,1,1,0,0]","[5,3,4,8,0,1,7,2,6]",1
1999,BAC,"[1,0,0,1,0,1,0,0,1]","[4,6,0,3,1,5,7,8,2]",3
2000,ACB,"[0,1,1,1,0,0,0,1,0]","[8,7,1,3,5,2,4,6,0]",6
2001,CAB,"[1,1,1,1,0,0,1,0,0]","[4,3,8,5,1,7,2,0,6]",4
2002,BCA,"[1,0,1,0,0,0,0,0,0]","[7,4,1,0,2,8,5,3,6]",7
2003,ABC,"[1,0,0,1,0,0,1,0,1]","[3,0,5,8,2,6,7,4,1]",7
2004,CAB,"[1,1,1,1,1,1,0,1,1]","[1,3,2,8,0,6,5,4,7]",1
2005,ACB,"[1,0,1,1,1,0,0,0,1]","[5,3,7,8,2,1,0,4,6]",6
2006,BCA,"[0,0,0,1,0,1,1,0,0]","[3,8,6,5,2,0,4,7,1]",6
2007,ABC,"[1,0,0,1,1,0,1,0,0]","[3,2,4,1,8,0,7,5,6]",1
2008,BAC,"[1,1,0,1,1,0,1,0,1]","[8,3,7,2,4,0,1,6,5]",4
2009,CBA,"[1,0,0,0,0,1,1,0,1]","[6,3,4,5,7,0,2,1,8]",6
2010,ACB,"[0,0,1,1,0,1,1,1,1]","[2,4,3,0,6,7,8,5,1]",2
2011,ABC,"[1,1,1,0,0,1,1,1,0]","[0,2,5,7,6,8,4,1,3]",6
2012,BCA,"[0,1,1,1,1,0,1,0,1]","[7,4,0,1,6,5,2,3,8]",2
2013,BAC,"[0,1,0,0,1,1,1,0,0]","[5,0,6,4,8,7,1,2,3]",4
2014,CBA,"[0,1,0,0,1,1,1,1,1]","[6,3,2,8,0,5,7,4,1]",6
2015,CAB,"[0,1,1,1,0,0,0,1,0]","[1,4,7,3,5,0,8,2,6]",6
2016,ABC,"[0,0,1,1,0,1,0,0,1]","[7,6,3,5,8,0,1,2,4]",8
2017,CBA,"[0,1,0,1,0,0,1,1,1]","[8,4,6,2,3,1,7,5,0]",0
2018,BAC,"[0,0,0,1,1,0,0,0,0]","[8,4,0,5,1,2,7,3,6]",7
2019,ACB,"[0,1,0,1,0,1,0,1,1]","[4,2,5,6,8,0,7,3,1]",4
2020,BCA,"[0,0,1,0,1,1,1,1,1]","[2,3,7,0,5,1,4,8,6]",6
2021,CAB,"[0,1,1,1,1,0,1,1,0]","[3,7,0,2,8,4,6,1,5]",5
2022,CAB,"[0,0,0,1,0,0,1,1,1]","[6,7,4,3,5,8,1,0,2]",4
2023,ABC,"[0,0,0,0,1,0,0,0,0]","[1,5,6,4,2,0,8,7,3]",7
2024,ACB,"[0,1,1,1,0,1,0,0,1]","[1,2,3,5,4,8,6,0,7]",4
2025,CBA,"[0,1,0,0,0,0,1,1,0]","[0,7,3,2,4,6,1,8,5]",6
2026,BAC,"[1,1,0,0,1,1,1,1,0]","[3,8,0,7,2,5,4,1,6]",7
2027,BCA,"[0,1,0,1,0,0,0,1,1]","[0,8,6,7,1,4,2,5,3]",8
2028,BCA,"[0,0,1,1,0,0,1,0,1]","[4,2,0,3,7,1,8,5,6]",5
2029,ACB,"[1,0,0,1,0,1,1,0,0]","[8,2,1,3,7,6,4,0,5]",2
2030,ABC,"[1,1,0,0,0,0,0,0,1]","[5,0,7,6,4,2,1,3,8]",8
2031,BAC,"[1,0,1,1,0,0,1,0,1]","[0,3,2,7,8,5,6,4,1]",0
2032,CAB,"[1,0,1,1,0,0,0,0,0]","[1,8,6,4,0,3,2,7,5]",4
2033,CBA,"[0,0,1,1,1,0,1,0,1]","[3,2,7,8,6,4,5,0,1]",0
2034,CAB,"[0,0,1,0,0,1,1,1,0]","[1,4,3,6,5,0,8,7,2]",8
2035,CBA,"[1,1,0,0,1,1,1,0,1]","[7,6,8,1,2,5,0,3,4]",7
2036,BAC,"[0,1,1,0,1,1,0,0,0]","[3,2,7,0,8,6,5,4,1]",8
2037,ACB,"[1,1,1,0,0,1,1,0,1]","[1,0,5,2,8,6,4,3,7]",8
2038,BCA,"[1,1,1,1,1,1,1,0,0]","[0,1,5,6,2,7,3,4,8]",2
2039,ABC,"[0,0,1,1,0,0,0,1,0]","[0,8,5,6,1,2,3,4,7]",3
2040,CBA,"[1,0,0,1,1,1,1,0,1]","[1,6,0,4,5,2,8,3,7]",5
2041,BAC,"[1,0,0,1,1,0,1,1,0]","[2,1,0,7,6,8,4,3,5]",0
2042,CAB,"[1,0,1,0,0,0,1,0,1]","[2,6,1,3,7,4,5,8,0]",2
2043,BCA,"[1,0,1,1,1,1,1,0,1]","[3,0,4,8,1,7,6,5,2]",4
2044,ACB,"[0,0,0,0,1,0,1,0,0]","[3,5,1,0,2,8,6,7,4]",0
2045,ABC,"[0,0,1,0,1,0,0,0,0]","[5,2,3,0,7,8,6,4,1]",1
2046,CBA,"[1,0,0,1,1,0,0,1,1]","[6,5,2,4,8,3,7,0,1]",8
2047,BCA,"[0,1,1,1,0,0,0,1,0]","[1,7,2,8,5,4,0,6,3]",1
2048,ABC,"[1,0,1,1,0,0,0,0,1]","[0,1,7,2,4,8,3,5,6]",7
2049,BAC,"[1,0,1,1,0,1,0,1,1]","[8,7,5,2,0,3,6,4,1]",0
2050,CAB,"[0,0,0,0,1,0,1,0,0]","[1,3,0,4,8,5,7,2,6]",1
2051,ACB,"[1,1,1,1,0,0,1,0,0]","[1,3,5,0,7,6,4,2,8]",7
2052,ACB,"[1,0,1,1,0,0,0,0,0]","[7,3,0,1,6,5,2,8,4]",4
2053,BAC,"[0,0,1,0,1,1,1,0,0]","[0,3,7,4,6,2,1,5,8]",7
2054,BCA,"[1,1,0,1,1,1,0,0,0]","[5,1,0,4,2,6,3,8,7]",3
2055,CBA,"[1,0,0,1,1,1,1,0,1]","[3,2,5,0,8,7,1,6,4]",5
2056,ABC,"[0,0,0,0,0,0,1,0,0]","[6,4,1,7,8,3,2,0,5]",4
2057,CAB,"[0,1,0,1,1,1,0,1,1]","[2,7,3,1,8,5,4,0,6]",0
2058,ACB,"[1,1,0,1,1,1,0,1,1]","[7,3,2,5,4,0,1,8,6]",2
2059,ABC,"[0,0,0,1,0,1,1,1,0]","[7,2,8,5,3,4,6,0,1]",5
2060,BCA,"[1,1,1,0,1,1,0,1,0]","[2,4,6,1,5,7,0,3,8]",2
2061,CAB,"[0,0,0,1,1,0,1,0,0]","[0,8,3,4,7,1,5,2,6]",4
2062,BAC,"[0,1,0,1,1,0,1,1,1]","[3,6,1,2,4,7,8,0,5]",4
2063,CBA,"[0,0,0,1,1,0,0,1,1]","[4,3,7,2,6,8,1,0,5]",3
2064,ACB,"[1,1,1,0,1,1,0,1,1]","[3,1,8,6,7,4,2,5,0]",7
2065,BAC,"[1,0,1,1,0,0,0,0,1]","[8,1,4,0,6,5,2,3,7]",1
2066,CBA,"[1,1,1,0,0,1,0,1,0]","[6,5,7,1,2,4,0,8,3]",5
2067,CAB,"[0,0,1,0,0,1,1,0,0]","[6,7,0,2,4,1,3,5,8]",5
2068,BCA,"[1,1,1,0,0,0,0,1,0]","[8,4,0,2,7,5,1,3,6]",3
2069,ABC,"[1,0,0,0,0,0,0,0,1]","[8,1,4,0,5,7,2,3,6]",2
2070,ABC,"[0,1,1,0,1,0,1,0,0]","[2,4,1,8,3,7,5,6,0]",4
2071,CAB,"[0,0,1,1,0,0,1,0,0]","[2,0,1,3,5,6,8,4,7]",7
2072,BCA,"[0,1,1,1,1,0,1,0,0]","[5,1,4,6,8,2,7,0,3]",6
2073,CBA,"[1,0,0,0,1,1,1,1,1]","[5,6,0,8,7,4,3,2,1]",8
2074,BAC,"[0,1,0,0,0,1,0,1,1]","[4,6,0,3,2,8,1,7,5]",8
2075,ACB,"[0,0,0,0,1,0,0,1,1]","[0,3,7,6,2,4,8,5,1]",4
2076,CAB,"[1,0,1,0,1,1,1,1,0]","[4,2,8,7,6,5,3,1,0]",8
2077,ACB,"[1,1,0,1,1,0,0,0,1]","[1,4,5,7,3,8,2,0,6]",2
2078,CBA,"[1,0,1,1,1,0,0,1,0]","[2,5,1,0,7,4,8,3,6]",2
2079,ABC,"[1,0,1,1,0,0,0,1,1]","[2,5,3,7,6,4,1,0,8]",0
2080,BAC,"[1,1,0,1,0,0,1,0,1]","[0,8,3,4,1,7,5,2,6]",2
2081,BCA,"[1,1,1,0,0,0,1,0,1]","[0,4,5,1,7,2,8,6,3]",6
2082,ACB,"[1,0,0,0,0,1,1,0,1]","[8,4,1,5,0,7,2,6,3]",8
2083,CAB,"[1,1,0,0,1,0,1,0,1]","[6,7,2,8,0,3,5,1,4]",6
2084,ABC,"[1,1,1,0,0,0,1,1,0]","[0,3,6,8,5,1,7,4,2]",1
2085,CBA,"[0,1,0,1,0,0,0,1,0]","[3,6,4,8,2,7,0,1,5]",3
2086,BAC,"[0,1,0,0,1,0,0,1,1]","[7,0,5,3,8,2,4,6,1]",6
2087,BCA,"[1,1,1,1,0,1,0,1,1]","[4,2,5,0,1,7,8,6,3]",2
2088,CAB,"[0,1,1,0,0,0,1,0,0]","[8,0,6,5,1,3,4,7,2]",3
2089,CBA,"[1,1,0,0,1,0,0,0,1]","[7,8,1,6,3,5,2,4,0]",0
2090,ACB,"[1,1,0,1,1,1,0,0,0]","[6,4,8,3,2,1,5,7,0]",8
2091,ABC,"[1,1,1,1,0,0,1,1,1]","[1,0,6,7,2,4,3,8,5]",1
2092,BCA,"[0,0,1,1,0,0,0,0,1]","[3,8,0,6,1,4,2,5,7]",0
2093,BAC,"[0,1,0,0,0,1,1,1,1]","[6,8,0,5,1,2,3,4,7]",1
2094,ACB,"[0,1,1,1,1,0,1,0,1]","[5,4,6,8,2,1,0,3,7]",0
2095,CBA,"[0,0,1,1,1,1,0,0,1]","[1,0,7,3,5,4,8,2,6]",8
2096,CAB,"[0,0,0,0,1,0,1,0,0]","[5,3,6,4,2,8,0,7,1]",3
2097,ABC,"[0,0,0,0,1,0,0,0,0]","[3,2,6,8,4,1,5,7,0]",5
2098,BAC,"[0,0,0,0,1,0,1,0,1]","[1,2,7,5,6,8,0,3,4]",3
2099,BCA,"[0,0,1,1,1,1,1,0,0]","[2,6,0,5,8,4,3,7,1]",7
2100,ACB,"[0,0,0,1,1,1,1,1,1]","[5,3,1,4,7,2,0,6,8]",6
2101,CAB,"[0,1,0,0,1,1,0,1,1]","[0,3,7,4,6,1,8,2,5]",5
2102,CBA,"[1,0,0,1,0,1,1,0,1]","[5,7,0,3,6,2,8,4,1]",6
2103,BCA,"[1,0,0,0,0,1,0,0,1]","[5,8,3,2,4,7,6,1,0]",6
2104,ABC,"[1,0,1,1,0,1,1,0,1]","[1,3,2,7,0,6,4,8,5]",5
2105,BAC,"[0,1,1,0,1,0,1,0,1]","[7,2,5,3,4,6,1,8,0]",8
2106,BAC,"[1,1,1,1,0,1,0,1,1]","[2,5,7,1,4,6,8,3,0]",8
2107,ABC,"[1,0,0,1,1,1,0,1,0]","[6,5,8,1,4,2,3,0,7]",0
2108,ACB,"[1,1,0,0,0,0,0,0,0]","[1,0,5,6,8,7,2,3,4]",7
2109,CAB,"[1,1,1,0,1,1,1,0,0]","[3,8,0,4,7,1,6,5,2]",1
2110,CBA,"[1,1,1,0,1,0,1,0,1]","[8,4,7,1,2,0,6,3,5]",6
2111,BCA,"[1,1,1,0,1,1,1,1,1]","[8,1,0,4,2,6,7,5,3]",1
2112,BCA,"[0,1,1,1,1,1,0,0,0]","[6,4,5,0,7,1,8,3,2]",8
2113,BAC,"[1,0,1,0,1,1,1,1,0]","[7,0,3,4,5,2,8,6,1]",3
2114,ACB,"[1,1,1,1,0,1,1,0,0]","[4,2,0,7,6,1,5,3,8]",6
2115,CAB,"[1,1,0,0,0,0,0,1,0]","[3,6,7,5,2,8,0,4,1]",2
2116,CBA,"[1,1,0,1,0,1,1,0,0]","[1,7,4,5,0,3,8,2,6]",8
2117,ABC,"[0,0,1,1,0,0,1,0,0]","[1,6,3,5,0,7,2,4,8]",7
2118,ACB,"[0,1,0,1,0,1,1,0,0]","[7,6,1,2,3,5,0,8,4]",5
2119,ABC,"[0,1,0,0,0,0,0,1,1]","[6,5,2,7,4,1,3,8,0]",4
2120,CAB,"[1,0,1,1,0,1,0,0,0]","[5,2,4,6,7,8,3,1,0]",6
2121,BCA,"[0,0,1,1,1,1,1,1,1]","[8,3,4,6,7,2,5,1,0]",3
2122,CBA,"[1,1,1,1,0,0,0,0,1]","[0,2,8,7,3,5,4,6,1]",2
2123,BAC,"[0,0,1,1,1,0,0,0,1]","[3,7,4,6,8,2,1,0,5]",8
2124,CAB,"[1,0,1,0,0,0,0,1,1]","[1,5,2,4,6,0,8,3,7]",7
2125,BCA,"[0,0,1,0,0,0,1,0,1]","[3,7,8,2,0,1,6,5,4]",7
2126,ACB,"[1,0,1,0,1,1,0,1,0]","[0,4,8,1,3,6,2,7,5]",1
2127,CBA,"[1,0,1,1,1,1,0,1,0]","[0,1,8,5,2,7,3,6,4]",8
2128,ABC,"[1,1,1,1,0,0,1,0,1]","[7,8,1,6,0,4,2,3,5]",1
2129,BAC,"[0,1,0,0,0,0,0,1,1]","[5,8,0,6,4,7,1,2,3]",8
2130,BAC,"[1,1,1,1,1,1,1,1,0]","[1,4,7,5,3,2,6,8,0]",8
2131,ACB,"[1,1,0,0,0,1,0,1,1]","[7,8,0,2,4,1,5,3,6]",7
2132,BCA,"[0,0,1,0,1,1,1,0,0]","[0,6,1,5,2,4,3,8,7]",7
2133,CBA,"[0,0,0,0,0,1,0,0,0]","[3,7,0,4,5,6,1,2,8]",2
2134,CAB,"[1,1,0,0,1,0,0,0,0]","[4,2,8,0,3,5,1,7,6]",0
2135,ABC,"[0,0,0,0,1,1,0,1,0]","[8,2,3,4,6,5,0,1,7]",5
2136,BCA,"[0,1,0,0,1,1,1,1,1]","[0,5,7,4,2,1,6,3,8]",0
2137,BAC,"[1,1,1,1,1,1,0,0,1]","[8,1,7,5,0,2,6,3,4]",5
2138,ABC,"[1,1,0,0,0,1,1,0,0]","[4,0,6,7,2,5,3,1,8]",6
2139,ACB,"[1,1,0,1,0,1,0,0,1]","[0,7,3,4,8,5,6,2,1]",1
2140,CAB,"[1,0,1,0,1,0,0,1,1]","[3,7,6,4,8,1,2,0,5]",3
2141,CBA,"[0,0,1,0,1,0,0,0,0]","[6,5,0,3,2,4,7,1,8]",1
2142,ACB,"[1,0,1,0,0,0,1,0,0]","[5,4,7,8,6,1,3,2,0]",4
2143,ABC,"[1,0,1,1,0,1,0,1,1]","[8,3,5,7,6,0,2,4,1]",1
2144,CAB,"[0,1,1,0,1,1,0,1,0]","[6,5,2,1,7,8,4,0,3]",6
2145,CBA,"[0,1,1,0,1,1,1,0,0]","[8,1,6,0,7,3,4,5,2]",7
2146,BAC,"[1,1,0,0,1,0,1,1,0]","[3,7,2,1,6,5,0,8,4]",7
2147,BCA,"[0,0,0,0,0,1,1,1,0]","[1,4,5,2,0,6,7,3,8]",5
2148,ABC,"[1,1,1,0,1,1,1,0,0]","[1,6,4,8,5,0,7,2,3]",2
2149,BAC,"[0,0,0,1,1,0,1,1,1]","[1,6,4,2,8,5,0,3,7]",7
2150,CBA,"[0,1,0,0,0,0,0,0,1]","[0,5,1,8,6,4,3,7,2]",0
2151,ACB,"[1,1,1,0,0,0,1,1,1]","[8,0,3,5,1,2,6,7,4]",4
2152,BCA,"[0,0,1,1,0,0,1,0,0]","[6,1,2,5,0,8,3,7,4]",1
2153,CAB,"[0,1,1,0,1,1,0,0,0]","[2,6,4,3,5,8,1,0,7]",6
2154,CAB,"[0,0,1,0,1,1,1,0,1]","[0,3,6,4,2,1,8,5,7]",6
2155,CBA,"[0,1,0,0,1,1,1,0,0]","[0,7,4,1,6,2,3,8,5]",8
2156,BCA,"[1,1,1,1,1,1,1,1,0]","[7,4,0,8,6,2,3,1,5]",5
2157,ACB,"[1,0,1,0,0,1,0,0,0]","[7,5,4,6,3,2,1,0,8]",2
2158,ABC,"[0,1,1,1,0,0,1,1,1]","[2,3,8,0,6,4,1,7,5]",8
2159,BAC,"[0,1,1,1,1,0,1,0,0]","[7,3,1,2,6,0,5,8,4]",1
2160,CAB,"[0,0,1,1,1,0,0,0,0]","[5,0,3,2,6,8,1,7,4]",2
2161,BAC,"[0,1,0,1,0,1,1,1,1]","[0,2,6,8,5,4,3,7,1]",2
2162,BCA,"[0,0,1,1,1,1,1,1,0]","[3,0,7,5,4,8,6,2,1]",0
2163,ABC,"[1,0,1,0,1,0,0,0,1]","[3,0,7,8,4,2,1,6,5]",0
2164,CBA,"[1,1,1,0,1,1,0,0,0]","[4,3,7,5,0,1,2,8,6]",3
2165,ACB,"[1,0,0,0,0,1,0,1,1]","[6,4,2,3,1,7,0,8,5]",1
2166,BAC,"[0,0,0,1,0,1,1,0,0]","[0,2,5,8,6,4,1,3,7]",8
2167,ACB,"[0,0,1,1,0,0,1,0,0]","[6,8,4,1,3,0,7,5,2]",6
2168,CAB,"[1,0,1,0,1,0,1,0,1]","[0,2,6,8,1,3,4,5,7]",3
2169,BCA,"[1,0,1,1,1,0,1,0,0]","[7,1,6,4,5,2,3,8,0]",0
2170,ABC,"[1,0,1,1,0,1,1,1,0]","[8,4,0,1,7,3,2,5,6]",6
2171,CBA,"[0,0,1,0,1,0,0,0,0]","[3,0,8,2,5,4,6,7,1]",0
2172,BAC,"[0,1,0,1,0,0,0,1,0]","[0,8,6,4,7,5,2,3,1]",0
2173,CAB,"[1,0,0,0,0,0,0,1,1]","[7,8,6,5,2,1,3,0,4]",3
2174,BCA,"[1,1,0,1,0,0,1,1,0]","[0,1,2,8,4,6,5,3,7]",6
2175,CBA,"[0,0,0,1,0,0,0,1,0]","[4,1,0,5,8,3,7,6,2]",6
2176,ACB,"[0,0,0,1,1,1,1,1,1]","[0,4,3,5,7,8,1,2,6]",3
2177,ABC,"[0,0,0,0,0,0,0,1,1]","[7,5,6,4,3,1,0,2,8]",0
2178,BCA,"[0,0,0,1,1,1,0,0,1]","[1,2,3,4,7,0,8,5,6]",8
2179,CAB,"[1,1,0,1,0,1,0,0,1]","[8,5,0,2,7,1,3,4,6]",0
2180,CBA,"[0,0,0,1,0,1,0,0,1]","[3,6,5,0,7,8,1,4,2]",0
2181,ACB,"[1,1,0,1,1,1,0,1,0]","[6,0,1,8,2,4,7,5,3]",7
2182,ABC,"[1,1,0,0,1,0,1,0,0]","[2,3,5,6,8,0,1,4,7]",3
2183,BAC,"[1,0,0,1,0,1,0,1,0]","[2,0,8,1,7,3,4,6,5]",3
2184,BAC,"[0,0,1,0,1,1,1,1,0]","[7,3,5,8,4,6,2,1,0]",7
2185,BCA,"[0,1,1,0,1,1,1,0,1]","[5,0,3,2,8,7,6,4,1]",5
2186,ABC,"[1,1,1,0,0,0,0,0,1]","[3,0,6,4,7,1,8,5,2]",5
2187,CBA,"[0,0,1,1,1,1,0,1,0]","[6,8,4,3,2,1,7,5,0]",1
2188,CAB,"[1,0,1,0,0,0,0,1,0]","[0,6,3,5,7,2,4,8,1]",5
2189,ACB,"[0,1,0,1,0,0,1,1,1]","[6,3,8,0,2,5,4,1,7]",7
2190,CBA,"[1,1,0,1,1,1,0,0,0]","[5,3,1,6,7,4,8,0,2]",3
2191,CAB,"[0,1,0,0,0,0,0,0,1]","[7,5,0,6,3,2,1,4,8]",2
2192,BCA,"[0,1,1,1,1,1,1,0,1]","[0,6,5,1,2,4,7,8,3]",2
2193,ACB,"[1,0,0,0,1,1,1,1,0]","[7,4,8,0,5,3,6,2,1]",5
2194,ABC,"[0,1,1,1,0,0,1,1,0]","[3,8,6,4,7,5,2,1,0]",2
2195,BAC,"[0,0,0,0,0,0,0,0,1]","[5,1,2,3,4,8,6,7,0]",2
2196,BAC,"[0,1,0,0,0,1,0,1,0]","[1,7,3,0,5,4,6,8,2]",2
2197,CBA,"[0,0,0,1,1,1,0,1,1]","[4,3,8,0,2,5,7,1,6]",3
2198,ACB,"[1,1,1,1,1,0,0,1,1]","[7,8,0,3,6,4,1,2,5]",5
2199,CAB,"[0,1,0,1,0,1,1,1,1]","[0,7,6,3,8,1,5,2,4]",7
2200,BCA,"[0,0,0,0,0,1,1,0,0]","[6,5,8,0,3,7,2,4,1]",6
2201,ABC,"[0,0,1,1,1,1,0,0,1]","[2,6,7,5,3,4,1,0,8]",4
2202,BCA,"[0,1,1,0,0,1,1,1,1]","[7,1,3,2,5,0,6,8,4]",7
2203,CBA,"[1,1,1,1,1,0,1,1,1]","[1,7,5,0,4,6,2,3,8]",6
2204,BAC,"[1,1,0,1,1,0,0,0,1]","[8,6,5,4,1,7,3,0,2]",5
2205,ABC,"[0,1,0,1,0,0,1,0,0]","[1,6,5,8,0,7,3,4,2]",3
2206,ACB,"[0,1,1,0,1,0,0,0,0]","[8,6,2,4,0,1,5,7,3]",7
2207,CAB,"[1,0,0,1,1,1,1,1,1]","[2,0,3,7,6,5,1,4,8]",7
2208,BAC,"[0,0,1,1,0,0,0,0,0]","[6,5,3,2,1,0,8,4,7]",1
2209,ABC,"[1,0,0,0,1,0,1,0,0]","[5,0,6,8,2,3,4,1,7]",3
2210,CAB,"[0,0,0,0,1,1,1,1,0]","[5,3,2,8,7,4,1,6,0]",4
2211,ACB,"[0,1,0,0,1,0,1,0,0]","[6,4,7,1,3,5,0,8,2]",8
2212,CBA,"[0,1,0,1,0,1,1,1,1]","[3,1,6,8,2,0,4,5,7]",4
2213,BCA,"[1,0,0,1,0,0,1,0,1]","[5,4,6,2,7,0,8,3,1]",0
2214,BCA,"[0,0,0,0,0,0,0,0,0]","[5,1,6,7,2,0,8,4,3]",4
2215,BAC,"[1,0,0,0,1,1,1,1,0]","[4,3,2,8,7,6,0,1,5]",6
2216,ABC,"[0,1,0,0,1,0,1,1,0]","[2,7,5,3,8,6,1,4,0]",6
2217,CAB,"[1,0,1,0,1,0,0,1,0]","[8,1,2,7,3,6,4,5,0]",7
2218,ACB,"[0,0,1,0,0,1,0,1,1]","[8,1,6,2,0,4,5,3,7]",6
2219,CBA,"[0,1,1,0,1,1,1,0,1]","[0,5,3,6,1,7,4,2,8]",5
2220,BCA,"[1,0,1,0,0,0,0,0,1]","[2,1,5,8,7,3,4,6,0]",7
2221,ACB,"[0,1,0,0,0,0,0,0,1]","[4,3,6,2,5,7,0,8,1]",7
2222,BAC,"[1,1,0,1,1,1,0,1,0]","[8,0,2,3,5,6,7,1,4]",3
2223,CAB,"[0,1,1,0,0,1,1,0,1]","[3,7,5,2,6,4,0,8,1]",4
2224,CBA,"[1,1,0,1,1,1,0,1,0]","[5,2,0,4,3,1,6,7,8]",6
2225,ABC,"[1,0,0,0,1,1,1,0,0]","[4,6,1,7,8,0,5,3,2]",6
2226,BCA,"[1,1,1,1,1,0,0,1,1]","[3,6,7,5,8,1,0,2,4]",8
2227,ABC,"[0,1,0,1,0,1,0,1,0]","[7,2,8,0,4,3,5,1,6]",5
2228,ACB,"[1,1,0,1,0,0,0,1,1]","[0,6,3,1,2,8,5,7,4]",8
2229,BAC,"[0,1,0,1,1,1,0,1,1]","[2,4,5,3,8,0,6,7,1]",4
2230,CBA,"[1,0,1,0,1,0,1,1,1]","[8,0,5,1,6,3,4,7,2]",1
2231,CAB,"[0,0,1,0,0,1,1,1,1]","[4,5,0,7,8,3,1,6,2]",4
2232,BAC,"[0,1,0,0,1,1,1,1,1]","[5,6,0,1,8,4,2,3,7]",8
2233,CAB,"[1,0,1,1,0,0,0,1,1]","[5,4,6,3,0,7,1,8,2]",1
2234,BCA,"[0,1,1,0,1,1,0,1,1]","[6,5,7,3,4,0,1,2,8]",0
2235,ACB,"[1,0,0,0,0,1,1,0,1]","[3,5,1,2,0,4,7,6,8]",0
2236,CBA,"[0,0,0,0,0,0,1,0,0]","[4,3,5,2,7,8,0,1,6]",3
2237,ABC,"[0,0,1,1,0,1,0,0,0]","[6,4,3,5,7,0,8,1,2]",1
2238,ABC,"[0,1,1,0,1,0,1,0,0]","[2,3,8,7,6,0,4,1,5]",0
2239,BAC,"[1,1,1,1,1,1,1,0,1]","[8,6,1,0,7,3,5,2,4]",4
2240,BCA,"[0,0,0,1,1,1,1,0,1]","[4,8,0,7,1,3,6,5,2]",2
2241,CBA,"[1,0,0,0,0,0,0,1,0]","[6,7,8,1,5,4,0,3,2]",3
2242,ACB,"[1,0,0,1,1,1,1,1,1]","[0,7,3,5,6,8,1,2,4]",2
2243,CAB,"[0,0,0,1,0,0,0,0,1]","[3,6,1,8,5,0,4,2,7]",1
2244,CBA,"[0,1,1,1,1,0,1,0,1]","[3,4,2,8,5,1,0,7,6]",0
2245,ACB,"[0,1,0,0,1,1,1,1,1]","[6,3,7,0,2,5,8,4,1]",8
2246,BCA,"[0,0,1,1,1,0,1,0,0]","[2,8,3,5,6,4,1,0,7]",6
2247,ABC,"[0,0,0,0,1,1,1,1,1]","[3,8,1,0,2,5,4,6,7]",5
2248,CAB,"[0,0,0,0,0,0,0,1,1]","[4,0,6,5,2,8,3,7,1]",8
2249,BAC,"[1,0,0,0,0,0,1,0,1]","[6,4,7,5,2,0,8,1,3]",3
2250,BCA,"[1,1,1,0,1,0,1,1,1]","[8,7,3,6,4,1,0,5,2]",2
2251,ACB,"[1,0,1,1,1,1,0,0,0]","[2,6,0,8,5,7,3,1,4]",6
2252,CBA,"[1,0,0,0,1,0,0,1,1]","[1,8,5,7,2,4,6,0,3]",2
2253,ABC,"[1,1,0,1,0,1,0,0,0]","[1,5,4,8,0,6,7,2,3]",5
2254,CAB,"[0,1,0,0,1,0,1,0,0]","[5,6,0,2,1,3,8,4,7]",2
2255,BAC,"[0,1,1,0,1,1,1,0,0]","[3,0,6,7,2,1,4,5,8]",0
2256,ABC,"[1,0,0,1,1,1,1,0,1]","[2,8,6,5,4,0,1,3,7]",6
2257,CAB,"[0,1,0,1,1,0,1,1,0]","[8,3,4,7,6,2,5,0,1]",7
2258,BCA,"[1,0,0,0,1,0,0,1,1]","[0,8,6,7,1,3,4,2,5]",5
2259,BAC,"[0,1,0,0,1,1,0,0,1]","[2,0,7,1,6,3,4,8,5]",1
2260,CBA,"[1,0,0,1,1,0,1,0,0]","[1,0,8,2,5,7,4,3,6]",0
2261,ACB,"[1,0,0,0,1,0,1,0,1]","[3,7,4,5,0,2,6,1,8]",6
2262,BCA,"[0,0,0,0,1,0,0,0,1]","[2,6,7,8,1,5,3,4,0]",6
2263,ACB,"[0,1,1,0,0,0,1,0,0]","[2,4,3,0,6,1,8,7,5]",6
2264,BAC,"[1,1,0,1,0,1,1,1,1]","[1,3,5,0,8,2,6,7,4]",8
2265,ABC,"[0,0,1,1,1,1,1,0,1]","[3,6,7,8,0,2,5,4,1]",8
2266,CAB,"[0,1,1,1,1,0,0,1,1]","[0,3,8,1,6,5,2,4,7]",5
2267,CBA,"[0,0,0,1,1,0,0,1,1]","[5,8,0,4,3,1,7,6,2]",0
2268,BAC,"[1,1,1,1,1,1,1,1,1]","[4,7,5,0,1,2,6,8,3]",7
2269,CBA,"[0,1,1,0,1,1,1,1,1]","[6,8,1,0,4,7,5,2,3]",5
2270,CAB,"[1,1,1,0,1,1,1,1,1]","[4,8,3,7,1,5,2,6,0]",4
2271,BCA,"[1,0,1,0,1,0,0,1,1]","[5,0,6,2,4,3,1,8,7]",2
2272,ACB,"[0,0,0,1,0,1,0,0,0]","[0,5,4,7,2,6,1,3,8]",3
2273,ABC,"[0,1,1,1,1,1,1,0,1]","[2,6,4,0,8,7,1,5,3]",4
2274,ACB,"[1,0,1,0,0,0,0,0,0]","[6,4,7,2,8,1,3,0,5]",4
2275,BCA,"[1,1,0,0,1,1,1,1,1]","[5,7,6,8,2,1,0,4,3]",6
2276,CBA,"[0,1,1,0,1,1,1,1,0]","[8,5,6,7,1,4,2,0,3]",8
2277,CAB,"[0,1,1,1,0,1,1,0,1]","[7,2,4,8,3,1,6,5,0]",0
2278,BAC,"[0,0,0,0,0,0,1,1,1]","[1,4,8,7,2,0,6,5,3]",1
2279,ABC,"[0,1,0,0,0,0,0,1,0]","[2,7,5,8,4,3,6,1,0]",8
2280,ABC,"[0,0,0,0,1,0,1,1,0]","[5,8,2,1,3,4,7,6,0]",3
2281,CBA,"[1,0,0,1,0,1,1,1,0]","[4,0,5,3,1,8,7,2,6]",7
2282,BCA,"[1,1,0,1,1,0,0,1,1]","[6,7,8,4,2,1,0,5,3]",8
2283,BAC,"[1,0,0,0,0,1,1,1,0]","[6,2,5,0,1,4,8,3,7]",7
2284,ACB,"[0,0,1,1,1,1,0,0,0]","[5,7,4,2,6,8,0,1,3]",7
2285,CAB,"[0,1,1,1,1,1,1,0,1]","[3,0,5,8,4,7,2,6,1]",7
2286,CAB,"[0,1,0,1,0,0,1,0,0]","[6,2,1,0,3,7,8,4,5]",3
2287,CBA,"[0,0,0,0,0,1,1,1,1]","[7,6,1,0,2,8,3,4,5]",2
2288,BAC,"[1,0,1,0,1,0,0,1,0]","[4,2,6,8,0,5,1,7,3]",3
2289,ABC,"[1,0,0,1,0,1,1,0,1]","[7,3,8,2,0,6,5,1,4]",6
2290,BCA,"[1,0,0,0,0,0,1,1,0]","[2,1,7,0,5,6,4,3,8]",1
2291,ACB,"[0,1,1,0,1,1,0,0,1]","[0,3,1,8,5,4,7,2,6]",6
2292,ABC,"[1,1,0,0,1,1,1,1,0]","[7,3,4,2,8,1,5,0,6]",8
2293,ACB,"[1,0,1,0,0,1,0,1,1]","[6,4,7,8,1,2,5,3,0]",2
2294,CAB,"[0,1,1,1,0,1,1,0,1]","[6,0,5,2,8,4,3,1,7]",1
2295,BAC,"[0,0,0,0,1,1,0,0,0]","[0,5,6,8,1,2,3,7,4]",1
2296,CBA,"[1,1,1,0,1,1,1,1,1]","[8,6,2,3,4,0,5,1,7]",1
2297,BCA,"[0,0,0,1,0,0,1,1,0]","[3,1,8,6,0,5,4,2,7]",2
2298,CAB,"[1,1,0,1,1,1,0,0,0]","[8,0,5,2,6,3,1,4,7]",3
2299,CBA,"[1,1,0,1,0,0,0,1,0]","[0,3,5,4,2,8,6,1,7]",8
2300,ACB,"[0,0,0,0,1,1,1,1,0]","[2,1,4,7,0,6,8,5,3]",6
2301,BAC,"[0,0,1,0,0,1,0,1,0]","[5,0,7,4,1,8,6,3,2]",0
2302,ABC,"[0,1,0,0,0,1,0,1,0]","[5,0,3,8,6,1,4,2,7]",5
2303,BCA,"[1,1,1,1,1,1,0,0,1]","[5,3,8,7,6,4,2,1,0]",5
2304,BCA,"[0,0,1,1,0,0,0,1,1]","[4,5,7,8,3,0,6,1,2]",5
2305,CAB,"[0,1,0,1,0,1,1,1,1]","[6,0,3,5,1,2,4,7,8]",7
2306,BAC,"[0,0,0,1,0,1,1,1,1]","[3,1,8,0,5,7,2,6,4]",1
2307,ABC,"[1,0,0,1,0,1,0,1,1]","[4,5,3,6,8,7,0,1,2]",1
2308,CBA,"[0,1,1,1,1,0,0,0,0]","[8,4,0,3,2,6,7,5,1]",0
2309,ACB,"[0,0,0,0,0,0,1,0,0]","[2,8,0,4,6,3,5,7,1]",5
2310,CAB,"[0,0,0,0,1,1,1,0,1]","[3,6,1,2,5,7,0,4,8]",5
2311,ABC,"[1,1,0,1,1,0,0,1,1]","[3,4,0,6,2,7,8,1,5]",2
2312,ACB,"[1,1,0,0,1,1,0,0,0]","[7,6,8,5,2,0,3,4,1]",3
2313,BCA,"[0,1,0,0,1,1,0,0,1]","[3,1,5,7,0,8,2,4,6]",6
2314,CBA,"[0,1,1,0,1,0,0,0,0]","[6,5,0,2,7,1,3,4,8]",4
2315,BAC,"[0,1,1,0,1,0,1,0,1]","[5,6,8,3,1,7,2,4,0]",0
2316,ABC,"[1,0,0,0,1,0,0,1,1]","[7,2,6,3,1,0,5,8,4]",1
2317,BAC,"[1,1,0,1,1,0,1,1,0]","[0,2,3,1,8,4,6,5,7]",8
2318,ACB,"[0,1,0,0,1,1,0,1,0]","[2,4,0,8,3,6,1,5,7]",8
2319,CBA,"[1,0,1,1,0,1,1,0,0]","[2,0,3,4,8,6,7,5,1]",2
2320,CAB,"[1,1,0,1,1,1,0,1,0]","[4,1,5,3,6,7,2,8,0]",5
2321,BCA,"[1,1,1,1,0,1,0,1,1]","[8,0,5,1,2,7,6,3,4]",5
2322,BCA,"[1,1,1,1,1,1,0,1,0]","[8,2,7,0,1,5,6,3,4]",6
2323,ABC,"[0,1,1,0,1,0,0,0,0]","[7,0,4,3,6,1,2,8,5]",2
2324,CBA,"[0,1,1,0,0,1,0,0,1]","[5,6,4,8,7,0,2,3,1]",4
2325,BAC,"[1,0,0,1,1,1,0,1,1]","[7,5,1,2,8,3,6,0,4]",0
2326,CAB,"[0,0,1,0,1,0,0,1,0]","[4,8,1,0,6,5,7,2,3]",1
2327,ACB,"[1,0,1,0,0,1,1,1,0]","[4,3,5,6,0,8,7,1,2]",5
2328,CBA,"[0,0,1,1,1,1,0,1,1]","[2,0,4,1,6,7,8,5,3]",1
2329,CAB,"[1,0,0,1,1,1,0,0,0]","[2,0,6,7,3,4,1,8,5]",5
2330,ACB,"[0,0,0,1,0,0,1,1,1]","[3,8,7,4,5,0,1,6,2]",0
2331,BCA,"[1,0,1,0,0,0,1,0,0]","[8,7,1,3,0,6,2,4,5]",4
2332,BAC,"[1,1,1,1,0,0,1,0,1]","[0,1,6,8,5,4,2,3,7]",1
2333,ABC,"[1,0,1,0,0,1,1,0,1]","[6,2,8,4,7,5,0,3,1]",4
2334,CBA,"[0,1,1,1,0,1,1,0,1]","[1,7,5,4,8,0,2,3,6]",6
2335,ABC,"[0,1,1,1,1,1,0,1,0]","[2,8,3,1,0,4,6,5,7]",2
2336,ACB,"[1,0,0,1,1,1,1,1,1]","[1,6,7,0,2,4,3,8,5]",6
2337,CAB,"[1,1,1,0,1,1,1,0,1]","[5,3,6,4,8,1,2,7,0]",8
2338,BCA,"[0,1,1,1,1,1,1,0,0]","[6,7,0,4,3,5,2,8,1]",2
2339,BAC,"[0,0,0,1,0,1,0,0,0]","[0,1,8,2,5,6,3,7,4]",8
2340,ABC,"[1,1,1,0,0,0,1,0,0]","[7,6,3,2,8,0,4,5,1]",0
2341,BCA,"[1,1,1,1,0,0,0,1,0]","[5,3,8,7,1,4,0,2,6]",2
2342,CBA,"[1,1,1,0,1,0,0,0,1]","[0,4,3,5,1,6,8,2,7]",5
2343,BAC,"[0,0,1,0,1,0,1,0,1]","[2,7,5,6,8,0,3,4,1]",3
2344,ACB,"[1,0,0,0,0,0,0,0,0]","[5,2,6,1,7,4,3,8,0]",5
2345,CAB,"[0,1,0,0,1,0,0,1,1]","[2,5,8,0,1,6,4,3,7]",0
2346,BCA,"[0,1,1,1,1,1,0,1,1]","[8,6,7,5,2,4,3,0,1]",4
2347,CAB,"[1,1,1,0,1,1,0,1,0]","[2,4,8,5,3,7,6,0,1]",1
2348,BAC,"[0,0,1,1,1,0,0,1,0]","[8,5,4,1,3,7,0,6,2]",7
2349,ABC,"[1,1,0,1,0,0,1,1,1]","[5,7,0,1,3,8,6,2,4]",6
2350,ACB,"[1,0,0,0,0,1,1,0,1]","[5,6,2,0,4,3,1,8,7]",7
2351,CBA,"[0,1,1,1,0,1,0,0,1]","[8,5,2,6,1,7,4,0,3]",6
2352,ABC,"[1,0,0,1,0,1,0,0,1]","[2,1,8,3,5,4,0,7,6]",8
2353,ACB,"[0,0,0,0,1,0,0,1,0]","[8,6,4,2,7,5,0,1,3]",6
2354,BCA,"[1,0,1,1,0,1,1,0,0]","[8,3,4,2,5,1,6,7,0]",1
2355,BAC,"[0,0,1,1,0,1,1,0,1]","[5,2,1,4,6,8,3,0,7]",4
2356,CAB,"[0,1,0,0,0,0,1,1,0]","[0,3,4,8,2,6,5,1,7]",0
2357,CBA,"[0,0,0,0,0,0,0,0,1]","[7,3,8,4,6,2,0,5,1]",0
2358,ABC,"[0,1,1,0,0,0,0,0,0]","[0,2,5,8,1,7,4,6,3]",6
2359,CAB,"[1,1,0,0,1,0,0,0,0]","[6,3,8,0,5,2,1,4,7]",5
2360,ACB,"[1,1,0,1,0,0,1,0,0]","[6,3,0,4,5,7,2,1,8]",7
2361,BAC,"[0,1,0,1,1,0,0,0,0]","[2,6,5,4,1,3,8,7,0]",3
2362,BCA,"[1,0,0,1,1,0,0,1,1]","[0,3,1,8,4,6,7,2,5]",6
2363,CBA,"[0,1,1,1,0,0,1,0,1]","[5,0,1,6,7,4,3,2,8]",6
2364,ABC,"[1,1,0,0,1,1,0,0,0]","[0,6,7,1,2,4,8,3,5]",1
2365,CAB,"[1,1,1,1,0,0,0,1,1]","[0,5,1,7,8,6,4,2,3]",8
2366,BAC,"[0,0,0,0,0,1,1,0,1]","[4,0,1,3,7,8,5,6,2]",8
2367,ACB,"[0,1,0,1,0,0,1,1,0]","[6,2,1,3,8,0,5,4,7]",2
2368,BCA,"[1,0,0,0,1,1,1,0,1]","[6,0,3,1,5,8,2,4,7]",7
2369,CBA,"[0,0,1,1,0,1,1,1,0]","[7,3,0,1,4,6,8,5,2]",4
2370,BCA,"[1,1,1,1,1,1,1,0,1]","[2,0,5,3,8,1,4,6,7]",7
2371,BAC,"[0,1,1,1,1,0,1,1,0]","[3,5,7,4,1,6,2,0,8]",6
2372,ABC,"[0,0,0,0,0,0,0,1,1]","[4,0,8,1,5,2,6,7,3]",2
2373,CAB,"[1,0,0,0,1,0,0,1,0]","[3,8,1,6,0,4,5,2,7]",4
2374,CBA,"[1,1,1,1,0,0,1,0,1]","[3,5,4,0,6,1,7,8,2]",1
2375,ACB,"[1,1,1,0,0,0,0,1,1]","[2,3,6,4,7,0,5,8,1]",8
2376,ACB,"[0,0,1,0,1,1,1,1,1]","[8,1,0,4,2,3,7,6,5]",8
2377,BAC,"[1,0,1,0,1,1,0,1,1]","[5,4,7,1,2,3,8,0,6]",6
2378,BCA,"[0,0,0,1,1,0,0,1,1]","[6,3,5,7,0,4,2,8,1]",7
2379,CAB,"[0,1,1,1,0,0,1,1,0]","[0,4,8,2,7,6,3,5,1]",3
2380,ABC,"[0,0,0,0,1,1,1,1,0]","[2,1,0,4,6,8,3,5,7]",3
2381,CBA,"[1,1,0,1,0,0,0,0,1]","[6,0,7,1,3,4,8,5,2]",2
2382,ACB,"[1,1,0,1,1,1,0,1,1]","[4,6,1,7,3,5,2,8,0]",2
2383,BAC,"[1,1,0,0,1,0,1,0,0]","[8,2,3,1,7,0,4,6,5]",7
2384,CAB,"[1,1,1,0,1,1,0,1,0]","[1,3,7,5,8,0,4,6,2]",7
2385,ABC,"[1,1,0,1,0,1,1,1,1]","[4,0,7,6,1,3,8,5,2]",3
2386,CBA,"[0,1,0,0,0,1,1,0,0]","[1,2,7,3,5,8,0,6,4]",0
2387,BCA,"[0,0,0,0,1,0,0,0,0]","[1,5,0,8,7,6,3,4,2]",8
2388,CAB,"[0,1,1,0,1,1,1,1,1]","[7,3,5,8,6,4,2,0,1]",0
2389,BAC,"[0,1,0,0,0,1,0,0,1]","[4,8,5,2,3,7,1,0,6]",0
2390,ABC,"[0,1,1,1,1,0,0,1,0]","[3,4,6,0,1,5,8,7,2]",2
2391,ACB,"[1,1,1,1,1,0,0,0,0]","[6,7,0,1,5,4,3,2,8]",5
2392,CBA,"[0,1,1,0,1,0,0,0,0]","[4,8,7,5,3,2,0,1,6]",5
2393,BCA,"[0,1,1,1,0,1,0,1,1]","[0,1,4,2,8,5,6,7,3]",7
2394,CBA,"[1,1,1,0,1,1,1,0,1]","[3,2,5,6,4,7,0,1,8]",0
2395,BAC,"[0,0,0,1,0,1,1,1,1]","[4,6,5,0,8,1,7,3,2]",8
2396,ABC,"[0,1,0,0,0,0,1,1,0]","[0,2,4,5,8,1,6,3,7]",2
2397,CAB,"[0,1,0,1,0,0,1,0,0]","[8,5,0,2,4,7,3,6,1]",0
2398,ACB,"[0,1,1,0,0,0,1,1,0]","[1,7,8,4,0,2,6,3,5]",8
2399,BCA,"[1,0,0,1,1,1,0,0,0]","[7,5,0,6,8,1,3,4,2]",1
2400,BAC,"[0,0,0,1,1,1,0,0,1]","[2,0,1,4,3,6,7,8,5]",4
2401,CAB,"[1,1,0,1,0,0,1,0,1]","[0,7,3,1,4,8,5,6,2]",0
2402,BCA,"[0,0,1,1,1,1,0,0,0]","[2,1,3,8,4,5,7,0,6]",7
2403,CBA,"[1,1,0,0,0,1,0,1,0]","[7,6,8,2,4,3,1,0,5]",2
2404,ABC,"[1,0,1,1,0,1,1,0,1]","[1,2,4,8,3,7,0,6,5]",0
2405,ACB,"[1,1,0,0,0,0,1,1,0]","[0,1,2,4,5,3,6,7,8]",2
2406,BCA,"[0,1,0,1,1,1,0,0,1]","[3,6,1,0,2,4,8,5,7]",8
2407,CBA,"[1,0,0,0,1,0,0,1,0]","[8,0,4,5,7,1,3,6,2]",7
2408,ACB,"[1,0,1,1,1,0,1,1,0]","[1,3,4,5,2,0,8,6,7]",5
2409,BAC,"[1,1,1,1,0,0,0,0,1]","[7,8,0,5,4,2,3,6,1]",1
2410,ABC,"[1,1,0,1,1,1,1,1,0]","[3,8,2,4,1,6,7,5,0]",7
2411,CAB,"[1,0,1,1,0,1,0,1,0]","[6,4,0,3,7,5,2,8,1]",0
2412,BAC,"[0,0,1,1,0,1,1,1,1]","[0,6,2,3,5,4,7,1,8]",4
2413,ACB,"[0,1,0,0,1,1,0,0,1]","[2,7,6,5,1,3,8,4,0]",5
2414,CAB,"[0,0,1,1,1,1,0,0,1]","[7,8,6,3,4,5,2,1,0]",1
2415,BCA,"[0,0,0,0,0,1,1,0,1]","[6,0,2,7,8,1,3,4,5]",1
2416,CBA,"[1,0,1,1,0,0,0,1,1]","[4,8,2,1,5,3,0,7,6]",3
2417,ABC,"[0,0,0,0,1,1,1,1,0]","[4,1,6,8,2,0,5,3,7]",8
2418,CAB,"[0,1,1,0,1,0,1,1,0]","[2,4,5,7,8,6,1,0,3]",7
2419,BAC,"[1,0,0,0,0,1,0,0,0]","[0,7,8,5,1,3,6,4,2]",6
2420,CBA,"[0,1,1,0,0,0,0,0,0]","[7,0,1,6,2,4,5,3,8]",8
2421,ABC,"[0,1,1,0,1,0,0,0,1]","[0,6,7,8,5,4,2,3,1]",1
2422,BCA,"[1,0,1,1,1,1,1,0,1]","[6,0,1,3,7,5,4,8,2]",8
2423,ACB,"[0,0,1,1,1,0,0,1,1]","[6,0,1,3,4,5,7,2,8]",1
2424,BCA,"[1,1,0,0,1,0,0,0,0]","[2,6,3,7,1,5,8,4,0]",5
2425,ACB,"[0,0,1,1,1,1,1,0,0]","[0,6,1,7,8,3,4,5,2]",6
2426,BAC,"[1,1,0,0,0,0,1,1,1]","[8,7,5,4,1,0,6,2,3]",6
2427,CBA,"[1,0,0,1,0,0,0,0,1]","[6,5,2,8,0,1,4,7,3]",7
2428,CAB,"[0,0,1,0,0,0,0,1,0]","[7,3,4,6,0,1,2,5,8]",1
2429,ABC,"[1,0,1,1,1,0,1,0,0]","[1,8,6,3,7,0,4,2,5]",6
2430,BAC,"[1,1,1,1,0,1,1,0,1]","[4,7,8,3,2,6,1,0,5]",2
2431,ACB,"[0,0,0,1,1,0,1,0,1]","[6,3,8,0,4,7,5,1,2]",0
2432,BCA,"[0,0,0,1,0,0,0,1,0]","[6,1,2,5,3,7,4,0,8]",2
2433,CBA,"[0,0,1,1,0,0,1,0,0]","[5,1,4,2,6,7,3,8,0]",4
2434,CAB,"[1,0,0,1,0,0,0,1,0]","[1,4,0,5,2,6,7,8,3]",8
2435,ABC,"[0,1,1,0,0,0,1,1,0]","[2,8,0,6,1,5,4,7,3]",8
2436,CBA,"[0,0,0,1,0,0,0,0,0]","[1,8,6,2,4,3,7,5,0]",1
2437,ACB,"[1,0,1,1,1,1,0,1,1]","[1,6,8,7,0,5,2,3,4]",0
2438,CAB,"[0,1,0,0,0,1,0,0,1]","[4,8,2,1,0,7,3,5,6]",0
2439,BCA,"[0,1,1,0,0,1,0,1,1]","[8,1,7,2,6,3,4,0,5]",1
2440,ABC,"[1,0,0,0,1,1,0,0,0]","[0,3,7,1,6,4,8,2,5]",4
2441,BAC,"[0,1,0,1,1,1,0,0,1]","[7,3,6,2,0,4,8,1,5]",4
2442,ACB,"[1,0,1,1,1,0,0,0,0]","[7,2,5,8,1,0,6,4,3]",8
2443,ABC,"[0,1,1,1,0,1,0,0,1]","[1,0,8,2,4,3,6,5,7]",6
2444,CBA,"[1,0,1,0,1,0,1,1,1]","[1,7,6,0,8,5,4,2,3]",1
2445,CAB,"[0,1,0,0,1,1,1,0,1]","[5,3,2,0,4,6,8,1,7]",6
2446,BCA,"[0,0,1,0,1,0,0,1,0]","[6,3,7,0,2,5,1,4,8]",7
2447,BAC,"[1,0,0,0,0,1,1,0,1]","[7,3,8,0,5,6,1,2,4]",1
2448,ABC,"[1,0,0,1,1,1,1,0,1]","[8,1,5,6,4,2,3,7,0]",1
2449,BCA,"[1,1,1,0,1,0,1,0,1]","[8,7,3,0,2,4,1,6,5]",7
2450,CAB,"[1,0,0,1,0,1,1,0,0]","[1,2,8,3,5,7,0,4,6]",5
2451,CBA,"[0,0,1,0,1,0,1,0,0]","[0,8,6,1,5,4,2,7,3]",1
2452,ACB,"[1,0,0,1,0,1,0,0,0]","[3,6,7,1,0,5,8,4,2]",4
2453,BAC,"[1,1,1,1,1,0,1,1,0]","[0,5,2,1,8,6,4,3,7]",0
2454,BAC,"[0,1,1,1,1,1,1,0,1]","[6,5,3,4,0,2,1,7,8]",0
2455,ABC,"[0,0,1,0,1,1,1,1,0]","[1,0,4,7,2,6,8,3,5]",5
2456,CBA,"[1,1,1,1,0,1,1,1,0]","[2,5,3,6,7,8,0,4,1]",4
2457,BCA,"[0,1,0,0,1,1,1,1,0]","[3,8,7,6,0,2,1,4,5]",3
2458,ACB,"[1,0,1,0,1,0,1,1,1]","[1,5,6,3,4,2,7,8,0]",8
2459,CAB,"[1,1,0,0,0,0,1,0,0]","[2,7,3,0,5,1,6,8,4]",6
2460,ABC,"[1,0,1,1,0,1,0,1,1]","[7,0,1,6,2,3,5,8,4]",5
2461,BAC,"[1,0,0,1,0,0,0,1,0]","[6,8,5,4,3,2,7,1,0]",2
2462,ACB,"[1,0,1,1,0,0,1,0,1]","[5,1,4,2,6,7,3,8,0]",3
2463,CBA,"[1,1,1,0,1,1,0,0,1]","[3,5,4,6,1,0,7,8,2]",2
2464,BCA,"[0,1,0,1,0,1,0,1,0]","[1,6,8,2,7,0,3,4,5]",7
2465,CAB,"[0,1,0,0,1,0,0,0,1]","[1,6,5,7,2,0,4,3,8]",5
2466,BCA,"[1,0,1,0,0,0,0,0,1]","[6,2,5,7,0,3,1,4,8]",6
2467,ABC,"[0,1,1,0,1,0,0,0,0]","[5,2,7,1,3,8,6,4,0]",1
2468,CBA,"[1,1,0,1,0,1,0,1,1]","[0,4,5,3,8,1,7,2,6]",7
2469,CAB,"[0,1,1,0,0,1,0,1,1]","[2,8,0,6,3,7,5,4,1]",8
2470,ACB,"[0,0,0,1,1,0,0,0,0]","[7,1,0,6,3,8,5,2,4]",1
2471,BAC,"[0,0,1,1,0,0,1,1,1]","[0,4,3,2,1,6,8,7,5]",1
2472,CAB,"[0,0,0,0,0,0,1,0,1]","[7,5,2,1,8,3,4,6,0]",6
2473,BCA,"[0,0,1,0,0,1,1,0,0]","[8,3,4,5,0,7,6,1,2]",3
2474,ABC,"[1,0,0,0,0,0,1,0,0]","[1,4,7,8,5,0,3,6,2]",0
2475,ACB,"[1,1,0,1,1,1,0,0,1]","[6,4,5,8,0,3,2,7,1]",3
2476,CBA,"[0,0,0,1,1,0,0,1,1]","[8,4,1,2,7,0,5,6,3]",4
2477,BAC,"[0,0,1,0,1,0,0,1,1]","[6,7,0,4,3,5,8,2,1]",7
2478,BAC,"[1,0,0,0,1,1,0,1,0]","[3,6,0,1,8,5,4,2,7]",2
2479,ABC,"[0,1,1,0,0,0,0,1,0]","[1,0,8,5,3,6,2,4,7]",7
2480,CBA,"[0,1,0,0,1,1,0,1,1]","[2,0,1,7,8,3,6,4,5]",2
2481,ACB,"[0,1,1,1,1,0,1,0,1]","[0,4,8,3,6,7,1,5,2]",0
2482,CAB,"[1,1,1,0,1,1,1,1,0]","[7,3,6,1,8,2,5,4,0]",2
2483,BCA,"[1,1,1,0,1,1,1,0,0]","[2,5,1,3,4,8,6,0,7]",0
2484,CBA,"[1,1,0,1,1,0,0,0,0]","[2,7,5,1,6,4,3,0,8]",2
2485,ABC,"[0,0,0,1,0,0,0,1,1]","[7,6,8,1,4,2,5,3,0]",8
2486,BCA,"[0,0,1,1,1,1,0,0,0]","[1,5,6,2,8,3,0,7,4]",5
2487,BAC,"[1,0,0,0,1,0,0,1,1]","[6,5,0,1,2,8,4,7,3]",5
2488,ACB,"[0,1,0,1,1,0,1,0,1]","[0,6,7,5,4,8,2,3,1]",4
2489,CAB,"[0,0,1,0,0,1,1,0,1]","[7,3,6,8,4,0,1,5,2]",8
2490,BAC,"[1,0,1,1,1,0,1,0,1]","[5,7,4,8,0,3,6,2,1]",8
2491,BCA,"[1,0,0,0,1,1,0,0,1]","[5,1,0,4,6,2,8,7,3]",8
2492,CBA,"[0,1,1,0,0,1,0,0,1]","[7,1,3,5,4,0,6,8,2]",6
2493,CAB,"[1,0,1,0,1,1,1,0,1]","[5,6,3,2,4,0,8,1,7]",4
2494,ACB,"[1,0,1,0,0,0,0,0,1]","[1,0,4,8,5,3,2,6,7]",7
2495,ABC,"[1,0,0,1,0,0,1,1,0]","[1,6,5,0,2,8,7,3,4]",8
2496,CAB,"[0,0,1,0,1,1,1,0,0]","[7,5,1,8,0,2,6,4,3]",8
2497,CBA,"[0,0,1,1,1,1,1,0,1]","[7,8,6,1,5,4,2,0,3]",2
2498,ACB,"[1,0,1,1,0,1,1,0,1]","[2,6,3,7,5,4,0,8,1]",0
2499,BCA,"[0,1,0,0,1,1,1,0,1]","[7,1,6,4,0,2,3,8,5]",1
2500,ABC,"[1,1,0,0,1,0,0,1,1]","[0,5,1,4,2,3,8,7,6]",7
2501,BAC,"[1,1,0,0,1,1,1,1,0]","[1,0,4,7,6,5,8,3,2]",1
2502,CAB,"[1,1,0,0,0,1,1,1,1]","[6,2,4,5,1,3,8,7,0]",7
2503,BCA,"[0,0,1,0,1,0,0,0,1]","[2,7,4,3,8,1,0,6,5]",7
2504,CBA,"[0,1,0,1,0,0,0,0,0]","[6,3,4,1,8,5,2,0,7]",6
2505,ABC,"[0,1,1,1,1,1,1,0,1]","[8,2,5,7,0,4,3,1,6]",2
2506,BAC,"[0,0,1,0,1,0,1,0,0]","[6,3,2,1,5,7,0,4,8]",1
2507,ACB,"[0,1,0,1,0,0,1,1,1]","[8,7,6,5,1,3,2,0,4]",4
2508,ACB,"[0,1,1,1,1,1,0,0,1]","[7,3,1,4,2,6,5,0,8]",7
2509,CBA,"[0,1,0,1,1,0,0,0,0]","[7,6,2,1,0,8,5,4,3]",3
2510,BAC,"[1,1,1,1,0,0,1,1,1]","[3,8,2,6,0,1,7,5,4]",6
2511,ABC,"[1,0,1,0,1,0,1,1,1]","[6,0,4,3,7,1,5,8,2]",5
2512,BCA,"[1,1,0,0,1,0,0,1,0]","[8,0,7,1,3,5,6,4,2]",4
2513,CAB,"[1,1,0,1,1,0,1,0,0]","[3,7,5,0,8,2,4,1,6]",5
2514,CAB,"[0,1,1,0,0,1,1,1,0]","[1,5,2,7,6,8,3,4,0]",8
2515,BAC,"[1,1,1,0,0,0,0,0,0]","[7,8,4,6,2,1,5,3,0]",2
2516,ACB,"[0,1,1,0,0,0,0,1,1]","[8,4,7,0,2,1,5,3,6]",5
2517,CBA,"[0,0,0,0,1,1,0,0,1]","[6,5,7,2,3,1,4,0,8]",6
2518,ABC,"[1,1,1,1,0,1,0,1,1]","[7,1,2,5,4,6,8,3,0]",3
2519,BCA,"[1,0,0,0,0,0,1,1,1]","[4,2,3,8,1,0,5,7,6]",4
2520,BAC,"[0,1,0,1,1,0,1,1,1]","[8,2,0,7,3,1,4,5,6]",5
2521,CAB,"[1,0,1,1,0,0,1,1,0]","[5,4,1,7,2,6,8,3,0]",5
2522,BCA,"[1,1,0,1,0,0,1,0,0]","[5,3,4,7,8,0,2,1,6]",0
2523,CBA,"[1,0,0,0,0,0,0,1,0]","[4,2,5,1,8,3,7,0,6]",4
2524,ABC,"[0,1,0,1,0,0,1,0,1]","[3,6,0,1,5,4,7,8,2]",2
2525,ACB,"[1,1,1,0,0,0,0,1,1]","[3,0,2,8,7,1,5,4,6]",0
2526,ACB,"[1,1,0,1,1,1,1,1,0]","[8,6,7,3,2,1,4,0,5]",6
2527,ABC,"[0,0,1,1,0,1,0,1,1]","[0,4,3,7,5,8,2,1,6]",4
2528,CAB,"[0,0,0,0,1,0,1,1,1]","[5,1,7,8,6,3,0,4,2]",8
2529,CBA,"[0,0,1,1,1,0,1,1,1]","[4,8,5,3,6,1,7,0,2]",7
2530,BAC,"[0,0,0,1,0,0,1,0,1]","[3,5,7,0,2,1,8,4,6]",2
2531,BCA,"[0,0,0,0,1,1,1,1,1]","[7,8,1,0,3,5,6,4,2]",6
2532,BCA,"[0,0,0,1,1,1,1,1,0]","[6,7,8,2,1,5,4,3,0]",1
2533,CAB,"[1,1,1,1,1,1,1,0,0]","[3,6,0,2,4,7,1,8,5]",5
2534,BAC,"[0,1,1,1,1,1,0,1,1]","[8,3,2,4,0,5,7,6,1]",0
2535,CBA,"[0,0,0,1,1,0,0,0,0]","[5,1,7,6,8,4,0,2,3]",3
2536,ACB,"[1,0,1,1,0,1,1,1,0]","[0,6,8,5,2,1,3,4,7]",3
2537,ABC,"[1,1,1,0,0,1,1,1,0]","[5,1,3,6,0,7,8,2,4]",0
2538,ACB,"[0,1,1,1,0,1,0,0,0]","[4,1,3,8,5,0,6,7,2]",1
2539,BCA,"[0,1,0,1,0,1,1,1,0]","[8,7,3,4,6,2,5,0,1]",3
2540,ABC,"[1,0,0,0,1,0,1,0,1]","[8,7,0,6,1,2,4,5,3]",0
2541,BAC,"[0,1,0,1,1,0,0,0,1]","[2,0,6,4,3,1,5,8,7]",6
2542,CAB,"[0,0,0,0,0,1,0,1,0]","[6,7,5,0,8,2,4,3,1]",0
2543,CBA,"[1,0,1,0,0,0,0,0,1]","[1,3,2,0,7,6,8,5,4]",1
2544,ABC,"[1,1,1,1,0,0,1,0,0]","[6,0,1,5,2,4,3,8,7]",4
2545,BAC,"[1,1,1,1,1,0,1,1,0]","[8,7,3,6,5,2,1,4,0]",7
2546,CBA,"[1,1,1,1,0,1,1,0,0]","[5,8,7,2,4,1,3,0,6]",4
2547,ACB,"[0,1,1,0,0,0,1,1,1]","[7,8,1,4,6,5,3,2,0]",1
2548,CAB,"[1,1,1,0,0,1,1,1,1]","[1,8,7,5,2,0,6,4,3]",8
2549,BCA,"[0,0,0,0,0,1,1,1,1]","[4,5,6,8,7,0,1,2,3]",4
2550,BAC,"[1,0,0,0,1,1,1,0,0]","[3,2,1,4,7,5,8,6,0]",4
2551,CAB,"[1,1,1,0,0,0,0,1,0]","[3,1,5,8,4,0,2,7,6]",8
2552,CBA,"[0,1,0,0,0,0,1,1,0]","[8,2,5,6,7,1,3,0,4]",8
2553,ABC,"[0,1,0,0,0,1,0,0,0]","[2,0,8,6,4,7,3,1,5]",0
2554,BCA,"[0,0,1,1,1,0,1,0,0]","[4,3,8,7,2,1,6,5,0]",0
2555,ACB,"[1,0,1,1,1,1,1,1,0]","[7,4,2,0,3,6,1,5,8]",5
2556,BAC,"[1,1,0,1,0,0,0,1,0]","[1,6,0,8,5,4,3,2,7]",6
2557,ACB,"[0,1,0,0,0,0,1,1,1]","[4,6,8,5,0,3,2,1,7]",4
2558,CBA,"[0,1,1,1,0,0,0,1,0]","[2,3,1,0,4,7,6,8,5]",4
2559,CAB,"[1,0,0,0,1,0,1,1,1]","[2,7,6,4,8,3,1,0,5]",5
2560,ABC,"[1,1,0,1,1,0,1,1,0]","[0,1,4,8,7,6,5,3,2]",2
2561,BCA,"[1,1,1,1,1,1,1,0,0]","[8,2,4,7,3,0,5,1,6]",7
2562,BAC,"[1,0,0,1,1,1,1,1,0]","[0,7,8,6,2,5,1,3,4]",5
2563,ACB,"[0,0,1,1,0,0,0,0,0]","[3,2,5,1,4,8,6,0,7]",7
2564,BCA,"[0,1,1,0,1,0,0,0,1]","[2,4,5,6,7,3,0,8,1]",0
2565,CBA,"[1,0,0,1,0,1,0,1,1]","[5,8,4,0,2,6,7,1,3]",0
2566,CAB,"[0,1,0,1,1,0,1,1,0]","[3,0,1,5,7,4,2,6,8]",7
2567,ABC,"[1,1,0,1,1,1,1,0,1]","[8,7,5,3,1,4,0,6,2]",1
2568,BAC,"[0,1,0,0,1,1,1,1,1]","[6,4,2,8,7,5,3,1,0]",4
2569,ABC,"[1,0,1,1,0,1,1,1,1]","[5,1,0,4,3,8,7,2,6]",8
2570,BCA,"[1,0,1,0,0,1,1,1,0]","[1,8,5,3,2,6,7,0,4]",7
2571,ACB,"[0,0,1,0,0,0,0,0,1]","[5,1,7,8,6,4,2,3,0]",2
2572,CBA,"[0,1,1,0,0,0,1,1,1]","[2,0,7,3,6,8,5,1,4]",6
2573,CAB,"[1,1,1,0,0,1,0,0,1]","[1,8,2,5,4,3,7,6,0]",3
2574,ACB,"[0,0,1,1,0,0,0,0,1]","[6,2,1,0,5,7,4,3,8]",2
2575,BAC,"[0,0,0,0,0,1,1,0,1]","[4,7,2,5,0,8,3,6,1]",6
2576,BCA,"[0,0,0,0,0,1,0,1,1]","[8,7,1,6,2,5,0,4,3]",2
2577,CAB,"[0,0,0,1,1,0,1,0,0]","[2,1,3,0,4,6,8,5,7]",3
2578,CBA,"[0,1,0,1,1,0,0,1,0]","[3,2,7,8,0,4,1,5,6]",3
2579,ABC,"[1,0,1,1,0,1,1,0,0]","[8,7,0,6,3,5,2,4,1]",0
2580,ABC,"[1,1,1,1,1,1,0,0,1]","[2,6,0,7,8,1,4,3,5]",5
2581,BCA,"[0,1,1,0,1,1,0,0,1]","[2,5,4,7,3,1,0,8,6]",6
2582,CBA,"[0,0,1,0,1,1,0,0,0]","[5,8,4,7,1,0,2,6,3]",2
2583,ACB,"[1,1,0,0,0,0,0,0,1]","[7,1,4,8,0,2,6,3,5]",0
2584,BAC,"[0,0,0,0,0,1,0,0,1]","[0,7,8,5,1,6,3,4,2]",7
2585,CAB,"[0,0,1,0,0,0,1,1,1]","[8,4,1,2,7,3,0,6,5]",1
2586,ACB,"[1,1,0,1,1,1,0,0,1]","[5,6,0,8,3,7,4,2,1]",5
2587,CBA,"[1,1,1,0,0,1,0,0,0]","[8,2,4,3,7,0,1,6,5]",2
2588,BAC,"[0,0,0,0,0,1,1,0,1]","[5,2,7,6,1,0,3,8,4]",5
2589,CAB,"[0,0,1,1,0,1,0,1,0]","[1,7,0,3,4,5,2,8,6]",6
2590,BCA,"[1,1,1,1,1,0,0,1,0]","[3,6,0,1,5,7,4,8,2]",5
2591,ABC,"[1,0,0,1,0,1,1,0,0]","[1,6,3,2,4,7,0,8,5]",1
2592,BAC,"[1,1,0,0,0,0,1,1,0]","[5,2,4,3,1,0,6,7,8]",1
2593,CBA,"[1,0,0,0,0,1,0,0,1]","[6,7,1,8,3,4,2,0,5]",5
2594,BCA,"[1,1,1,0,1,0,0,0,1]","[7,1,2,3,4,8,6,0,5]",1
2595,CAB,"[0,1,1,0,0,0,1,1,1]","[3,6,5,2,8,7,0,4,1]",2
2596,ACB,"[1,0,1,0,0,0,1,1,1]","[3,6,7,5,1,8,4,2,0]",3
2597,ABC,"[0,0,1,0,0,1,0,1,1]","[6,2,8,4,7,3,0,1,5]",0
2598,CBA,"[1,0,0,0,0,1,0,0,0]","[6,5,7,0,8,1,3,2,4]",8
2599,BCA,"[0,0,0,1,0,1,0,0,1]","[5,1,7,8,0,6,4,2,3]",5
2600,ACB,"[0,0,0,1,1,0,0,0,1]","[1,8,4,3,2,0,5,7,6]",6
2601,CAB,"[1,1,0,0,0,1,0,0,1]","[5,8,2,0,6,7,4,1,3]",2
2602,BAC,"[0,0,1,1,1,1,1,1,0]","[7,4,5,0,3,2,6,1,8]",8
2603,ABC,"[1,1,0,0,1,1,0,1,0]","[6,1,8,0,7,2,4,5,3]",4
2604,CBA,"[0,1,0,0,0,0,0,0,0]","[2,0,1,6,7,4,3,5,8]",3
2605,ABC,"[0,1,0,1,0,0,0,1,0]","[5,3,4,7,2,6,8,1,0]",4
2606,ACB,"[0,0,1,1,0,1,0,1,1]","[4,5,1,2,6,0,3,7,8]",7
2607,BCA,"[0,1,1,0,0,1,0,1,1]","[3,5,8,1,6,7,0,4,2]",8
2608,BAC,"[0,1,1,1,1,0,1,1,0]","[8,4,7,6,2,3,1,5,0]",8
2609,CAB,"[0,0,0,0,1,0,0,1,0]","[4,7,6,0,8,5,1,2,3]",8
2610,BAC,"[0,1,0,1,0,1,1,1,0]","[4,3,2,1,8,7,5,6,0]",0
2611,CBA,"[1,1,0,1,0,0,1,0,0]","[5,8,1,3,6,2,0,7,4]",5
2612,CAB,"[0,0,0,0,1,1,1,0,0]","[8,7,5,6,4,0,1,3,2]",2
2613,ACB,"[1,0,1,0,0,0,1,0,1]","[2,8,1,7,4,3,6,0,5]",3
2614,ABC,"[0,1,1,0,1,0,0,0,1]","[3,6,1,7,8,5,4,2,0]",2
2615,BCA,"[0,0,1,0,1,1,1,1,0]","[7,6,2,5,0,1,4,8,3]",6
2616,CAB,"[0,0,1,1,0,1,1,1,1]","[3,1,4,5,8,7,0,6,2]",7
2617,ACB,"[1,0,1,0,1,0,1,1,1]","[0,1,4,8,7,3,2,6,5]",0
2618,CBA,"[1,1,0,0,0,0,1,0,1]","[1,7,6,3,2,5,4,8,0]",3
2619,BCA,"[1,1,1,0,0,1,1,1,1]","[8,0,1,5,4,6,7,3,2]",7
2620,ABC,"[1,1,1,0,1,1,0,1,0]","[0,3,8,4,6,7,2,1,5]",7
2621,BAC,"[1,0,0,1,0,1,1,0,0]","[1,5,4,7,6,3,8,2,0]",5
2622,ABC,"[0,1,0,1,0,0,1,1,1]","[6,8,1,3,5,0,4,7,2]",7
2623,BAC,"[1,1,1,0,0,1,0,1,0]","[6,0,4,8,1,5,3,7,2]",1
2624,CBA,"[1,1,0,0,1,1,0,1,0]","[2,3,7,5,0,4,8,1,6]",3
2625,ACB,"[1,1,1,0,0,0,0,1,0]","[2,3,6,7,8,5,4,0,1]",8
2626,CAB,"[0,0,1,1,1,0,0,0,0]","[5,8,6,1,2,4,0,7,3]",3
2627,BCA,"[0,1,1,1,1,0,0,1,1]","[7,4,2,0,8,6,5,3,1]",8
2628,BAC,"[0,0,1,0,0,0,0,0,0]","[8,3,7,5,0,6,1,4,2]",8
2629,BCA,"[1,1,1,0,0,0,0,1,0]","[1,6,3,2,0,4,8,7,5]",6
2630,CBA,"[1,1,0,0,0,0,0,0,1]","[0,5,6,4,7,3,8,1,2]",1
2631,ABC,"[0,1,0,0,0,0,0,1,1]","[4,0,3,6,1,8,2,7,5]",2
2632,ACB,"[0,0,1,0,1,0,1,0,0]","[8,5,2,4,3,6,0,1,7]",1
2633,CAB,"[1,1,0,1,0,1,1,0,0]","[5,6,4,1,8,7,0,2,3]",1
2634,CBA,"[1,1,1,0,1,1,1,1,1]","[0,8,3,6,1,7,5,4,2]",8
2635,CAB,"[1,1,1,0,1,0,0,1,0]","[2,1,8,3,6,4,7,0,5]",3
2636,BAC,"[1,1,1,0,0,0,0,1,1]","[4,2,8,0,7,5,3,1,6]",1
2637,ABC,"[1,1,0,1,1,0,1,0,1]","[1,4,6,0,5,3,8,7,2]",7
2638,ACB,"[0,1,0,1,0,1,0,0,0]","[2,3,8,6,4,7,5,1,0]",0
2639,BCA,"[1,1,1,0,0,1,1,1,0]","[5,8,7,6,3,0,4,1,2]",2
2640,BAC,"[0,1,0,0,1,0,1,1,1]","[8,0,3,5,1,6,7,4,2]",3
2641,BCA,"[0,1,0,0,1,1,1,0,1]","[7,0,6,1,3,8,2,5,4]",5
2642,CAB,"[1,0,1,1,1,1,1,1,1]","[4,3,0,2,6,5,1,8,7]",7
2643,ABC,"[0,0,1,1,0,1,1,0,1]","[8,6,4,7,3,2,1,0,5]",7
2644,CBA,"[0,0,0,0,1,0,1,0,1]","[7,8,1,2,4,5,0,6,3]",4
2645,ACB,"[1,0,0,1,0,0,0,1,0]","[5,3,8,0,2,7,1,4,6]",7
2646,CAB,"[0,1,0,1,0,1,0,1,0]","[1,7,5,6,3,0,8,4,2]",3
2647,CBA,"[0,1,0,1,0,1,1,1,1]","[1,7,3,6,4,5,0,2,8]",0
2648,BAC,"[1,0,0,1,1,0,0,1,0]","[0,4,3,2,6,1,8,7,5]",7
2649,BCA,"[1,1,1,1,0,0,0,1,0]","[6,2,1,5,3,7,8,0,4]",8
2650,ACB,"[1,1,1,1,1,1,0,0,1]","[2,4,5,3,8,1,0,7,6]",0
2651,ABC,"[1,0,1,1,1,0,1,0,0]","[8,4,3,0,5,1,6,7,2]",2
2652,ACB,"[0,1,1,0,0,1,0,0,1]","[7,6,0,3,8,1,4,2,5]",2
2653,BCA,"[0,1,0,1,0,1,0,0,0]","[2,1,7,6,4,3,0,8,5]",4
2654,ABC,"[0,1,0,0,0,0,0,0,0]","[5,2,6,0,1,4,3,7,8]",1
2655,BAC,"[1,0,1,1,1,1,0,0,1]","[0,8,4,3,5,7,6,1,2]",4
2656,CBA,"[0,1,0,1,0,0,0,1,1]","[4,6,7,2,1,3,5,8,0]",1
2657,CAB,"[1,0,0,0,0,0,0,1,1]","[4,5,0,3,1,7,8,6,2]",5
2658,CBA,"[1,1,0,0,1,0,0,0,1]","[1,0,7,6,5,2,4,3,8]",6
2659,ACB,"[1,1,0,1,1,0,1,0,1]","[4,7,0,1,3,8,5,6,2]",8
2660,ABC,"[0,1,0,0,1,1,1,1,1]","[1,0,5,3,8,7,2,4,6]",6
2661,BAC,"[1,0,0,1,1,1,1,0,1]","[6,4,0,5,2,3,7,8,1]",2
2662,BCA,"[1,0,0,0,1,1,0,0,1]","[5,4,0,7,6,8,3,1,2]",5
2663,CAB,"[1,0,0,0,0,1,0,1,1]","[4,1,2,7,3,0,5,8,6]",0
2664,ABC,"[0,0,1,1,1,0,1,0,0]","[5,4,0,6,3,2,7,8,1]",6
2665,CAB,"[1,0,1,0,0,1,0,1,1]","[5,1,7,8,3,4,2,6,0]",2
2666,ACB,"[1,1,0,1,1,1,1,0,1]","[2,1,8,5,6,7,0,4,3]",0
2667,BAC,"[0,0,0,1,1,1,0,1,0]","[8,2,3,1,4,7,6,5,0]",0
2668,BCA,"[0,1,0,1,1,1,0,1,0]","[2,4,3,0,6,7,8,5,1]",7
2669,CBA,"[1,1,1,1,0,1,0,1,1]","[1,3,7,4,2,0,6,8,5]",6
2670,BCA,"[1,1,0,0,1,0,0,0,1]","[7,4,0,2,5,1,6,3,8]",6
2671,BAC,"[0,1,0,1,1,0,1,0,1]","[6,3,2,0,5,8,4,1,7]",5
2672,CBA,"[1,0,1,1,1,0,1,0,0]","[2,5,1,6,4,3,8,7,0]",5
2673,CAB,"[0,1,1,0,1,0,1,0,0]","[4,1,6,7,5,0,3,2,8]",8
2674,ACB,"[0,0,1,0,1,0,1,1,0]","[8,7,4,5,3,1,2,0,6]",8
2675,ABC,"[1,0,0,0,0,1,0,0,0]","[3,1,0,4,5,7,6,2,8]",3
2676,CBA,"[0,0,0,0,0,1,1,0,0]","[4,5,6,8,7,2,1,3,0]",3
2677,ABC,"[0,0,1,1,0,0,1,0,1]","[2,6,8,0,7,4,1,5,3]",5
2678,BCA,"[0,1,1,1,0,1,0,1,1]","[0,2,8,7,4,3,6,5,1]",2
2679,BAC,"[1,1,0,0,0,0,1,0,1]","[5,8,6,0,2,7,3,4,1]",1
2680,ACB,"[0,1,1,0,0,1,1,0,1]","[4,6,8,2,3,0,1,5,7]",0
2681,CAB,"[1,1,1,0,1,1,1,0,0]","[4,8,2,1,0,6,3,7,5]",8
2682,CBA,"[0,0,1,1,1,1,0,1,0]","[7,6,5,0,2,4,3,8,1]",6
2683,ACB,"[0,0,1,1,1,1,1,1,0]","[8,7,3,4,1,6,0,5,2]",1
2684,BCA,"[0,1,0,0,0,0,1,0,0]","[5,4,3,1,6,0,2,8,7]",3
2685,BAC,"[1,1,1,0,1,0,0,1,1]","[0,8,6,7,1,4,3,5,2]",1
2686,CAB,"[0,0,0,0,0,0,0,1,0]","[4,0,5,2,6,1,7,8,3]",6
2687,ABC,"[0,0,0,1,1,0,0,1,0]","[4,8,6,0,1,5,2,3,7]",0
2688,BCA,"[1,1,0,1,0,1,1,0,0]","[4,7,5,8,6,1,3,0,2]",1
2689,CBA,"[1,1,0,0,0,1,0,0,1]","[0,3,5,1,2,6,7,8,4]",2
2690,CAB,"[1,1,0,1,0,1,0,1,1]","[4,2,0,1,7,8,3,5,6]",6
2691,ACB,"[0,1,0,1,0,1,0,0,0]","[1,6,8,2,0,5,3,7,4]",5
2692,BAC,"[1,1,0,1,1,1,0,0,0]","[1,4,6,5,8,3,2,7,0]",4
2693,ABC,"[1,1,0,1,0,1,1,0,0]","[1,4,2,6,5,0,8,3,7]",3
2694,BAC,"[1,0,1,1,0,0,0,1,0]","[4,6,3,8,7,2,0,5,1]",0
2695,CBA,"[0,0,0,0,1,1,0,0,0]","[7,6,1,4,8,5,3,0,2]",3
2696,CAB,"[1,1,0,0,1,1,1,1,1]","[5,4,2,0,8,7,1,3,6]",5
2697,BCA,"[0,0,1,0,0,0,1,1,0]","[6,0,7,8,4,1,3,5,2]",6
2698,ABC,"[0,1,0,0,1,0,0,0,1]","[6,2,8,5,3,1,4,0,7]",2
2699,ACB,"[0,1,0,1,1,0,0,0,0]","[0,2,8,5,1,4,3,7,6]",8
2700,ACB,"[1,1,0,1,0,1,0,0,0]","[0,8,2,4,3,7,5,6,1]",6
2701,CAB,"[0,1,1,0,0,0,0,0,0]","[3,2,7,8,5,4,0,6,1]",7
2702,ABC,"[0,0,0,0,0,1,0,1,0]","[8,2,4,7,0,3,5,6,1]",4
2703,CBA,"[0,0,0,1,1,1,0,0,1]","[0,6,5,1,2,8,7,3,4]",7
2704,BCA,"[0,0,1,1,1,1,1,1,1]","[2,1,5,6,0,8,4,3,7]",2
2705,BAC,"[1,0,0,1,1,1,1,1,1]","[3,0,7,2,1,8,6,5,4]",5
2706,BAC,"[1,0,1,0,0,1,1,1,1]","[1,8,7,3,4,5,6,0,2]",2
2707,BCA,"[0,0,0,1,0,0,0,1,1]","[5,6,4,8,7,1,3,0,2]",3
2708,CBA,"[1,1,0,0,0,0,0,1,1]","[8,1,4,3,6,2,7,5,0]",8
2709,CAB,"[0,1,1,0,1,1,0,1,0]","[1,4,7,8,6,2,5,3,0]",8
2710,ABC,"[1,0,1,1,0,0,1,1,0]","[4,1,5,0,3,7,2,6,8]",8
2711,ACB,"[1,0,0,1,0,1,0,1,1]","[3,2,7,6,0,5,4,1,8]",4
2712,ACB,"[1,0,0,1,0,0,0,0,0]","[2,7,5,3,1,0,4,8,6]",3
2713,ABC,"[0,0,1,1,0,1,0,0,0]","[8,6,3,0,4,7,5,1,2]",2
2714,CAB,"[0,0,0,1,1,1,1,0,1]","[6,2,3,8,0,7,5,4,1]",8
2715,BAC,"[1,1,1,0,0,1,1,0,0]","[4,8,0,5,2,7,6,3,1]",2
2716,BCA,"[1,0,1,1,0,1,1,0,0]","[1,6,8,5,2,0,7,4,3]",8
2717,CBA,"[0,0,0,1,0,0,0,0,1]","[8,1,5,4,3,2,7,6,0]",6
2718,CAB,"[1,0,1,0,0,0,1,1,0]","[5,0,3,2,7,6,1,8,4]",7
2719,ACB,"[1,1,1,1,1,0,1,1,1]","[5,2,8,0,6,4,1,3,7]",6
2720,CBA,"[1,1,0,0,1,0,0,0,0]","[5,0,3,6,7,8,4,1,2]",8
2721,ABC,"[1,1,0,1,1,1,1,0,0]","[5,0,6,1,7,4,8,2,3]",8
2722,BAC,"[1,1,1,1,1,0,0,1,0]","[8,5,6,3,4,1,0,2,7]",1
2723,BCA,"[0,0,1,0,1,0,1,0,1]","[4,6,8,7,3,5,1,0,2]",2
2724,BCA,"[1,1,0,0,1,0,0,1,0]","[6,7,2,8,3,5,1,4,0]",2
2725,BAC,"[0,1,0,0,1,0,0,1,0]","[5,4,3,2,7,6,0,1,8]",7
2726,ACB,"[1,1,0,0,1,1,0,1,0]","[1,4,5,3,2,8,6,7,0]",8
2727,CBA,"[0,0,1,0,0,1,0,0,0]","[2,7,3,8,5,1,0,4,6]",5
2728,ABC,"[0,1,0,1,0,1,0,1,0]","[4,3,6,1,8,0,5,7,2]",4
2729,CAB,"[1,1,1,1,0,1,0,0,1]","[6,3,0,8,4,7,1,5,2]",7
2730,CAB,"[1,0,0,0,1,1,1,1,0]","[5,0,3,2,7,4,6,8,1]",5
2731,ABC,"[1,0,1,0,0,0,0,0,1]","[2,1,8,6,4,0,3,7,5]",6
2732,ACB,"[1,0,0,1,1,1,0,0,1]","[5,8,6,2,4,3,1,0,7]",7
2733,CBA,"[0,0,1,0,0,0,1,0,1]","[3,8,6,0,7,5,1,4,2]",1
2734,BAC,"[1,1,0,0,1,0,1,0,1]","[5,3,8,4,6,1,7,0,2]",2
2735,BCA,"[0,1,0,0,0,1,1,0,1]","[3,0,1,2,6,5,7,4,8]",5
2736,CBA,"[0,0,0,0,1,1,1,1,1]","[6,8,7,2,0,3,4,5,1]",0
2737,ABC,"[1,0,1,1,1,1,0,0,1]","[1,7,0,5,6,4,8,2,3]",2
2738,BCA,"[0,0,1,0,0,1,0,0,0]","[4,7,5,0,3,1,8,6,2]",6
2739,CAB,"[1,1,1,1,1,0,0,0,0]","[5,8,0,4,3,6,7,2,1]",1
2740,BAC,"[1,1,0,1,0,0,0,0,0]","[6,8,0,4,2,5,3,7,1]",2
2741,ACB,"[1,0,0,0,0,0,0,0,0]","[7,5,3,8,1,6,4,0,2]",7
2742,BCA,"[1,0,0,1,1,0,0,1,1]","[6,0,5,1,2,3,8,7,4]",5
2743,ABC,"[1,0,0,0,0,1,1,0,0]","[4,1,6,0,7,5,3,8,2]",5
2744,CBA,"[1,0,1,0,0,1,1,1,1]","[7,1,0,3,5,4,6,2,8]",8
2745,ACB,"[1,0,0,0,1,1,0,0,1]","[5,3,1,4,0,6,8,7,2]",7
2746,CAB,"[1,0,0,1,0,0,0,0,0]","[3,2,8,5,6,4,7,1,0]",7
2747,BAC,"[0,0,1,1,0,0,1,0,1]","[4,8,7,2,0,5,1,6,3]",8
2748,CAB,"[1,0,1,0,0,1,0,1,1]","[2,5,3,4,6,0,7,1,8]",0
2749,CBA,"[0,1,0,1,1,0,0,1,0]","[7,4,6,8,3,2,0,5,1]",7
2750,BCA,"[0,0,0,0,0,1,1,0,0]","[3,2,5,6,8,1,7,4,0]",3
2751,ABC,"[0,1,1,1,0,0,0,1,0]","[6,5,4,1,0,8,2,7,3]",1
2752,ACB,"[0,1,0,0,1,0,0,0,0]","[0,8,6,7,4,1,3,2,5]",3
2753,BAC,"[0,0,0,1,1,0,1,1,1]","[8,2,6,5,1,7,4,3,0]",1
2754,ACB,"[1,0,0,1,0,0,0,1,1]","[1,5,3,7,4,0,2,6,8]",4
2755,BAC,"[1,1,0,1,1,1,1,1,1]","[5,8,1,2,7,6,0,3,4]",4
2756,CBA,"[0,0,1,1,0,1,0,0,0]","[8,4,3,0,1,2,7,5,6]",5
2757,CAB,"[0,0,0,0,0,1,0,1,1]","[7,8,4,6,5,0,3,1,2]",3
2758,BCA,"[1,0,1,1,1,1,0,1,1]","[4,3,7,0,1,5,2,8,6]",0
2759,ABC,"[0,0,1,0,1,1,1,1,0]","[7,5,2,6,3,8,1,4,0]",2
2760,ACB,"[0,0,0,0,1,1,1,0,0]","[5,0,2,4,7,8,1,3,6]",7
2761,CAB,"[0,1,0,1,1,1,0,1,1]","[7,3,1,0,2,8,6,4,5]",2
2762,BAC,"[0,1,1,1,0,0,0,0,1]","[5,0,3,6,2,1,4,8,7]",7
2763,ABC,"[0,1,0,1,1,0,0,0,0]","[5,0,3,7,4,2,6,8,1]",5
2764,CBA,"[1,0,0,0,0,0,0,1,0]","[5,6,1,4,2,7,8,3,0]",3
2765,BCA,"[0,0,0,1,0,1,0,1,0]","[4,6,5,2,8,1,7,0,3]",5
2766,ABC,"[0,1,0,0,1,0,0,0,0]","[5,1,2,0,6,7,4,3,8]",1
2767,BAC,"[0,1,0,1,1,1,1,0,0]","[2,4,5,7,0,1,8,3,6]",4
2768,CAB,"[0,0,1,0,0,0,1,1,0]","[4,0,6,3,2,7,8,5,1]",3
2769,ACB,"[0,1,1,0,1,0,1,0,0]","[6,0,1,4,3,7,8,2,5]",7
2770,CBA,"[1,0,1,0,1,0,0,0,1]","[2,6,0,8,7,5,4,3,1]",3
2771,BCA,"[1,0,0,0,1,0,0,1,1]","[5,3,0,8,2,6,1,7,4]",7
2772,ACB,"[0,1,0,1,1,1,0,1,1]","[2,7,1,8,3,6,0,5,4]",5
2773,CBA,"[1,1,1,0,0,0,0,1,0]","[0,4,3,2,8,6,7,1,5]",5
2774,BAC,"[1,1,0,1,1,1,0,0,1]","[0,5,6,1,7,2,3,4,8]",4
2775,CAB,"[0,1,0,0,1,0,1,0,1]","[0,7,8,4,1,6,5,3,2]",3
2776,ABC,"[1,0,0,1,1,1,1,1,1]","[2,0,8,6,4,3,1,7,5]",3
2777,BCA,"[1,1,1,0,1,0,0,0,0]","[2,4,7,8,5,0,3,1,6]",5
2778,BCA,"[1,0,0,0,1,0,0,1,1]","[8,1,4,2,5,7,0,3,6]",1
2779,CAB,"[0,1,0,1,1,1,1,0,0]","[0,2,5,8,7,1,6,4,3]",4
2780,ACB,"[1,1,0,1,0,1,1,0,1]","[2,5,0,1,8,4,7,6,3]",1
2781,CBA,"[1,1,1,0,1,1,0,1,1]","[3,2,5,1,0,8,6,4,7]",1
2782,BAC,"[0,0,0,1,1,0,1,1,0]","[1,0,5,4,7,6,3,2,8]",7
2783,ABC,"[0,0,0,1,0,0,1,0,1]","[6,4,8,2,7,3,1,0,5]",0
2784,ABC,"[0,0,0,0,0,1,0,0,0]","[5,4,1,8,0,6,3,7,2]",1
2785,BCA,"[0,0,0,1,0,0,1,0,1]","[3,1,5,8,7,0,2,4,6]",5
2786,CAB,"[1,0,0,0,0,1,1,1,1]","[0,8,4,3,6,2,1,7,5]",8
2787,BAC,"[0,0,1,0,1,0,1,1,0]","[0,2,4,3,8,6,1,7,5]",8
2788,ACB,"[0,1,0,1,0,1,1,0,0]","[2,8,5,0,1,7,4,6,3]",6
2789,CBA,"[1,0,1,0,0,1,0,0,1]","[1,0,5,2,6,7,3,8,4]",3
2790,CBA,"[0,1,0,1,0,1,1,1,0]","[0,1,5,6,2,3,8,4,7]",7
2791,ABC,"[1,0,1,1,1,0,1,1,0]","[3,2,1,8,7,0,5,4,6]",5
2792,BAC,"[1,1,0,1,1,0,1,0,0]","[3,1,0,5,2,7,8,6,4]",3
2793,CAB,"[1,0,0,0,1,1,1,1,1]","[4,7,6,3,5,8,1,2,0]",3
2794,ACB,"[1,1,0,0,0,0,0,1,1]","[5,3,8,2,1,4,7,6,0]",4
2795,BCA,"[0,0,1,0,1,0,1,1,0]","[7,5,4,8,0,6,1,3,2]",4
2796,CAB,"[0,0,0,0,0,1,0,0,0]","[6,7,1,3,2,5,0,8,4]",1
2797,BCA,"[0,1,0,0,1,1,0,0,1]","[1,6,5,4,8,2,0,3,7]",8
2798,BAC,"[1,1,1,1,0,0,0,1,0]","[4,0,6,3,8,2,1,5,7]",2
2799,ACB,"[0,1,0,0,1,1,1,0,0]","[7,3,1,6,8,2,5,4,0]",6
2800,CBA,"[1,1,0,0,0,1,1,1,0]","[1,8,3,5,6,2,4,0,7]",6
2801,ABC,"[0,1,1,0,1,1,1,0,1]","[3,1,2,0,5,6,4,7,8]",4
2802,CAB,"[0,0,1,0,1,1,1,0,1]","[2,5,3,6,1,0,8,7,4]",6
2803,ABC,"[1,0,0,1,1,1,0,0,0]","[4,7,0,8,6,2,5,1,3]",8
2804,BAC,"[1,0,0,1,0,1,1,1,1]","[7,3,0,2,1,8,4,6,5]",8
2805,BCA,"[1,0,0,0,0,0,1,1,1]","[2,5,4,7,3,1,0,6,8]",1
2806,ACB,"[1,1,1,0,0,1,0,0,1]","[8,0,6,5,3,4,1,7,2]",3
2807,CBA,"[1,1,1,0,1,1,0,1,0]","[8,1,4,3,6,5,2,0,7]",3
2808,CBA,"[1,0,1,1,0,0,1,1,1]","[8,3,0,4,6,7,1,5,2]",0
2809,BCA,"[1,0,1,1,0,1,1,1,1]","[5,1,4,7,0,3,8,6,2]",1
2810,ABC,"[0,0,0,1,1,1,1,0,1]","[7,8,0,3,6,5,2,1,4]",8
2811,BAC,"[0,1,1,0,1,1,0,0,1]","[6,8,3,7,0,1,5,4,2]",8
2812,CAB,"[0,1,0,0,0,1,0,1,0]","[6,7,2,4,8,0,3,1,5]",6
2813,ACB,"[0,1,0,1,0,1,1,1,1]","[3,6,8,2,4,7,5,1,0]",6
2814,ACB,"[0,0,1,0,1,1,0,0,0]","[4,8,6,0,5,1,2,3,7]",2
2815,BAC,"[1,0,0,0,0,0,1,0,0]","[0,2,7,5,4,8,1,6,3]",5
2816,CBA,"[0,1,1,0,0,0,0,1,1]","[7,8,5,2,1,3,6,4,0]",2
2817,ABC,"[0,0,0,1,1,0,0,1,1]","[0,4,1,8,2,6,5,3,7]",3
2818,BCA,"[1,0,1,0,0,1,1,0,1]","[5,2,8,3,6,4,1,7,0]",5
2819,CAB,"[0,0,1,1,0,0,1,0,1]","[3,7,5,8,2,1,0,4,6]",2
2820,BAC,"[0,1,1,1,1,0,0,0,1]","[1,0,7,5,6,4,8,3,2]",2
2821,ABC,"[1,1,1,0,1,0,0,1,0]","[3,6,5,2,8,7,0,4,1]",1
2822,CBA,"[1,1,1,1,1,1,1,0,1]","[6,0,5,7,1,4,2,3,8]",7
2823,CAB,"[1,1,0,1,0,0,0,1,0]","[0,2,8,6,5,1,4,7,3]",7
2824,BCA,"[1,1,0,1,0,0,0,1,0]","[2,3,5,7,1,0,4,8,6]",4
2825,ACB,"[1,1,1,1,1,0,0,0,0]","[6,8,7,1,3,0,4,5,2]",7
2826,ABC,"[1,1,1,0,0,0,1,1,0]","[3,4,7,6,5,1,2,0,8]",0
2827,BAC,"[0,1,1,0,1,0,0,0,0]","[1,3,0,7,4,5,2,8,6]",2
2828,BCA,"[0,0,0,1,1,1,0,1,0]","[5,2,3,4,0,6,7,1,8]",6
2829,ACB,"[1,1,0,1,1,0,1,0,0]","[6,3,7,8,5,4,2,1,0]",7
2830,CBA,"[1,0,0,0,0,1,0,0,1]","[6,3,4,2,8,1,5,0,7]",3
2831,CAB,"[1,1,1,0,1,1,1,1,0]","[6,8,0,4,1,5,2,7,3]",1
2832,ACB,"[0,0,1,1,0,1,0,0,1]","[5,7,6,0,8,4,2,3,1]",2
2833,ABC,"[0,1,0,0,1,0,1,0,1]","[3,6,2,8,1,0,5,4,7]",8
2834,BCA,"[1,1,0,0,1,0,1,1,0]","[3,0,7,8,5,1,2,6,4]",0
2835,CBA,"[0,0,0,1,1,1,0,0,0]","[0,2,6,7,4,5,1,3,8]",0
2836,CAB,"[1,0,1,0,0,1,1,0,0]","[7,1,3,6,2,0,5,4,8]",5
2837,BAC,"[1,1,0,1,0,0,0,0,0]","[1,3,0,4,6,7,2,5,8]",2
2838,BCA,"[0,1,1,1,1,1,1,1,0]","[7,8,5,4,2,3,0,6,1]",3
2839,CBA,"[1,1,1,1,1,0,1,1,1]","[3,7,2,5,1,0,6,8,4]",5
2840,BAC,"[0,1,0,0,1,1,1,0,1]","[5,1,2,6,7,3,4,8,0]",8
2841,ACB,"[1,1,0,0,1,0,1,1,1]","[2,1,8,5,0,4,3,7,6]",2
2842,CAB,"[0,1,1,0,0,0,0,1,1]","[6,1,0,5,7,2,8,3,4]",4
2843,ABC,"[0,1,1,1,1,0,0,1,1]","[2,7,5,6,1,3,0,4,8]",4
2844,BCA,"[1,1,0,0,0,0,0,0,0]","[1,8,3,2,6,0,7,5,4]",0
2845,ABC,"[0,1,1,1,0,0,1,0,0]","[2,5,0,1,7,3,6,8,4]",2
2846,CAB,"[1,0,0,1,1,0,0,0,0]","[8,5,4,1,7,6,0,3,2]",5
2847,CBA,"[0,1,1,0,1,0,0,1,0]","[0,6,2,7,3,8,5,4,1]",5
2848,BAC,"[1,1,1,1,1,1,0,1,1]","[8,5,4,6,2,3,1,0,7]",4
2849,ACB,"[0,0,0,1,0,1,0,1,0]","[6,7,4,5,8,0,1,3,2]",0
2850,ACB,"[0,0,0,0,0,1,0,1,0]","[8,0,3,2,1,6,5,7,4]",7
2851,BCA,"[1,0,1,0,1,1,1,0,1]","[8,1,3,5,6,2,7,4,0]",0
2852,CBA,"[0,0,1,0,0,0,1,1,1]","[5,2,6,1,7,0,3,4,8]",1
2853,ABC,"[0,0,0,1,0,0,1,0,1]","[3,6,2,1,5,8,0,7,4]",5
2854,BAC,"[0,0,1,0,0,0,0,1,1]","[1,7,2,0,5,3,8,6,4]",4
2855,CAB,"[1,1,0,1,0,1,1,1,1]","[6,1,5,8,2,3,7,0,4]",4
2856,BAC,"[0,1,0,1,0,1,0,0,0]","[2,0,8,4,6,1,3,7,5]",5
2857,CAB,"[1,1,1,0,0,1,1,0,0]","[4,5,8,3,0,2,6,7,1]",1
2858,ABC,"[0,1,1,1,1,1,0,1,0]","[8,4,3,0,7,1,6,2,5]",7
2859,ACB,"[1,1,0,0,1,1,1,0,0]","[7,3,8,6,1,4,2,0,5]",6
2860,CBA,"[0,1,0,1,1,1,0,1,0]","[5,1,2,3,7,6,0,4,8]",4
2861,BCA,"[1,1,1,0,0,0,1,1,0]","[3,0,1,6,7,4,8,2,5]",8
2862,BCA,"[1,0,0,1,0,0,1,0,1]","[2,0,3,4,6,7,5,1,8]",0
2863,BAC,"[1,0,0,0,0,1,1,1,1]","[6,3,0,1,8,4,7,2,5]",1
2864,CAB,"[0,1,0,0,1,0,0,1,1]","[4,8,1,7,3,6,5,2,0]",3
2865,ACB,"[0,1,0,0,0,0,0,0,0]","[7,3,0,6,8,5,4,2,1]",2
2866,ABC,"[0,1,0,0,1,1,1,0,1]","[3,7,1,5,4,0,6,8,2]",7
2867,CBA,"[0,1,1,1,0,1,0,0,1]","[6,8,5,2,0,7,1,4,3]",2
2868,CBA,"[1,0,1,0,0,0,0,1,1]","[8,6,7,0,4,5,1,3,2]",8
2869,ABC,"[0,0,0,1,1,1,0,1,0]","[0,1,5,8,4,3,2,7,6]",0
2870,BCA,"[1,1,1,1,0,0,0,0,0]","[5,1,0,4,2,8,7,6,3]",1
2871,CAB,"[1,1,0,0,1,1,0,0,1]","[8,1,0,7,6,2,3,5,4]",3
2872,BAC,"[1,1,1,1,0,0,0,1,0]","[3,5,2,4,8,0,1,7,6]",3
2873,ACB,"[1,1,1,1,1,0,1,1,1]","[3,0,8,2,7,1,6,5,4]",3
2874,CAB,"[1,1,0,1,0,1,1,0,1]","[0,3,6,4,5,2,8,1,7]",7
2875,BAC,"[1,0,0,0,0,0,0,1,0]","[4,5,6,3,1,8,7,2,0]",8
2876,ABC,"[0,1,0,1,0,0,0,1,0]","[3,4,0,2,7,5,8,6,1]",2
2877,BCA,"[1,1,0,1,0,0,1,1,0]","[6,8,0,3,4,5,7,2,1]",1
2878,CBA,"[1,1,0,1,0,1,1,1,0]","[6,2,1,5,4,0,8,7,3]",6
2879,ACB,"[0,1,1,1,0,0,0,0,1]","[5,1,2,3,4,0,7,8,6]",6
2880,CBA,"[0,1,0,1,1,1,0,0,0]","[0,4,1,3,6,7,5,2,8]",2
2881,ABC,"[1,0,0,0,0,0,1,1,0]","[2,6,3,5,4,0,8,1,7]",7
2882,BAC,"[0,1,0,1,0,1,0,0,1]","[0,4,3,8,5,2,6,7,1]",5
2883,BCA,"[0,0,1,1,1,0,1,0,0]","[2,0,8,7,3,1,5,4,6]",2
2884,CAB,"[0,1,1,1,1,1,0,1,0]","[2,6,8,0,5,7,1,3,4]",3
2885,ACB,"[1,0,0,0,0,0,1,1,0]","[4,8,3,5,1,6,2,7,0]",2
2886,CAB,"[0,1,1,1,1,1,0,1,0]","[2,4,0,6,7,3,1,5,8]",6
2887,BCA,"[0,1,1,0,0,0,0,0,0]","[4,0,7,1,3,5,2,6,8]",7
2888,ABC,"[1,1,0,0,0,1,0,0,1]","[7,6,8,0,1,2,5,4,3]",0
2889,ACB,"[0,1,1,1,1,0,0,0,0]","[0,7,1,6,3,5,2,4,8]",1
2890,BAC,"[1,0,0,0,0,1,1,1,1]","[6,5,7,4,1,2,0,8,3]",4
2891,CBA,"[1,0,1,1,0,1,1,0,0]","[8,2,0,3,6,1,4,5,7]",8
2892,CAB,"[0,0,1,1,1,0,0,1,0]","[6,1,4,5,7,2,3,8,0]",7
2893,CBA,"[0,0,1,1,0,1,0,1,0]","[0,2,6,7,1,5,4,8,3]",2
2894,BCA,"[1,0,0,1,1,0,0,0,0]","[5,3,1,0,7,8,2,6,4]",1
2895,BAC,"[0,0,0,0,0,1,0,0,1]","[8,0,4,3,7,1,5,6,2]",5
2896,ABC,"[1,0,0,0,0,1,0,0,1]","[5,0,7,1,2,3,4,8,6]",4
2897,ACB,"[0,0,1,1,1,1,1,0,1]","[4,6,1,2,8,7,3,5,0]",5
2898,CAB,"[0,0,1,1,0,1,0,0,1]","[0,7,2,6,3,8,4,5,1]",3
2899,CBA,"[0,1,1,0,1,0,0,1,0]","[1,3,5,6,8,7,2,0,4]",4
2900,BCA,"[0,0,0,0,0,0,1,1,1]","[7,5,8,1,2,3,0,4,6]",2
2901,ABC,"[1,0,1,0,1,1,0,0,0]","[5,7,6,3,4,2,0,1,8]",0
2902,BAC,"[1,1,0,1,1,0,0,0,0]","[1,6,0,8,7,5,4,3,2]",2
2903,ACB,"[1,0,0,0,0,1,0,1,1]","[6,8,3,7,0,1,4,5,2]",6
2904,ABC,"[1,0,1,1,1,1,0,1,1]","[2,1,0,5,6,7,3,8,4]",0
2905,CAB,"[0,1,1,1,0,1,1,1,0]","[1,7,0,8,4,6,3,5,2]",6
2906,BCA,"[0,0,0,1,0,0,0,1,1]","[6,3,8,1,4,7,0,5,2]",5
2907,ACB,"[0,0,0,0,0,0,1,1,1]","[6,5,7,8,4,0,2,1,3]",6
2908,BAC,"[0,1,1,1,0,1,1,1,1]","[6,4,2,8,0,7,3,1,5]",8
2909,CBA,"[1,1,1,0,1,1,1,0,0]","[7,0,4,2,8,1,6,3,5]",5
2910,CBA,"[1,1,1,0,1,0,1,0,1]","[4,7,6,1,3,0,5,2,8]",2
2911,CAB,"[0,0,0,0,1,0,1,0,1]","[4,5,6,7,8,0,1,3,2]",8
2912,BCA,"[0,1,1,0,0,0,1,0,1]","[6,0,7,1,4,3,2,8,5]",5
2913,ACB,"[0,0,1,1,1,1,0,1,1]","[2,5,0,1,4,7,6,3,8]",1
2914,BAC,"[1,0,0,1,1,0,1,0,0]","[5,0,2,1,6,7,8,4,3]",5
2915,ABC,"[1,1,0,1,1,1,0,1,0]","[0,7,2,3,1,4,5,6,8]",8
2916,ABC,"[0,1,1,1,0,1,0,1,0]","[6,4,2,1,3,7,0,5,8]",1
2917,BCA,"[0,1,0,0,1,1,0,0,1]","[1,2,6,8,0,7,3,5,4]",8
2918,BAC,"[0,0,0,1,1,1,0,1,0]","[0,3,2,8,1,5,6,4,7]",3
2919,CAB,"[0,1,1,1,1,0,1,0,1]","[0,2,8,7,3,6,4,5,1]",2
2920,CBA,"[1,1,1,1,0,1,1,0,0]","[5,7,4,1,2,6,8,0,3]",8
2921,ACB,"[0,1,0,0,0,1,0,0,0]","[6,1,2,5,8,7,0,4,3]",3
2922,BAC,"[0,1,1,1,1,0,0,0,1]","[1,4,5,0,3,8,6,7,2]",7
2923,ABC,"[0,1,0,0,0,0,0,1,1]","[5,2,1,7,6,4,8,3,0]",4
2924,ACB,"[1,1,1,1,1,1,0,1,0]","[2,0,1,3,5,8,7,6,4]",8
2925,BCA,"[0,0,1,0,0,1,0,0,1]","[8,5,1,6,3,7,0,2,4]",1
2926,CBA,"[0,0,0,0,0,0,0,0,0]","[1,4,7,2,0,6,5,8,3]",8
2927,CAB,"[0,1,0,0,1,0,1,0,0]","[1,6,0,7,2,8,3,5,4]",4
2928,CBA,"[1,0,1,1,1,0,0,0,0]","[6,3,2,8,1,0,4,7,5]",5
2929,ACB,"[0,1,1,1,1,0,0,0,1]","[4,3,6,7,1,0,5,2,8]",1
2930,CAB,"[0,0,1,1,1,0,1,0,1]","[8,6,2,4,3,5,7,1,0]",7
2931,ABC,"[0,1,1,1,1,0,1,1,1]","[5,1,2,8,0,3,4,6,7]",2
2932,BAC,"[1,1,0,1,1,0,0,0,0]","[5,3,4,7,0,1,8,6,2]",2
2933,BCA,"[0,0,1,0,0,1,0,1,0]","[1,3,0,4,7,6,5,2,8]",5
2934,CBA,"[0,0,1,0,0,1,0,1,1]","[0,2,8,6,7,3,1,4,5]",4
2935,ACB,"[1,0,0,0,0,0,0,0,0]","[0,7,4,2,1,8,5,6,3]",3
2936,BCA,"[0,0,0,0,1,0,0,1,1]","[3,5,6,0,8,4,7,2,1]",1
2937,BAC,"[0,1,0,1,1,0,0,0,0]","[2,4,7,5,0,6,8,1,3]",5
2938,ABC,"[1,1,0,0,1,1,1,0,1]","[0,6,4,2,1,7,5,8,3]",8
2939,CAB,"[0,0,0,1,0,1,0,0,0]","[1,8,0,4,2,6,5,3,7]",3
2940,ACB,"[0,0,0,0,1,1,1,1,1]","[4,0,5,1,6,3,8,2,7]",6
2941,BAC,"[1,0,1,1,1,0,1,0,1]","[5,8,0,3,2,7,1,4,6]",4
2942,CAB,"[1,1,0,0,1,1,0,1,0]","[5,6,7,3,4,8,1,0,2]",1
2943,CBA,"[0,1,0,0,1,0,1,0,0]","[3,6,5,4,1,7,2,0,8]",6
2944,BCA,"[0,1,1,1,1,1,0,0,0]","[0,7,6,8,1,5,4,2,3]",8
2945,ABC,"[0,0,1,0,0,1,0,1,1]","[3,5,2,7,4,1,0,6,8]",7
2946,BAC,"[0,1,1,1,0,0,1,0,0]","[4,0,6,3,1,7,5,2,8]",3
2947,CAB,"[0,1,0,0,0,1,0,1,0]","[8,3,5,2,7,6,1,4,0]",6
2948,ABC,"[1,0,0,0,0,1,0,1,0]","[3,2,6,4,8,7,0,5,1]",0
2949,BCA,"[0,1,1,1,0,0,1,1,0]","[2,1,0,5,7,3,6,4,8]",3
2950,ACB,"[1,1,1,1,0,0,0,0,1]","[7,0,4,5,1,8,3,2,6]",8
2951,CBA,"[0,0,1,1,1,0,1,1,0]","[4,0,6,2,3,1,8,7,5]",3
2952,ACB,"[0,0,1,1,1,1,0,0,1]","[8,7,1,0,5,3,2,6,4]",1
2953,BAC,"[0,0,0,0,0,1,1,0,0]","[3,8,0,7,6,5,4,2,1]",8
2954,BCA,"[1,1,0,1,1,1,0,1,0]","[8,1,7,0,4,3,2,5,6]",6
2955,CAB,"[1,0,0,1,1,1,0,0,1]","[2,4,7,1,0,5,6,3,8]",4
2956,ABC,"[0,1,0,0,0,0,0,1,1]","[7,8,6,2,3,1,0,4,5]",1
2957,CBA,"[0,1,0,0,1,0,1,0,0]","[2,0,6,8,1,5,3,7,4]",0
2958,BCA,"[0,0,1,1,0,1,0,1,0]","[0,3,4,1,2,5,8,6,7]",4
2959,CAB,"[0,0,1,0,0,0,1,0,1]","[2,8,5,7,0,1,3,6,4]",5
2960,BAC,"[1,0,1,1,0,0,1,0,0]","[4,7,5,2,1,6,8,0,3]",8
2961,ABC,"[1,0,0,1,0,1,0,1,0]","[3,2,8,4,7,0,1,6,5]",0
2962,CBA,"[1,0,0,0,1,0,0,1,0]","[8,0,2,4,6,5,1,3,7]",3
2963,ACB,"[1,1,1,0,0,0,1,1,1]","[6,7,8,5,0,4,2,3,1]",5
2964,ABC,"[0,1,1,0,1,1,0,0,1]","[0,5,3,4,6,2,8,1,7]",0
2965,BCA,"[1,0,1,1,0,1,0,1,0]","[3,7,1,4,8,0,2,5,6]",2
2966,ACB,"[0,1,1,0,0,1,0,0,0]","[0,5,3,1,6,7,8,4,2]",1
2967,BAC,"[1,0,0,1,1,0,1,1,1]","[7,1,6,2,5,8,4,0,3]",2
2968,CBA,"[0,0,1,1,1,0,1,1,1]","[4,6,7,5,1,8,3,0,2]",8
2969,CAB,"[0,0,1,0,0,1,0,1,1]","[4,5,8,7,0,1,2,3,6]",0
2970,CAB,"[0,0,0,1,0,1,0,1,1]","[8,4,3,1,5,6,7,2,0]",5
2971,BCA,"[0,0,1,1,1,1,0,0,0]","[1,4,3,6,0,5,2,8,7]",0
2972,BAC,"[0,0,1,0,1,1,0,0,1]","[3,0,8,5,7,2,6,4,1]",3
2973,ABC,"[1,0,0,0,1,0,0,1,1]","[4,8,6,5,3,0,2,7,1]",1
2974,ACB,"[0,1,0,1,0,0,1,1,0]","[2,3,8,7,1,0,4,6,5]",2
2975,CBA,"[1,0,0,0,0,1,1,1,1]","[3,8,5,6,2,4,1,0,7]",4
2976,ABC,"[1,1,0,0,0,0,1,0,0]","[0,1,2,8,3,5,6,7,4]",5
2977,CAB,"[1,1,1,1,1,1,1,1,0]","[7,3,4,0,1,2,6,5,8]",2
2978,BAC,"[1,1,0,1,0,0,1,0,0]","[5,7,2,6,3,4,8,1,0]",4
2979,CBA,"[1,1,1,0,1,1,1,0,1]","[3,1,7,0,8,6,5,2,4]",5
2980,ACB,"[0,1,1,0,0,0,0,0,0]","[1,3,4,6,7,2,0,5,8]",7
2981,BCA,"[0,0,1,1,1,1,0,1,1]","[3,0,7,5,1,6,8,2,4]",2
2982,CBA,"[1,0,0,0,0,1,0,0,1]","[0,1,3,7,5,2,6,8,4]",5
2983,ACB,"[0,1,1,1,0,1,1,0,0]","[1,3,6,7,8,2,0,4,5]",7
2984,ABC,"[1,0,1,0,0,0,0,1,0]","[2,1,3,7,5,8,0,4,6]",8
2985,CAB,"[1,0,1,1,1,1,0,1,1]","[4,2,7,5,8,3,6,0,1]",7
2986,BAC,"[1,0,1,0,1,1,0,0,1]","[7,2,1,8,6,4,3,5,0]",8
2987,BCA,"[0,0,1,0,0,0,0,1,0]","[3,7,1,4,6,0,8,2,5]",6
2988,BCA,"[1,1,1,1,1,1,1,0,0]","[2,5,4,6,8,7,3,0,1]",8
2989,ACB,"[0,0,0,0,1,1,0,0,0]","[6,7,1,5,2,0,4,8,3]",6
2990,CBA,"[0,0,1,1,0,0,1,1,0]","[2,4,6,0,5,7,3,8,1]",8
2991,CAB,"[1,0,0,0,1,1,1,0,0]","[0,7,8,3,5,6,2,1,4]",8
2992,BAC,"[1,0,0,1,0,1,0,0,1]","[4,7,2,5,3,1,6,8,0]",5
2993,ABC,"[1,0,1,0,0,0,0,1,1]","[7,4,5,1,2,6,3,0,8]",7
2994,ABC,"[1,0,0,0,0,1,1,1,0]","[3,5,4,2,7,1,8,6,0]",7
2995,BCA,"[0,0,1,0,0,0,0,0,0]","[4,8,2,6,0,5,3,7,1]",4
2996,CAB,"[0,0,1,0,1,0,0,0,0]","[6,5,3,0,7,1,4,8,2]",5
2997,BAC,"[0,0,1,0,1,1,1,0,0]","[6,7,2,3,5,1,8,4,0]",0
2998,CBA,"[1,0,0,0,0,0,1,0,1]","[1,7,0,5,3,4,8,2,6]",6
2999,ACB,"[0,0,1,0,1,1,1,1,1]","[6,8,7,0,4,2,5,1,3]",3
3000,CAB,"[1,1,1,0,0,0,0,0,1]","[0,3,7,4,2,8,5,6,1]",2
3001,BAC,"[1,1,0,1,0,1,0,1,0]","[0,6,1,3,4,8,5,2,7]",0
3002,CBA,"[0,1,0,1,1,0,0,0,0]","[2,6,1,7,4,8,5,0,3]",5
3003,BCA,"[0,1,0,0,0,1,1,0,1]","[2,4,8,1,7,3,6,5,0]",2
3004,ACB,"[0,0,0,1,1,1,1,1,0]","[4,0,5,2,7,8,3,1,6]",8
3005,ABC,"[1,0,0,1,1,1,1,0,0]","[8,3,5,7,1,2,0,6,4]",2
3006,CAB,"[0,1,1,1,1,1,1,1,0]","[2,8,6,1,5,0,3,7,4]",6
3007,BAC,"[0,0,1,1,1,0,1,0,0]","[8,5,0,2,1,3,7,6,4]",3
3008,ACB,"[1,1,1,0,1,1,0,1,1]","[8,5,2,1,0,7,4,6,3]",1
3009,ABC,"[0,1,0,1,1,1,1,1,1]","[7,1,3,8,5,0,4,2,6]",2
3010,BCA,"[1,0,1,1,0,1,0,1,1]","[3,0,4,8,5,1,7,2,6]",4
3011,CBA,"[0,1,1,1,1,0,1,0,0]","[8,2,3,0,1,7,6,5,4]",6
3012,BCA,"[0,0,1,1,1,1,1,0,0]","[7,4,5,0,2,6,8,1,3]",1
3013,CBA,"[1,0,0,0,0,0,0,1,1]","[8,5,4,6,7,1,3,0,2]",4
3014,BAC,"[1,0,0,1,0,1,0,0,1]","[7,3,1,4,6,8,5,0,2]",8
3015,ACB,"[0,1,0,0,1,1,0,0,1]","[6,4,8,7,3,0,2,5,1]",2
3016,ABC,"[1,0,1,0,1,0,1,1,0]","[3,8,6,0,5,7,1,2,4]",7
3017,CAB,"[1,1,0,1,0,1,0,0,0]","[0,8,7,4,5,3,1,6,2]",4
3018,BCA,"[1,0,0,1,1,1,1,0,1]","[8,1,5,7,4,2,3,6,0]",5
3019,BAC,"[0,0,1,1,0,0,1,1,0]","[0,3,2,8,4,6,5,7,1]",3
3020,CAB,"[0,1,1,0,1,0,0,1,1]","[7,4,2,6,8,3,5,0,1]",0
3021,ABC,"[1,0,1,1,1,1,0,1,1]","[5,3,8,0,4,2,1,6,7]",6
3022,ACB,"[0,0,1,0,0,0,1,1,1]","[6,8,7,0,1,2,5,4,3]",2
3023,CBA,"[1,1,0,1,1,1,1,0,1]","[5,1,6,7,3,4,8,2,0]",7
3024,CAB,"[1,0,0,0,1,0,0,1,0]","[1,6,7,5,3,0,8,2,4]",3
3025,BCA,"[0,0,0,1,0,1,1,1,0]","[7,3,4,8,6,2,5,0,1]",1
3026,CBA,"[0,1,1,1,1,0,0,1,1]","[7,1,4,6,5,2,3,8,0]",4
3027,ACB,"[1,0,0,0,1,0,0,0,1]","[6,5,1,4,2,7,0,8,3]",0
3028,ABC,"[1,0,0,0,1,0,1,0,1]","[2,8,3,1,5,0,6,4,7]",1
3029,BAC,"[0,0,1,0,0,1,0,1,1]","[1,6,4,5,8,0,7,2,3]",2
3030,BAC,"[1,1,1,1,1,0,0,0,1]","[4,7,2,8,5,1,6,3,0]",8
3031,ACB,"[1,1,0,1,1,0,0,1,0]","[1,0,5,8,2,7,4,3,6]",3
3032,ABC,"[1,1,1,0,0,1,1,0,1]","[6,2,5,4,1,3,8,7,0]",2
3033,CAB,"[1,1,0,1,1,0,1,1,0]","[4,8,5,1,7,2,6,3,0]",4
3034,BCA,"[0,1,1,1,0,1,0,1,1]","[4,5,3,6,0,7,2,8,1]",5
3035,CBA,"[1,1,0,1,1,0,1,0,1]","[3,5,6,4,8,1,7,0,2]",8
3036,CBA,"[0,1,0,0,0,1,0,0,0]","[7,3,6,1,0,4,5,2,8]",4
3037,ACB,"[0,1,1,0,0,0,0,1,0]","[7,8,2,0,1,5,6,4,3]",7
3038,BCA,"[1,1,1,0,1,1,0,1,0]","[7,1,5,6,3,0,2,4,8]",6
3039,ABC,"[1,1,0,1,0,1,0,1,0]","[0,8,5,7,2,4,3,1,6]",8
3040,CAB,"[0,0,0,1,1,0,0,1,1]","[0,2,4,1,3,5,8,7,6]",0
3041,BAC,"[1,0,0,1,0,0,0,1,0]","[4,7,6,1,2,0,8,3,5]",1
3042,ABC,"[1,0,1,1,0,0,0,0,1]","[7,2,1,0,5,3,6,4,8]",1
3043,ACB,"[0,0,1,1,0,0,0,1,0]","[7,6,1,4,2,8,5,0,3]",1
3044,BCA,"[1,0,0,0,0,1,1,0,0]","[8,2,4,7,5,1,0,6,3]",4
3045,CAB,"[1,0,1,1,0,1,1,0,0]","[1,8,0,7,5,2,4,3,6]",7
3046,BAC,"[0,1,1,0,0,1,0,0,0]","[4,1,8,5,6,7,3,2,0]",1
3047,CBA,"[1,0,0,1,1,0,0,0,0]","[3,7,4,5,6,2,1,0,8]",6
3048,ACB,"[0,0,0,0,0,1,1,1,0]","[0,3,4,1,5,6,2,7,8]",6
3049,ABC,"[0,1,1,1,1,0,0,1,1]","[7,6,3,4,0,2,8,5,1]",3
3050,CBA,"[0,0,0,1,1,0,0,1,0]","[2,3,6,4,1,8,0,7,5]",1
3051,CAB,"[1,1,0,1,1,0,0,1,1]","[4,0,5,7,1,3,2,6,8]",7
3052,BAC,"[0,1,1,0,1,1,1,1,1]","[6,3,2,8,0,7,4,1,5]",5
3053,BCA,"[0,0,0,1,1,0,1,0,0]","[7,1,4,5,6,8,2,3,0]",8
3054,ACB,"[0,1,1,0,1,0,1,1,1]","[7,4,1,2,8,0,3,6,5]",8
3055,BAC,"[1,0,0,0,0,1,0,1,0]","[4,5,0,3,2,8,1,7,6]",6
3056,BCA,"[1,1,0,0,1,0,0,1,1]","[4,6,3,8,5,1,2,0,7]",0
3057,CAB,"[1,1,1,1,0,1,1,1,1]","[3,4,2,8,6,1,0,7,5]",6
3058,ABC,"[0,1,0,1,0,0,0,1,0]","[7,2,3,1,8,5,6,0,4]",3
3059,CBA,"[0,0,0,0,1,1,1,0,0]","[7,5,0,6,4,3,2,8,1]",8
3060,ABC,"[0,0,0,1,0,1,0,0,0]","[2,0,3,6,7,1,4,5,8]",1
3061,CAB,"[1,0,1,1,0,0,1,0,0]","[0,8,3,6,5,4,2,1,7]",0
3062,BCA,"[0,0,1,0,1,0,0,0,0]","[3,8,0,5,7,2,1,6,4]",5
3063,BAC,"[1,1,0,1,0,1,0,1,1]","[3,2,7,5,6,4,8,0,1]",0
3064,CBA,"[0,1,0,1,1,1,0,1,0]","[5,4,7,8,6,2,0,3,1]",7
3065,ACB,"[1,1,0,1,1,1,1,0,1]","[1,4,3,0,7,8,6,5,2]",7
3066,ACB,"[0,0,0,0,0,0,0,1,0]","[0,4,7,1,2,6,3,5,8]",2
3067,CAB,"[0,1,1,1,1,0,0,0,1]","[3,7,8,5,6,4,0,2,1]",7
3068,ABC,"[0,1,0,0,1,1,0,1,1]","[3,5,1,0,6,4,2,8,7]",1
3069,BCA,"[1,1,1,0,1,1,1,1,0]","[8,0,3,7,4,5,1,6,2]",4
3070,BAC,"[0,1,0,0,0,1,1,0,1]","[7,5,2,3,8,4,1,6,0]",3
3071,CBA,"[0,0,1,0,0,1,0,0,1]","[0,7,4,3,2,1,5,6,8]",7
3072,BAC,"[0,1,1,1,1,1,0,1,1]","[0,5,4,1,3,2,7,6,8]",6
3073,BCA,"[0,1,0,1,1,1,0,0,1]","[2,1,0,4,8,5,6,3,7]",7
3074,CAB,"[1,1,1,1,1,0,0,0,1]","[0,4,8,5,6,7,2,1,3]",1
3075,ABC,"[0,1,1,0,0,1,0,0,0]","[5,0,1,2,4,3,8,6,7]",0
3076,ACB,"[0,0,1,0,0,1,0,0,0]","[8,2,5,4,3,1,0,6,7]",1
3077,CBA,"[0,0,0,1,0,1,1,0,0]","[8,1,0,2,4,5,7,6,3]",6
3078,CAB,"[1,0,1,0,1,1,0,0,1]","[8,6,5,7,0,4,2,3,1]",1
3079,BAC,"[0,0,1,0,1,0,1,0,0]","[0,5,4,7,3,2,6,8,1]",6
3080,ABC,"[1,1,0,1,0,0,1,0,1]","[3,4,2,1,5,7,6,8,0]",0
3081,CBA,"[0,1,1,0,1,1,0,0,0]","[0,8,5,4,6,1,3,7,2]",4
3082,BCA,"[1,1,0,1,1,0,0,1,0]","[0,4,2,7,1,3,6,5,8]",3
3083,ACB,"[0,1,1,0,1,1,1,1,0]","[2,7,3,8,4,5,1,6,0]",0
3084,BAC,"[1,0,0,0,0,1,1,0,0]","[1,4,8,2,6,3,7,0,5]",6
3085,CBA,"[0,0,0,1,1,1,0,1,1]","[6,7,2,4,0,1,8,3,5]",8
3086,BCA,"[0,1,1,1,1,0,0,1,1]","[4,3,1,0,6,7,5,8,2]",4
3087,ACB,"[0,0,0,1,1,0,1,1,0]","[1,5,0,7,4,6,8,3,2]",1
3088,ABC,"[0,0,1,0,0,1,0,1,0]","[2,6,0,8,3,4,5,1,7]",7
3089,CAB,"[0,1,0,1,1,1,1,1,0]","[2,8,7,5,6,3,1,0,4]",8
3090,BAC,"[0,1,1,0,1,1,1,1,1]","[8,6,5,3,1,0,2,4,7]",4
3091,CAB,"[1,1,0,1,1,1,1,0,1]","[4,7,6,3,2,8,0,1,5]",2
3092,BCA,"[0,0,0,0,0,0,1,1,1]","[3,7,4,5,0,1,8,2,6]",6
3093,CBA,"[1,0,0,0,1,0,1,0,0]","[0,7,1,8,4,3,5,2,6]",8
3094,ACB,"[1,1,1,1,0,1,0,1,1]","[8,7,0,6,5,2,4,3,1]",7
3095,ABC,"[1,1,1,1,0,1,1,1,0]","[8,2,1,4,7,0,3,6,5]",5
3096,BCA,"[0,1,0,1,0,0,0,1,0]","[6,1,0,7,3,5,8,2,4]",3
3097,CBA,"[1,1,1,1,1,1,0,0,0]","[1,4,7,0,6,8,2,5,3]",4
3098,CAB,"[1,0,0,0,1,0,1,1,0]","[0,4,6,7,3,8,5,1,2]",0
3099,ACB,"[1,1,1,0,0,1,0,1,0]","[0,8,1,6,4,5,2,7,3]",0
3100,ABC,"[0,1,0,0,0,0,1,1,1]","[0,2,1,7,6,5,8,3,4]",3
3101,BAC,"[0,1,0,1,0,1,0,0,1]","[2,1,5,0,3,6,8,4,7]",5
3102,ACB,"[0,0,1,0,0,0,1,1,1]","[8,5,4,3,7,2,6,0,1]",3
3103,CAB,"[0,0,0,0,0,1,1,0,0]","[6,3,5,7,1,0,2,8,4]",1
3104,ABC,"[0,1,0,1,1,1,1,1,1]","[1,5,0,7,3,6,4,2,8]",5
3105,BAC,"[0,1,1,0,1,0,0,0,1]","[2,7,6,0,4,5,8,1,3]",3
3106,CBA,"[0,0,0,0,1,1,1,1,1]","[4,0,3,8,2,1,7,5,6]",4
3107,BCA,"[1,1,0,0,1,0,0,1,1]","[8,3,7,1,2,5,4,6,0]",7
3108,BAC,"[1,0,1,0,0,0,1,1,0]","[1,4,7,0,8,3,6,2,5]",2
3109,BCA,"[1,0,0,1,1,0,0,1,0]","[6,2,0,4,5,3,1,8,7]",6
3110,ACB,"[1,1,0,1,0,1,1,0,1]","[3,7,0,8,6,4,1,5,2]",5
3111,ABC,"[0,0,0,0,0,1,0,0,0]","[7,4,3,2,6,1,5,8,0]",4
3112,CAB,"[0,1,1,1,0,1,0,0,0]","[8,6,4,1,7,2,5,0,3]",3
3113,CBA,"[0,1,1,1,0,1,1,0,1]","[6,7,8,0,4,5,1,2,3]",1
3114,ABC,"[1,1,0,0,0,1,1,0,0]","[1,6,3,4,2,5,0,7,8]",1
3115,CAB,"[0,1,1,1,0,0,0,0,1]","[0,2,1,3,5,6,8,7,4]",2
3116,CBA,"[0,1,1,1,0,1,1,1,0]","[5,6,2,0,3,8,7,4,1]",8
3117,BCA,"[0,1,0,1,0,0,1,1,1]","[8,1,3,2,4,6,7,0,5]",7
3118,BAC,"[1,1,0,1,0,0,0,1,1]","[2,7,3,5,4,6,1,8,0]",3
3119,ACB,"[0,0,1,0,0,0,0,0,1]","[8,5,3,1,0,4,6,7,2]",0
3120,BCA,"[0,1,1,1,1,0,0,0,0]","[0,6,2,1,7,4,3,5,8]",8
3121,CAB,"[0,1,0,1,0,1,1,0,1]","[2,4,3,1,0,5,6,8,7]",3
3122,ACB,"[0,1,1,0,1,1,0,0,1]","[8,7,1,5,3,2,6,4,0]",6
3123,CBA,"[0,0,0,0,1,0,1,0,0]","[5,0,7,1,6,4,3,8,2]",4
3124,ABC,"[1,0,1,1,1,0,1,1,0]","[8,5,2,6,4,1,7,3,0]",1
3125,BAC,"[1,0,1,1,0,1,0,1,1]","[2,6,7,3,8,4,0,5,1]",8
3126,BAC,"[1,1,1,1,1,0,1,0,1]","[1,5,3,2,6,4,0,7,8]",2
3127,CBA,"[0,0,0,0,0,0,1,1,0]","[1,4,0,7,3,5,6,2,8]",5
3128,BCA,"[1,1,1,1,0,0,0,0,1]","[8,1,7,0,4,6,2,3,5]",5
3129,CAB,"[1,1,0,1,0,1,0,0,1]","[2,3,0,4,8,7,1,6,5]",7
3130,ACB,"[1,0,1,0,0,0,0,1,1]","[3,2,6,1,5,8,0,7,4]",2
3131,ABC,"[1,1,0,1,0,1,0,1,1]","[1,8,7,2,0,4,5,3,6]",7
3132,ABC,"[0,0,1,1,1,0,0,1,1]","[7,1,4,5,3,2,8,6,0]",7
3133,ACB,"[0,1,0,1,0,1,1,0,0]","[1,8,0,7,5,2,3,6,4]",8
3134,BCA,"[1,0,1,0,1,0,1,1,0]","[8,2,3,0,5,1,6,4,7]",7
3135,CAB,"[1,1,1,0,1,1,0,0,1]","[2,1,4,5,8,7,6,0,3]",0
3136,CBA,"[0,1,0,1,0,1,0,1,0]","[4,1,5,6,7,8,0,2,3]",6
3137,BAC,"[1,0,0,0,1,0,0,1,0]","[1,5,3,6,4,8,2,7,0]",3
3138,ABC,"[1,0,0,1,0,0,0,0,1]","[7,3,8,1,6,5,2,0,4]",5
3139,BAC,"[1,0,1,1,1,0,1,1,0]","[7,1,6,4,5,0,8,3,2]",2
3140,CBA,"[0,0,0,0,0,1,0,0,0]","[2,5,4,1,3,7,6,8,0]",6
3141,ACB,"[1,0,0,1,0,1,1,0,1]","[1,3,8,7,4,0,5,6,2]",4
3142,CAB,"[1,1,0,1,0,0,0,1,1]","[8,3,6,7,4,2,5,0,1]",6
3143,BCA,"[1,1,0,1,1,0,1,1,0]","[1,5,4,7,6,8,0,3,2]",1
3144,CBA,"[0,0,1,1,1,0,0,0,1]","[7,6,8,5,1,4,0,3,2]",6
3145,ACB,"[0,1,1,0,1,0,0,0,1]","[0,8,4,6,2,1,3,7,5]",3
3146,ABC,"[0,0,1,0,1,1,0,1,1]","[0,7,2,4,3,8,5,6,1]",8
3147,CAB,"[0,0,0,0,1,1,0,1,0]","[5,0,3,2,6,8,1,4,7]",0
3148,BCA,"[0,0,0,0,0,1,1,0,1]","[0,3,6,2,4,5,1,8,7]",5
3149,BAC,"[0,0,1,0,1,0,0,1,0]","[1,4,6,5,7,3,0,8,2]",4
3150,BCA,"[0,0,1,1,1,0,0,1,0]","[7,0,3,6,8,2,1,5,4]",7
3151,ACB,"[0,1,0,1,1,1,0,1,1]","[4,2,1,8,7,6,5,3,0]",4
3152,BAC,"[0,1,0,0,1,0,1,1,1]","[1,6,8,2,3,4,7,5,0]",3
3153,CAB,"[1,0,0,0,1,0,0,1,0]","[7,4,3,6,1,0,2,8,5]",7
3154,CBA,"[0,1,1,0,0,1,1,1,0]","[5,2,6,3,4,1,0,7,8]",3
3155,ABC,"[0,0,1,1,0,1,0,0,1]","[8,0,7,6,3,4,2,1,5]",6
3156,BCA,"[1,1,1,1,0,1,0,0,1]","[0,5,1,7,2,4,3,8,6]",1
3157,ABC,"[0,1,0,0,0,0,0,1,0]","[2,0,5,1,3,4,8,7,6]",4
3158,CAB,"[1,0,1,0,1,0,0,1,1]","[5,2,3,0,6,8,7,1,4]",0
3159,CBA,"[0,1,0,0,0,1,0,1,0]","[0,5,1,2,6,7,8,3,4]",5
3160,ACB,"[1,1,1,1,1,1,1,1,1]","[7,1,5,3,0,6,8,4,2]",7
3161,BAC,"[0,1,1,1,1,0,1,0,1]","[3,2,4,5,6,1,8,0,7]",1
3162,BAC,"[0,1,0,0,1,1,1,0,1]","[4,2,6,8,7,0,1,3,5]",3
3163,CBA,"[1,1,1,1,0,1,0,1,1]","[3,4,8,6,0,5,7,1,2]",7
3164,BCA,"[1,0,1,1,1,0,0,0,1]","[7,8,5,6,0,4,1,3,2]",7
3165,ABC,"[0,0,1,1,1,0,1,1,0]","[1,2,0,7,6,5,3,4,8]",8
3166,CAB,"[1,0,1,0,0,1,1,1,0]","[6,7,1,5,3,0,4,8,2]",0
3167,ACB,"[1,1,0,0,0,0,0,0,1]","[6,5,4,3,8,1,0,2,7]",0
3168,BCA,"[0,1,1,1,1,0,1,0,1]","[8,6,7,4,1,3,0,2,5]",7
3169,ACB,"[1,0,0,0,0,1,0,0,1]","[5,3,1,4,7,6,8,0,2]",0
3170,CBA,"[0,1,1,1,1,1,0,0,0]","[1,8,7,2,0,3,6,5,4]",8
3171,BAC,"[0,1,0,1,1,0,1,0,0]","[3,4,1,2,6,0,5,7,8]",4
3172,ABC,"[0,1,1,1,1,0,1,1,0]","[4,5,7,8,6,2,1,0,3]",3
3173,CAB,"[0,1,1,0,1,0,1,1,0]","[2,4,3,8,6,0,1,7,5]",0
3174,CAB,"[0,1,0,1,1,0,1,0,0]","[6,3,7,8,4,0,1,2,5]",1
3175,BCA,"[1,1,1,1,0,1,0,0,0]","[3,1,6,2,4,0,7,5,8]",5
3176,CBA,"[1,0,0,0,0,1,0,0,0]","[0,8,3,7,2,1,6,5,4]",4
3177,BAC,"[1,0,1,1,1,1,1,0,1]","[0,3,1,5,2,7,4,8,6]",7
3178,ABC,"[0,0,0,1,0,0,1,1,1]","[7,8,3,0,2,5,4,1,6]",4
3179,ACB,"[0,1,1,1,1,0,0,0,1]","[5,7,0,3,6,2,4,1,8]",3
3180,ABC,"[1,1,0,1,1,1,0,0,0]","[1,4,6,7,3,5,2,0,8]",7
3181,ACB,"[1,0,1,1,1,1,1,1,0]","[8,7,1,0,2,4,6,5,3]",3
3182,CBA,"[0,0,0,1,0,1,1,0,1]","[7,6,5,0,4,8,1,3,2]",6
3183,CAB,"[0,0,1,1,0,1,1,0,1]","[6,1,4,7,0,3,5,2,8]",7
3184,BCA,"[0,0,1,0,1,0,0,0,0]","[5,8,4,2,7,1,6,3,0]",3
3185,BAC,"[1,1,0,1,0,1,0,0,0]","[4,5,7,8,6,2,3,0,1]",2
3186,BCA,"[0,1,1,0,1,0,0,1,1]","[4,6,2,0,5,3,1,7,8]",0
3187,CAB,"[0,1,0,0,0,1,0,0,0]","[6,0,7,4,8,5,2,3,1]",3
3188,ACB,"[0,0,0,1,1,0,0,0,0]","[6,8,0,3,7,4,5,1,2]",0
3189,CBA,"[1,1,0,0,0,0,1,1,0]","[0,1,8,7,4,3,5,6,2]",7
3190,ABC,"[0,1,0,0,1,1,1,0,0]","[0,2,3,6,8,1,5,4,7]",7
3191,BAC,"[0,0,1,1,0,1,1,0,1]","[1,3,6,2,0,7,8,4,5]",6
3192,CBA,"[1,1,1,1,1,1,1,0,1]","[1,6,0,8,7,2,3,5,4]",0
3193,ABC,"[0,1,1,1,0,0,1,0,0]","[0,8,6,3,1,2,5,7,4]",3
3194,BAC,"[0,1,0,1,1,0,0,1,0]","[6,2,1,0,8,7,4,3,5]",0
3195,ACB,"[0,1,0,0,0,1,1,0,0]","[1,3,0,4,6,2,8,5,7]",0
3196,CAB,"[1,1,0,0,1,1,0,1,0]","[4,0,3,2,5,7,8,6,1]",6
3197,BCA,"[1,0,1,0,0,0,1,0,1]","[6,3,2,4,7,5,1,0,8]",0
3198,CBA,"[1,1,0,0,0,0,0,1,0]","[3,7,2,0,5,8,1,6,4]",5
3199,BAC,"[0,1,0,1,0,0,0,1,1]","[4,1,8,6,7,3,5,0,2]",1
3200,BCA,"[0,1,1,0,0,1,1,0,0]","[2,6,7,4,5,0,3,1,8]",2
3201,ABC,"[0,1,0,1,0,1,1,0,1]","[5,6,4,2,7,0,8,1,3]",5
3202,ACB,"[1,1,1,0,0,1,0,1,0]","[3,6,7,2,0,8,1,5,4]",0
3203,CAB,"[0,1,0,1,0,1,0,1,1]","[6,0,1,3,5,8,4,7,2]",3
3204,BCA,"[1,0,1,1,0,0,0,1,1]","[5,0,7,6,1,4,8,3,2]",4
3205,CAB,"[0,0,1,1,1,1,0,0,1]","[2,6,5,3,0,7,4,8,1]",1
3206,CBA,"[1,0,0,1,1,1,0,0,0]","[6,4,7,3,1,0,8,5,2]",0
3207,ABC,"[1,0,0,1,1,0,1,1,1]","[7,8,3,6,2,4,5,0,1]",5
3208,BAC,"[1,1,0,1,0,1,0,1,1]","[8,1,7,4,2,6,0,5,3]",2
3209,ACB,"[1,0,0,1,1,1,1,1,1]","[4,2,1,6,8,7,5,3,0]",3
3210,ACB,"[1,0,0,0,1,0,0,0,1]","[0,5,3,6,1,4,7,8,2]",4
3211,CAB,"[0,0,0,1,1,1,0,1,1]","[5,0,1,2,3,4,7,6,8]",0
3212,BAC,"[1,1,0,0,1,1,0,1,0]","[5,8,6,2,4,1,7,0,3]",6
3213,BCA,"[0,1,1,0,1,0,0,0,0]","[8,7,1,2,0,4,5,3,6]",3
3214,CBA,"[0,1,0,1,0,0,1,0,1]","[8,7,3,5,0,2,6,1,4]",3
3215,ABC,"[1,0,0,1,0,0,0,1,0]","[6,8,1,7,5,2,4,0,3]",4
3216,CBA,"[1,1,0,1,1,0,1,1,0]","[3,0,5,6,4,8,2,1,7]",2
3217,CAB,"[0,0,0,0,0,0,0,0,0]","[1,2,8,3,4,5,6,7,0]",1
3218,ACB,"[0,0,1,1,0,1,1,0,1]","[1,5,2,8,7,4,0,6,3]",5
3219,ABC,"[1,0,1,1,0,0,1,0,0]","[8,0,5,4,1,6,2,3,7]",3
3220,BAC,"[1,1,0,1,1,1,0,0,0]","[4,6,7,5,3,8,2,0,1]",8
3221,BCA,"[0,1,0,0,1,0,0,0,0]","[6,0,7,1,8,4,2,3,5]",5
3222,ABC,"[1,1,1,1,1,1,1,0,0]","[6,4,8,2,5,0,1,7,3]",2
3223,CBA,"[1,1,0,0,0,0,1,0,1]","[0,6,2,3,1,4,8,5,7]",6
3224,BCA,"[0,1,0,0,0,1,0,1,1]","[0,1,2,3,7,4,5,8,6]",7
3225,ACB,"[1,0,1,0,0,0,0,1,0]","[7,2,0,1,6,5,8,3,4]",3
3226,CAB,"[0,0,1,1,1,0,1,1,1]","[5,8,6,7,2,3,0,4,1]",3
3227,BAC,"[1,0,1,0,1,0,1,1,1]","[1,5,3,4,8,6,0,7,2]",3
3228,ACB,"[1,0,0,0,0,0,1,0,0]","[2,6,5,1,7,8,4,3,0]",7
3229,CBA,"[0,1,1,0,0,1,0,1,1]","[8,3,2,4,0,5,6,1,7]",4
3230,BCA,"[1,0,1,1,1,1,1,1,0]","[0,1,3,7,2,8,5,6,4]",0
3231,BAC,"[0,1,1,0,0,1,0,1,1]","[0,3,6,7,8,5,1,4,2]",1
3232,CAB,"[0,1,1,1,1,1,0,0,1]","[4,2,1,5,8,3,6,0,7]",1
3233,ABC,"[1,0,0,0,0,1,1,1,1]","[6,0,1,3,2,7,8,4,5]",0
3234,ACB,"[1,0,1,1,1,1,0,0,0]","[4,5,3,0,1,6,8,2,7]",1
3235,CBA,"[1,0,1,1,1,1,0,0,0]","[0,2,8,1,3,7,5,6,4]",3
3236,BAC,"[0,1,1,1,0,1,0,0,1]","[7,5,0,4,3,1,2,8,6]",2
3237,ABC,"[0,0,0,0,0,1,1,1,0]","[6,8,2,4,3,5,0,7,1]",3
3238,BCA,"[1,1,0,1,0,0,0,0,1]","[4,0,5,2,7,3,6,1,8]",5
3239,CAB,"[1,1,0,0,0,0,1,1,1]","[4,1,3,7,2,0,6,8,5]",8
3240,CAB,"[0,0,0,1,1,1,1,1,0]","[4,0,2,7,3,8,5,1,6]",6
3241,BCA,"[0,0,1,0,1,1,0,1,0]","[2,1,8,4,3,7,5,0,6]",4
3242,CBA,"[0,0,1,0,0,0,1,1,1]","[7,3,0,5,1,2,8,4,6]",2
3243,BAC,"[1,1,0,1,1,0,1,0,0]","[6,8,1,3,2,0,5,7,4]",1
3244,ACB,"[1,0,0,1,1,0,0,1,0]","[1,0,7,4,5,2,3,8,6]",2
3245,ABC,"[1,1,1,0,0,0,1,0,0]","[8,1,3,6,5,0,2,4,7]",6
3246,BCA,"[0,0,0,0,1,1,0,0,0]","[2,8,1,0,5,7,6,4,3]",4
3247,ABC,"[1,1,1,0,1,0,0,0,1]","[7,8,3,4,5,6,0,2,1]",2
3248,CAB,"[0,0,1,0,0,1,1,1,1]","[5,3,8,1,7,2,4,0,6]",6
3249,CBA,"[0,0,1,1,1,0,1,0,1]","[0,5,2,7,8,1,6,3,4]",1
3250,BAC,"[1,0,0,1,0,0,1,1,1]","[3,5,8,7,1,2,4,6,0]",6
3251,ACB,"[1,0,1,0,1,0,0,1,1]","[2,4,1,7,6,3,5,8,0]",3
3252,CAB,"[0,1,1,1,1,1,0,1,0]","[0,6,8,5,4,7,1,3,2]",2
3253,ABC,"[1,1,1,1,0,1,0,0,1]","[8,3,2,5,1,7,6,0,4]",1
3254,CBA,"[0,1,0,1,0,1,1,0,1]","[2,8,1,5,4,7,6,0,3]",5
3255,BAC,"[0,1,1,0,1,0,0,0,1]","[6,5,2,4,1,7,0,8,3]",1
3256,BCA,"[0,0,1,0,1,1,1,1,0]","[6,7,3,8,1,4,5,0,2]",6
3257,ACB,"[0,0,1,1,0,0,1,0,0]","[4,0,1,6,5,7,2,8,3]",7
3258,CBA,"[1,0,0,1,0,1,0,0,0]","[1,7,8,6,0,4,2,5,3]",4
3259,ABC,"[1,1,1,0,1,0,1,1,0]","[2,0,7,6,5,1,4,8,3]",3
3260,ACB,"[1,1,1,0,1,0,0,0,0]","[6,5,3,4,2,8,0,7,1]",5
3261,BAC,"[1,1,0,0,0,1,0,1,1]","[3,0,2,8,4,6,7,1,5]",7
3262,CAB,"[1,0,0,0,1,1,1,0,0]","[4,6,5,7,8,0,2,1,3]",0
3263,BCA,"[0,1,1,0,0,1,0,0,1]","[4,1,5,2,3,0,6,8,7]",8
3264,BAC,"[1,0,0,1,0,1,1,1,0]","[0,7,8,4,3,1,2,6,5]",2
3265,CBA,"[1,0,0,1,0,0,1,0,0]","[7,1,6,2,8,0,5,3,4]",1
3266,BCA,"[0,0,0,0,1,1,1,1,0]","[7,0,3,4,8,5,6,1,2]",0
3267,CAB,"[1,0,1,0,1,0,1,1,0]","[2,8,4,1,6,0,5,3,7]",2
3268,ACB,"[0,0,1,0,0,1,0,1,1]","[2,6,8,4,0,5,7,3,1]",6
3269,ABC,"[1,1,1,0,1,1,1,0,0]","[3,0,8,2,5,7,4,6,1]",0
3270,BAC,"[0,1,0,1,1,1,1,0,1]","[4,5,0,3,8,6,7,1,2]",3
3271,ABC,"[0,0,0,1,0,1,0,0,0]","[1,8,6,2,4,5,0,7,3]",5
3272,CBA,"[1,0,0,1,0,0,1,0,0]","[7,8,6,3,0,4,5,1,2]",2
3273,ACB,"[1,0,1,1,1,0,0,1,1]","[1,0,4,3,6,8,7,5,2]",7
3274,BCA,"[1,0,1,1,1,1,0,0,1]","[2,1,8,4,3,6,5,7,0]",5
3275,CAB,"[1,1,1,0,0,1,1,1,1]","[3,8,0,5,7,1,2,4,6]",1
3276,ABC,"[0,1,0,0,0,0,0,0,0]","[0,7,3,6,2,5,1,8,4]",4
3277,BCA,"[1,1,1,0,1,0,0,1,0]","[8,5,0,2,4,6,3,7,1]",4
3278,ACB,"[1,0,1,1,1,0,1,0,1]","[7,4,8,6,5,2,1,0,3]",0
3279,BAC,"[1,0,0,1,1,0,0,1,1]","[3,7,0,6,5,8,2,1,4]",4
3280,CAB,"[0,0,1,0,1,0,1,0,1]","[7,6,3,5,0,4,8,2,1]",6
3281,CBA,"[0,1,1,0,0,1,1,0,0]","[1,6,8,7,0,4,2,5,3]",1
3282,ABC,"[0,1,0,1,1,0,1,1,0]","[6,0,2,7,5,3,8,4,1]",5
3283,CAB,"[0,1,0,0,0,0,0,0,1]","[1,8,4,0,5,7,6,2,3]",0
3284,BCA,"[0,1,1,1,1,1,1,0,0]","[2,4,8,3,0,5,6,7,1]",2
3285,CBA,"[1,0,1,0,0,0,1,0,0]","[3,6,2,4,0,5,8,1,7]",0
3286,ACB,"[1,0,0,1,1,1,0,1,0]","[8,2,1,4,5,0,3,7,6]",2
3287,BAC,"[0,1,0,1,1,0,1,0,1]","[2,1,7,8,6,4,3,0,5]",8
3288,CBA,"[0,0,1,1,1,0,1,0,1]","[3,2,7,0,5,1,8,6,4]",4
3289,CAB,"[1,1,1,0,0,1,0,0,1]","[3,8,0,2,5,6,4,1,7]",0
3290,BCA,"[1,0,1,0,0,0,0,1,1]","[7,0,6,1,5,8,3,4,2]",8
3291,BAC,"[0,0,0,0,1,1,0,0,0]","[5,8,6,0,3,7,2,1,4]",6
3292,ACB,"[0,0,1,1,1,0,0,0,1]","[5,1,8,7,2,6,3,0,4]",3
3293,ABC,"[1,1,0,1,1,0,1,1,0]","[2,0,1,3,4,8,6,5,7]",8
3294,BCA,"[0,1,0,1,1,1,1,1,1]","[6,5,1,4,7,8,0,2,3]",4
3295,ABC,"[1,1,0,1,1,0,1,0,1]","[7,4,3,6,8,2,5,0,1]",5
3296,BAC,"[1,1,1,1,1,0,1,1,0]","[7,3,0,5,2,8,1,6,4]",1
3297,CBA,"[1,1,0,1,1,0,0,1,0]","[0,5,1,4,7,6,3,2,8]",5
3298,ACB,"[1,0,0,0,0,0,0,1,0]","[8,6,0,1,7,3,2,4,5]",5
3299,CAB,"[1,1,0,0,0,1,0,0,1]","[6,2,4,7,8,3,0,1,5]",1
3300,CBA,"[1,1,0,0,1,0,1,1,1]","[3,2,5,4,8,1,6,7,0]",7
3301,CAB,"[1,0,1,0,1,0,1,0,1]","[1,8,2,5,3,0,4,6,7]",1
3302,ACB,"[1,1,1,0,0,1,1,1,0]","[7,3,2,8,5,1,4,6,0]",7
3303,ABC,"[1,0,1,0,0,1,0,1,1]","[1,4,2,3,8,5,6,0,7]",2
3304,BCA,"[1,0,0,1,1,0,0,1,1]","[1,8,6,3,7,0,2,5,4]",3
3305,BAC,"[1,1,1,1,0,0,1,1,1]","[6,5,7,0,4,1,2,3,8]",5
3306,BCA,"[1,0,0,1,0,0,1,0,0]","[5,8,1,7,6,3,0,4,2]",1
3307,CAB,"[1,1,1,0,1,0,0,1,0]","[1,0,8,4,5,3,6,7,2]",1
3308,BAC,"[0,1,0,0,0,0,0,0,0]","[5,4,2,1,7,6,0,8,3]",7
3309,ACB,"[0,1,1,1,0,1,0,1,1]","[3,8,2,6,7,5,4,1,0]",4
3310,ABC,"[1,1,0,0,1,1,1,1,1]","[6,4,0,5,1,8,2,3,7]",0
3311,CBA,"[1,1,0,0,1,0,0,0,0]","[2,0,7,8,4,1,3,6,5]",6
3312,ACB,"[0,1,1,1,1,1,0,0,0]","[6,8,3,7,2,0,4,1,5]",4
3313,BCA,"[0,0,1,1,0,0,1,1,1]","[8,6,5,7,0,3,2,4,1]",4
3314,BAC,"[1,0,0,1,1,1,1,0,1]","[3,6,5,0,8,2,4,1,7]",2
3315,ABC,"[0,1,1,1,1,1,1,1,1]","[5,8,4,6,0,1,3,2,7]",0
3316,CAB,"[0,1,0,0,1,1,0,1,0]","[5,3,7,8,4,1,6,0,2]",0
3317,CBA,"[0,0,0,1,0,0,0,0,0]","[7,6,2,5,0,8,1,3,4]",0
3318,CBA,"[1,0,0,0,0,0,0,0,0]","[8,4,1,2,5,7,6,3,0]",6
3319,ABC,"[0,0,0,0,1,1,1,0,1]","[8,5,2,4,6,7,3,1,0]",4
3320,BAC,"[1,0,1,0,0,0,0,1,0]","[4,5,6,2,7,3,1,0,8]",4
3321,CAB,"[1,1,0,0,1,0,0,0,1]","[7,6,2,5,1,0,3,4,8]",2
3322,BCA,"[1,1,0,0,0,0,1,1,0]","[8,1,5,2,0,4,6,7,3]",7
3323,ACB,"[0,1,0,1,1,0,0,1,0]","[8,6,3,2,5,0,1,4,7]",0
3324,CAB,"[0,1,0,1,1,0,0,1,0]","[8,3,7,5,1,6,0,2,4]",5
3325,BCA,"[1,0,1,0,1,0,0,1,1]","[6,1,2,3,4,5,8,0,7]",8
3326,ACB,"[0,0,0,1,0,0,0,0,0]","[8,0,5,3,4,7,1,6,2]",7
3327,BAC,"[0,0,0,1,1,0,1,0,1]","[2,6,5,0,1,7,8,4,3]",5
3328,ABC,"[0,0,0,0,0,1,1,1,0]","[7,6,2,4,1,8,3,0,5]",0
3329,CBA,"[0,1,0,0,1,0,0,1,0]","[6,7,4,2,1,0,8,3,5]",7
3330,BAC,"[0,1,1,1,1,0,1,1,0]","[4,6,7,1,2,5,8,3,0]",8
3331,BCA,"[0,1,1,1,0,1,1,0,1]","[3,1,4,7,0,2,8,5,6]",0
3332,CBA,"[1,1,1,1,1,1,1,0,1]","[8,0,2,4,5,6,3,7,1]",6
3333,CAB,"[1,1,0,0,0,1,0,1,1]","[7,8,4,1,2,3,0,5,6]",2
3334,ACB,"[0,1,1,0,1,0,1,1,0]","[6,8,0,2,3,4,5,7,1]",4
3335,ABC,"[1,0,1,0,1,0,1,1,1]","[8,1,4,3,6,5,2,0,7]",2
3336,CBA,"[1,1,0,0,0,0,0,1,0]","[4,3,7,8,1,2,6,5,0]",1
3337,CAB,"[0,1,0,0,1,0,0,1,1]","[2,8,4,7,3,5,0,1,6]",7
3338,BAC,"[0,1,1,0,0,1,0,0,0]","[8,5,6,2,7,3,1,4,0]",1
3339,ABC,"[0,1,1,1,0,1,0,1,1]","[5,8,7,4,2,1,3,0,6]",5
3340,ACB,"[1,1,1,0,1,1,0,1,0]","[7,1,0,5,2,3,8,4,6]",2
3341,BCA,"[0,1,0,0,0,0,0,0,0]","[3,6,7,8,0,4,1,2,5]",5
3342,ACB,"[1,0,0,0,1,0,0,0,1]","[3,4,8,5,7,2,1,0,6]",0
3343,BAC,"[1,0,1,0,1,1,0,1,1]","[6,2,1,4,7,3,8,5,0]",3
3344,ABC,"[0,0,0,1,0,0,1,0,0]","[6,7,8,4,2,3,5,0,1]",7
3345,CBA,"[0,0,0,0,1,1,0,0,1]","[6,1,5,3,0,4,7,2,8]",5
3346,BCA,"[1,1,0,0,0,0,0,1,0]","[3,8,1,7,0,6,5,2,4]",6
3347,CAB,"[1,1,1,1,1,1,0,1,1]","[1,4,2,0,6,8,7,3,5]",7
3348,CBA,"[0,0,0,1,0,0,0,1,1]","[6,4,1,7,3,0,2,8,5]",7
3349,ACB,"[0,0,0,0,1,0,0,0,0]","[5,0,3,7,2,8,1,6,4]",0
3350,ABC,"[1,1,0,0,1,0,1,0,1]","[1,2,4,8,3,7,6,0,5]",5
3351,BAC,"[1,1,1,1,1,1,0,1,1]","[3,2,7,1,0,6,5,8,4]",8
3352,CAB,"[0,1,0,0,1,0,1,0,1]","[1,7,0,5,8,4,6,3,2]",8
3353,BCA,"[1,0,0,1,0,1,1,1,1]","[0,6,8,5,3,7,4,2,1]",0
3354,ACB,"[0,0,0,0,1,0,1,0,0]","[4,6,8,5,7,3,1,0,2]",3
3355,CBA,"[1,0,1,0,1,0,1,1,0]","[2,5,7,3,8,0,4,6,1]",4
3356,BCA,"[1,0,1,1,0,0,0,1,1]","[1,0,5,4,2,6,7,8,3]",4
3357,CAB,"[0,1,1,0,0,0,1,1,0]","[0,7,1,6,4,2,5,8,3]",7
3358,BAC,"[1,1,0,1,1,0,1,0,1]","[2,3,1,7,0,8,6,5,4]",4
3359,ABC,"[0,0,1,1,1,0,0,0,1]","[4,3,8,1,2,5,6,7,0]",1
3360,ACB,"[1,1,0,1,0,0,1,0,1]","[4,8,2,6,7,1,3,0,5]",8
3361,CAB,"[1,1,0,1,0,0,0,1,0]","[0,3,1,4,2,7,8,5,6]",5
3362,ABC,"[1,1,1,1,1,1,0,1,1]","[5,0,2,1,6,3,8,7,4]",6
3363,BAC,"[0,1,0,1,1,1,0,0,1]","[6,4,3,1,0,5,2,8,7]",4
3364,CBA,"[0,0,0,0,1,1,1,0,0]","[8,2,5,7,6,3,4,1,0]",8
3365,BCA,"[1,1,0,0,1,1,1,0,1]","[4,0,7,8,3,1,5,6,2]",1
3366,BCA,"[0,1,0,1,0,0,0,1,1]","[1,6,0,4,5,3,8,7,2]",1
3367,CBA,"[0,1,0,0,0,1,0,0,1]","[3,4,8,2,1,5,7,6,0]",7
3368,BAC,"[0,1,0,1,0,1,0,1,0]","[2,6,5,0,7,1,3,4,8]",5
3369,ACB,"[1,1,1,0,0,0,1,1,1]","[2,5,7,0,8,4,6,3,1]",3
3370,CAB,"[0,0,1,0,1,0,0,1,0]","[4,8,2,5,3,7,0,1,6]",2
3371,ABC,"[1,0,1,0,1,0,1,1,0]","[6,3,7,8,2,1,0,4,5]",1
3372,ABC,"[1,1,0,1,0,1,0,0,1]","[8,2,3,0,5,7,4,1,6]",2
3373,CAB,"[0,0,1,0,1,1,1,0,1]","[7,0,8,5,6,2,3,1,4]",4
3374,BAC,"[1,1,1,1,0,0,1,1,0]","[7,6,5,1,2,4,3,8,0]",2
3375,ACB,"[1,0,1,0,1,0,0,1,1]","[8,6,5,4,1,2,3,7,0]",4
3376,CBA,"[1,0,1,1,0,0,1,0,1]","[8,5,1,0,4,6,3,7,2]",5
3377,BCA,"[1,1,1,1,0,1,1,0,1]","[1,6,8,7,0,3,2,4,5]",4
3378,CAB,"[0,1,0,1,0,1,0,0,0]","[0,2,8,3,7,6,4,1,5]",4
3379,CBA,"[1,0,0,0,0,1,0,1,1]","[3,2,4,0,5,8,6,7,1]",7
3380,BAC,"[0,1,0,0,1,1,0,0,1]","[1,7,0,6,2,8,5,4,3]",3
3381,ABC,"[1,0,0,1,0,0,0,1,1]","[2,5,0,8,6,4,1,7,3]",5
3382,ACB,"[1,1,0,1,1,0,1,0,1]","[5,2,7,1,8,4,3,6,0]",8
3383,BCA,"[1,0,0,1,0,1,1,0,0]","[0,7,5,2,3,1,6,8,4]",4
3384,ACB,"[1,1,0,0,1,1,1,1,0]","[7,5,6,0,4,1,8,3,2]",0
3385,CAB,"[1,1,0,0,1,0,0,1,0]","[5,6,0,4,1,7,2,3,8]",0
3386,CBA,"[0,1,0,0,0,0,0,0,1]","[7,2,1,4,5,8,0,6,3]",1
3387,BCA,"[1,1,1,1,0,0,0,1,0]","[1,7,4,5,2,8,3,0,6]",2
3388,BAC,"[0,0,1,1,0,0,1,1,1]","[3,5,6,7,4,0,1,2,8]",3
3389,ABC,"[0,1,0,0,0,1,0,1,0]","[0,5,1,7,2,6,8,3,4]",2
3390,ACB,"[0,1,0,0,0,0,1,1,1]","[7,1,6,3,0,4,8,5,2]",3
3391,BCA,"[0,1,1,0,0,1,1,1,1]","[2,5,6,0,4,8,1,3,7]",1
3392,CBA,"[1,1,0,1,1,0,0,1,1]","[2,1,7,6,5,0,4,3,8]",4
3393,CAB,"[1,1,0,0,0,1,1,0,0]","[6,8,1,5,4,0,7,2,3]",8
3394,ABC,"[0,1,0,1,0,1,1,1,1]","[0,3,6,2,1,4,7,5,8]",0
3395,BAC,"[0,0,1,0,1,0,1,0,1]","[1,7,8,0,6,4,5,3,2]",7
3396,ACB,"[1,0,1,1,0,0,0,0,0]","[1,3,0,4,7,8,5,2,6]",1
3397,CBA,"[0,1,1,0,0,0,1,1,0]","[1,8,4,0,6,3,5,2,7]",0
3398,BCA,"[0,0,0,0,1,0,1,1,1]","[1,8,7,5,2,0,3,6,4]",4
3399,BAC,"[0,1,0,1,0,1,0,0,0]","[0,3,7,2,1,8,4,5,6]",4
3400,CAB,"[1,0,1,0,1,1,0,0,1]","[4,3,5,2,1,0,7,6,8]",8
3401,ABC,"[0,0,1,1,1,0,0,0,1]","[1,7,5,8,4,6,3,0,2]",0
3402,BCA,"[0,1,1,1,0,1,1,1,1]","[1,6,0,2,8,5,3,4,7]",1
3403,ABC,"[1,0,1,0,1,0,1,1,0]","[0,1,6,7,8,5,2,4,3]",1
3404,CAB,"[0,1,1,1,1,0,1,1,1]","[8,5,4,1,2,6,0,3,7]",1
3405,BAC,"[0,1,0,0,1,1,1,1,1]","[6,7,2,3,8,5,1,4,0]",6
3406,CBA,"[0,0,1,0,1,1,0,0,1]","[4,0,6,1,5,2,8,3,7]",8
3407,ACB,"[1,0,0,0,1,1,1,1,0]","[4,3,6,1,8,5,7,0,2]",0
3408,BAC,"[0,0,0,1,0,1,0,1,1]","[7,2,4,8,0,6,1,5,3]",4
3409,CAB,"[1,0,1,1,0,1,0,0,1]","[8,4,1,0,7,3,5,6,2]",7
3410,BCA,"[0,0,1,1,1,0,0,1,0]","[0,1,7,2,5,8,4,6,3]",8
3411,CBA,"[0,0,1,0,0,1,1,0,0]","[5,8,1,4,7,2,6,0,3]",5
3412,ABC,"[1,1,0,0,0,0,1,1,0]","[8,6,2,5,4,0,7,1,3]",2
3413,ACB,"[0,1,0,0,0,1,0,0,0]","[2,3,5,4,6,8,1,0,7]",3
3414,ACB,"[1,1,0,1,0,1,1,0,0]","[3,0,7,5,6,2,4,8,1]",4
3415,CAB,"[1,1,0,1,1,0,0,0,1]","[3,6,0,5,1,7,8,4,2]",8
3416,CBA,"[0,1,0,0,1,0,1,0,1]","[3,4,1,7,6,5,0,2,8]",8
3417,ABC,"[0,1,0,0,1,0,0,0,1]","[2,0,6,1,3,5,8,4,7]",5
3418,BCA,"[1,0,0,0,0,0,0,1,0]","[1,8,4,2,7,3,0,6,5]",4
3419,BAC,"[1,0,0,0,1,0,1,1,0]","[4,2,1,7,3,5,8,0,6]",6
3420,ABC,"[1,1,1,0,1,0,0,1,1]","[4,1,7,0,2,8,5,3,6]",8
3421,BAC,"[1,1,0,1,0,0,0,1,0]","[1,2,3,4,0,5,8,6,7]",0
3422,CBA,"[1,0,1,1,0,0,1,0,0]","[3,6,2,0,8,1,4,7,5]",3
3423,ACB,"[0,0,0,1,0,1,0,1,1]","[8,7,1,3,0,5,6,4,2]",3
3424,BCA,"[0,0,0,1,0,0,1,1,1]","[7,0,8,5,2,4,1,3,6]",8
3425,CAB,"[1,0,1,0,1,1,0,0,1]","[0,2,4,3,6,1,7,8,5]",4
3426,CBA,"[1,0,1,1,1,1,1,0,1]","[5,3,7,6,2,0,4,8,1]",3
3427,ACB,"[0,0,1,0,0,0,0,0,0]","[0,4,5,6,8,3,2,1,7]",5
3428,BAC,"[1,0,0,1,1,1,1,1,1]","[3,7,1,8,6,2,5,4,0]",3
3429,CAB,"[0,1,1,0,0,1,0,1,0]","[2,3,0,1,5,8,7,6,4]",8
3430,BCA,"[0,1,0,0,0,0,0,0,0]","[7,3,5,6,8,1,2,0,4]",7
3431,ABC,"[1,0,0,0,1,1,0,0,1]","[3,5,6,8,1,2,0,7,4]",2
3432,BCA,"[1,0,1,0,1,0,0,0,0]","[7,5,6,4,8,3,0,1,2]",2
3433,CBA,"[1,0,0,0,0,1,0,0,0]","[8,0,7,1,2,5,3,4,6]",0
3434,BAC,"[0,1,1,0,0,1,1,1,0]","[1,4,5,8,6,7,0,3,2]",7
3435,ACB,"[0,1,0,1,1,1,0,0,1]","[2,3,1,0,4,6,7,8,5]",1
3436,ABC,"[0,0,0,1,1,1,0,1,1]","[3,1,8,2,6,4,5,0,7]",0
3437,CAB,"[1,1,1,1,0,0,0,1,1]","[0,5,4,7,6,2,3,8,1]",6
3438,CAB,"[1,1,1,1,0,0,1,1,0]","[8,5,4,1,3,7,0,2,6]",8
3439,BAC,"[1,0,0,1,0,1,1,1,1]","[6,7,2,4,0,5,8,1,3]",1
3440,ABC,"[0,0,1,1,1,0,1,0,1]","[1,6,2,7,3,5,4,0,8]",8
3441,ACB,"[0,0,0,0,0,0,0,0,0]","[3,4,1,7,2,0,8,5,6]",0
3442,CBA,"[1,0,1,0,1,0,1,0,0]","[6,2,1,8,0,4,5,3,7]",5
3443,BCA,"[0,1,0,0,1,0,1,0,1]","[1,4,5,0,7,3,6,8,2]",6
3444,ACB,"[0,1,1,0,1,1,0,1,0]","[4,7,2,5,1,8,6,0,3]",0
3445,ABC,"[0,0,1,1,0,0,1,0,0]","[0,8,4,7,3,1,6,5,2]",3
3446,CBA,"[1,1,0,1,0,1,0,1,1]","[6,4,1,7,0,2,5,3,8]",7
3447,CAB,"[1,0,0,1,1,0,0,0,1]","[8,7,1,3,0,5,2,6,4]",8
3448,BAC,"[0,1,1,1,1,0,1,1,1]","[4,6,5,8,2,0,3,7,1]",5
3449,BCA,"[0,1,0,0,1,0,0,1,0]","[6,3,4,5,2,7,1,0,8]",8
3450,BCA,"[1,0,1,1,1,1,1,1,0]","[6,4,3,0,8,7,1,5,2]",3
3451,BAC,"[1,1,1,0,0,1,0,1,1]","[7,1,2,8,6,5,3,4,0]",0
3452,CBA,"[0,1,0,1,0,1,0,1,0]","[2,0,7,1,3,5,6,8,4]",2
3453,CAB,"[1,0,0,0,0,1,1,1,0]","[3,1,4,5,2,6,7,0,8]",0
3454,ACB,"[1,0,1,0,0,0,1,0,1]","[6,7,0,2,8,4,5,1,3]",2
3455,ABC,"[1,1,0,0,1,0,1,0,1]","[6,3,5,2,4,8,0,1,7]",2
3456,ACB,"[1,0,1,1,1,0,0,0,1]","[0,8,2,3,1,4,5,7,6]",5
3457,CAB,"[1,0,0,0,0,1,1,0,0]","[5,8,6,0,1,2,4,7,3]",6
3458,CBA,"[1,1,0,1,0,1,1,0,0]","[7,3,6,5,8,4,1,0,2]",2
3459,ABC,"[1,0,0,1,0,0,0,0,0]","[0,6,1,4,3,7,8,2,5]",2
3460,BAC,"[1,1,1,0,1,1,0,1,1]","[4,6,7,0,2,5,1,8,3]",8
3461,BCA,"[1,1,1,0,1,0,1,0,0]","[6,1,2,5,7,0,3,8,4]",8
3462,CBA,"[1,1,0,1,0,0,1,0,0]","[2,7,1,0,5,8,3,6,4]",3
3463,CAB,"[1,1,1,0,0,1,0,1,1]","[2,3,0,7,6,5,1,4,8]",8
3464,ABC,"[1,1,1,0,1,0,1,0,1]","[1,2,6,8,7,0,3,4,5]",6
3465,ACB,"[0,0,0,1,0,1,0,1,1]","[4,7,5,0,2,3,1,8,6]",2
3466,BAC,"[0,0,0,0,1,0,1,0,0]","[5,6,0,4,2,8,1,3,7]",2
3467,BCA,"[0,0,1,0,1,0,0,0,1]","[6,3,4,5,7,0,8,1,2]",1
3468,ABC,"[1,1,1,1,0,1,1,0,1]","[8,1,0,4,7,5,6,2,3]",8
3469,CBA,"[1,1,0,1,1,1,0,0,0]","[2,8,6,3,4,0,7,1,5]",4
3470,BCA,"[1,1,0,1,0,0,1,0,0]","[7,8,5,0,6,4,3,2,1]",8
3471,BAC,"[0,0,1,1,0,0,0,1,0]","[3,5,4,7,8,2,1,6,0]",3
3472,CAB,"[1,1,1,1,1,0,1,0,1]","[3,2,1,4,5,6,8,7,0]",4
3473,ACB,"[1,1,1,1,1,0,0,0,1]","[5,4,0,2,3,8,7,1,6]",8
3474,ABC,"[1,1,1,0,0,1,1,1,1]","[7,2,3,1,5,4,0,8,6]",0
3475,BCA,"[1,0,0,1,1,1,0,1,0]","[3,0,6,1,8,5,7,2,4]",4
3476,CAB,"[0,0,1,1,1,1,0,0,0]","[2,4,7,3,6,8,1,0,5]",8
3477,BAC,"[1,0,1,1,1,0,0,1,0]","[0,3,8,5,1,6,2,7,4]",4
3478,CBA,"[0,0,0,1,1,0,0,1,1]","[2,4,6,3,5,1,7,0,8]",2
3479,ACB,"[1,0,0,1,0,0,1,0,0]","[6,2,7,4,8,0,1,3,5]",4
3480,BAC,"[1,0,0,1,1,0,1,1,1]","[7,3,4,1,6,5,0,2,8]",4
3481,CAB,"[0,0,0,0,1,1,0,0,0]","[1,6,3,5,2,8,0,7,4]",6
3482,BCA,"[0,0,0,0,1,1,0,0,0]","[1,8,0,2,7,6,5,3,4]",6
3483,ABC,"[1,0,1,1,0,0,0,0,1]","[8,7,5,3,6,0,4,1,2]",0
3484,ACB,"[0,0,0,1,0,1,1,1,1]","[6,7,1,0,8,4,2,3,5]",5
3485,CBA,"[0,0,0,0,0,0,1,0,1]","[4,3,7,5,6,2,0,8,1]",3
3486,BCA,"[1,0,1,1,1,0,0,1,0]","[4,8,3,2,5,6,7,1,0]",1
3487,BAC,"[0,1,0,0,0,0,1,1,1]","[2,7,6,8,5,0,1,4,3]",5
3488,ABC,"[1,1,1,1,1,0,1,0,0]","[0,6,5,1,3,8,4,7,2]",3
3489,CAB,"[1,1,1,0,0,0,1,0,0]","[0,2,7,5,1,6,8,3,4]",1
3490,ACB,"[1,1,1,0,1,1,0,0,0]","[7,0,3,2,4,8,5,6,1]",8
3491,CBA,"[1,1,1,0,0,0,1,1,1]","[8,2,5,4,7,0,3,6,1]",5
3492,CAB,"[0,0,0,1,1,1,0,0,1]","[2,0,3,7,1,4,6,5,8]",3
3493,BAC,"[0,0,0,1,1,0,1,1,1]","[4,1,7,6,8,3,5,0,2]",2
3494,ABC,"[1,1,0,1,1,1,0,1,0]","[1,3,4,8,0,7,2,6,5]",4
3495,BCA,"[1,0,1,0,0,1,0,1,1]","[2,5,3,4,8,6,1,7,0]",1
3496,ACB,"[1,0,1,0,1,1,1,0,0]","[8,3,5,0,4,2,1,6,7]",1
3497,CBA,"[0,0,1,0,1,1,0,0,1]","[0,3,2,1,6,4,7,8,5]",4
3498,CAB,"[1,0,0,1,0,0,0,0,0]","[6,1,4,0,7,5,8,2,3]",3
3499,BCA,"[1,0,1,0,0,1,0,0,1]","[0,3,8,1,7,6,4,2,5]",2
3500,CBA,"[0,0,0,0,1,1,1,0,1]","[1,4,0,6,7,2,8,5,3]",7
3501,BAC,"[0,1,0,1,0,0,1,1,1]","[4,8,2,1,5,0,7,6,3]",1
3502,ABC,"[1,0,0,1,1,0,1,1,1]","[7,3,0,5,4,6,1,2,8]",4
3503,ACB,"[1,0,0,1,1,1,0,1,0]","[4,6,5,1,7,3,0,2,8]",4
3504,CBA,"[1,1,1,1,0,0,1,0,1]","[2,3,1,7,4,0,8,6,5]",1
3505,BCA,"[1,1,0,1,0,1,0,1,0]","[1,3,2,7,0,5,8,6,4]",7
3506,CAB,"[1,0,0,0,0,1,1,0,1]","[0,2,3,8,5,1,7,6,4]",7
3507,BAC,"[0,1,0,0,0,1,1,0,0]","[5,3,4,8,6,2,1,0,7]",2
3508,ACB,"[1,0,0,1,1,0,0,0,0]","[0,6,4,1,7,5,8,2,3]",5
3509,ABC,"[0,0,1,0,1,0,1,1,0]","[7,5,6,1,3,4,0,2,8]",2
3510,CAB,"[0,1,1,0,1,0,1,1,0]","[0,6,4,5,1,2,7,8,3]",1
3511,BAC,"[1,0,1,0,1,1,1,0,1]","[2,6,0,4,8,1,7,5,3]",5
3512,CBA,"[0,1,1,0,1,0,1,0,1]","[4,6,0,2,8,5,7,1,3]",6
3513,BCA,"[0,1,1,0,1,1,0,1,0]","[7,0,2,5,3,1,6,8,4]",0
3514,ABC,"[1,0,1,0,1,0,0,0,1]","[5,2,0,3,1,4,6,7,8]",2
3515,ACB,"[1,0,1,0,0,1,1,1,1]","[8,5,7,4,6,0,2,1,3]",6
3516,CAB,"[1,0,0,1,1,1,1,1,1]","[0,1,8,7,6,3,2,4,5]",2
3517,ABC,"[0,1,0,0,1,1,1,1,1]","[2,3,8,6,5,7,0,4,1]",3
3518,CBA,"[0,1,0,1,0,0,0,0,1]","[4,5,2,3,6,7,8,1,0]",6
3519,BCA,"[1,0,0,1,1,0,0,0,0]","[1,2,8,7,4,3,5,0,6]",8
3520,BAC,"[1,1,1,0,1,0,0,1,1]","[8,0,5,4,1,6,7,3,2]",1
3521,ACB,"[1,1,1,1,0,0,1,1,1]","[2,4,1,6,7,5,0,8,3]",6
3522,CAB,"[1,1,1,0,1,1,0,1,1]","[3,2,0,7,8,1,6,5,4]",3
3523,CBA,"[0,0,0,1,1,0,0,0,1]","[5,8,0,6,7,1,4,2,3]",0
3524,BAC,"[1,0,1,0,1,1,0,1,0]","[0,2,1,6,4,3,5,8,7]",6
3525,ABC,"[1,0,0,1,1,0,1,0,1]","[3,2,8,7,4,1,5,0,6]",6
3526,ACB,"[1,1,1,1,0,0,0,0,0]","[5,6,3,2,0,4,8,1,7]",5
3527,BCA,"[0,0,1,0,0,1,1,1,1]","[7,6,5,1,2,8,4,3,0]",5
3528,BCA,"[0,1,1,0,0,1,1,1,0]","[8,0,2,5,3,4,7,1,6]",5
3529,BAC,"[0,1,0,0,1,0,1,1,0]","[4,2,6,8,5,0,1,7,3]",8
3530,CAB,"[1,1,1,1,0,1,0,1,0]","[7,2,3,0,5,4,8,6,1]",0
3531,ACB,"[0,1,1,0,1,0,0,1,1]","[7,1,8,3,5,2,4,6,0]",6
3532,CBA,"[1,0,1,0,0,0,1,0,0]","[6,8,1,0,3,5,2,7,4]",4
3533,ABC,"[1,0,1,1,1,0,1,0,1]","[5,3,7,1,8,6,4,0,2]",4
3534,BCA,"[1,1,0,1,1,1,1,1,0]","[0,2,5,7,3,8,4,6,1]",4
3535,ABC,"[1,1,1,0,0,1,1,0,1]","[5,0,4,8,3,7,6,1,2]",3
3536,ACB,"[1,0,0,1,0,1,0,0,1]","[8,4,3,0,7,2,5,1,6]",4
3537,CAB,"[1,1,1,0,0,1,0,0,0]","[6,2,4,8,1,3,7,5,0]",3
3538,BAC,"[0,1,1,0,0,1,1,0,1]","[7,6,8,0,5,4,2,3,1]",7
3539,CBA,"[1,0,0,1,1,1,0,0,0]","[2,7,8,6,1,3,4,5,0]",4
3540,BAC,"[0,0,0,1,1,1,1,1,0]","[0,1,8,2,5,7,3,6,4]",4
3541,CAB,"[0,1,0,1,1,1,0,1,0]","[6,4,3,5,1,8,2,0,7]",1
3542,ABC,"[0,0,1,0,1,1,0,1,1]","[8,6,7,3,2,1,4,5,0]",5
3543,ACB,"[0,1,1,0,0,0,0,1,1]","[7,5,2,0,6,1,3,8,4]",3
3544,CBA,"[0,0,0,1,1,0,1,0,0]","[1,5,4,8,7,2,3,6,0]",5
3545,BCA,"[1,1,0,0,0,1,0,0,0]","[1,4,6,7,3,2,8,0,5]",4
3546,BCA,"[1,0,1,0,0,1,1,0,1]","[2,8,1,6,5,0,3,4,7]",8
3547,CBA,"[1,0,0,1,0,0,1,0,0]","[7,8,3,6,1,0,5,4,2]",8
3548,ABC,"[1,0,1,0,1,0,0,0,0]","[6,1,2,7,0,5,3,8,4]",5
3549,BAC,"[0,0,0,0,1,1,0,1,1]","[2,8,4,5,3,0,7,1,6]",5
3550,CAB,"[0,1,1,1,1,1,1,0,0]","[6,8,5,3,1,0,4,7,2]",5
3551,ACB,"[0,0,0,1,1,1,0,1,0]","[0,1,8,2,3,5,6,4,7]",1
3552,CAB,"[1,0,0,1,0,0,0,0,0]","[7,5,4,0,3,1,8,2,6]",8
3553,ABC,"[1,0,0,0,0,0,0,0,0]","[5,0,1,2,3,4,6,7,8]",1
3554,BAC,"[1,1,1,0,0,0,0,0,0]","[0,4,8,5,2,1,6,7,3]",7
3555,CBA,"[0,1,1,0,1,0,1,0,0]","[4,5,0,8,6,7,2,3,1]",8
3556,ACB,"[0,0,1,0,1,0,1,0,0]","[4,3,7,2,5,6,1,8,0]",1
3557,BCA,"[0,0,1,0,1,0,1,1,1]","[6,2,5,3,0,1,7,4,8]",8
3558,CAB,"[1,0,0,0,0,1,1,0,0]","[6,5,7,8,2,4,3,0,1]",1
3559,BCA,"[1,1,0,0,0,0,1,1,0]","[0,8,2,1,4,6,5,7,3]",7
3560,ABC,"[0,1,1,0,1,0,1,0,1]","[8,2,4,5,6,7,1,0,3]",2
3561,CBA,"[1,1,0,0,1,1,1,0,0]","[5,2,6,8,4,3,1,0,7]",4
3562,BAC,"[0,1,1,1,1,1,0,0,1]","[3,8,1,2,6,4,5,0,7]",2
3563,ACB,"[0,1,0,0,1,0,0,0,0]","[4,7,2,1,6,8,0,3,5]",4
3564,BCA,"[0,0,0,1,0,1,1,1,1]","[4,8,7,5,1,3,2,0,6]",3
3565,ACB,"[0,0,1,0,0,0,1,1,1]","[0,4,8,3,2,6,5,7,1]",4
3566,CBA,"[0,0,1,0,0,1,1,1,0]","[0,2,5,4,8,3,1,7,6]",4
3567,BAC,"[1,1,1,1,0,0,1,1,1]","[5,7,2,8,6,1,4,3,0]",1
3568,ABC,"[0,0,0,0,0,0,0,1,1]","[2,8,4,5,6,0,7,1,3]",0
3569,CAB,"[0,1,1,0,0,1,1,0,0]","[4,7,2,0,5,1,8,6,3]",1
3570,ABC,"[0,0,0,1,0,1,0,0,0]","[0,4,5,2,1,7,6,3,8]",7
3571,ACB,"[0,0,1,1,0,0,0,0,0]","[5,3,2,6,1,7,0,8,4]",3
3572,BCA,"[0,0,1,0,1,0,0,0,0]","[0,2,1,7,8,3,6,4,5]",0
3573,CAB,"[0,1,0,0,0,0,1,0,1]","[8,0,7,1,5,3,6,2,4]",7
3574,CBA,"[1,1,1,0,0,1,0,0,0]","[5,2,4,1,8,0,3,7,6]",7
3575,BAC,"[0,1,0,0,0,0,0,0,0]","[4,5,3,2,0,7,6,1,8]",1
3576,BAC,"[1,0,0,1,1,0,1,1,1]","[6,2,1,3,4,0,8,7,5]",0
3577,ACB,"[0,0,1,1,0,1,1,1,0]","[8,2,5,1,6,7,0,3,4]",2
3578,ABC,"[1,0,0,0,1,0,0,1,1]","[4,0,6,8,7,2,1,5,3]",6
3579,CAB,"[1,0,0,1,0,0,0,0,1]","[5,7,4,0,8,1,2,6,3]",0
3580,CBA,"[1,0,0,0,0,0,1,1,0]","[4,5,8,2,1,7,3,6,0]",1
3581,BCA,"[1,1,0,0,1,0,0,0,1]","[4,2,6,8,3,0,1,5,7]",4
3582,ABC,"[0,0,0,1,1,0,0,1,1]","[7,6,1,8,0,5,3,4,2]",7
3583,CAB,"[1,1,1,1,1,1,0,0,1]","[2,7,6,4,8,5,1,0,3]",0
3584,CBA,"[1,0,0,0,1,0,1,0,1]","[8,2,3,5,1,7,4,0,6]",5
3585,ACB,"[0,1,0,0,0,1,0,1,1]","[5,1,7,6,2,0,3,4,8]",5
3586,BCA,"[1,0,0,1,0,0,1,1,0]","[3,7,8,5,1,2,6,0,4]",3
3587,BAC,"[0,1,0,1,0,0,0,0,0]","[8,6,2,1,0,5,3,7,4]",0
3588,ABC,"[0,1,0,1,0,1,1,0,0]","[6,2,8,3,0,1,4,7,5]",2
3589,ACB,"[1,0,0,0,1,1,1,0,0]","[1,5,7,4,8,6,0,3,2]",6
3590,BAC,"[0,0,0,0,0,0,1,0,1]","[1,0,3,8,6,7,4,5,2]",3
3591,CAB,"[0,0,1,0,1,0,0,1,1]","[3,0,5,8,1,6,2,4,7]",5
3592,CBA,"[1,1,0,1,1,0,0,0,0]","[6,5,1,4,3,7,2,8,0]",0
3593,BCA,"[0,1,1,0,1,1,1,0,1]","[1,2,5,7,6,3,0,4,8]",2
3594,CAB,"[1,0,1,1,0,0,1,1,0]","[2,3,6,7,8,1,4,5,0]",8
3595,ABC,"[0,0,0,1,1,0,1,0,1]","[3,6,8,0,7,1,5,4,2]",4
3596,ACB,"[1,1,1,0,0,0,0,0,1]","[5,4,1,3,7,8,6,0,2]",0
3597,CBA,"[0,0,1,0,0,1,0,0,1]","[4,5,0,2,7,1,6,8,3]",5
3598,BCA,"[1,0,1,0,0,0,0,0,1]","[0,3,5,2,6,4,1,8,7]",3
3599,BAC,"[0,1,1,1,0,1,1,0,1]","[1,5,8,7,2,6,0,3,4]",5
3600,CBA,"[1,1,0,1,1,1,0,0,1]","[1,7,6,0,5,2,4,8,3]",5
3601,BAC,"[1,1,0,1,0,0,1,0,0]","[2,6,0,4,7,1,5,3,8]",3
3602,ABC,"[0,0,1,0,1,0,0,0,0]","[1,0,7,6,2,4,8,5,3]",4
3603,CAB,"[1,0,1,0,0,1,1,0,1]","[0,7,8,3,6,5,4,2,1]",4
3604,BCA,"[0,1,1,1,1,1,0,0,0]","[7,5,3,2,6,1,4,8,0]",0
3605,ACB,"[0,0,0,1,0,1,1,0,1]","[6,0,5,1,8,4,3,7,2]",4
3606,ABC,"[0,0,0,0,0,1,0,0,1]","[6,2,4,5,1,0,3,8,7]",2
3607,CAB,"[1,0,1,1,1,1,0,1,1]","[4,2,7,1,6,5,8,3,0]",4
3608,BCA,"[1,1,1,1,0,0,1,1,0]","[7,2,0,6,8,5,3,4,1]",7
3609,CBA,"[0,0,0,1,1,0,0,1,0]","[5,6,2,1,7,3,8,0,4]",7
3610,BAC,"[0,1,1,0,0,0,0,0,0]","[6,0,7,4,1,5,3,2,8]",4
3611,ACB,"[1,1,1,0,1,1,0,0,1]","[6,4,7,0,3,2,1,8,5]",4
3612,ABC,"[0,1,0,1,0,0,0,1,0]","[0,2,1,3,4,8,5,6,7]",5
3613,BAC,"[0,1,0,1,1,0,1,1,1]","[0,1,3,8,6,5,2,7,4]",7
3614,CAB,"[0,1,0,0,1,1,0,1,1]","[6,2,5,0,8,3,4,7,1]",8
3615,CBA,"[0,0,1,1,0,0,0,0,0]","[6,7,4,1,0,8,2,3,5]",7
3616,ACB,"[1,1,1,1,1,0,1,0,0]","[6,8,2,4,0,5,3,1,7]",3
3617,BCA,"[1,0,1,0,1,0,0,0,0]","[7,5,4,0,1,8,3,2,6]",4
3618,ACB,"[0,0,1,1,1,1,0,0,1]","[4,7,5,8,6,1,3,0,2]",8
3619,ABC,"[1,1,0,1,1,0,1,0,1]","[6,4,8,0,5,1,2,3,7]",5
3620,CAB,"[1,0,0,0,1,1,1,0,0]","[2,5,7,0,3,6,4,8,1]",7
3621,CBA,"[0,0,0,0,0,1,1,1,1]","[5,0,7,6,3,1,8,2,4]",5
3622,BCA,"[1,1,0,0,1,1,1,1,0]","[0,5,1,6,8,3,7,2,4]",4
3623,BAC,"[0,1,0,1,1,0,1,0,1]","[5,1,8,0,2,6,3,7,4]",5
3624,BCA,"[1,0,1,0,0,0,0,1,1]","[1,5,0,2,4,3,7,6,8]",0
3625,BAC,"[0,0,1,1,1,0,0,1,1]","[7,2,1,8,4,3,6,5,0]",3
3626,ACB,"[1,1,0,0,0,1,0,1,1]","[3,0,1,4,6,8,7,2,5]",6
3627,ABC,"[0,0,0,1,0,0,1,1,0]","[5,3,0,8,1,4,6,7,2]",3
3628,CBA,"[1,1,1,0,0,1,0,1,1]","[3,6,8,1,0,4,5,2,7]",4
3629,CAB,"[1,1,0,1,0,0,0,0,1]","[1,7,8,6,0,4,3,5,2]",2
3630,BCA,"[0,1,1,1,0,0,1,0,0]","[7,4,3,0,2,1,8,5,6]",6
3631,ACB,"[0,0,1,1,0,1,1,1,1]","[1,0,2,6,7,5,4,8,3]",7
3632,CAB,"[1,0,1,1,0,1,0,1,1]","[5,2,7,0,3,1,4,6,8]",6
3633,ABC,"[1,0,0,0,1,0,0,1,0]","[5,1,2,7,3,8,0,6,4]",0
3634,CBA,"[0,0,1,0,1,1,1,1,0]","[4,7,5,8,6,0,3,2,1]",7
3635,BAC,"[1,0,1,1,0,1,1,0,0]","[4,2,6,3,7,8,1,5,0]",0
3636,ABC,"[1,0,1,1,0,0,1,0,1]","[8,6,3,5,1,0,2,7,4]",4
3637,CAB,"[0,1,0,1,0,1,1,0,1]","[3,1,6,7,5,0,4,8,2]",1
3638,BAC,"[0,1,0,1,1,1,1,0,1]","[5,3,4,6,7,8,0,1,2]",5
3639,ACB,"[0,0,0,0,1,0,1,0,1]","[3,0,6,8,2,1,7,5,4]",0
3640,BCA,"[1,1,1,1,0,1,0,1,0]","[3,4,1,2,5,0,8,7,6]",4
3641,CBA,"[0,0,0,0,1,0,0,1,1]","[6,7,5,1,8,3,2,0,4]",5
3642,ACB,"[0,1,1,1,1,1,0,1,1]","[1,4,3,8,7,6,2,0,5]",6
3643,BCA,"[0,1,1,1,1,1,1,1,0]","[6,0,4,7,3,2,5,8,1]",3
3644,CBA,"[1,1,0,0,0,0,0,0,1]","[3,4,7,6,2,5,0,8,1]",0
3645,ABC,"[0,0,0,0,0,0,1,0,0]","[6,8,4,1,0,7,3,5,2]",1
3646,BAC,"[1,0,0,0,1,0,0,1,1]","[4,8,3,0,2,7,5,1,6]",2
3647,CAB,"[1,0,1,0,1,0,1,1,0]","[2,3,1,7,4,5,8,6,0]",5
3648,BAC,"[1,1,0,1,1,1,0,1,0]","[2,4,1,0,3,6,8,7,5]",7
3649,ABC,"[0,1,1,0,1,0,1,1,1]","[3,7,0,5,6,4,2,1,8]",7
3650,CAB,"[0,0,1,1,1,0,1,1,0]","[4,2,1,6,5,7,3,8,0]",0
3651,CBA,"[0,0,1,0,1,1,0,1,0]","[3,1,4,2,5,0,6,7,8]",1
3652,ACB,"[1,1,0,1,1,0,0,1,1]","[7,1,6,2,8,4,0,3,5]",7
3653,BCA,"[0,1,1,1,1,1,1,0,1]","[4,5,2,8,7,6,3,1,0]",7
3654,CAB,"[0,1,0,1,1,1,0,0,0]","[6,7,4,2,1,3,8,0,5]",5
3655,BAC,"[1,0,0,0,0,1,1,0,1]","[1,6,5,4,3,0,7,8,2]",2
3656,BCA,"[1,0,1,0,0,1,1,0,1]","[6,1,8,0,2,7,3,5,4]",7
3657,ACB,"[1,0,1,0,1,1,0,1,1]","[7,0,2,5,4,1,8,6,3]",8
3658,ABC,"[1,1,0,1,0,1,0,1,1]","[5,6,8,0,1,7,4,3,2]",1
3659,CBA,"[0,1,1,0,0,0,0,1,0]","[0,6,8,5,7,2,3,1,4]",4
3660,CBA,"[1,1,0,0,0,0,0,1,1]","[7,6,0,8,4,2,1,5,3]",0
3661,ABC,"[1,0,1,0,1,1,0,1,0]","[8,0,7,2,5,1,3,4,6]",8
3662,ACB,"[0,0,0,0,1,0,0,1,1]","[6,5,4,0,3,1,8,2,7]",7
3663,BAC,"[0,1,1,0,0,0,1,0,0]","[5,3,8,1,7,6,2,4,0]",3
3664,BCA,"[0,1,0,1,0,1,0,0,1]","[2,3,1,6,5,4,8,7,0]",8
3665,CAB,"[1,1,0,0,0,1,1,0,0]","[4,7,2,1,3,5,0,6,8]",7
3666,BCA,"[0,1,1,1,1,0,0,1,0]","[6,8,4,0,2,7,3,1,5]",0
3667,ABC,"[0,1,0,1,1,1,1,1,1]","[4,7,1,3,2,0,6,5,8]",6
3668,CBA,"[0,0,1,1,0,1,1,0,0]","[5,0,1,3,8,4,2,7,6]",1
3669,BAC,"[0,0,1,1,1,1,0,0,0]","[0,8,4,1,5,2,3,6,7]",4
3670,ACB,"[0,0,1,1,1,0,0,0,1]","[2,3,0,1,5,6,8,7,4]",7
3671,CAB,"[1,0,0,0,1,1,1,1,1]","[3,6,4,0,5,8,7,2,1]",6
3672,CAB,"[0,1,0,1,1,1,0,0,1]","[0,1,6,8,3,7,5,2,4]",1
3673,ACB,"[0,1,0,1,0,1,0,0,1]","[7,2,0,4,1,6,3,5,8]",5
3674,ABC,"[1,0,1,1,1,1,1,1,0]","[0,3,7,2,5,8,4,6,1]",6
3675,CBA,"[1,1,0,1,1,0,0,0,0]","[2,1,5,3,4,0,6,7,8]",3
3676,BCA,"[1,0,1,0,0,1,1,1,1]","[7,5,3,0,2,4,1,8,6]",0
3677,BAC,"[0,1,1,0,0,0,0,0,1]","[5,4,0,2,6,3,7,1,8]",2
3678,CAB,"[1,0,1,0,0,1,1,1,0]","[1,4,8,0,2,5,7,6,3]",7
3679,ABC,"[0,0,1,0,1,1,0,1,0]","[3,1,6,4,0,8,7,5,2]",8
3680,BCA,"[0,0,1,1,0,0,0,1,1]","[8,0,5,1,4,2,7,3,6]",2
3681,CBA,"[0,1,0,0,0,1,1,0,0]","[4,2,3,7,1,6,8,5,0]",6
3682,BAC,"[1,0,1,0,1,0,0,0,1]","[8,1,7,0,6,2,3,5,4]",5
3683,ACB,"[1,0,0,1,1,1,1,0,0]","[0,6,4,7,1,2,8,3,5]",5
3684,BAC,"[0,0,1,1,1,1,0,0,0]","[6,1,0,7,5,3,8,4,2]",3
3685,BCA,"[0,0,0,1,0,1,0,1,0]","[6,2,5,8,7,3,0,4,1]",6
3686,CBA,"[0,0,1,1,0,0,1,1,0]","[0,6,5,2,8,3,7,4,1]",0
3687,CAB,"[0,1,1,1,1,0,0,0,0]","[6,7,0,5,4,2,1,8,3]",2
3688,ABC,"[1,0,0,0,1,1,0,1,1]","[1,8,2,3,6,7,4,5,0]",1
3689,ACB,"[0,1,1,1,1,1,0,1,0]","[3,5,1,4,8,7,2,0,6]",3
3690,BCA,"[1,1,1,1,0,1,0,1,0]","[5,6,2,8,4,7,1,0,3]",4
3691,ABC,"[1,0,0,1,1,1,0,1,0]","[3,8,1,0,7,2,4,6,5]",2
3692,ACB,"[0,0,1,0,1,1,0,1,1]","[8,0,5,3,4,1,7,6,2]",3
3693,CBA,"[1,0,0,0,1,1,1,1,0]","[8,7,0,3,2,1,6,4,5]",5
3694,BAC,"[1,0,1,0,0,0,1,1,0]","[0,7,1,6,4,8,2,3,5]",7
3695,CAB,"[0,0,1,0,1,0,1,1,0]","[8,2,7,3,4,1,6,5,0]",1
3696,ABC,"[1,1,0,0,0,0,0,1,1]","[3,1,7,4,2,5,0,8,6]",3
3697,CAB,"[1,0,0,1,0,1,1,1,0]","[1,4,3,7,8,6,2,0,5]",2
3698,BCA,"[1,0,0,0,0,0,0,1,1]","[6,8,1,4,5,3,2,0,7]",4
3699,CBA,"[1,1,0,1,1,1,0,1,0]","[7,8,4,2,0,3,6,5,1]",5
3700,ACB,"[0,0,0,0,1,1,0,1,1]","[2,3,4,8,6,5,0,1,7]",3
3701,BAC,"[1,1,1,0,1,0,1,1,0]","[1,4,7,2,0,3,5,8,6]",7
3702,ACB,"[0,0,0,1,0,0,1,0,1]","[0,4,2,7,5,3,1,6,8]",6
3703,CAB,"[1,1,0,0,1,1,1,1,0]","[8,0,6,3,2,5,7,1,4]",3
3704,BAC,"[0,0,0,1,1,0,0,1,1]","[4,0,1,2,3,6,8,7,5]",5
3705,CBA,"[0,0,0,0,0,1,0,1,1]","[7,4,0,8,1,3,6,5,2]",5
3706,ABC,"[0,1,0,0,1,0,1,0,1]","[0,5,8,7,1,2,3,6,4]",6
3707,BCA,"[1,0,0,1,1,1,1,0,0]","[7,8,1,4,6,3,5,0,2]",4
3708,BAC,"[1,0,0,0,0,1,0,0,0]","[0,2,7,1,8,3,4,6,5]",3
3709,ACB,"[1,0,0,0,1,1,1,0,0]","[0,7,6,8,2,1,3,5,4]",8
3710,CBA,"[1,1,1,1,1,1,1,0,0]","[5,3,0,1,8,4,7,6,2]",8
3711,BCA,"[0,1,1,1,1,1,1,0,0]","[2,1,0,8,4,7,6,3,5]",2
3712,CAB,"[1,1,0,1,0,0,0,1,0]","[0,4,1,3,6,8,7,2,5]",8
3713,ABC,"[1,1,1,1,0,1,0,0,1]","[3,1,8,7,4,0,2,5,6]",0
3714,CBA,"[1,0,1,0,1,0,1,0,1]","[0,6,8,2,7,3,1,4,5]",8
3715,CAB,"[0,0,1,0,0,0,0,1,1]","[6,4,8,3,7,2,5,1,0]",0
3716,ACB,"[1,1,1,1,1,0,1,1,0]","[6,4,5,0,2,8,3,1,7]",1
3717,ABC,"[0,1,1,1,1,1,0,0,1]","[8,0,7,4,2,6,3,1,5]",7
3718,BAC,"[1,0,0,1,1,0,1,0,1]","[4,1,8,3,2,7,5,0,6]",3
3719,BCA,"[0,0,1,1,1,0,1,0,0]","[5,3,6,8,1,4,2,0,7]",1
3720,ABC,"[1,0,1,0,0,1,0,1,1]","[8,4,5,3,2,1,0,6,7]",4
3721,CBA,"[1,1,0,1,1,0,1,1,0]","[3,5,0,7,4,2,8,1,6]",1
3722,BCA,"[0,1,0,0,0,0,1,1,1]","[7,5,4,1,6,8,0,2,3]",6
3723,ACB,"[0,1,1,1,1,0,1,1,0]","[2,7,6,0,3,8,1,4,5]",0
3724,CAB,"[0,1,0,0,1,0,0,1,0]","[2,3,0,8,1,5,6,4,7]",2
3725,BAC,"[0,1,0,0,1,1,1,1,1]","[2,5,6,7,0,3,4,8,1]",1
3726,ACB,"[1,1,1,1,1,1,1,0,0]","[0,5,8,1,6,3,2,4,7]",8
3727,CBA,"[1,1,1,1,1,1,0,0,0]","[5,6,1,7,8,4,0,3,2]",8
3728,BCA,"[1,0,0,0,0,1,0,0,1]","[6,8,0,4,7,3,1,2,5]",2
3729,BAC,"[0,0,1,1,1,1,1,1,0]","[5,7,3,2,6,8,0,4,1]",8
3730,CAB,"[1,1,1,0,0,1,0,0,1]","[3,2,6,4,7,1,5,0,8]",2
3731,ABC,"[0,0,1,0,0,1,1,1,0]","[6,3,4,7,0,2,8,5,1]",5
3732,ACB,"[0,1,0,0,1,0,0,1,0]","[4,8,1,0,6,2,5,7,3]",7
3733,ABC,"[0,1,1,0,0,1,0,1,0]","[1,4,0,7,6,8,2,3,5]",8
3734,BAC,"[0,0,1,1,1,0,1,0,0]","[2,7,6,8,1,4,0,3,5]",5
3735,CBA,"[0,0,0,1,1,1,0,1,0]","[8,0,6,5,7,1,4,2,3]",7
3736,BCA,"[0,1,1,1,1,0,1,0,0]","[3,5,4,0,8,2,7,1,6]",0
3737,CAB,"[1,1,0,1,1,1,1,1,1]","[3,4,8,5,2,1,0,7,6]",6
3738,ABC,"[0,1,0,1,0,1,0,1,1]","[5,3,1,4,8,2,6,0,7]",5
3739,CBA,"[1,0,0,0,1,0,1,0,1]","[7,0,3,5,2,8,1,6,4]",2
3740,CAB,"[1,0,0,0,0,0,1,0,1]","[1,7,3,5,4,2,8,0,6]",7
3741,ACB,"[0,0,0,1,0,0,1,0,0]","[6,4,1,0,7,3,5,2,8]",1
3742,BAC,"[1,1,1,0,0,0,1,1,0]","[0,7,8,4,3,5,6,2,1]",5
3743,BCA,"[0,1,1,1,0,1,0,1,1]","[1,4,0,7,8,6,3,2,5]",1
3744,BCA,"[0,0,1,0,0,1,1,0,0]","[6,8,3,5,4,2,1,7,0]",8
3745,CBA,"[0,1,1,0,0,1,1,1,0]","[4,5,7,3,0,2,1,8,6]",7
3746,ABC,"[1,1,1,1,0,1,0,1,1]","[0,6,5,1,7,2,8,3,4]",2
3747,ACB,"[1,0,0,1,1,1,0,0,1]","[4,8,3,5,7,6,2,0,1]",0
3748,CAB,"[0,1,0,0,1,0,0,0,1]","[4,6,0,8,2,1,3,5,7]",3
3749,BAC,"[0,1,1,0,1,1,0,0,0]","[1,2,6,8,4,5,0,3,7]",5
3750,CBA,"[0,0,1,0,0,1,0,0,1]","[5,8,6,0,7,2,3,1,4]",0
3751,BAC,"[1,0,0,0,1,1,1,1,0]","[0,8,3,1,6,2,7,4,5]",7
3752,BCA,"[1,0,1,0,1,1,0,1,0]","[5,8,7,3,2,1,6,4,0]",7
3753,ACB,"[0,1,0,1,1,1,0,0,1]","[0,4,7,1,8,2,3,5,6]",0
3754,ABC,"[0,1,0,0,0,0,1,1,1]","[6,0,3,8,5,1,4,2,7]",2
3755,CAB,"[0,1,0,1,0,1,1,0,0]","[3,4,8,7,5,1,0,2,6]",2
3756,BAC,"[1,1,0,0,0,0,1,0,0]","[1,0,6,8,7,2,5,3,4]",8
3757,ACB,"[0,1,0,1,0,0,0,0,0]","[3,1,0,6,5,4,2,8,7]",5
3758,CAB,"[0,1,0,0,1,1,1,1,0]","[7,6,5,3,4,1,8,2,0]",8
3759,BCA,"[1,1,0,1,1,0,0,1,1]","[5,2,0,3,4,7,6,1,8]",6
3760,CBA,"[1,0,0,0,1,1,0,0,1]","[5,7,1,2,6,8,0,4,3]",6
3761,ABC,"[0,1,0,0,0,0,0,1,0]","[7,3,6,4,0,2,1,8,5]",7
3762,BAC,"[1,0,1,0,1,1,0,1,1]","[3,2,8,6,0,1,4,7,5]",5
3763,BCA,"[0,1,1,0,1,0,0,0,1]","[1,2,7,6,4,3,8,5,0]",4
3764,ACB,"[0,0,0,1,1,1,1,0,1]","[8,4,3,0,6,1,7,5,2]",6
3765,CBA,"[1,0,1,0,1,0,1,0,0]","[4,8,1,6,5,0,2,3,7]",8
3766,ABC,"[0,1,1,0,0,1,0,0,1]","[1,0,8,3,7,5,4,6,2]",2
3767,CAB,"[0,1,0,0,0,1,0,0,1]","[7,3,5,4,8,2,6,1,0]",3
3768,BCA,"[1,0,1,0,1,0,1,1,0]","[1,5,3,4,0,6,7,2,8]",1
3769,BAC,"[0,1,0,1,0,1,1,1,1]","[7,6,1,2,3,8,0,5,4]",1
3770,ABC,"[0,1,0,0,1,0,0,1,1]","[6,7,3,8,2,1,5,0,4]",2
3771,ACB,"[0,1,0,1,1,0,0,0,0]","[1,3,0,8,4,6,7,2,5]",3
3772,CBA,"[1,1,0,1,1,0,1,0,1]","[4,5,8,6,7,2,1,0,3]",6
3773,CAB,"[0,1,1,1,0,1,1,0,1]","[1,2,6,8,0,3,5,4,7]",4
3774,CAB,"[0,0,1,0,1,0,1,0,0]","[8,3,7,4,1,0,6,5,2]",3
3775,ACB,"[1,0,1,0,0,1,0,1,0]","[4,1,5,3,8,2,7,0,6]",3
3776,BCA,"[1,1,1,1,0,0,1,0,1]","[6,5,0,1,3,4,2,8,7]",4
3777,BAC,"[0,0,0,1,0,1,1,1,0]","[2,3,0,1,5,7,8,4,6]",0
3778,CBA,"[0,1,1,0,0,0,0,0,1]","[2,3,5,8,7,0,4,6,1]",0
3779,ABC,"[0,1,0,0,0,1,1,0,1]","[5,2,4,0,3,1,8,7,6]",0
3780,CBA,"[0,0,1,0,1,1,1,1,1]","[3,2,5,8,6,1,7,0,4]",0
3781,BAC,"[0,1,1,1,0,1,1,0,0]","[1,7,6,4,2,8,5,3,0]",8
3782,BCA,"[0,0,1,0,1,1,1,1,1]","[3,5,7,2,6,8,0,4,1]",6
3783,ABC,"[1,0,1,0,0,1,0,1,1]","[8,4,2,6,0,5,3,1,7]",0
3784,ACB,"[0,0,0,1,0,0,1,0,0]","[3,8,5,7,2,0,1,6,4]",6
3785,CAB,"[0,0,1,1,0,1,0,0,1]","[7,3,8,2,1,6,4,0,5]",5
3786,BCA,"[0,0,0,0,1,1,1,1,1]","[3,6,1,4,5,2,0,8,7]",1
3787,ACB,"[1,1,1,1,0,1,0,1,0]","[5,3,8,7,1,0,6,4,2]",0
3788,CBA,"[0,0,0,1,1,1,0,0,1]","[1,3,8,6,7,5,0,2,4]",5
3789,ABC,"[0,1,0,0,0,0,0,0,1]","[6,1,8,4,5,2,7,3,0]",1
3790,BAC,"[0,1,1,0,1,0,1,1,0]","[6,7,4,8,2,3,5,0,1]",7
3791,CAB,"[0,0,0,1,1,1,0,0,1]","[2,6,0,3,4,8,7,5,1]",0
3792,BCA,"[1,0,0,0,0,1,1,0,1]","[5,4,3,0,2,1,6,7,8]",4
3793,CBA,"[0,0,0,0,1,0,0,0,0]","[1,8,6,2,4,7,0,5,3]",2
3794,ABC,"[1,1,0,0,1,0,0,0,1]","[3,0,8,1,5,4,7,2,6]",3
3795,CAB,"[1,0,1,1,0,0,1,1,1]","[3,0,4,5,2,1,6,8,7]",2
3796,BAC,"[0,0,0,1,0,1,0,0,1]","[7,4,6,5,1,8,0,2,3]",5
3797,ACB,"[0,0,1,0,0,1,1,0,0]","[2,1,8,4,5,7,0,6,3]",3
3798,ABC,"[1,1,1,1,1,1,1,0,0]","[5,6,0,7,8,3,2,4,1]",6
3799,CBA,"[0,1,0,0,1,0,1,1,0]","[2,7,1,6,0,5,8,4,3]",1
3800,ACB,"[0,0,0,1,1,1,1,1,0]","[6,1,8,0,5,3,2,7,4]",2
3801,BAC,"[0,0,0,0,1,0,0,0,1]","[3,4,0,2,8,7,1,6,5]",7
3802,BCA,"[1,1,0,0,1,1,0,1,1]","[4,2,5,7,8,1,0,6,3]",8
3803,CAB,"[0,0,0,1,0,1,0,0,0]","[4,1,2,3,8,7,0,5,6]",3
3804,BAC,"[0,0,0,1,1,1,1,0,0]","[4,3,2,6,5,7,0,1,8]",1
3805,CBA,"[1,1,1,1,0,0,0,0,1]","[8,1,7,4,2,6,0,3,5]",8
3806,BCA,"[0,1,0,1,0,0,0,0,1]","[0,2,1,5,3,6,4,8,7]",0
3807,CAB,"[0,1,1,0,0,0,0,1,0]","[8,3,7,2,1,5,0,6,4]",2
3808,ABC,"[0,0,0,1,1,0,0,1,1]","[3,8,0,5,4,6,7,2,1]",8
3809,ACB,"[0,1,1,1,0,0,1,0,1]","[2,7,5,1,3,4,8,0,6]",3
3810,ABC,"[1,1,0,0,1,0,1,0,1]","[4,5,2,3,7,0,1,8,6]",1
3811,CBA,"[1,0,1,1,1,0,0,1,1]","[1,6,4,3,7,8,5,0,2]",3
3812,BCA,"[1,1,1,0,1,1,1,1,1]","[0,7,8,1,2,5,6,4,3]",0
3813,BAC,"[0,0,0,0,0,0,0,0,1]","[2,6,7,1,4,5,0,8,3]",8
3814,ACB,"[1,0,0,1,0,0,1,1,0]","[0,7,6,5,1,8,3,4,2]",1
3815,CAB,"[1,0,1,1,0,0,1,0,1]","[6,0,5,3,7,4,1,8,2]",6
3816,CBA,"[1,1,0,0,1,0,0,1,0]","[6,0,1,4,5,3,7,2,8]",0
3817,ACB,"[1,0,1,1,0,0,0,0,0]","[2,7,8,0,3,6,5,4,1]",7
3818,ABC,"[0,0,1,1,0,0,0,0,0]","[7,5,8,4,3,1,2,0,6]",3
3819,BCA,"[1,1,1,1,0,0,1,0,0]","[7,1,3,2,0,4,5,8,6]",1
3820,BAC,"[0,0,1,0,1,0,0,0,1]","[6,0,8,3,2,4,7,5,1]",2
3821,CAB,"[0,0,1,1,1,1,0,0,1]","[7,3,5,8,0,2,1,4,6]",7
3822,ABC,"[0,0,0,0,0,1,1,0,0]","[4,5,6,3,2,0,8,7,1]",4
3823,CBA,"[0,0,0,1,0,1,0,1,0]","[3,8,1,0,7,4,5,2,6]",2
3824,BCA,"[0,1,1,0,1,0,0,0,1]","[3,4,6,0,5,1,7,8,2]",0
3825,BAC,"[0,1,0,1,1,0,1,1,1]","[2,7,3,1,6,8,0,4,5]",0
3826,ACB,"[1,1,1,0,1,0,0,1,0]","[6,8,7,1,4,5,2,3,0]",8
3827,CAB,"[1,0,0,0,0,0,1,1,1]","[4,1,7,0,2,8,3,5,6]",0
3828,BCA,"[1,1,0,0,0,1,1,1,0]","[6,1,4,2,7,8,0,5,3]",1
3829,CBA,"[0,1,1,0,1,1,0,0,0]","[4,5,1,3,7,2,0,8,6]",6
3830,CAB,"[0,1,0,1,1,0,0,0,1]","[2,8,3,6,7,1,5,0,4]",7
3831,ACB,"[0,0,0,0,1,1,0,1,0]","[1,3,5,6,7,8,0,2,4]",3
3832,BAC,"[1,1,1,0,0,1,0,0,1]","[8,4,5,3,2,6,7,0,1]",3
3833,ABC,"[0,0,1,1,0,0,0,0,0]","[1,7,3,2,6,0,4,5,8]",2
3834,BCA,"[1,0,1,0,0,1,0,0,1]","[8,4,0,6,3,7,1,2,5]",5
3835,CBA,"[1,0,0,0,1,0,1,0,0]","[6,8,5,3,7,2,1,4,0]",6
3836,CAB,"[0,1,0,1,1,0,1,0,1]","[1,5,4,7,8,3,0,6,2]",3
3837,BAC,"[0,1,0,0,1,1,0,1,0]","[6,2,4,8,0,1,5,3,7]",6
3838,ACB,"[1,1,0,0,0,1,1,0,1]","[3,5,2,4,8,6,1,0,7]",5
3839,ABC,"[0,0,0,0,1,1,0,1,1]","[5,8,7,4,6,0,2,1,3]",4
3840,ABC,"[1,1,1,1,0,0,1,1,1]","[1,0,8,3,6,5,4,7,2]",3
3841,BCA,"[0,1,1,1,1,0,1,0,0]","[1,8,0,5,4,6,7,3,2]",7
3842,BAC,"[0,1,1,0,1,1,1,0,1]","[7,1,3,5,2,8,6,0,4]",5
3843,CAB,"[0,1,0,0,1,0,0,0,0]","[0,7,1,5,2,3,8,4,6]",6
3844,ACB,"[1,0,1,0,1,0,0,0,1]","[1,2,4,7,6,5,3,8,0]",4
3845,CBA,"[1,1,0,1,0,1,0,0,1]","[2,3,7,4,8,5,1,0,6]",2
3846,CAB,"[0,0,0,0,0,0,1,1,0]","[8,3,4,2,6,7,0,5,1]",0
3847,BCA,"[0,0,0,1,0,1,0,0,1]","[3,2,0,4,8,7,5,6,1]",4
3848,CBA,"[1,0,1,1,1,1,1,1,0]","[5,2,6,7,1,3,4,0,8]",5
3849,ABC,"[1,1,1,0,1,1,0,0,1]","[1,6,7,3,2,5,0,8,4]",8
3850,BAC,"[0,1,1,0,0,0,1,1,1]","[0,7,8,5,3,1,6,4,2]",6
3851,ACB,"[1,0,1,0,1,1,0,1,1]","[0,5,4,8,6,1,2,7,3]",0
3852,CAB,"[1,1,1,0,1,0,0,1,0]","[7,5,8,1,3,0,6,2,4]",1
3853,ACB,"[1,1,0,0,0,1,1,0,0]","[6,1,5,0,8,2,4,7,3]",7
3854,BCA,"[0,0,0,1,0,1,0,0,0]","[2,4,5,6,7,1,0,8,3]",7
3855,ABC,"[0,0,0,1,1,0,0,0,0]","[5,8,2,1,4,3,0,6,7]",1
3856,BAC,"[1,0,1,0,1,1,1,0,0]","[8,5,6,1,0,2,4,3,7]",3
3857,CBA,"[0,1,0,1,0,0,1,1,1]","[5,6,1,7,8,0,4,3,2]",5
3858,BCA,"[0,0,0,0,1,0,1,1,0]","[2,4,0,6,3,1,8,7,5]",3
3859,ABC,"[0,1,1,1,0,0,0,1,1]","[5,3,2,1,0,4,8,7,6]",6
3860,CBA,"[1,0,0,1,1,0,0,1,1]","[0,7,3,8,1,6,5,4,2]",1
3861,BAC,"[1,1,0,1,1,0,0,0,1]","[4,6,1,2,8,3,0,7,5]",0
3862,ACB,"[0,1,1,1,0,0,1,0,1]","[0,1,5,4,8,6,2,3,7]",3
3863,CAB,"[1,1,1,1,1,1,0,1,1]","[7,8,6,3,4,1,0,5,2]",4
3864,BAC,"[1,0,0,0,1,0,1,0,1]","[8,3,6,1,4,2,7,5,0]",8
3865,ACB,"[0,1,1,0,0,1,1,0,1]","[7,3,6,2,8,0,4,1,5]",3
3866,CBA,"[0,0,0,1,1,1,1,1,1]","[4,2,6,0,7,3,1,5,8]",6
3867,CAB,"[0,0,0,1,0,1,1,1,0]","[1,4,0,2,7,6,8,5,3]",2
3868,ABC,"[1,0,0,1,0,0,0,1,0]","[8,7,1,2,4,0,5,3,6]",1
3869,BCA,"[1,0,0,0,1,1,1,1,0]","[0,6,2,3,4,8,5,7,1]",5
3870,BAC,"[0,0,0,1,0,1,1,0,0]","[4,2,7,0,3,1,6,8,5]",0
3871,ACB,"[1,0,1,1,1,0,1,1,1]","[2,8,1,6,4,7,5,3,0]",3
3872,CBA,"[1,1,1,1,0,1,0,0,1]","[5,6,7,8,2,1,3,4,0]",0
3873,CAB,"[0,0,1,0,1,1,0,0,0]","[2,5,0,8,3,7,6,4,1]",5
3874,BCA,"[0,1,1,1,1,1,0,0,1]","[8,3,6,0,7,2,4,1,5]",4
3875,ABC,"[0,1,0,1,0,0,0,0,0]","[7,4,0,3,1,5,2,8,6]",2
3876,BCA,"[0,1,0,0,1,0,0,1,1]","[7,0,8,5,4,6,2,3,1]",5
3877,CAB,"[0,0,0,1,0,0,0,0,0]","[2,8,0,3,5,7,4,6,1]",4
3878,ABC,"[1,1,0,1,1,1,0,0,1]","[3,1,2,7,0,8,4,6,5]",8
3879,BAC,"[1,1,0,0,1,0,0,0,1]","[3,1,7,6,8,5,2,0,4]",0
3880,CBA,"[1,1,0,0,1,1,0,0,0]","[1,8,2,3,6,0,5,4,7]",1
3881,ACB,"[1,1,1,1,0,1,1,0,0]","[7,1,6,0,5,4,2,8,3]",5
3882,CBA,"[0,1,1,1,1,1,1,0,0]","[7,0,6,2,1,5,4,8,3]",2
3883,ABC,"[0,0,0,1,1,0,1,0,1]","[1,7,0,3,2,4,6,5,8]",4
3884,ACB,"[0,1,0,1,0,1,0,0,0]","[6,8,7,4,0,3,1,2,5]",7
3885,CAB,"[0,1,1,1,0,0,1,1,1]","[2,3,8,7,1,4,6,5,0]",2
3886,BCA,"[0,0,0,0,0,0,1,0,0]","[2,1,4,6,8,3,0,5,7]",8
3887,BAC,"[0,1,0,0,0,1,1,0,0]","[4,3,6,7,0,8,1,5,2]",7
3888,CBA,"[1,1,0,0,0,1,1,0,0]","[0,8,1,5,4,7,2,6,3]",2
3889,BAC,"[0,0,1,0,0,0,0,1,1]","[8,2,3,4,7,0,6,5,1]",2
3890,CAB,"[0,1,0,1,1,1,1,0,0]","[4,0,8,1,2,5,3,7,6]",6
3891,ACB,"[1,1,1,1,1,1,0,1,1]","[0,2,6,7,3,8,5,4,1]",3
3892,ABC,"[1,0,1,0,0,0,1,1,1]","[0,3,1,7,2,8,4,6,5]",4
3893,BCA,"[1,0,0,0,1,0,0,0,0]","[2,5,0,3,4,7,8,6,1]",0
3894,BCA,"[0,0,0,0,0,0,1,1,1]","[7,0,1,3,6,5,2,8,4]",5
3895,ACB,"[1,0,0,0,0,0,0,1,1]","[0,2,3,8,4,5,6,7,1]",6
3896,CAB,"[0,1,1,0,0,1,1,0,0]","[7,8,5,1,0,6,2,4,3]",3
3897,BAC,"[0,0,0,1,1,0,1,1,1]","[0,2,4,3,7,5,1,8,6]",7
3898,ABC,"[1,1,1,0,0,1,1,0,1]","[4,8,6,2,7,0,5,1,3]",2
3899,CBA,"[0,0,1,1,0,0,1,1,1]","[3,0,7,8,4,6,2,1,5]",1
3900,CAB,"[1,0,0,1,1,0,1,1,1]","[5,1,6,2,8,4,0,3,7]",1
3901,ACB,"[0,1,1,0,0,0,0,1,0]","[1,2,8,3,0,5,7,6,4]",2
3902,BCA,"[0,0,0,0,0,1,1,0,1]","[8,5,6,2,0,3,4,7,1]",0
3903,CBA,"[1,0,1,0,1,0,0,1,1]","[1,4,0,7,5,3,8,6,2]",8
3904,BAC,"[1,1,0,0,0,1,1,1,1]","[4,3,2,7,0,5,1,6,8]",6
3905,ABC,"[1,1,0,0,0,1,0,0,1]","[0,3,8,7,5,1,4,6,2]",5
3906,ACB,"[1,0,1,1,1,1,0,1,1]","[5,4,1,6,2,7,0,8,3]",6
3907,ABC,"[1,1,1,0,1,0,1,1,1]","[6,2,3,0,4,5,8,7,1]",2
3908,BCA,"[1,0,1,0,1,1,0,0,1]","[6,8,3,7,1,4,2,5,0]",8
3909,CBA,"[0,1,1,1,1,1,1,0,1]","[0,7,4,6,3,1,2,8,5]",8
3910,BAC,"[1,0,0,1,0,0,0,1,1]","[7,0,4,6,5,1,3,2,8]",3
3911,CAB,"[1,1,1,1,1,1,0,0,1]","[0,4,1,8,3,2,7,6,5]",1
3912,ACB,"[0,0,1,0,0,1,1,0,0]","[0,3,4,8,6,5,2,1,7]",0
3913,ABC,"[1,0,1,1,0,0,1,1,1]","[0,7,1,2,4,8,6,3,5]",8
3914,CAB,"[0,0,1,1,0,0,0,0,1]","[8,5,3,1,6,7,0,4,2]",3
3915,BAC,"[1,1,1,0,0,0,1,0,1]","[6,1,7,4,8,2,3,5,0]",8
3916,BCA,"[1,0,1,1,0,1,0,1,0]","[7,3,5,4,6,1,2,0,8]",4
3917,CBA,"[1,0,0,0,1,0,1,1,1]","[0,3,8,5,7,6,4,1,2]",5
3918,BCA,"[1,0,0,0,1,0,0,1,0]","[0,3,4,5,2,8,6,1,7]",0
3919,ACB,"[1,1,0,0,0,0,1,1,0]","[5,3,4,7,8,6,0,1,2]",0
3920,CBA,"[0,1,1,1,0,1,1,0,0]","[6,8,2,0,4,7,1,5,3]",7
3921,CAB,"[1,1,0,1,0,1,1,1,1]","[5,6,0,7,8,2,3,1,4]",6
3922,ABC,"[1,1,0,0,0,1,1,1,1]","[0,8,4,6,7,2,5,3,1]",7
3923,BAC,"[1,1,0,1,0,1,1,0,0]","[1,8,5,7,6,0,2,4,3]",5
3924,CBA,"[0,1,1,0,0,1,1,1,1]","[7,5,6,0,8,3,4,1,2]",8
3925,CAB,"[1,0,1,1,1,1,1,0,0]","[6,1,8,4,5,3,0,7,2]",6
3926,BCA,"[0,1,0,1,0,1,0,0,1]","[2,8,4,5,6,0,3,1,7]",0
3927,ABC,"[1,1,1,0,1,1,0,1,0]","[3,0,1,4,8,2,5,6,7]",2
3928,BAC,"[1,1,1,1,0,1,1,0,0]","[4,2,8,0,1,5,3,7,6]",3
3929,ACB,"[1,0,1,0,0,0,1,0,0]","[0,3,4,6,5,2,8,7,1]",5
3930,ABC,"[1,0,1,0,1,0,1,0,1]","[6,4,7,0,3,2,8,1,5]",6
3931,CAB,"[1,0,0,1,1,1,0,1,1]","[3,4,8,6,7,1,2,0,5]",8
3932,BAC,"[0,0,0,1,1,0,0,1,0]","[5,4,8,1,2,7,6,3,0]",6
3933,ACB,"[1,0,1,1,1,0,1,1,1]","[1,8,4,7,2,0,6,3,5]",1
3934,CBA,"[1,0,1,1,0,0,1,0,1]","[0,6,1,2,7,5,8,4,3]",1
3935,BCA,"[0,0,0,0,1,1,0,0,1]","[8,3,7,4,6,2,1,0,5]",1
3936,CBA,"[0,1,0,1,0,1,0,0,1]","[5,8,7,0,6,1,3,4,2]",3
3937,BAC,"[1,1,0,1,0,0,1,0,1]","[6,8,2,4,7,0,1,3,5]",5
3938,CAB,"[0,0,1,1,0,0,0,0,1]","[8,1,2,5,6,7,4,3,0]",3
3939,ACB,"[1,1,0,1,1,1,1,0,1]","[8,3,2,7,6,0,4,5,1]",3
3940,ABC,"[1,1,1,1,1,0,1,1,0]","[7,1,4,3,6,2,5,8,0]",4
3941,BCA,"[0,0,0,0,1,0,0,0,0]","[1,7,2,8,5,6,3,0,4]",3
3942,BCA,"[0,0,0,1,0,1,1,1,1]","[2,3,4,1,6,0,5,7,8]",4
3943,ACB,"[0,1,1,1,1,0,1,0,1]","[7,6,8,2,5,3,0,4,1]",0
3944,CAB,"[1,1,1,1,1,1,0,1,1]","[5,0,2,6,3,1,8,4,7]",2
3945,BAC,"[1,1,0,0,1,0,0,1,1]","[0,1,8,6,7,5,2,3,4]",3
3946,CBA,"[1,0,0,0,0,0,0,1,0]","[5,2,7,6,3,0,4,8,1]",3
3947,ABC,"[1,0,0,0,0,0,1,1,1]","[0,4,3,6,1,8,2,7,5]",1
3948,BAC,"[1,0,1,0,0,0,1,0,1]","[1,3,6,0,7,8,4,5,2]",6
3949,ABC,"[1,1,0,1,1,0,0,1,0]","[5,6,3,8,0,4,1,2,7]",5
3950,CAB,"[1,1,1,1,1,0,1,1,0]","[3,6,5,7,0,1,8,4,2]",6
3951,ACB,"[1,0,1,0,0,1,1,1,0]","[3,0,5,7,1,8,2,6,4]",1
3952,BCA,"[0,0,1,1,1,1,0,0,1]","[0,3,1,4,8,7,6,2,5]",8
3953,CBA,"[1,0,0,0,1,1,1,0,1]","[8,1,5,6,4,0,2,3,7]",1
3954,CBA,"[1,0,0,0,0,0,0,0,0]","[0,7,8,5,4,6,3,2,1]",0
3955,ACB,"[0,0,0,0,1,1,0,0,0]","[4,1,7,5,3,0,2,8,6]",3
3956,BCA,"[0,0,0,1,1,0,1,1,1]","[4,8,7,1,3,6,2,5,0]",1
3957,ABC,"[1,0,0,0,1,1,1,1,1]","[8,1,4,5,0,6,3,7,2]",4
3958,BAC,"[0,1,0,1,0,1,1,0,1]","[0,6,4,2,5,8,3,1,7]",7
3959,CAB,"[0,1,0,1,0,1,0,1,0]","[2,1,6,3,8,5,7,4,0]",1
3960,BAC,"[1,0,1,0,0,1,0,0,1]","[6,2,8,4,1,3,7,5,0]",7
3961,CBA,"[0,1,1,1,0,1,0,1,0]","[6,0,5,2,3,4,7,1,8]",1
3962,BCA,"[1,1,0,0,1,0,1,1,0]","[2,4,5,6,8,3,1,0,7]",8
3963,CAB,"[1,1,0,1,0,1,0,1,0]","[6,5,3,8,1,0,7,2,4]",8
3964,ABC,"[1,0,1,1,0,1,0,1,1]","[7,3,8,2,5,4,0,6,1]",3
3965,ACB,"[0,0,1,1,1,0,1,1,1]","[3,0,6,2,4,1,7,8,5]",1
3966,BAC,"[0,0,1,1,1,1,0,0,0]","[6,8,4,1,5,2,0,7,3]",3
3967,ACB,"[0,0,1,1,1,1,0,0,0]","[2,5,7,4,3,8,1,0,6]",3
3968,CBA,"[1,1,0,0,1,1,0,1,1]","[2,1,5,6,3,4,0,7,8]",0
3969,BCA,"[1,0,1,1,1,0,1,1,1]","[1,2,0,7,3,4,6,8,5]",6
3970,ABC,"[1,0,0,1,0,0,1,0,0]","[0,2,1,7,8,6,5,3,4]",6
3971,CAB,"[0,0,0,0,1,0,0,1,0]","[4,1,2,5,6,7,0,8,3]",7
3972,BCA,"[0,0,1,1,1,0,0,0,0]","[6,7,8,3,2,4,5,0,1]",5
3973,ACB,"[0,1,0,0,1,1,0,1,0]","[1,8,4,3,2,5,6,0,7]",6
3974,BAC,"[0,0,0,1,0,0,0,1,0]","[3,5,2,0,8,1,6,4,7]",3
3975,CBA,"[1,0,0,0,0,1,0,0,1]","[1,4,2,0,5,7,6,8,3]",3
3976,CAB,"[1,0,1,1,1,0,1,0,1]","[7,3,1,4,8,5,2,6,0]",4
3977,ABC,"[1,1,0,1,0,0,0,0,0]","[2,0,4,5,8,7,6,3,1]",4
3978,CBA,"[1,0,1,0,0,0,0,0,0]","[5,1,0,4,7,2,8,6,3]",3
3979,ABC,"[1,0,0,0,0,0,1,0,0]","[1,3,7,6,4,8,2,5,0]",3
3980,BCA,"[1,1,0,0,1,0,1,0,1]","[2,6,1,7,4,8,0,5,3]",3
3981,CAB,"[0,0,1,1,1,1,1,1,0]","[1,4,7,3,8,2,0,6,5]",4
3982,BAC,"[0,0,0,0,1,0,0,0,1]","[1,8,7,0,5,6,3,2,4]",8
3983,ACB,"[1,0,0,1,0,1,1,1,0]","[1,7,5,6,0,4,3,2,8]",3
3984,CBA,"[1,1,1,0,1,0,1,1,1]","[2,7,5,1,8,3,6,0,4]",0
3985,CAB,"[0,0,1,0,0,0,0,1,0]","[5,6,0,1,7,8,2,3,4]",1
3986,ABC,"[1,1,1,0,1,0,0,1,0]","[7,4,8,5,0,2,3,1,6]",2
3987,BCA,"[1,1,0,1,1,1,0,0,1]","[5,0,7,6,1,8,4,3,2]",0
3988,BAC,"[1,1,0,1,1,1,0,0,1]","[7,2,3,4,6,5,1,8,0]",0
3989,ACB,"[1,0,0,0,0,0,1,1,0]","[6,2,0,5,7,3,4,1,8]",5
3990,BCA,"[0,1,1,0,0,0,0,1,1]","[2,1,8,0,4,7,6,5,3]",4
3991,ABC,"[0,0,0,1,1,1,1,1,0]","[0,1,5,6,8,7,4,3,2]",4
3992,ACB,"[0,0,1,1,1,1,1,0,0]","[1,6,7,2,0,3,8,5,4]",3
3993,CBA,"[0,0,1,0,0,0,1,1,1]","[6,0,4,7,5,8,2,1,3]",3
3994,BAC,"[1,1,0,1,0,0,1,1,1]","[8,3,0,4,2,1,5,7,6]",3
3995,CAB,"[0,0,0,1,1,0,1,1,1]","[4,1,7,2,3,6,8,0,5]",4
3996,ABC,"[1,1,0,0,0,1,1,1,0]","[1,4,6,8,7,0,5,3,2]",8
3997,CBA,"[1,0,0,0,1,1,0,1,1]","[5,8,3,0,1,7,6,4,2]",0
3998,ACB,"[0,1,1,1,0,0,0,0,0]","[8,3,4,7,0,5,1,6,2]",0
3999,BAC,"[0,1,0,0,0,1,1,0,0]","[4,5,8,3,2,7,1,6,0]",6
